,sample_id,site,version,array_row,array_col,total_counts,n_genes_by_counts,pct_counts_mt,HSPC_primitive_score,Myeloid_granulocytic_score,Monocyte_macrophage_score,Erythroid_score,B_cell_score,T_NK_score,MSC_stromal_score,Endothelial_vascular_score,Osteolineage_endosteal_score,Adipocytic_score,ECM_matrix_score,Inflammatory_score,CXCL12_CXCR4_axis_score,Hypoxia_stress_score,AML_blast_like_score,Primitive_like_AML_score,Committed_like_AML_score,Immune_suppression_score,spatial_x,spatial_y
AAACACCAATAACTGC-1,GSM8576305_EM1_v1,EM,v1,59,19,929.0,741,0.0,0.13194310784339905,0.6050734996795655,0.8545349025726319,-0.08627731323242188,-0.1819639429200852,0.19531068933724255,-0.18898796138906837,-0.08433460235595704,-0.2172047170003255,-0.20239955685210467,0.10709990277533382,-0.1172021484375,-0.28927449911952496,-0.13130754830846825,0.5630161712709334,0.20197435512457673,0.3661433299382528,-0.049698914251019875,1622,5791
AAACAGCTTTCAGAAG-1,GSM8576305_EM1_v1,EM,v1,43,9,530.0,457,0.0,-0.1320444679260254,0.7042358740170797,1.3760204792022706,-0.014945533275604248,0.5906259994974636,-0.16207138184578188,-0.13237540644213072,-0.049818445841471354,-0.21146297454833984,-0.1411260139184652,-0.47416733018117935,-0.029891064961751302,-0.1881107345642335,0.4417635672542465,0.40200812324753465,-0.14669886560344378,0.53873601659139,0.0,1118,4397
AAACAGGGTCTATATT-1,GSM8576305_EM1_v1,EM,v1,47,13,1051.0,808,0.0,0.18444488644599916,0.9090494076410929,1.7075226402282715,-0.10587505340576171,0.37914901593058403,-0.25876734333653606,-0.21426934646185777,-0.08057406107584636,-0.24680135091145833,-0.24234215471656825,-0.1553387826753878,-0.07842596689860026,0.19955591983105764,-0.134872819525171,0.5469072452588888,0.2973309162601313,0.13543261400858564,-0.018974023480569164,1320,4745
AAACCGGGTAGGTACC-1,GSM8576305_EM1_v1,EM,v1,42,28,657.0,552,0.0,-0.14790682792663573,1.3384068218866985,1.474600076675415,-0.041794323921203615,0.42119885261773804,0.17235381482383624,-0.14129434074076794,0.3622174644470215,0.698306261698405,-0.16416516511336618,0.9865239534289051,-0.06501338958740234,0.37383813743131705,-0.15237040692065135,0.32040803121632355,-0.15570220181774536,0.3396605370839437,-0.02247006662430302,2070,4308
AAACCGTTCGTCCAGG-1,GSM8576305_EM1_v1,EM,v1,52,42,1101.0,777,0.0,-0.18658893585205077,1.0133692884445191,1.1608390808105469,-0.0462163257598877,0.4176741482289207,0.05868019815963538,-0.16968205578643875,-0.07146543502807617,0.06858158429463707,-0.2527012394423469,0.10467865787130937,-0.09115278244018554,-0.23605175094910893,-0.13920579473656344,0.4862207211874276,-0.2054630266782831,0.6450277684529623,-0.009317807612880584,2773,5178
AAACCTCATGAAGTTG-1,GSM8576305_EM1_v1,EM,v1,37,19,402.0,357,0.0,-0.15244801521301268,1.0528320487340292,2.129516897201538,-0.0813325309753418,0.428904912543536,-0.12077962198565083,-0.1528300808784657,-0.07591036478678385,1.0693526522318522,0.46884034668721486,1.7523138418697404,-0.0650660260518392,-0.18497978731331577,-0.10452373918280544,0.31583317875178973,-0.11331198446726719,0.4224035120010376,-0.013118150734132337,1618,3873
AAACGAGACGGTTGAT-1,GSM8576305_EM1_v1,EM,v1,35,79,1015.0,713,0.0,0.25491451263427733,1.0624733098347983,1.3112295293807983,-0.06283912658691407,0.21664024994126133,-0.3277066138482863,-0.17894155937328673,-0.08163223902384441,0.4236253372828166,0.17021045955925881,0.9687154828774699,-0.09537476857503255,0.15362090183549137,-0.12707943131167246,0.7117967441635351,0.4006124792024577,0.26392038472493495,-0.028843177903083064,4623,3693
AAACTGCTGGCTCCAA-1,GSM8576305_EM1_v1,EM,v1,45,67,1479.0,1040,0.0,0.16748277068138123,0.7265550374984742,1.0515369272232056,-0.04098306179046631,0.43274890884773654,0.054042795286749934,-0.18794233279120653,-0.1476177469889323,0.18864117145538328,-0.2320565061026991,0.4410029888495386,-0.07039361953735351,0.06838046671396275,-0.18356594407414817,0.5118842071995011,0.22148637348991573,0.1922799107233683,-0.01652542814131706,4024,4565
AAACTTGCAAACGTAT-1,GSM8576305_EM1_v1,EM,v1,45,19,1111.0,858,0.0,-0.163924503326416,1.2015273984273276,1.303356771469116,-0.1266471290588379,0.45107172750177454,-0.2556468286821919,0.0971972608476653,-0.10745816548665364,-0.2975638834635417,0.20562148931433125,0.31967102805231434,-0.07675583521525065,0.1596335504907202,0.2519303499934185,0.6440528750761191,-0.147438610676539,0.8049196904500324,-0.018569959748175838,1620,4570
AAAGGGATGTAGCAAG-1,GSM8576305_EM1_v1,EM,v1,24,62,611.0,509,0.0,-0.08782382011413574,0.9520790004730224,1.2157529878616333,-0.08563649177551269,-0.16163387745120453,-0.2720238470262097,-0.11666096661025122,0.9229710515340169,0.4861522356669108,-0.16685887722666048,0.9821167642575583,-0.04757582664489746,-0.250475795393488,0.4448053292960048,0.3119436308613479,-0.1520868767065348,0.3279844566980997,-0.02302056166433519,3770,2736
AAAGTAGCATTGCTCA-1,GSM8576305_EM1_v1,EM,v1,51,27,1619.0,1136,0.0,0.13984373807907105,0.8704142777125041,1.6178830337524412,-0.10785561561584472,0.1957060243506628,-0.06708821613118393,0.05188702334437453,-0.10718086242675781,0.45325781504313145,-0.2818655569019126,0.74470673511119,0.2299305295944214,0.10926369529172603,-0.21576459340781093,0.3572807906350297,0.17385508118398746,-0.01737453301747638,-0.007946907512603267,2022,5093
AAAGTCGACCCTCAGT-1,GSM8576305_EM1_v1,EM,v1,37,15,223.0,212,0.0,-0.07650447368621827,1.5134749190012613,1.9163791942596435,-0.03825223684310913,0.6096689588117227,-0.049023597471175656,-0.08628324159703459,0.0,0.5054819599787393,-0.08955373094233382,1.482175666140894,-0.02550149122873942,-0.19971044762546278,-0.030724688227396893,0.4452713822737806,-0.04066171295268081,0.5736049801508585,0.0,1418,3874
AAATACCTATAAGCAT-1,GSM8576305_EM1_v1,EM,v1,47,69,2402.0,1517,0.0,-0.20161252975463867,0.12104635477066039,0.54356360912323,-0.13908275604248047,-0.20186900773574676,-0.04374998176152803,-0.03395089536979981,-0.10943706512451172,-0.0019790506362915017,0.022562523882258823,-0.2083699145252039,-0.08754964828491212,0.027125780840954128,0.44917552633936625,-0.21225185448938932,-0.22931977339014162,-0.24976701354980468,-0.019857533516422395,4125,4739
AAATCGTGTACCACAA-1,GSM8576305_EM1_v1,EM,v1,44,56,1200.0,841,0.0,0.1543818783760071,0.7498219680786133,0.9817993879318238,-0.022335922718048094,0.1764327401966023,-0.003901838706935057,0.08530414814040774,-0.04679880142211914,0.07879291057586674,-0.24551322707364392,0.2699658591714764,-0.09359760920206706,0.13310205026802768,0.3070394992828369,0.5721669542072154,0.2699743372407911,0.16714512697855632,-0.009006420450825845,3473,4479
AAATGGCCCGTGCCCT-1,GSM8576305_EM1_v1,EM,v1,49,17,1716.0,1210,0.0,0.08088119506835936,0.9691701745986938,1.5979015922546387,-0.1279478359222412,0.3978086309953942,-0.03384813405401699,-0.17408113790335214,-0.09170175552368164,0.6992880376180013,0.11652992574400461,0.5190367483014438,0.18157878875732422,0.006253076269923441,0.1274040620489772,0.4025196562865402,0.13252486672289795,0.22601006507873533,-0.023237412975680445,1520,4919
AAATGGTCAATGTGCC-1,GSM8576305_EM1_v1,EM,v1,33,51,677.0,534,0.0,-0.14459136962890626,1.054512144724528,1.560069694519043,-0.055163516998291015,0.4548682355827578,-0.17499326890514744,-0.13804103497574502,-0.04596959749857585,0.24190331141153973,0.3681822075625859,0.37989032550929525,-0.055163516998291015,-0.23852980280496988,-0.11077010679436496,0.17800486087799072,-0.20271046105834553,0.29713535181681316,-0.011121676814171576,3220,3521
AAATTAACGGGTAGCT-1,GSM8576305_EM1_v1,EM,v1,34,58,1656.0,1169,0.0,0.15090271234512329,0.5071421949068705,1.0508254337310792,-0.107327880859375,0.2220356012533607,-0.04148959234562888,0.0681520428573876,-0.09519582112630208,0.4250340302785238,-0.2787933349609375,0.4060687755220499,-0.10820526123046875,0.1376028957137142,-0.22593661388718939,0.6080190566685958,0.19147500252909752,0.316382381439209,-0.026103667674526092,3571,3608
AAATTACCTATCGATG-1,GSM8576305_EM1_v1,EM,v1,26,94,949.0,738,0.0,0.19873589396476746,0.9704171291987101,1.2342369031906126,-0.03668391704559326,0.31922911760400374,0.04087552826525431,-0.11336081368582589,-0.09782378514607748,0.2245858939488729,-0.22611902549514004,1.2081349531010765,-0.05706387201944987,-0.2946410274888617,-0.12046578035775916,0.5153952022336615,0.22527710291055533,0.21949477863311767,-0.01972253668692804,5373,2906
AAATTGATAGTCCTTT-1,GSM8576305_EM1_v1,EM,v1,55,31,1716.0,1152,0.0,0.12014589190483094,0.2940338142712911,0.806743483543396,-0.04802398681640625,0.2181657575311735,-0.3872511156143681,0.1606373413463583,0.5145450973510742,0.5259605789184569,0.06593764187101536,1.1170746261750035,-0.09170175552368164,-0.3610451326791541,-0.2563673272190324,0.5127750505349015,0.12807184730219334,0.1707132205963135,-0.030983217300907258,2223,5441
AAATTTGCGGGTGTGG-1,GSM8576305_EM1_v1,EM,v1,47,33,1087.0,835,0.0,-0.1990608024597168,0.8550564940770466,1.3491861391067506,-0.09289406776428223,0.4150855064126295,-0.3474898184499433,0.07909339106172547,-0.07181349436442057,-0.2239697265625,-0.29287898341150187,0.7158202365072871,0.301905722618103,-0.3120465259475402,0.9362700653842175,0.2282932823401126,-0.21020798699114235,0.22347417227427163,-0.00936432134720587,2321,4743
AACAACTGGTAGTTGC-1,GSM8576305_EM1_v1,EM,v1,28,42,499.0,435,0.0,-0.11925930976867676,0.6998504336675009,1.0585920715332031,-0.0304642915725708,0.5163668003369335,-0.24148967189173545,-0.13482852448198132,-0.0406190554300944,-0.19649522145589193,-0.17553733902232702,-0.33356590846076084,-0.06092857996622721,-0.25368815349287777,-0.10056436684236948,0.3403171686012629,-0.11531393504063023,0.36751076221466067,0.0,2769,3086
AACAATTACTCTACGC-1,GSM8576305_EM1_v1,EM,v1,29,25,1174.0,885,0.0,-0.16577886581420898,0.6330270830790201,1.4595055150985718,-0.07079111099243164,0.42511297946789595,0.15400159633654054,-0.1549002472918135,0.28540188471476235,-0.24450337727864582,-0.12369370221294289,-0.35612135077241674,-0.05257403373718262,-0.3028529523366905,0.2851876002238936,0.2534910744445713,-0.2098258028062291,0.41734847259521485,-0.018170748987505512,1917,3175
AACACGAGACGCGGCC-1,GSM8576305_EM1_v1,EM,v1,45,21,745.0,605,0.0,-0.17200668334960936,0.8266529115041097,1.2899328470230103,-0.09340840339660644,-0.12972536374095292,-0.22090156616703158,-0.1657490168597764,-0.08006434758504231,0.36862555821736653,-0.19214849567732284,0.8610913994837732,-0.053376229604085286,-0.24452957092040034,-0.17413193729507875,0.4084487354174726,-0.14757694767470345,0.44781634902954104,0.0,1720,4570
AACAGCTGTGTGGCAA-1,GSM8576305_EM1_v1,EM,v1,59,31,788.0,603,0.0,0.3252939021587372,1.0171900749206544,1.3236557006835938,-0.052333831787109375,-0.15148628515543347,-0.2234372938832929,-0.11353753264386553,-0.04361152648925781,0.2210742441813151,-0.19081933522304165,-0.03663430963586067,-0.0697784423828125,-0.28913281911826993,-0.13661442032779555,0.7058409665922039,0.48042102016865745,0.38924722894032804,-0.02110235152706023,2223,5789
AACAGGATGGGCCGCG-1,GSM8576305_EM1_v1,EM,v1,29,31,591.0,492,0.0,-0.1210093116760254,1.1634249337514242,1.5076742553710938,-0.04328915596008301,0.5295085342166947,0.21644906074770034,-0.14301140386060365,-0.1080341084798177,0.3492845884958903,-0.15223336618480873,0.5205095329476361,0.4328915818532308,-0.25728291584305973,0.4844676814404837,0.4105270370029788,-0.15111710156086694,0.4875647036234537,0.0,2218,3175
AACATATCAACTGGTG-1,GSM8576305_EM1_v1,EM,v1,27,99,587.0,489,0.0,-0.14143835067749022,1.1140139643351237,1.3777410221099853,-0.02892357349395752,0.333762308958515,-0.21064466045748803,-0.13454382760184153,-0.07712952295939128,-0.17797499338785808,-0.10250687359966164,0.19517337771002885,-0.05784714380900065,-0.18923772482508158,-0.09292713609565215,0.3953385012368418,-0.16764411798687684,0.4499247439702352,-0.011662731247563516,5624,2993
AACCAAGACTTCTCTG-1,GSM8576305_EM1_v1,EM,v1,36,24,683.0,568,0.0,-0.08942434310913086,1.0833115037282308,1.4798493957519532,-0.06874785423278809,0.4203158740614569,-0.2561901000238234,0.24719878665187903,-0.07333104451497396,-0.15803067525227865,-0.20650109638737196,0.05786275726723655,0.42165350596110024,0.4951038287825374,-0.09939448804740446,0.3092007194685731,-0.14112540152559314,0.31428817558288574,-0.022176727171867125,1869,3786
AACCCATCCCATGATC-1,GSM8576305_EM1_v1,EM,v1,56,14,1506.0,1048,0.0,-0.2051569938659668,0.8585950724283854,1.26882212638855,-0.0406682300567627,0.11971451553081058,-0.33838441295008503,0.041841381922700344,-0.10114716211954752,0.05499467531840008,-0.2468598024502247,-0.1903629771942555,-0.13556078592936197,0.1853597482045491,-0.2368230551600935,0.14061027381003416,-0.22598810100236466,0.10746845404307048,-0.01639847986159786,1371,5530
AACCGAGCTTGGTCAT-1,GSM8576305_EM1_v1,EM,v1,24,70,1866.0,1262,0.0,-0.1680902671813965,1.1429541444778442,1.5629697608947755,-0.06160896301269531,0.32911219976950384,0.23971189002287552,-0.19169299285812186,-0.09249400456746419,0.23121619701385504,-0.2677397456854881,0.3890053912708422,-0.09453152974446614,0.04092758735978458,0.5071908405028194,0.4336457208097835,-0.27231327426872126,0.5833425788879394,-0.029836775795105967,4171,2735
AACGATATGTCAACTG-1,GSM8576305_EM1_v1,EM,v1,24,76,1912.0,1234,0.0,0.16899098157882692,0.8960340563456217,1.841616153717041,0.883110876083374,0.30165426866665335,0.45407888966221965,0.022428411813009363,-0.10491586685180664,-0.0355720313390096,0.0686588105283586,0.34041074737746,-0.1504149373372396,0.17847793590591615,-0.22530093825007058,0.5417779989775409,0.20951813731836766,0.1653089815775553,-0.007376598735009471,4471,2734
AACGCGGTCTCCAGCC-1,GSM8576305_EM1_v1,EM,v1,23,65,959.0,733,0.0,-0.15603811264038087,1.0572809092203777,1.779007272720337,-0.06090063095092774,0.3107426963920976,0.08316940316406812,-0.16253451775189928,-0.05684059143066406,0.685765298207601,-0.18075950648074962,0.8209529905462984,0.228998384475708,-0.2642999365626569,-0.18588141935417452,0.24378747815389004,-0.11155597342296587,0.24161246585845947,0.0,3920,2648
AACGGCCATCTCCGGT-1,GSM8576305_EM1_v1,EM,v1,47,39,679.0,537,0.0,0.23346473813056945,0.6418506209055583,0.9678930950164795,-0.013777066469192505,-0.17029806283804086,-0.24518222193564138,-0.1250516274817904,-0.05951386133829752,0.21759772141774494,-0.19906503938910952,0.42601930812717936,-0.045923554102579756,-0.28278834944269265,-0.15757680992524786,0.6808673187791447,0.30736835545122027,0.3918979832331339,-0.011110537475155245,2622,4743
AACGTACTGTGGGTAC-1,GSM8576305_EM1_v1,EM,v1,48,42,1037.0,749,0.0,0.14080581545829773,1.0429896767934164,1.2502318906784058,-0.0354738187789917,-0.18627674523803303,0.16165857490855978,0.13449070992923917,-0.08671378453572591,0.35864754835764573,-0.23874054465405517,0.408771019570706,-0.07883071263631185,-0.29559513076720945,0.3279286409477632,0.5629644141156216,0.20787680999624022,0.25463434410095215,0.0,2772,4830
AACGTCAGACTAGTGG-1,GSM8576305_EM1_v1,EM,v1,24,40,364.0,318,0.0,0.4326903247833252,0.7340479469299317,0.9284529399871826,-0.016744698286056518,0.40351470218454316,-0.15398869975920645,-0.09571228409769542,-0.04465252876281738,-0.15412643432617187,-0.09186270723374791,-0.16828841779699277,-0.03348939577738444,-0.20445588506369228,0.6159897040171796,0.9081990548054605,0.48474402518043813,0.531367327372233,-0.01350378894036816,2668,2738
AACGTGCGAAAGTCTC-1,GSM8576305_EM1_v1,EM,v1,36,74,1099.0,788,0.0,0.19850064516067506,0.6610678227742512,1.1315084266662598,-0.06937363147735595,0.15954881301824594,-0.2372946585378339,-0.18287192131941182,-0.06380668640136719,0.07373645941416418,0.1544081576027333,0.7099139767418812,-0.08478999455769856,0.17409254805629987,-0.20947284009083209,0.7769799082190396,0.2687589585315955,0.508970422744751,-0.00932441315343303,4373,3780
AACGTTCTACCATTGT-1,GSM8576305_EM1_v1,EM,v1,75,127,1.0,1,0.0,0.0,0.0,0.0,0.0,0.0,0.0,0.0,0.0,0.0,0.0,0.0,0.0,0.0,0.0,0.0,0.0,0.0,0.0,7035,7174
AACTCAAGTTAATTGC-1,GSM8576305_EM1_v1,EM,v1,38,44,840.0,651,0.0,0.13619394421577455,0.922827467918396,1.6738854122161866,-0.03836394786834717,0.27724223352196226,-0.28206791416291266,-0.17755551445753054,-0.05967725118001302,0.12681256771087646,0.23945138007900788,0.32156637120572085,-0.06820257186889649,-0.2397680780495027,0.3471757270246145,0.5024568025225554,0.2686884191921324,0.16691548824310304,-0.020625777782932404,2871,3958
AACTCTCAATAGAGCG-1,GSM8576305_EM1_v1,EM,v1,35,93,1489.0,1022,0.0,0.26721473097801207,1.1694852511088054,1.1418336248397827,-0.09194784164428711,0.13652721775016657,-0.03829711703111499,-0.22042869625234962,-0.08173141479492188,-0.3494860076904297,0.06306107307357534,0.1346216023781277,-0.11178661346435546,-0.34055981004094504,-0.2568995923881071,0.5942481923581536,0.4217154866742715,0.12552576573689778,0.0,5325,3691
AACTCTCAGTGTGCTC-1,GSM8576305_EM1_v1,EM,v1,53,41,861.0,653,0.0,0.14569984197616578,0.5876666895548502,0.9029298830032348,-0.0506967830657959,0.34649741490150376,-0.29151744227255544,-0.1334661612833353,-0.0782208506266276,0.19115513801574707,-0.22151931711662573,0.21713073426497898,-0.0782208506266276,0.21931483831750348,-0.15794375622607618,0.4960873813547173,0.23553062282677079,0.1332878589630127,-0.020442251236208023,2723,5265
AACTGGGTCCCGACGT-1,GSM8576305_EM1_v1,EM,v1,20,66,804.0,671,0.0,-0.15014338493347168,0.5576726253827413,1.4961138105392455,-0.05720008850097656,0.25470723090496084,-0.25996789624614103,0.17423937240041287,-0.0887865130106608,-0.21570640563964844,-0.14566305409307065,0.43538391239251156,-0.05196144739786784,0.23020414827339147,-0.11477428267758534,0.27886618268182417,-0.21306167398408105,0.31550562381744385,-0.01047609890660932,3969,2387
AACTTGCCCGTATGCA-1,GSM8576305_EM1_v1,EM,v1,29,27,311.0,268,0.0,-0.04545955181121826,0.8760834614435832,1.5277916812896728,-0.03501173734664917,0.5110038930888692,-0.1466437001382151,-0.04557348552503084,-0.03501173655192057,0.5146575419108073,-0.0855736301894172,0.38589176443610707,0.5112456432978313,-0.17578448253463072,-0.08436563024559174,0.33344144047502117,-0.072525062688617,0.4380584052403768,-0.014117636026874665,2018,3175
AAGACTGCAAGCTACT-1,GSM8576305_EM1_v1,EM,v1,36,68,1613.0,1089,0.0,-0.19583763122558595,0.6624272282918294,1.4632919311523438,-0.049350733757019045,0.22440855146916283,-0.07232553838035477,-0.19632849059905624,-0.09419193267822265,0.6001351992289226,0.32162683052628593,0.6828608817533889,0.24139304955800372,-0.32189114122505647,-0.25139149125800075,0.1306638531493594,-0.3078634204673129,0.10472642199198406,0.0,4073,3781
AAGAGCTCTTTATCGG-1,GSM8576305_EM1_v1,EM,v1,35,77,836.0,619,0.0,0.16972886204719542,0.6657069126764933,1.341160535812378,-0.07686001300811768,0.25851304701206546,-0.3054200449297505,-0.15731950152786753,-0.034160006841023764,0.33200837453206383,0.23308020517844688,0.7346048430410632,-0.08540001551310221,0.2743554251261025,0.36835187908157285,0.6117814833933439,0.21567022029638558,0.28807685915629067,0.0,4523,3693
AAGAGGATGTACGCGA-1,GSM8576305_EM1_v1,EM,v1,39,29,659.0,534,0.0,-0.1543228530883789,1.0419574483235676,1.0947452449798585,-0.05897746086120605,0.3127753479424926,-0.23777744846959267,-0.14075756790046406,-0.05566872278849284,0.3838938395182292,-0.20922772461754024,0.5234209921235072,0.42679356575012206,-0.2740877143829223,-0.07824920746217291,0.35731916936557406,-0.1511306890277161,0.4623005123138428,-0.033670602306242914,2120,4046
AAGAGGCATGGATCGC-1,GSM8576305_EM1_v1,EM,v1,36,80,1037.0,735,0.0,0.20734981656074525,1.1777992010116578,1.4648038625717164,-0.023649213314056398,0.2242657124265247,0.021582059596540748,-0.1515359998048099,-0.07094764073689779,0.2504285033543905,-0.20400513613901808,0.4186312260596939,-0.047298428217569986,-0.3255392174165412,-0.14920794628710154,0.9957983182972687,0.24008458580327535,0.8038173383076985,-0.04767986651389829,4674,3780
AAGATGGCACCGGACC-1,GSM8576305_EM1_v1,EM,v1,59,39,2327.0,1533,0.0,-0.18053068161010744,-0.30462000528971356,-0.03534168958663941,-0.10542728424072266,0.11002620586184753,-0.0459455218732632,-0.16844770006069862,-0.19938555399576824,-0.004677673180898012,0.20591800587631787,0.0118044511243241,-0.15312647501627605,-0.2854847735669239,0.574595581192568,-0.20855078929474838,-0.1977089336484571,-0.2794697265625,-0.053781040253177766,2624,5789
AAGATTGGCGGAACGT-1,GSM8576305_EM1_v1,EM,v1,26,90,1276.0,917,0.0,0.0992976713180542,0.812087106704712,1.6252345085144042,-0.0871578598022461,0.4019460412305069,-0.007225524445283293,-0.18442644391741073,0.29052619298299154,0.20012491226196288,-0.22583418626051682,0.2845526035963334,-0.10168418884277344,0.36521681149800617,-0.16006402318257404,0.46466515843027983,0.1740513661234674,0.2809011891682943,-0.01757214915367865,5173,2907
AAGCGTCCCTCATCGA-1,GSM8576305_EM1_v1,EM,v1,57,35,984.0,719,0.0,0.2848267948627472,0.7684311691919963,0.13466750860214238,-0.07237707138061523,-0.20178615608342915,-0.35405789652178365,-0.17092625897629818,-0.03648305892944336,-0.22256752014160155,-0.22555077594259512,-0.4205523543621427,-0.08041896820068359,0.2259804775437198,-0.16542322855876632,0.8743843157858425,0.36854680525419303,0.4819150848388672,-0.019456201984036352,2423,5615
AAGCTCGTGCCAAGTC-1,GSM8576305_EM1_v1,EM,v1,35,73,899.0,694,0.0,-0.18442218780517577,0.5650114313761393,1.1352882289886475,-0.062378578186035157,0.38487956888035124,-0.26952039041826803,-0.20989833439800673,-0.041585718790690104,0.18218272686004638,-0.2045612654159699,0.22521331133982814,-0.041585718790690104,0.2017259599693329,-0.10282113561668549,0.13270548293447085,-0.1997932765794837,0.14849296855926514,-0.0301831845314272,4323,3693
AAGGAGCGGTTGGTGC-1,GSM8576305_EM1_v1,EM,v1,28,48,706.0,576,0.0,-0.13574604988098143,0.6693345657984415,1.5605475568771363,-0.044082260131835936,0.5268267953940724,-0.2787928427419355,-0.1292718681775239,-0.10875776926676432,0.5177998034159343,-0.1777626981703334,1.4342864708171332,0.847538423538208,-0.21093605991348205,0.39091649323582167,-0.08929366846822394,-0.16002421554514398,-0.2548109588623047,-0.01096348512557245,3069,3086
AAGGATGAGGGACCTC-1,GSM8576305_EM1_v1,EM,v1,27,87,2007.0,1340,0.0,0.09258984327316283,0.7548018980026245,1.191655478477478,-0.10328900337219238,0.17754065286089876,-0.01908177000036987,0.011854505815302813,0.1589768147468567,0.0685609038670858,-0.2480887728789977,0.6453811025242966,-0.08549917856852214,0.16533391983154783,-0.25318003275308265,0.5043135676479613,0.1895061971883444,0.27717711575826015,-0.03606549770601334,5023,2994
AAGGCTGTGCTCATCG-1,GSM8576305_EM1_v1,EM,v1,30,46,429.0,369,0.0,-0.13435919761657714,0.21132042010625204,1.1000790214538574,-0.03190888881683349,0.38633438017854727,0.26215470661216067,-0.1346959374602277,-0.04254518508911133,0.4491962512334188,0.4228474121029959,0.7182526290630662,-0.021272592544555664,-0.2239799193110332,-0.07688889254527877,-0.132996020822607,-0.1561522978205346,-0.19213706970214844,-0.012866487426142539,2969,3260
AAGGGAACGACTGGCT-1,GSM8576305_EM1_v1,EM,v1,63,21,3956.0,2276,0.0,-0.2172623634338379,0.12700388232866922,-0.13458336114883418,0.35245216369628907,-0.22023849742468385,-0.09811383238585861,-0.22412608440657308,-0.10828039805094401,-0.07362276236216225,0.1964696936782786,-0.1061677415851886,-0.15170008341471355,-0.2989915594997176,0.35491610550018676,0.07430619718693732,-0.25031719399136443,0.08664308230082196,-0.07625056851294733,1723,6139
AAGGGACAGATTCTGT-1,GSM8576305_EM1_v1,EM,v1,26,92,1100.0,801,0.0,0.14863405704498292,1.0929013188680012,1.5032402801513673,-0.03467452526092529,-0.18212555084738843,-0.2609124337473223,-0.1638462955790355,-0.07705449422200521,0.8350924396514893,-0.2106407828952955,1.6669546135534765,0.3137823549906413,-0.29097383185084086,0.3045045362418914,0.5544455884862425,0.19541573444736443,0.35387107976277676,-0.0186422178822179,5273,2907
AAGGGACTATGCATTC-1,GSM8576305_EM1_v1,EM,v1,60,26,694.0,544,0.0,0.29538063406944276,0.5920474990208944,0.45305385112762453,0.5196435928344727,-0.13820867634138534,-0.17088217889108964,0.21939175469534739,-0.009116554260253906,-0.2084798812866211,-0.18296014026654603,-0.3713935583680119,-0.04558277130126953,-0.22058156024978823,0.9882465806830839,0.7165921859891503,0.42070668211482976,0.3963393882115682,0.0,1973,5877
AAGGGTTAGCCATGCG-1,GSM8576305_EM1_v1,EM,v1,75,121,2.0,2,0.0,0.0,0.0,0.0,0.0,0.0,0.0,0.0,0.0,0.0,0.0,0.0,0.0,0.0,0.0,0.0,0.0,0.0,0.0,6735,7174
AAGGTATCCTAATATA-1,GSM8576305_EM1_v1,EM,v1,25,81,1840.0,1221,0.0,0.06573399484157563,0.9121981477737426,1.5009535217285155,-0.06516013145446778,0.2333747168448458,-0.07696334942145278,-0.15806733516224644,0.2027481198310852,0.23916477839152023,0.14741022398107695,0.29707450859853024,-0.07650957743326824,-0.006685260117772096,-0.2713224418670777,0.5179469404384537,0.06724060000384532,0.326427809715271,-0.024989570340802594,4722,2821
AAGTAGTGACGCGAGG-1,GSM8576305_EM1_v1,EM,v1,33,31,481.0,418,0.0,-0.13865507125854493,0.6817359701792399,1.5234101152420043,-0.030814521312713623,-0.11917540381185984,0.23439816176067296,-0.12355668682203556,-0.0410860284169515,-0.16214825948079428,-0.2141687399567569,0.16350180608115428,0.4497132031122843,0.5275380674614963,-0.08662716356147246,-0.15393855578578305,-0.15009297654780257,-0.17951119995117187,0.0,2219,3523
AAGTGACGACCGAATT-1,GSM8576305_EM1_v1,EM,v1,41,25,1097.0,822,0.0,0.10767095208168029,0.9483867152531942,1.3298723220825195,-0.06942286968231201,0.4550075129654628,0.050537903737362666,0.10882600230680672,-0.06385073979695638,0.22325441519419353,-0.22417299404590824,0.14404556037535876,0.2931187836329142,0.16484520789609852,-0.12339640238198889,0.391741293719983,0.13404676813212796,0.0893630425135295,-0.009331031191733575,1920,4221
AAGTGCGTTAGAATCT-1,GSM8576305_EM1_v1,EM,v1,49,27,1244.0,923,0.0,0.1784562051296234,0.7875014638900757,1.6940892601013182,-0.08806011199951172,-0.16951584576763037,-0.22053357093564926,-0.19877358725793978,-0.051368398666381834,0.08390471776326497,0.25357012937433077,0.4740324266848595,-0.08806012471516927,-0.2255583766952576,-0.16681033827693587,0.4075298363977995,0.32029490021691803,0.1305358009338379,-0.03550810967722247,2021,4918
AAGTTCGGCCAACAGG-1,GSM8576305_EM1_v1,EM,v1,46,34,951.0,724,0.0,0.16829561114311217,0.7815410502751668,1.5172108840942382,-0.07331016063690185,0.18254968673489166,0.05409040868556997,0.18632530874775766,-0.0428903865814209,0.2589205773671468,0.17604040979940358,-0.008460293035240207,-0.05701901117960612,-0.30928842322414657,0.3543750822304722,0.4607740041178072,0.18254968673489166,0.11463311862945558,-0.019707031788364533,2371,4656
AATAACAACGCTCGGC-1,GSM8576305_EM1_v1,EM,v1,36,30,829.0,667,0.0,-0.13089365959167482,0.598707750638326,1.1459998893737793,0.4849843692779541,0.24612164218290195,0.10629087988682057,0.18999865427053064,-0.059961134592692054,0.8045399538675944,-0.22433180793073265,1.3591596256976322,-0.12848814646402995,0.8634557792939335,-0.20640666609308328,0.24161127388989687,-0.2079557463476889,0.29914006360371914,0.0,2169,3785
AATAACACTAGAACAA-1,GSM8576305_EM1_v1,EM,v1,52,38,1555.0,1040,0.0,0.20626794219017028,0.7624048709869384,0.9231254768371582,-0.040112853050231934,0.24555872222917402,-0.01250454137951551,0.06587491216217367,0.22314958413441974,0.18776741504669192,-0.2779079169333978,0.5393123517169938,-0.08230400085449219,0.06663549856009732,-0.2280380677985379,0.6545979223483613,0.35715573727087835,0.21309928353627527,0.3849539929820645,2573,5179
AATAGAACAGAGTGGC-1,GSM8576305_EM1_v1,EM,v1,52,46,728.0,555,0.0,0.37351825475692746,1.282867743174235,1.8190296363830567,-0.04035467147827149,-0.2187064180406041,-0.30003990665558844,0.24776550350631388,-0.06496936162312826,0.21867546081542968,0.26097512005962253,0.11258876879952917,-0.09187247594197591,0.36244258325262724,-0.12149419363243992,1.181605067157472,0.5298024885098936,0.7196635309855144,-0.043392119869109125,2974,5178
AATATCGAGGGTTCTC-1,GSM8576305_EM1_v1,EM,v1,27,101,436.0,367,0.0,-0.10539370536804199,0.22308828433354697,1.1568967628479003,-0.047630615234375,0.3866741029979659,-0.2611397773988785,-0.11361617850779292,-0.021169163386027017,-0.1950027084350586,-0.11294266053266748,0.7764848759083636,-0.04457845052083333,-0.15427276121085906,-0.11477257448985395,-0.06946628209854606,-0.15317495850017637,-0.2590506591796875,0.0,5724,2993
AATATTGGAGTATTGA-1,GSM8576305_EM1_v1,EM,v1,36,22,449.0,381,0.0,-0.09609573364257812,0.9305459626515706,2.209645643234253,-0.07868096828460694,0.5710435429278558,-0.12233641839796497,-0.08844876588137825,-0.07343556722005208,0.467119992574056,-0.17515086808730926,0.7760347631965194,-0.07343556722005208,-0.21301821053746234,-0.1543706717740101,0.3833068236922125,-0.07817233286573735,0.5276756337483725,0.0,1768,3786
AATCGCCTCAGCGCCA-1,GSM8576305_EM1_v1,EM,v1,39,79,922.0,676,0.0,0.23120506286621093,0.8758989397684733,1.35502272605896,-0.08976972579956055,0.15695220278524102,-0.28986890854374053,-0.15324949680414415,-0.09280633926391602,0.28666174570719405,0.24829913488066982,0.577411457179522,0.29663870811462406,0.22677438919802745,-0.11913199980096166,0.6395744334660833,0.27573071036450436,0.30778430016835534,-0.01993539640980382,4624,4041
AATCTAGGTTTACTTG-1,GSM8576305_EM1_v1,EM,v1,52,16,4895.0,2456,0.0,-0.19571220397949218,0.3311897325515747,0.6600584554672241,-0.21651348114013672,0.038033723100239114,-0.1160538284459971,-0.2017807542232045,-0.19266250610351562,-0.29839693705240883,-0.06462782083147744,-0.28762176664972683,0.19125755627950033,-0.27264879219024535,0.1692283128638823,-0.08683988964318545,-0.23619140829130958,-0.05688367938995362,-0.06281998849684192,1471,5181
AATCTCTACTGTGGTT-1,GSM8576305_EM1_v1,EM,v1,38,10,265.0,235,0.0,-0.05011308670043945,0.8144104433059692,0.9683939933776855,-0.03996843099594116,-0.08788465416949728,0.3279672218357912,-0.05940350793059308,-0.02437843640645345,-0.11197015126546224,-0.11461939221640495,0.3535958428393142,-0.0754024887084961,-0.2300925503772904,-0.04405741710739442,0.381801953117622,-0.1245746166012359,0.46046966870625816,0.0,1168,3961
AATCTGCGTTGGGACG-1,GSM8576305_EM1_v1,EM,v1,32,92,1068.0,811,0.0,-0.16520694732666016,0.7336655060450237,1.1853840732574463,-0.046765408515930175,0.3142123489475569,-0.273085686468309,0.11494214126938268,-0.08573657989501954,0.3166006898880005,0.1066273658171944,0.634906130049268,-0.1091192881266276,0.284256041002082,0.2892318237258727,0.2602828866602015,-0.18493509452079848,0.2721246283849081,-0.028285530305677844,5274,3430
AATCTGGCTTTCTAGT-1,GSM8576305_EM1_v1,EM,v1,51,15,3023.0,1636,0.0,-0.1485368824005127,-0.3027417500813802,0.4763932776451111,-0.09560566902160644,0.2239071179924734,-0.21876835053966892,-0.16487867312323778,0.068959534962972,-0.19799180348714193,-0.1824626986398346,-0.3620583999097048,0.1830016279220581,-0.2423531559097719,0.34865124101140893,-0.1713331381024467,-0.2089099437496734,-0.19721348571777345,-0.03533388722327448,1421,5094
AATGACAGCAATGTCT-1,GSM8576305_EM1_v1,EM,v1,48,30,1779.0,1225,0.0,0.10369892358779909,0.8890878613789877,1.0770538139343262,0.41284379959106443,0.3158178639119551,-0.31819075922812184,0.248416450985691,0.31461947441101074,0.15634063084920247,-0.3179509855034359,0.21283528347795844,-0.10286298116048177,0.056264545256833,-0.22508832632777204,0.46182719940442407,0.19242059878813914,0.18749704869588213,-0.01524408786527572,2171,4831
AATGACGTAGGATGTC-1,GSM8576305_EM1_v1,EM,v1,44,78,2089.0,1355,0.0,0.052925372123718256,0.36482360045115153,0.3705943560600281,-0.09079444885253907,-0.2485256386441132,-0.26476770831692603,0.03050791858730459,0.16752392450968426,0.1886569054921468,0.1819221463091796,0.18442447289920766,-0.1164520009358724,-0.2768430901339734,0.3332297704305994,0.2526735555818225,0.05196370036572784,0.022929777781168614,-0.030746877193450928,4575,4477
AATGACTGTCAGCCGG-1,GSM8576305_EM1_v1,EM,v1,23,47,406.0,358,0.0,-0.07974387645721435,0.8634710423151652,1.636946759223938,-0.048656768798828125,1.0211791931054532,-0.15202406914003433,-0.07994373579670612,0.5298181621233623,-0.14729846954345704,-0.05649622148494657,-0.22544214833321882,-0.02162523110707601,-0.15411813575101185,0.5548615993744876,0.43340632498776677,-0.07093113800355025,0.5815075912475586,0.0,3018,2650
AATGATGATACGCTAT-1,GSM8576305_EM1_v1,EM,v1,23,93,902.0,692,0.0,-0.11605813026428223,1.0199406909942628,1.7793882179260254,-0.08722305297851562,0.36777123147694424,-0.28016776423300466,-0.1350864993599722,-0.07476261138916016,0.7163864262898764,-0.16033272121263586,1.3024095609217177,-0.06862531661987305,-0.25250933543745296,-0.10008381456735144,0.2508317646290307,-0.17490610231125236,0.2558728615442911,-0.01004873841039596,5322,2645
AATGATGCGACTCCTG-1,GSM8576305_EM1_v1,EM,v1,25,101,890.0,686,0.0,-0.10536462783813477,1.427991712888082,1.5776082754135132,0.5008757591247559,-0.1361922707446044,0.13216637246619722,-0.11190533936770637,0.2983540312449138,0.3202483224868774,0.6379162273810992,1.0990464435749916,0.32122640291849774,0.2276556815488272,-0.1709816867567928,0.32437289410129316,-0.15294395880555628,0.43414103698730466,-0.010098301595257174,5724,2819
AATGCAACCGGGTACC-1,GSM8576305_EM1_v1,EM,v1,25,59,895.0,701,0.0,0.29025323390960694,0.25479866822560626,0.19637753248214723,-0.06248088836669922,0.40560026059847076,-0.2904618170953566,0.15958489914585774,0.34989299456278483,0.5506886831919352,-0.20044385469876802,0.8118807853594667,-0.09598000844319661,-0.22645219550075302,0.35932784980559446,0.7299102158806043,0.4720889684747294,0.29211926651000975,-0.020155126048672582,3620,2823
AATGTGCCCGAGGTGT-1,GSM8576305_EM1_v1,EM,v1,55,27,1762.0,1203,0.0,0.15235357403755187,0.39720385710398354,0.6599222326278686,-0.08208989143371583,0.3795772349688255,0.21696588740370792,0.09980832783500651,-0.09064410527547201,-0.011445265611012778,-0.005482010152959238,0.5969887536289191,-0.11800741831461589,-0.31850212740610884,-0.19554697366124654,0.6476133426485908,0.20460684442998572,0.3091291958491007,-0.04592962418833087,2022,5441
AATTAAAGGTCGGCGT-1,GSM8576305_EM1_v1,EM,v1,40,50,834.0,631,0.0,0.16413929104804992,1.076264311472575,1.7601024341583251,-0.038463168144226074,0.2534269381526322,0.10786681351024435,-0.16963222570586622,-0.008547370433807372,0.5553885332743327,-0.2381005941027383,1.4906315005946655,-0.09620073318481445,-0.2027322700224727,0.5509393063893758,0.5781682254933355,0.2534269381526322,0.36582216135660806,-0.020679122017275904,3172,4131
AATTATACCCAGCAAG-1,GSM8576305_EM1_v1,EM,v1,75,89,61.0,58,0.0,-0.02552773952484131,-0.017018493016560873,-0.02552773952484131,0.0,-0.017075411053405556,-0.0617606601407451,-0.025591718821896047,0.0,0.8339061578114827,-0.06830164421362223,0.7037079668010814,0.0,-0.061512625361063396,-0.0205042084536878,-0.029258154183199207,-0.051226233160216676,-0.040844383239746096,0.0,5132,7178
AATTCATAAGGGATCT-1,GSM8576305_EM1_v1,EM,v1,23,91,770.0,602,0.0,-0.1503181266784668,0.8357923444112142,1.4547089052200317,-0.0527625846862793,0.36126736879614546,0.20730555881552978,0.1856831455589237,-0.07914388020833334,0.7764094225565592,-0.1711139997909699,1.5402847804872577,0.38692562103271483,-0.2858655998505742,-0.09799160631784952,0.1857857290858184,-0.19007483134700304,0.28202722549438475,-0.021275235760596492,5222,2645
AATTCTAGAGTTAGGC-1,GSM8576305_EM1_v1,EM,v1,49,63,982.0,724,0.0,0.15188512086868286,-0.19735466003417967,-0.030082776546478285,-0.04658781051635742,-0.13124957132498954,-0.21037449375275644,0.465414443709199,-0.10219203948974609,-0.17785620371500652,-0.18631070752606343,0.08371399720623951,-0.1470233154296875,-0.2553234636544224,-0.1286541582590126,0.1786296615286338,0.25500404794877984,-0.21834918212890625,0.0,3825,4914
ACAACAGCATGAGCTA-1,GSM8576305_EM1_v1,EM,v1,32,72,1525.0,1037,0.0,0.10985277175903321,0.9436412477493286,1.5077170372009276,-0.06379920482635498,0.2891125334810918,-0.2613268513833323,0.13971266471652458,-0.1348349634806315,0.5620317967732747,0.10777311673265369,1.0637102887002325,0.247362322807312,0.2284740984200474,-0.22432750104421592,0.558054202948737,0.17012778147141405,0.26983180967966713,-0.008155339187191378,4272,3432
ACAAGCAGTGCCTAGC-1,GSM8576305_EM1_v1,EM,v1,30,26,993.0,772,0.0,0.18683066248893737,1.3467123126983642,1.901917018890381,0.4175149202346802,0.4224811877428223,0.13653231216465822,-0.15014434279057018,-0.08229920705159505,0.5974295266469319,0.25534529842793474,0.7759145057552254,-0.07644136428833008,-0.25026728924977254,-0.1886555621901669,0.36133962382901363,0.22214092312582093,0.4532582604090373,-0.009694690665891093,1968,3262
ACAAGGACAAGAGGTT-1,GSM8576305_EM1_v1,EM,v1,29,37,691.0,539,0.0,-0.12333183288574219,0.9612136586507162,1.5041452789306642,-0.04108526706695557,0.4868395336495594,-0.143786984105264,0.5748429069841715,-0.0639104143778483,-0.20149417877197265,-0.20726841189789533,0.5618616817499011,-0.09130058924357097,0.2994101913099787,-0.13465265480868788,0.17860783521288787,-0.17643337185964936,0.31386626593271894,-0.011044426310446954,2518,3174
ACAAGGGCAGGCTCTG-1,GSM8576305_EM1_v1,EM,v1,44,76,973.0,733,0.0,0.14150309205055236,0.4841420110066732,1.0119838190078734,-0.08479830741882324,-0.14649104753066863,-0.284767827680034,-0.17389678955078125,-0.09099566141764323,0.15158371766408285,0.23449248361215413,0.6642694141226368,-0.09099566141764323,-0.26991838815221825,0.4363770274273363,0.41618220256187854,0.24110434911189937,0.14069427267710372,-0.029308172964280652,4475,4477
ACAATAGTCGTACGTT-1,GSM8576305_EM1_v1,EM,v1,42,20,679.0,536,0.0,-0.18444637298583985,1.0356731939315795,1.0670275402069092,-0.06888533115386963,0.28547380480877926,0.12641498789809263,-0.18490864459733317,0.4111091979344686,0.3795292901992797,0.2577081926690296,0.983487520128895,-0.08266239802042644,-0.2909134707776418,-0.12172508239746094,0.2518541134018611,-0.18297717244330058,0.20517944240570068,-0.011110537475155245,1669,4309
ACAATCCATTTAAACC-1,GSM8576305_EM1_v1,EM,v1,36,32,1135.0,834,0.0,0.11287837028503417,0.46609282890955606,0.8768957090377808,0.38818830490112305,0.7055175578182225,-0.017118493532804868,-0.17870963725231045,-0.076115353902181,0.1559535598754883,-0.19911301016408864,0.5661532682047761,-0.08586301167805989,0.1489869374347978,-0.12838734393138962,0.4686521734070983,0.1501286367375981,0.1559362824757894,-0.01841500497633411,2269,3785
ACAATGAATACGGAGA-1,GSM8576305_EM1_v1,EM,v1,57,31,907.0,674,0.0,0.18293232440948487,0.20587563872337342,0.6364723348617554,-0.012435088157653809,-0.20271431403016565,-0.34434912281651653,-0.13449866311591968,-0.06632047017415364,0.2763240400950114,-0.2114429410086029,0.5488290218509365,-0.08637251536051432,-0.2700782071155717,0.31500593668006993,0.6113160920348072,0.2117886245582946,0.24650495115915932,-0.020056593802667434,2223,5615
ACAATTTGAGCAGTGG-1,GSM8576305_EM1_v1,EM,v1,28,82,1400.0,962,0.0,0.1672184634208679,1.015959119796753,1.550549783706665,-0.07339993953704833,0.3383502129594086,0.2926789011274066,-0.1688255941061149,-0.10695631663004557,-0.3462729644775391,-0.22983903151292068,-0.2112371041803846,0.242567187945048,-0.35807613388122805,0.1979204091681055,0.6608833125805786,0.25212352145608585,0.3428811626434326,-0.008456213820365167,4772,3082
ACACAAAGACGGGTGG-1,GSM8576305_EM1_v1,EM,v1,24,56,927.0,715,0.0,-0.13472668647766115,0.730506690343221,1.1432357788085938,-0.012335193157196046,0.44950175351788235,-0.3053526109264743,0.16713244051562814,0.31638299624125166,0.27726109663645426,0.35139967964644414,0.40672286157546417,-0.09045808792114257,0.35955745570630915,-0.15122642670290537,0.2508995714877601,-0.15505163645664585,0.30139841620127356,-0.029843209251280752,3469,2736
ACACATGATCAAATCT-1,GSM8576305_EM1_v1,EM,v1,60,16,1596.0,1126,0.0,0.10985323190689086,0.6122686433792115,0.5091897583007813,-0.06941059112548828,0.1068750431837977,-0.3548256043464907,-0.20140253511586584,-0.14543168385823568,-0.298260498046875,0.3029875267575284,0.3407767152752025,0.20285368998845416,-0.3752359597079725,-0.22516604503953314,0.554187860051677,0.19269821689014582,0.1914302555720011,0.0,1472,5878
ACACCCAGCATGCAGC-1,GSM8576305_EM1_v1,EM,v1,24,50,871.0,712,0.0,0.18062390327453615,0.8836389541625976,0.9755730724334717,-0.050484237670898435,0.4135948597653919,0.1354686939221923,-0.15421972059665767,-0.08414039611816407,0.20638013203938801,-0.1724664694489444,1.2736075073373634,-0.09255443572998047,-0.2306743453305409,-0.14454309241359972,0.5912556668748828,0.2192667128649045,0.3363709122339884,-0.010178273723971459,3169,2737
ACACCTTAAGTAGGGC-1,GSM8576305_EM1_v1,EM,v1,25,43,191.0,179,0.0,-0.07130659103393555,-0.09507545471191406,0.560046112537384,0.7755124425888061,0.5807386709827776,-0.0962174169478878,-0.07148530429467223,-0.03976986885070801,-0.1371244430541992,0.5697244407075438,-0.13989399665564148,-0.026513245900472004,-0.15085401113732272,-0.13052058698661834,-0.056976886738337215,-0.1352963144563911,-0.09544767761230469,0.0,2818,2825
ACACGAGACTCCTTCT-1,GSM8576305_EM1_v1,EM,v1,31,71,1543.0,1037,0.0,0.04401002168655396,1.2991267013549805,1.6830968189239504,-0.0804940128326416,0.39124177371379126,0.3056957578878798,-0.19292344784079338,-0.114033203125,0.26398091475168867,0.09799179424808974,0.8422905791173798,-0.06915825525919596,0.1950627508891155,0.187333319560591,0.4804473688404335,0.08651062716608462,0.3257232446670532,-0.03245726708442934,4222,3345
ACACGGGAACTTAGGG-1,GSM8576305_EM1_v1,EM,v1,27,71,1191.0,834,0.0,0.11023347973823547,0.9655202484130859,1.7847572135925294,-0.01120158314704895,0.2117616473764613,-0.2862526062996157,-0.17023165901203202,0.30404838085174557,0.1371320867538452,0.1394268431126606,0.37836112483148515,-0.07467721939086915,-0.2739173245717244,0.7904761827614413,0.5019211077416865,0.12782865795935008,0.2692214002609253,-0.04774213221765334,4221,2996
ACACTGATCAAGGTGT-1,GSM8576305_EM1_v1,EM,v1,52,48,600.0,473,0.0,-0.14291403770446778,0.172884304523468,0.9999899291992187,-0.05743359565734863,-0.16748945051212374,-0.2906752247964182,-0.15766661029710508,0.4403242333730062,-0.16818730672200521,-0.2119021335971794,0.1794785616300299,-0.05743359247843424,-0.19492586741006998,-0.06919709937160752,0.20652189381143082,-0.15788516551754547,0.17877674929300946,-0.03473806381225586,3074,5178
ACAGAACTGAGAACAA-1,GSM8576305_EM1_v1,EM,v1,52,24,2237.0,1466,0.0,-0.018575673103332524,1.1391212685902914,1.2788604736328124,-0.14191920280456544,-0.2198229123118729,-0.11268739656369259,-0.01915458061342551,-0.10961512247721354,0.23680377960205085,0.012829945903425122,0.7621167094606507,-0.12293496449788412,0.047565716816239556,-0.2761266624113642,0.47096191590016756,0.057715128363840046,0.5233471609751383,0.3193092923010549,1872,5180
ACAGGTGGAGGTGAGG-1,GSM8576305_EM1_v1,EM,v1,51,39,988.0,732,0.0,0.5121640729904174,0.1564141849676768,0.04660729408264164,-0.06022191047668457,0.22347486085583404,-0.3080723054947392,-0.17741415076387257,0.34527228673299154,-0.24587491353352864,0.28187683101747607,0.5405852289740678,-0.09635505676269532,0.19740100079272166,0.2566696917675585,0.6224121034657716,0.7027507561903734,0.21336496702829993,-0.01942642273441438,2623,5091
ACAGTAATACAACTTG-1,GSM8576305_EM1_v1,EM,v1,46,14,2323.0,1521,0.0,-0.04838233828544619,1.17761487642924,1.3521474266052245,-0.12811634063720703,0.23443924835825974,-0.10874236783673685,-0.0657542409902826,0.4521251710255941,0.25696688334147133,0.143830984731183,0.2685092164729024,0.15878690242767335,0.007191378620254929,0.0877047621102697,0.1750627907265223,0.00035911140633265726,0.46191046460469565,-0.03364128835739628,1370,4658
ACATAATAAGGCGGTG-1,GSM8576305_EM1_v1,EM,v1,21,63,464.0,411,0.0,0.26393687844276426,0.693055067062378,0.7066033506393432,-0.03115811586380005,-0.14946476352653376,-0.16603337564776022,-0.13366325397539258,-0.06231623331705729,0.34194657166798903,-0.12135820165525711,0.6138902087050724,-0.04154415448506673,0.4411315360701228,0.5024615806748111,0.659047452119155,0.39067870863571075,0.34213358084360757,-0.025127512793387135,3819,2474
ACATCGATCGTTTACC-1,GSM8576305_EM1_v1,EM,v1,42,62,997.0,749,0.0,-0.15222986221313475,0.0843191146850586,1.7237539196014404,-0.08725573539733887,0.24785446881450537,-0.25139147235501197,-0.15862800005384556,-0.0640167236328125,0.16236002445220948,-0.2504574319590693,1.052583294640491,-0.10402717590332031,-0.21853608587180753,-0.2295369221024724,-0.13419651370335445,-0.17633661378586174,-0.23017532348632813,-0.009679948129961568,3773,4304
ACATCGGTCAGCCGCG-1,GSM8576305_EM1_v1,EM,v1,41,37,1147.0,860,0.0,0.13612154722213746,0.1503081560134888,0.39137808799743656,-0.08279236793518066,-0.21002750970846834,0.07935723950785975,-0.15420159361416236,-0.045480416615804035,-0.36167800903320313,0.12134149188846516,-0.39936840114881045,-0.07035504659016927,0.1355532538938714,-0.22689751927632404,0.48100548367787227,0.17658133198452103,0.3158185895284017,-0.0275083145787639,2521,4220
ACCAACGCTTATTTAT-1,GSM8576305_EM1_v1,EM,v1,53,49,692.0,530,0.0,0.3180318915843964,0.2159554406007131,0.3836339831352234,-0.027376651763916016,-0.1820141846519649,-0.2436676025390625,-0.10697511563026219,-0.045627752939860024,-0.18396670023600262,-0.12449424003677623,-0.4015055900842101,-0.10950660705566406,-0.18512860646688314,0.38830487507892897,0.7575161878905529,0.40482558228632015,0.3136504805882772,-0.044155889941800024,3124,5265
ACCACAAGTTTCTATC-1,GSM8576305_EM1_v1,EM,v1,30,54,598.0,491,0.0,0.20627258062362672,0.9680946318308512,1.4914611434936522,-0.07187074661254883,-0.1552190238416793,-0.24261573053175403,-0.17508005319083841,-0.038331063588460286,0.2625098768870036,-0.19384080510474366,0.9018404619007425,-0.047913831075032554,-0.23061969864320564,-0.1500915159662086,0.6103389539827931,0.3239192710140743,0.26146211687723797,0.0,3370,3259
ACCATATCCGCAATAA-1,GSM8576305_EM1_v1,EM,v1,38,56,1313.0,932,0.0,0.1410991668701172,0.4620157178243001,1.5382568359375,-0.05384094715118408,0.23538626476275085,-0.3357732834354524,-0.2347836028364368,-0.08614550272623699,0.22235932985941564,-0.21475969907830791,0.5254236907301749,-0.03589396476745606,-0.34998395069535954,0.22060441549523285,0.152003886706508,0.2065750173103052,-0.3244725646972656,-0.026052071202185847,3472,3956
ACCATCCGCCAACTAG-1,GSM8576305_EM1_v1,EM,v1,44,12,1159.0,830,0.0,-0.1256084156036377,0.9074204953511555,1.3299464035034179,-0.05661721706390381,0.38460928686752227,0.56349271563341,-0.14295097102497453,-0.13259782155354818,0.16885185877482095,-0.2427714676362615,0.5480260130149036,0.2944095373153687,-0.2615532626109908,-0.15718686820034042,-0.17078895896758595,-0.19013858399662287,-0.1735641632080078,-0.009131809396128501,1269,4484
ACCATCGTATATGGTA-1,GSM8576305_EM1_v1,EM,v1,42,42,628.0,512,0.0,0.3530389642715454,0.24717193881670635,1.3017059659957886,-0.08486121177673339,-0.16156259747253213,-0.22690936057798325,0.20622418981446958,-0.028287073771158855,0.26860846519470216,-0.13766573902755277,0.4281830708927502,0.4337351067860921,-0.24298950562994165,-0.11360269569488893,0.3585073650737205,0.4803717011459163,-0.2137792510986328,-0.03421823440059539,2771,4307
ACCCAACGCCCGTGGC-1,GSM8576305_EM1_v1,EM,v1,30,86,1267.0,909,0.0,-0.18175214767456055,0.9236633698145549,1.4524505424499512,-0.0546306562423706,0.2973858762611381,0.13859852777648085,0.08546885041365945,0.2622271394729614,0.6733140150705973,-0.23475652075930184,1.5240322052790636,-0.08740905125935873,0.14659112658366624,-0.19817484047518197,0.3388393324049974,-0.19674826784676133,0.3632574141820272,-0.008811395975851243,4973,3256
ACCCATCTTGAGGGTA-1,GSM8576305_EM1_v1,EM,v1,37,37,583.0,491,0.0,-0.10814495086669922,1.114831345876058,1.434588017463684,-0.04348225593566894,-0.14018017312754755,-0.24610159474034463,0.261201352403875,-0.07951917648315429,-0.14325024922688803,-0.13270994971029734,-0.32795197760040434,-0.08696451187133789,0.4623503780747992,-0.09580623672669192,0.4330469632900205,-0.16926528777565844,0.4390598424275717,0.0,2520,3871
ACCCGAGCGAAATTAC-1,GSM8576305_EM1_v1,EM,v1,61,29,759.0,603,0.0,0.1929626429080963,0.5493501504262288,0.34376998901367184,-0.0928023624420166,-0.16086149694130172,-0.23782251727196477,-0.15211214338030135,-0.03535328229268392,0.2916597652435303,-0.14408421596157112,0.01773200100134026,-0.026514962514241538,-0.2225431725682025,-0.11176480825646336,0.5911618816135265,0.30765816665679185,0.30492965253194176,-0.042766067289536996,2124,5964
ACCCGGTTACACTTCC-1,GSM8576305_EM1_v1,EM,v1,42,48,1341.0,930,0.0,0.18015026450157165,0.6296728881200155,1.4825518035888672,-0.03202513217926026,0.21889553168412704,-0.3201709255095451,0.1529803578566788,-0.08249837239583334,0.2313915189107259,-0.23282470192797608,0.9104673059741457,-0.06615762074788412,0.3716547810887716,-0.24674086972891565,0.44761721999050896,0.1831930527586071,0.046765252431233695,-0.008608906499801143,3072,4306
ACCCTATGCCATATCG-1,GSM8576305_EM1_v1,EM,v1,56,40,851.0,638,0.0,0.1737309718132019,0.4508076047897339,1.2422320175170898,-0.05091200828552246,-0.15215836081616455,-0.3664592927502048,-0.15121110997403175,-0.05308915456136068,0.10007158597310384,0.24584006332899286,-0.04536357169004113,-0.033941338857014974,-0.31725142758534136,-0.1431261392003561,0.4393367996188494,0.2721083748965226,0.06073911730448406,0.0,2674,5527
ACCGAAGAGTCTGGTT-1,GSM8576305_EM1_v1,EM,v1,57,11,966.0,784,0.0,-0.16270261764526367,0.5294520076115926,1.4460296630859375,-0.036440863609313964,-0.11664720363042826,-0.22073708811113912,-0.1752878251231105,-0.10279627482096354,0.5297357050577799,0.22538103839359686,1.1853564037150475,-0.10527359008789063,0.29220114481975756,-0.19513178446206703,0.2515826221011088,-0.13289729089641253,0.3230970595677694,-0.01959186215554514,1221,5617
ACCGACTGAGTCCCAC-1,GSM8576305_EM1_v1,EM,v1,28,66,729.0,549,0.0,-0.1268773555755615,1.2283854468663533,1.6268676280975343,0.0,0.3044602197149525,-0.2313022152070076,-0.12045593070505854,-0.08286623001098632,-0.20350409189860025,-0.22945776591731554,0.18726534751021257,0.38542789618174234,-0.2205437349985881,-0.17807903059993882,0.4137285059707554,-0.16169858696468697,0.44537639236450194,-0.021685740640086514,3971,3084
ACCGATGGTAGCATCG-1,GSM8576305_EM1_v1,EM,v1,36,92,1504.0,1050,0.0,0.26610034942626953,0.27122391064961754,0.4716534757614136,-0.09155550003051757,0.0700601214416317,-0.3646337139991022,-0.1913286366857084,-0.10798377990722656,-0.0020516729354858043,0.2314162763331912,-0.06328016960270011,-0.16223884582519532,-0.3245596828230892,-0.2551773867932668,0.5491418291982744,0.3385099540718955,0.0897734162012736,-0.02461169227477043,5275,3778
ACCGGTCAGGTACACC-1,GSM8576305_EM1_v1,EM,v1,59,15,1007.0,774,0.0,-0.15336112022399903,0.549836999575297,0.9828422784805297,-0.05978889465332031,0.35929919232758656,-0.32136363367880544,0.14519897977212318,-0.08984479268391928,-0.26470553080240883,-0.1743440404783523,0.05363044820923818,-0.09199920654296875,-0.2842748557707392,-0.14321902478076368,0.29295382971066797,-0.17317133364470108,0.3181342353820801,-0.009643370105374244,1422,5791
ACCTAAGTACCTTTCA-1,GSM8576305_EM1_v1,EM,v1,50,30,1452.0,1032,0.0,-0.15924534797668458,0.9891572904586792,1.8109288311004639,-0.07228279113769531,0.13505969385106695,-0.28002551294142203,-0.16482044879655192,-0.06884074529012044,0.2218942467371623,0.10699523398974536,0.6717508970535837,-0.10535329182942708,-0.3096755920165035,-0.2818190180154211,0.16263651651434366,-0.21605115909640207,0.17928826936086018,-0.00832751008772081,2172,5005
ACCTAATCGACTTCCT-1,GSM8576305_EM1_v1,EM,v1,32,30,1509.0,1083,0.0,-0.17527427673339843,1.1393555196126302,1.7087453269958495,-0.09958812713623047,0.2427311220030854,-0.053952247865738434,0.042603135108947754,-0.09689628601074218,0.4039608383178711,0.1531492502261431,0.5748562645073512,0.20785600662231446,-0.30694350277084903,-0.18201743742548318,0.1963317701673098,-0.22633872143799644,0.165031972249349,-0.06553812949888167,2168,3436
ACCTGCGTGTCATGTT-1,GSM8576305_EM1_v1,EM,v1,46,18,1199.0,922,0.0,0.14871299266815186,1.143728691736857,1.0770603609085083,-0.05585841655731201,0.33560952148841516,0.05256627891470206,-0.24447149979440788,0.3872437858581543,-0.23190134684244793,-0.20999066407066524,-0.43848369349187344,-0.13831438700358073,0.3080678664058088,0.3094389473099306,0.6712286827557408,0.22507560425910395,0.4356355578104655,-0.009009421833099858,1570,4658
ACGAAATGGGCGGCAC-1,GSM8576305_EM1_v1,EM,v1,32,24,1013.0,777,0.0,0.1465124237537384,1.3978543122609457,2.156208906173706,0.4262784957885742,0.2411336636995126,-0.2959903286349389,-0.14615758260091147,1.1259980710347495,-0.23871261596679688,0.20655470880510549,-0.471224569196078,0.3160011307398478,-0.3183627147751161,-0.19425412832972516,0.5974375084683,0.2251727151764409,0.28617057609558105,-0.009621613448665987,1868,3437
ACGACTCTAGGGCCGA-1,GSM8576305_EM1_v1,EM,v1,71,93,98.0,95,0.0,-0.023175625801086425,-0.061801668802897135,0.5958991384506226,-0.023175625801086425,-0.06200836334738843,-0.07476008322931105,-0.046467420152554235,0.0,-0.030900834401448567,-0.046506272510541326,-0.069876258696743,-0.015450417200724284,-0.09307479858398438,-0.01861496048280034,-0.026562321835056076,-0.06200836334738843,-0.07416200256347656,0.0,5331,6829
ACGAGGATACCACTCT-1,GSM8576305_EM1_v1,EM,v1,50,18,2286.0,1550,0.0,0.001381115913391101,0.46218419710795083,1.191416220664978,-0.0870603370666504,0.27355447487953377,-0.4066269782281691,-0.21777871497591636,-0.12168595631917317,-0.30567835489908857,-0.24384688055236203,-0.022429621656079646,0.14340913772583005,-0.017080418077338677,0.2219878447582444,0.17604516160522285,0.004835706623634473,-0.06928480402628584,-0.027123497378441594,1571,5006
ACGAGGTTTACAACGT-1,GSM8576305_EM1_v1,EM,v1,57,13,967.0,737,0.0,0.13979605555534363,0.954422516822815,1.146306176185608,-0.0364267110824585,0.2372949324058184,0.06647138661503244,0.13329930420507463,-0.08094825108846028,0.18212828159332273,-0.21029599295013326,0.5802224379003433,-0.0890430768330892,0.23709655344246858,-0.14174451406701022,0.5498091795383006,0.25353871712849424,0.24425876235961913,-0.029376379905208465,1321,5617
ACGAGTACGGATGCCC-1,GSM8576305_EM1_v1,EM,v1,28,104,580.0,480,0.0,-0.12383699417114258,0.5379113245010376,1.2104606628417969,-0.05807385444641113,-0.14008392538115333,-0.22109102433727634,0.30742867040753663,-0.06997067133585612,-0.2610826110839844,-0.1103745782654421,0.08313482678886458,-0.048394877115885415,-0.23453664205160485,-0.13094767987967496,0.232681524616941,-0.15950662874457827,0.276241252263387,0.0,5874,3080
ACGATACATAGAACTA-1,GSM8576305_EM1_v1,EM,v1,22,80,1124.0,795,0.0,0.11783454775810243,0.8481687561670939,1.2519379425048829,0.39793045043945313,0.36409047375554626,-0.3279103002240581,0.1803401650342726,-0.0654010009765625,0.42625106175740557,-0.2650382765958142,1.0503817871159473,-0.04584422747294108,0.4311135939326152,-0.12482473074671734,0.5072210197120819,0.18150413328721504,0.21905837059020994,-0.018485574953017697,4671,2559
ACGATCATACATAGAG-1,GSM8576305_EM1_v1,EM,v1,25,63,944.0,699,0.0,0.23404161334037782,0.5403308717409769,1.0701690673828126,-0.04900840759277344,0.21405642327656316,-0.277542237312563,-0.1476365952264695,-0.11651648203531902,0.10638056437174481,0.23966722903044327,0.8484970395375051,-0.09417582194010417,0.18533125115206922,-0.2305182951042451,0.6150857731059493,0.32440401758238624,0.23145659732818602,-0.039522909349010836,3820,2823
ACGATGCATATGTTAT-1,GSM8576305_EM1_v1,EM,v1,37,43,830.0,645,0.0,-0.15631769180297853,0.6178689606984457,1.2176109790802,-0.05137299537658691,0.3019912902062287,-0.25565122788952244,-0.11644386348867775,-0.08780190149943033,0.3995872195561727,-0.2032050193352843,0.6969197629940913,-0.05993515650431315,0.23805924725819783,-0.16006763871893825,0.283310814709923,-0.14329860521399457,0.26296541722615563,0.0,2820,3871
ACGCATTCGTGAGTAC-1,GSM8576305_EM1_v1,EM,v1,33,61,1329.0,950,0.0,0.10199641466140746,1.0646365547180177,1.488460578918457,-0.05673698425292969,0.3492847683703487,-0.03973032472320415,0.09083916056425051,-0.0878265635172526,0.5097894350687662,0.09581900520069542,0.40868703598438705,-0.09286068598429362,-0.2953223722526826,-0.16859940065437531,0.5808144131499239,0.16918608257204393,0.3126836519241333,0.41994693471539407,3721,3520
ACGCCGCTAGACGACC-1,GSM8576305_EM1_v1,EM,v1,43,71,1103.0,804,0.0,0.1459321904182434,0.42376530329386397,1.05366042137146,-0.09236725807189941,0.18116866864488276,-0.34530611961118635,-0.16622289977874374,-0.03848635991414388,-0.28809621175130207,0.11795641746010671,-0.47173401338970244,-0.06157817204793294,0.32623710000371364,-0.16695010326952342,0.5074964771981225,0.16572262770356144,0.15858996168772382,-0.04655608054130308,4224,4391
ACGCGAAGTCAGACGA-1,GSM8576305_EM1_v1,EM,v1,49,59,926.0,678,0.0,0.2919620037078857,0.8211623859405518,1.283338384628296,-0.037020397186279294,-0.1779448212588511,-0.27394393182569937,-0.1531507066616737,-0.06581403732299805,0.23082179546356202,0.1608520036557048,0.8593911131936188,-0.07404079437255859,0.2042029501443886,-0.15128611369305348,0.6371864182901246,0.41028132167548237,0.26763740825653076,-0.01990343870655183,3624,4915
ACGCGCTACACAGGGT-1,GSM8576305_EM1_v1,EM,v1,41,31,694.0,562,0.0,-0.1749106216430664,1.0366941849390665,1.4586547088623047,-0.05469932556152344,-0.17647491250947167,0.15511141174949258,-0.16163987085634007,-0.05469932556152344,0.24507523854573568,-0.1553516324148529,0.0369978943747406,-0.09116554260253906,0.3198633308870247,-0.15642444962957297,0.32949190426692576,-0.1947690013260347,0.4087850112915039,0.0,2220,4221
ACGCGGGCCAAGGACA-1,GSM8576305_EM1_v1,EM,v1,34,62,1591.0,1083,0.0,0.03511399567127227,0.911519463857015,1.367831735610962,-0.09558445930480958,0.11265752141425175,0.2585260846098447,-0.2136534114828086,-0.08939634958902995,0.08635438680648802,0.09279889639138908,-0.18289966037268274,-0.08485029220581054,-0.3126550391017194,0.21124162989926626,0.5064790255702327,0.10601584003654743,0.35187143357594813,-0.00800752495565722,3772,3607
ACGCTACTGAATGGGC-1,GSM8576305_EM1_v1,EM,v1,74,120,19.0,19,0.0,-0.03133899688720703,-0.020892664591471353,0.0,0.0,-0.020962539723884302,0.0,-0.015708770369527333,-0.020892664591471353,0.0,0.0,0.0,0.0,-0.025171885049965488,-0.025171885049965488,0.0,-0.041925079447768604,0.0,0.0,6684,7087
ACGCTAGTGATACACT-1,GSM8576305_EM1_v1,EM,v1,28,100,407.0,358,0.0,-0.11613020896911622,0.22556782404581704,0.32075745820999146,-0.032414207458496096,0.5070343021565058,0.23714350555349603,-0.1407928466796875,-0.05402367909749349,-0.20030389149983724,-0.13009046471637228,-0.2272907621297405,0.48621311187744143,-0.20861267947767634,-0.09112427799577215,0.3301600303212688,-0.15852872663517062,0.3161275227864584,0.0,5674,3080
ACGCTGTGAGGCGTAG-1,GSM8576305_EM1_v1,EM,v1,39,13,412.0,353,0.0,-0.08579100608825684,0.8337511372566223,1.9306252479553223,-0.09689072608947753,-0.09721477853015913,0.2747410783020582,-0.08600602114110961,-0.07535945256551106,-0.1619711176554362,0.4064107517999417,0.42452552347669303,-0.0861250877380371,-0.20267010118109155,-0.07782387637709039,-0.13534431129608593,-0.1080164191714896,-0.1722314453125,0.0,1318,4048
ACGGCTGGATGTAGAA-1,GSM8576305_EM1_v1,EM,v1,61,11,5311.0,3022,0.0,-0.11227805495262147,0.45955527544021607,0.4101262092590332,-0.18977519989013672,-0.06685741357048486,-0.2815382557530557,-0.14088669254965053,-0.207983881632487,-0.163005363146464,-0.018900415105298718,-0.13940717758074656,0.029495171705881784,-0.37682177072548007,0.25444976278098236,0.1446817863124148,-0.0756208066025971,0.03846043841044111,-0.06606668041598412,1222,5966
ACGGGAGTGTCGGCCC-1,GSM8576305_EM1_v1,EM,v1,47,25,1363.0,992,0.0,0.15808433532714844,0.8317757479349772,1.0166710138320922,-0.09429643630981445,0.13950222165821122,0.11686128185641381,-0.20763800676006422,-0.10317344665527343,0.701129493713379,0.12101226918806332,0.8894069477199054,0.2573411957422892,0.2494854815992486,0.2512642536776133,0.6058480423637652,0.23264476686815752,0.3223215910593668,-0.03420442535031226,1921,4744
ACGTAGATTGCTGATG-1,GSM8576305_EM1_v1,EM,v1,33,67,1244.0,840,0.0,0.20638574957847594,0.5080421813329061,1.0200291967391968,-0.02201502799987793,0.2678356044401426,-0.3587930125574912,0.10441383472958901,-0.08806012471516927,0.9618710263570149,0.163202475544601,1.4676580956233805,-0.0807217788696289,-0.2635902496705572,1.1478051495839314,0.5370462260136973,0.2531098395818585,0.12584042580922444,-0.02663108225791685,4022,3519
ACGTCTCGTTCCGGGA-1,GSM8576305_EM1_v1,EM,v1,44,6,237.0,219,0.0,-0.0898396110534668,0.3200847935676575,1.0071052265167237,-0.037657036781311035,-0.1133489449287338,-0.15184290178360477,-0.09006477298593163,0.6002409076690673,0.550031525293986,-0.05037730673085088,0.4020710878036729,-0.014824026425679525,-0.10860011855282457,-0.0907398438357924,-0.08631984962091746,-0.16372627079686194,-0.13556533813476562,0.0,968,4485
ACGTGACAAAGTAAGT-1,GSM8576305_EM1_v1,EM,v1,52,4,293.0,272,0.0,0.39149513721466067,0.3618364095687866,0.4881153059005737,0.6940141153335571,-0.07141900461254311,0.4906004211320306,-0.0713593427997484,-0.03559046745300293,0.6210026613871257,-0.06178610300938023,1.4434323149966577,-0.08530713399251302,-0.13136639269480266,0.5974624503568473,0.7960360938293545,0.5217554529375057,0.4935211372375488,0.0,870,5182
ACGTTAATGTCGAAGA-1,GSM8576305_EM1_v1,EM,v1,41,69,1361.0,963,0.0,0.23819011211395263,0.31355939467748006,0.6398363590240479,-0.06365900993347168,0.3156109605744531,-0.27526775483162175,-0.14904576734193883,-0.07073223114013671,0.6061353079477946,0.1193060680908237,0.9572615353049602,0.2475627867380778,-0.29864679665929345,-0.18910372017856583,0.580998973381895,0.25436265864632734,0.25831309636433925,-0.017112635797069918,4124,4217
ACGTTAGATTTGCCCG-1,GSM8576305_EM1_v1,EM,v1,39,39,1122.0,839,0.0,0.0952168297767639,0.9816483656565349,0.9378627014160156,-0.06055225372314453,0.20167296626496076,-0.290999504827684,0.18640841973156558,-0.0709523328145345,0.08001414299011228,0.13770036553858117,0.7122104316842872,-0.053522281646728516,-0.3040374081776324,-0.20266613328313254,0.5436341038406066,0.17098652080548646,0.30239163144429526,0.0,2620,4045
ACTACATCCCGACAAG-1,GSM8576305_EM1_v1,EM,v1,63,17,3932.0,2329,0.0,-0.03864635109901429,0.137984547217687,0.45487745761871334,-0.1484326171875,-0.021529948166514462,-0.2823136544996692,0.03483623557520987,-0.22276471455891927,-0.34249359130859375,-0.22398447910678826,-0.14315296503082076,0.008605427742004373,-0.3092843480857022,0.08050210466346586,-0.033586193377787205,-0.24687215237314486,-0.056930725415547695,-0.06339318906107257,1523,6140
ACTACCAGCTCTCTGG-1,GSM8576305_EM1_v1,EM,v1,25,41,319.0,297,0.0,-0.055536112785339355,0.32349665959676105,0.8025870227813721,-0.052148265838623045,0.5948030759924099,-0.100860595703125,-0.0643884615790575,-0.03476551055908203,0.42877463022867845,-0.08139082739584422,0.27679427202365764,-0.03476551055908203,0.4722736098201399,-0.09773436703356395,-0.12147903442382812,-0.11144370139641906,-0.1000537109375,-0.014018351031887916,2718,2825
ACTCAATAAAGGCACG-1,GSM8576305_EM1_v1,EM,v1,25,69,2522.0,1550,0.0,0.06050221681594847,1.0359892352422078,1.8670275020599365,0.36284345626831055,0.017321442149023036,-0.0009574088083433852,0.11138326161188589,-0.13549292246500652,0.4319514656066894,0.03680349658829979,0.5825815022804716,-0.17679646809895833,0.2519806147579209,0.04445306000460586,0.46731853348477864,0.09032237516464864,0.18460323429107667,-0.01938429186421056,4121,2822
ACTCCCATTCCTAAAG-1,GSM8576305_EM1_v1,EM,v1,47,17,1177.0,888,0.0,-0.1425796127319336,0.8727809365590413,1.3717753171920777,-0.05946752071380615,-0.20219394594530596,-0.22612759374803112,-0.15421960586892033,-0.07178705851236979,0.14345825513203941,0.1472161257413186,0.2106979264685856,-0.09003556569417318,-0.28976446557715235,0.28880320514541075,0.11630846999777764,-0.21725007124170412,0.14182610384623212,-0.018152333075000394,1520,4745
ACTCCCGAATTCGTTT-1,GSM8576305_EM1_v1,EM,v1,32,104,497.0,408,0.0,-0.12473616600036622,0.6324979273478191,0.9783077955245971,0.0,0.43908414341002666,-0.27249271638931766,-0.132693546457697,-0.05083758036295573,0.28328643798828124,0.40398996835834067,0.5058272198131422,-0.06100509643554688,-0.23915467779320407,0.4753007513452247,-0.10793580981585221,-0.11233583022918191,-0.2825137939453125,-0.012299414603940902,5875,3428
ACTCGTAACCCGTCCT-1,GSM8576305_EM1_v1,EM,v1,49,23,1480.0,1079,0.0,0.08784523606300354,0.6898109451929728,1.4055824232101441,-0.07169974327087403,0.23366001165298583,-0.02536319367896578,-0.17891540144917958,-0.11088700612386068,0.25098146597544346,0.03838921855790428,0.7387208007516743,0.27314188798268635,-0.31060953408360004,-0.24042515582348928,0.43780282438655294,0.1065911830734117,0.1467641665140788,-0.008260339498519897,1821,4919
ACTCGTCAGTAATCCC-1,GSM8576305_EM1_v1,EM,v1,36,78,992.0,689,0.0,0.29783705830574037,0.8459059794743855,0.7856923770904541,-0.07215599536895752,0.16566607106888176,-0.34755685252528035,0.1328914975910856,-0.0641386604309082,0.4353755299250285,-0.2854071524629625,0.5554539337486821,0.3046586465835571,-0.28068144158665914,-0.12110980543266817,0.68533640809592,0.41356873631876045,0.16391920471191407,-0.019396772307734334,4573,3780
ACTCTCTGACTTAGGT-1,GSM8576305_EM1_v1,EM,v1,42,78,565.0,442,0.0,0.3188677763938904,0.740909784634908,1.0744881629943848,-0.05856952667236328,-0.1589753268953151,-0.22808687148555631,-0.13077417053375626,-0.019523175557454427,-0.19213061014811197,0.269937316443742,0.15866638616272977,-0.07055126190185547,-0.22623425219432416,-0.12937044810099774,0.8333542083942446,0.4619273918794017,0.41544088172912597,-0.011808372312976469,4575,4303
ACTCTTGTATAGTAAC-1,GSM8576305_EM1_v1,EM,v1,36,70,1224.0,837,0.0,0.11159130692481994,0.5473277544975281,1.3744167470932007,-0.07755755424499512,-0.19045381322752272,0.0957117289442071,-0.16581448815520247,-0.06647790908813477,0.27256014029184983,0.15281903265311966,0.31630127565174415,-0.05170503616333008,-0.2619301056766127,-0.1360483284456184,0.49860420934108746,0.17145677593639463,0.16613539028167723,-0.008935202513971636,4173,3781
ACTGCTCGGAAGGATG-1,GSM8576305_EM1_v1,EM,v1,53,9,798.0,671,0.0,-0.1329130268096924,0.5138633569081624,1.0103541564941407,-0.05210015296936035,0.27728798051874504,-0.21536750178183278,-0.1528326622525552,-0.052100149790445964,-0.14773461659749348,-0.2226850834977268,0.06250196314508416,-0.0955169423421224,-0.2213786174973331,-0.09678940983661208,-0.1606057503161936,-0.1655923594599185,-0.1823844757080078,-0.021008126197322723,1120,5269
ACTGTACGATACACAT-1,GSM8576305_EM1_v1,EM,v1,30,78,1395.0,970,0.0,0.2020062255859375,0.864903785387675,1.3274529600143432,-0.08716113090515137,0.13396799737128656,-0.3504635287869361,0.08011663303638161,-0.1351176961263021,0.3118874549865722,0.16752648885167692,0.5758390067210748,-0.07911022186279297,0.19718711883667478,-0.13902795937166634,0.46630597097484294,0.2851968210277749,0.002386893590291317,-0.008468872116458031,4572,3257
ACTGTAGCACTTTGGA-1,GSM8576305_EM1_v1,EM,v1,27,39,420.0,355,0.0,-0.12549200057983398,0.9222475973765055,0.966320538520813,-0.032112276554107665,-0.0989091547835232,-0.1921303964430286,-0.12580651687201402,-0.053520463307698565,-0.14853832244873047,-0.08101255997367528,-0.13923711153730076,-0.034354902903238935,0.4852332810321486,0.5390735582175503,0.4678466950241679,-0.10964904581025292,0.5360183696746826,0.0,2618,3000
ACTGTCCAGGATTATA-1,GSM8576305_EM1_v1,EM,v1,33,55,3106.0,1935,0.0,-0.05791669905185701,0.3553925657272339,0.9695636415481568,-0.11828350067138672,0.23137940757117803,0.28753684742659463,0.10844156982605918,-0.13800750732421874,0.014178487459818534,-0.03947212723983967,0.31540559233304677,0.38739752133687333,-0.0860394643492488,-0.03487619310019008,0.1269689080195987,-0.04546525904964843,-0.09143667173385622,0.21599592470353648,3421,3521
ACTGTCTTCTTTAGAA-1,GSM8576305_EM1_v1,EM,v1,30,64,606.0,478,0.0,-0.09998388290405273,1.2938350677490233,1.7914304542541504,-0.04293442726135254,0.32324753849535615,-0.29357713268649194,0.24320507109314576,0.4388852564493815,0.4535797866185506,-0.18351439409032713,0.8140330814408128,-0.05724590301513672,0.3498008804627691,-0.1034564512321748,0.34956297799304425,-0.1825203273607337,0.4324683723449707,-0.01154151270466466,3871,3258
ACTTATACTTACCCGG-1,GSM8576305_EM1_v1,EM,v1,36,90,1585.0,1094,0.0,0.059358680844306955,0.9333131424585979,1.416349506378174,-0.03978253602981567,0.2770920342027543,0.06804256834742112,-0.19474182511332042,-0.09945632934570313,0.12319152990976967,0.09086989765050288,0.1308625180859918,-0.10942999521891277,-0.34116939559997805,-0.20873782912411365,0.41717658719224027,0.06666022127155746,0.0715573848088582,0.0,5175,3778
ACTTATTAGGATCGGT-1,GSM8576305_EM1_v1,EM,v1,38,52,663.0,522,0.0,0.31451063990592953,0.6913474249839783,0.459419002532959,-0.05555520534515381,0.33107336774186014,-0.29181006646925406,-0.11569423245308094,-0.037036803563435874,0.8334603913625083,0.25770822961460654,0.7864903732759869,-0.07407360076904297,0.3382953006100942,-0.05843520643241913,0.7689561343466313,0.4435467731992536,0.2837452630996704,0.0,3271,3957
ACTTCGCCATACGCAC-1,GSM8576305_EM1_v1,EM,v1,27,75,1810.0,1189,0.0,-0.21178802490234375,0.8833987935384114,1.4675696849823,-0.07502479553222656,0.41612385826366005,-0.02289918820429504,0.017432848014927144,0.2500826517740885,0.49146392186482746,-0.26224507615717757,0.9269032385908949,-0.09083171208699545,-0.3341150858316077,0.18955629800696927,0.15236736360115444,-0.2506199457174958,0.18922418689727782,-0.037814917102936774,4422,2996
ACTTGACTCCCTCTTT-1,GSM8576305_EM1_v1,EM,v1,42,72,943.0,708,0.0,0.12830452799797057,0.5230851149559022,0.7143911695480347,-0.07354167461395264,-0.22275459008870716,-0.3019180913125315,-0.18470934339633263,-0.06537037531534831,0.1666744597752889,0.19717196782961605,0.8043831875233538,-0.09805556615193685,0.20426701139733494,-0.12074607634640123,0.6147078215905111,0.1940088693380622,0.33878112379709874,-0.009884633364215974,4274,4303
ACTTGGGACCCGGTGG-1,GSM8576305_EM1_v1,EM,v1,29,49,480.0,413,0.0,-0.11730388641357421,0.6144542980194092,0.9187240076065063,-0.03083437919616699,-0.11567825776677466,-0.24433572830692415,-0.10986996414069843,-0.041112505594889326,-0.20819368998209636,-0.13987383635147757,0.04528381733781389,-0.06166875839233398,-0.22556612865034356,-0.13621614448516722,0.2598190932697416,-0.1259907623597212,0.2838590329488119,0.0,3120,3173
ACTTGTAGTCCCTTCA-1,GSM8576305_EM1_v1,EM,v1,44,10,903.0,734,0.0,-0.15234964370727538,1.2382480843861898,1.7438264274597168,-0.03736606121063232,0.2854790698192856,-0.2314797216846097,0.17738222866727596,-0.049821414947509766,0.39525127092997236,0.22802891247514367,1.0512309707674463,-0.14946423848470053,-0.17993603748490053,-0.17007309940445375,0.3751931473997056,-0.14853883826214334,0.43500372187296543,-0.020089280220770066,1169,4484
ACTTTACCCTCATGAA-1,GSM8576305_EM1_v1,EM,v1,32,106,766.0,623,0.0,0.16990366339683532,0.6086934995651245,1.7109044075012207,-0.026429660320281982,0.24490584085883374,-0.27413060588221394,0.5131202098122216,-0.07047909418741861,0.7306098206837972,0.2859720648198888,0.5531299174131461,-0.07047909418741861,0.8118779236054325,-0.13798616401641722,0.6469567293423978,0.23606647283602986,0.3435596307118734,-0.010657121096887896,5975,3428
ACTTTCCTATAGCTTC-1,GSM8576305_EM1_v1,EM,v1,28,62,471.0,392,0.0,-0.16109773635864258,1.0172603638966877,1.2269565773010254,-0.0310150671005249,0.36139787213592367,-0.26515225441225115,-0.15372829389452636,-0.031015065511067707,-0.2606197357177734,-0.13344373671107468,0.8259662318726024,-0.05169178009033203,-0.19592084463341647,-0.14947019523406124,0.30386495709760825,-0.16589284022914924,0.2290747369130453,0.0,3771,3084
ACTTTGGTCGTGCTCC-1,GSM8576305_EM1_v1,EM,v1,61,13,1627.0,1199,0.0,0.045245372653007515,1.192328864733378,0.6745161962509155,-0.07866368293762208,0.27573555116536497,-0.26055662093623994,-0.2109389723392955,-0.09832962036132813,-0.24016197204589843,-0.24114439080790134,-0.2231128021529144,-0.1462854512532552,-0.3172420823430441,0.16815677503026635,0.8039748970963552,0.13733833164408585,0.7158149859110514,-0.00792980722842678,1322,5966
AGAACGTGGTACATTC-1,GSM8576305_EM1_v1,EM,v1,27,73,1585.0,1068,0.0,0.08228302776813506,0.6280688158671062,1.4619705200195312,-0.07273087978363037,0.3575621948327242,-0.02460757763155047,0.1596520149468778,-0.08163935979207357,0.7381655629475912,-0.2815104200688493,1.2901751811951079,0.22999051173528037,-0.35265074580548755,-0.199354884136154,0.523053166859471,0.06021817997014911,0.3207952947616577,-0.016041345173312772,4321,2996
AGAAGAGCGCCGTTCC-1,GSM8576305_EM1_v1,EM,v1,38,88,360.0,308,0.0,0.320805127620697,0.725661997795105,1.1442751789093017,0.0,0.4677852380235857,-0.16263604933215725,-0.09939378246030114,0.5375365447998047,-0.1142388407389323,0.39763398234262115,-0.3059844970703125,-0.044794712066650394,-0.1375264700158054,-0.06746191767803636,0.7705803747505034,0.44531297763454475,0.4120373554229736,0.0,5075,3953
AGAAGGTACACTTCAC-1,GSM8576305_EM1_v1,EM,v1,52,14,4165.0,1600,0.0,-0.1492595386505127,-0.067973290681839,0.27834014415740965,-0.16472503662109375,-0.12594943859904106,-0.19144378169890372,-0.1458353793113154,-0.18560646057128907,-0.1534926986694336,0.10655252570691315,-0.08243792722829363,-0.13806859334309896,-0.2014995712831796,0.06259363607230434,-0.11568445462552046,-0.1599655023785339,-0.17273942565917969,0.2278506771210701,1371,5181
AGAAGGTTGCCGAATT-1,GSM8576305_EM1_v1,EM,v1,42,44,650.0,524,0.0,0.27098803997039794,0.6096601804097493,0.9720350742340088,0.5033417129516602,-0.15406620701818563,-0.23395547559184413,0.27779953880118846,-0.03017061233520508,0.31950719356536866,-0.21277794471153846,0.5077127479257467,0.41013028462727863,-0.279570767199658,-0.10373189075883613,0.6426146993664411,0.3119909346037219,0.33314717769622804,0.5367174179323257,2871,4306
AGAAGTGATTCGTGAT-1,GSM8576305_EM1_v1,EM,v1,48,28,1859.0,1269,0.0,0.09944919228553772,0.8426686541239421,1.6153868293762206,-0.03706096649169922,0.26232606418422494,-0.32462332325596965,-0.20450121657292647,-0.08647558848063151,0.13892964204152425,0.0808137374843908,0.10340752433891875,-0.1576532491048177,0.03662872161252434,0.18312189033232543,0.39973493992086806,0.1394758797276645,0.11097258536020915,-0.037359845253729054,2071,4831
AGAATAAATCTTCAGG-1,GSM8576305_EM1_v1,EM,v1,37,11,362.0,320,0.0,-0.07884839057922363,0.800728554725647,1.3623093557357788,-0.06708512783050537,0.534751970765317,-0.09467658688945155,-0.062232689152385355,-0.03354256312052409,0.42343386809031164,-0.07182805115562618,0.3375458133708464,-0.06708512624104818,-0.1686813017450662,-0.14818000027453565,0.42484799719130073,-0.15035578239721598,0.671131986618042,-0.04057568119418237,1218,3874
AGAATTATGGATTCGA-1,GSM8576305_EM1_v1,EM,v1,32,98,565.0,474,0.0,-0.11539724349975586,0.647309672832489,1.6062070083618165,-0.047257366180419924,-0.11965580050363189,-0.2617904601558562,-0.1083469247459469,0.4490330378214518,0.31415108998616537,0.8310314909936061,0.5163327618973423,-0.0683311144510905,-0.22232668466836095,-0.14113138957195973,-0.1360773124804128,-0.1294500421122165,-0.2596961364746094,-0.011808372312976469,5575,3429
AGACCAAACCACACCT-1,GSM8576305_EM1_v1,EM,v1,51,9,4033.0,2284,0.0,-0.04855380654335023,0.05333698868751524,0.8085793924331665,-0.1256715202331543,0.10983671445644552,-0.1002597006784606,-0.22257152356599508,-0.22570716857910156,-0.06587269624074302,0.3082715304798904,-0.18025539525532502,0.04439162413279216,-0.3096375063241246,0.4360826431029293,-0.07203546576308659,-0.050919262594735476,-0.2768695068359375,-0.03519479690059539,1120,5095
AGACCCGCCCTCCTCG-1,GSM8576305_EM1_v1,EM,v1,26,56,934.0,723,0.0,-0.17400012969970702,0.21811750054359436,1.1723868131637574,0.5358252429962158,0.3271707664498252,0.05426581554149151,-0.18676782670176417,-0.06560415267944336,0.35578040599823,0.1510294833975359,0.4768720018889352,-0.08417018890380859,0.34663244959819745,-0.16796245345150132,-0.19269137669429395,-0.18504910166048286,-0.27512628173828124,-0.03967993490157589,3470,2911
AGACCGGGAAACCCTG-1,GSM8576305_EM1_v1,EM,v1,41,17,998.0,784,0.0,-0.14493314743041993,0.9071306800842285,1.224994864463806,-0.011998577117919922,0.30539893120560496,-0.2726287841796875,0.12459638901521689,0.8255445384979248,0.6310765361785888,0.1668127159875638,0.7326474155527349,-0.08798956553141277,0.36826352996519773,0.3038724386069669,0.2600466621810181,-0.22055380320469273,0.32140411281585696,0.46059054097821633,1519,4222
AGACGACGATGCCGCT-1,GSM8576305_EM1_v1,EM,v1,53,33,884.0,676,0.0,-0.15570972442626954,0.7365950266520183,0.8478772163391113,-0.05021183967590332,-0.15389002924380096,-0.25716976965627364,-0.14351554622028703,-0.04184319814046224,0.19536868095397947,-0.20296127421401416,0.7653206170075932,-0.06694911321004232,-0.2605404221867941,-0.19418851247274252,0.3601456953153911,-0.17068329622912964,0.38389378134409585,-0.010123354773367605,2323,5266
AGACTAGCCTTCCAGA-1,GSM8576305_EM1_v1,EM,v1,28,46,578.0,470,0.0,-0.14181884765625,0.5909867556889852,1.266077494621277,-0.043604369163513186,0.3134386859742827,-0.23410655606177547,-0.13488867049826717,-0.06782901763916016,0.41133106867472335,-0.24639775202824518,0.20859085529379423,1.0508240095774333,-0.25498395559778175,0.4619738078979124,0.26870486157329854,-0.18077656417387386,0.2638871119817098,-0.0234432085867851,2969,3086
AGAGAACCGTCTAGGA-1,GSM8576305_EM1_v1,EM,v1,26,88,1518.0,1071,0.0,0.025997836589813222,0.38488779703776044,1.1638990688323974,-0.11458335876464844,0.35691483097863175,-0.2976428924068328,-0.20249158816230028,-0.06755058288574219,0.022974201838175445,-0.2509018760859767,0.523764543882481,0.23226049105326332,-0.36494163911505395,0.20807532613057209,0.3423299321472474,0.11110259670610542,0.05059722836812336,-0.02703439804815477,5073,2907
AGAGAAGGAGTACAAT-1,GSM8576305_EM1_v1,EM,v1,58,34,833.0,630,0.0,0.23354071021080017,0.49664128065109253,0.9161475276947022,-0.17001543045043946,-0.24203953057228522,-0.35883691233973347,0.12565732674491137,-0.04275531133015951,-0.24063369750976563,-0.14356397545855978,-0.0049451234438225855,-0.04275531133015951,-0.3080503165003765,-0.12625609248517508,0.6114737809899885,0.31385020840261035,0.07158688036600752,-0.03103207965050974,2374,5702
AGAGATCTCTAAAGCG-1,GSM8576305_EM1_v1,EM,v1,40,18,917.0,694,0.0,0.17532909512519837,1.0358552726109822,1.4458074283599853,0.0,0.3184851291054733,-0.2585895292220577,-0.1470444949348469,-0.05779594421386719,-0.2257111358642578,-0.1915835377364653,0.4428527983332057,-0.06952245712280274,0.3471679651114835,-0.14921500883906721,0.6300907015458902,0.19965272856130778,0.40623509279886877,-0.029963335683268887,1569,4135
AGATAACTTCAGGGCC-1,GSM8576305_EM1_v1,EM,v1,32,44,482.0,400,0.0,-0.10175752639770508,0.18767550309499104,1.1004736375808717,-0.04619205951690674,0.3565239842520111,-0.23321662410613028,-0.08657660998198621,-0.030794706344604492,0.2749272092183431,-0.16477993100781904,0.14591628428594033,-0.02052980422973633,-0.1897879757555613,-0.08657145978935273,-0.0460379362789471,-0.17507917984672214,-0.2190330047607422,-0.02753559620149674,2870,3435
AGATACCGGTGTTCAC-1,GSM8576305_EM1_v1,EM,v1,40,38,840.0,651,0.0,-0.11430612564086914,1.239733845392863,1.1926655387878418,-0.06393990993499755,0.3290321126563627,-0.30458087305868825,-0.127412638269869,-0.0426266066233317,0.25081274827321376,-0.18900075804031014,0.46495554246923,-0.06820257186889649,-0.2829952622991968,0.42129454268030375,0.2567595804489103,-0.23402004178152436,0.22283003648122157,-0.010312888891466202,2571,4133
AGATCGTGCATAAGAT-1,GSM8576305_EM1_v1,EM,v1,21,97,952.0,780,0.0,0.13840019941329956,1.099594996770223,1.2963944053649903,0.4030475234985352,0.4232349600414502,-0.21277406138758506,0.2068266613142831,-0.051016623179117836,0.24941061337788906,-0.14851098714464883,0.8752126563647971,0.29312546730041505,0.19894820178847716,-0.1569614333800044,0.7297296423283552,0.2547773280935809,0.5933947232564291,-0.029548939197294174,5522,2470
AGATCTCAGGTGTGAT-1,GSM8576305_EM1_v1,EM,v1,29,75,1277.0,903,0.0,0.18040327429771424,0.5659316651026408,0.8829103183746337,-0.021782517433166504,0.4096003418649186,-0.3222511045394405,-0.17712429113555372,0.2955782032012939,0.7536620076497397,-0.24013259020138744,1.026661820832723,-0.07812498728434245,0.12756488792388793,-0.1425176260461769,0.6069284701415666,0.26051190983890293,0.22210150082906088,0.0,4422,3170
AGATGCAAGACGTGCA-1,GSM8576305_EM1_v1,EM,v1,58,24,1170.0,864,0.0,0.09780471086502074,0.39193279345830284,0.6405299949645996,-0.1015302562713623,-0.2608458860263378,0.03532651602397863,-0.21295906009530663,-0.06981801350911458,0.15798940658569338,0.17061472284621088,0.235158776860398,-0.08485953648885092,0.08654270287019661,0.24933244214957975,0.5033693134272338,0.11519210899421073,0.30875522232055663,-0.027293080283749487,1873,5703
AGATGCATCCTGTGTC-1,GSM8576305_EM1_v1,EM,v1,48,6,931.0,753,0.0,-0.12879392623901367,0.46869389295578,1.109526219367981,-0.061577467918395995,0.3517498984650491,-0.18875245125063003,-0.14146308612106437,-0.1067342758178711,1.0968431854248046,-0.13015518698803955,0.9063522047219478,0.33833753744761147,-0.27116452259232243,0.43666328005043853,0.22673273163401977,-0.17744847683603548,0.3315454689661661,-0.009931849856530466,969,4833
AGATTATAGGACGTTT-1,GSM8576305_EM1_v1,EM,v1,36,54,959.0,769,0.0,0.15819942235946655,0.5427219820022583,0.8541711330413818,-0.06090063095092774,0.39958622051587733,0.050754259258920686,-0.15277571905226933,-0.07524211247762044,-0.29943603515625,0.15328521712567894,-0.012022118215841648,-0.09744101206461589,0.18505137608233224,-0.16631496383483152,0.45385499499247206,0.20673466286930353,0.12087696266174314,0.0,3371,3782
AGATTCACAACCGATA-1,GSM8576305_EM1_v1,EM,v1,53,13,2960.0,1851,0.0,0.056286245584487915,0.5081272649765014,0.512227201461792,-0.10637009620666504,0.31767701531200765,-0.023979723178845946,-0.19144982741888902,-0.16980054219563803,-0.2504425303141276,0.08862880706255521,-0.231825372938278,0.09681077003479005,-0.303780582535219,0.037732844754873984,0.3289349661515572,0.11617857623126862,0.12018650595347088,-0.055895128557758945,1321,5268
AGCAACCGAAAGTAAT-1,GSM8576305_EM1_v1,EM,v1,56,20,5558.0,2923,0.0,-0.08455526053905488,0.19201817830403645,0.43526673316955566,-0.1576540756225586,-0.07839417331327697,-0.3346117696454448,-0.11710779279246367,-0.25470614115397133,0.18040335337320962,-0.032762545008324484,0.19113323145946493,-0.030427496433258067,-0.36634455914478226,-0.04312671140494595,-0.23769160054816216,-0.08380083688259657,-0.3133336181640625,-0.08916308033850885,1672,5529
AGCACCAGTACTCACG-1,GSM8576305_EM1_v1,EM,v1,27,65,1321.0,913,0.0,0.14462566375732422,1.1241775862375896,1.2508463001251222,-0.042965407371521,0.27869332355001697,-0.3680830617104807,0.05960355344272794,-0.04296540896097819,0.24030886332194007,-0.2908772242109114,0.7558402049823878,-0.07582922617594401,0.12996186616430322,-0.24665716087004266,0.6475607887721677,0.27150847521115307,0.27448381423950197,-0.017324761036903627,3921,2997
AGCACTACCGGCCTGT-1,GSM8576305_EM1_v1,EM,v1,34,20,411.0,365,0.0,0.2874916446208954,0.6464049824078878,2.0918856716156005,0.6302448570728302,0.43057634426465663,-0.15910287057199785,-0.12490379123161909,-0.043093665440877275,0.9866662311553954,-0.06485668552360407,0.6568084386125881,-0.043093665440877275,-0.14548388255169115,-0.06490009568302507,0.31679782237227805,0.4089574469637578,-0.15783004760742186,-0.013032358500265306,1668,3612
AGCACTTAAGGACGCC-1,GSM8576305_EM1_v1,EM,v1,31,35,589.0,472,0.0,0.24947547912597656,0.7765030916531881,2.1096613788604737,0.5344918060302735,0.5081573769931942,-0.160434446027202,-0.11918846646645911,-0.04815241495768229,0.26551643371582034,-0.11428528087194946,0.536041221426959,0.3926333363850912,-0.18527177251486415,-0.12763290711674824,0.7091593014818208,0.29881728479561864,0.5107338641484579,0.0,2419,3349
AGCATCATTTCGAAAG-1,GSM8576305_EM1_v1,EM,v1,53,19,2125.0,1434,0.0,0.23840505242347718,0.7726126098632813,1.4044678211212158,-0.09878955841064453,0.1451700063320573,-0.24773740768432617,-0.24547423933980458,0.11844756841659543,0.3296801010767618,0.17034064872873536,0.8997864623935807,-0.08907966613769532,0.042543881293760244,-0.25928132696802836,0.35921128585208795,0.275591071898589,0.23812412611643474,-0.04915517760861304,1621,5268
AGCATCGTCGATAATT-1,GSM8576305_EM1_v1,EM,v1,22,52,1401.0,1069,0.0,0.1431696116924286,1.0581519714991252,1.3530172109603882,0.309411506652832,-0.21689878738046092,-0.2523656968147524,-0.19285262258429275,0.5569714482625325,0.9158999252319335,-0.259693388157465,1.4920360410461644,0.26345939000447594,0.26841876458930203,-0.25092704803589355,0.5557639899431464,0.25360608991306094,0.2679288228352865,-0.0422684415694206,3269,2562
AGCCACTCCCGTGCTT-1,GSM8576305_EM1_v1,EM,v1,23,81,1401.0,1039,0.0,0.08381619930267334,0.7353954442342122,1.3202806663513185,-0.08386058807373047,0.3470961732609216,0.3417208205719697,0.07811504647247774,0.2683486620585124,0.4559925397237142,-0.20255854935151676,0.9669092230375774,-0.11601238250732422,-0.3386383056640625,0.21217106815322814,0.35951073805035694,0.10681388848601375,0.10258006668090822,-0.00845368831388412,4721,2646
AGCCCATACATGTAAG-1,GSM8576305_EM1_v1,EM,v1,42,26,1084.0,846,0.0,-0.16687633514404296,0.7250466108322143,1.1889155006408691,-0.04971195220947266,0.2217711013562172,-0.28054923395956716,0.100004292893828,0.33322772502899173,0.5630140209197998,0.15465404184632744,1.0970118824561037,-0.13388455708821614,0.13490320401019362,-0.25209158778669366,0.16043387280835805,-0.18902919603430707,0.13706739203135176,0.0,1970,4308
AGCCGTGGCTAAATGT-1,GSM8576305_EM1_v1,EM,v1,50,22,1360.0,966,0.0,0.35728898763656614,0.9782638963063558,1.4786468315124512,-0.053065342903137205,-0.18237006145974863,-0.2829340042606477,-0.18443858593627624,0.2703175783157349,0.40824243863423665,-0.24036780009700304,0.5061350334315359,-0.07075379053751628,0.29301504514303556,0.24821690919408834,0.5323869977093016,0.18559696961406083,0.33304902458190916,-0.025676777285914266,1771,5006
AGCCTAATACCCACGT-1,GSM8576305_EM1_v1,EM,v1,50,14,3682.0,2261,0.0,-0.032384232878685,0.16239794333775837,0.45553246498107913,-0.14673961639404298,0.10238217204443717,-0.24560489962177892,-0.10471220695434658,-0.017173295815785722,0.270985050201416,0.04650645710552814,0.02765288904084634,-0.2196472422281901,-0.34183437852974397,0.17047283697319793,-0.07038754698711003,-0.10208143152653706,-0.2121370391845703,-0.07852427421077605,1370,5007
AGCGACAGGAACGGTC-1,GSM8576305_EM1_v1,EM,v1,51,37,1127.0,823,0.0,-0.14872493743896484,0.6141752743721008,0.9066665649414063,-0.11769665718078613,-0.1958159634899535,0.02401882602322486,0.12565144396067263,0.32820687294006345,0.11769504229227701,0.14106144713717558,-0.11640367795474565,-0.06319900512695313,-0.32782613608731803,0.2740421904138772,0.1729727278124637,-0.21879069860962322,0.18782588513692217,0.0,2523,5092
AGCGACCAACGATATT-1,GSM8576305_EM1_v1,EM,v1,25,55,901.0,699,0.0,0.17424068331718445,1.161663007736206,1.763052978515625,-0.03739656925201416,-0.15618675767777357,-0.29716353262624434,-0.12524500108302983,0.3490346574783325,0.30587536017100014,0.19457038788492464,0.41199714813999194,-0.08310349146525065,0.21756305292428257,-0.1601994832356771,0.6459887861180784,0.2676688544327599,0.2943868541717529,-0.01005284151723308,3419,2823
AGCGCGGGTGCCAATG-1,GSM8576305_EM1_v1,EM,v1,24,92,1040.0,765,0.0,0.09344451665878295,1.1449447965621948,1.7618347358703614,-0.047246084213256836,0.37808224256487855,-0.31744030983217303,0.11662089570721887,-0.073018798828125,0.21546670595804857,0.13111064877930023,0.8315016040678769,0.3070995426177978,-0.30096925789093876,-0.14645911220565858,0.5469687736478439,0.1965890853035543,0.27000697294871007,-0.031176665136891026,5273,2732
AGCGGCGGTTAGCGGT-1,GSM8576305_EM1_v1,EM,v1,50,12,3631.0,2047,0.0,-0.17595537185668944,0.2297202134132385,0.1566399383544922,-0.1208748722076416,0.19952768864838974,-0.2219141067997102,-0.19208884179442748,-0.1936327107747396,-0.24196372985839842,0.05921870343794122,-0.16995847387786228,0.04931587696075437,-0.30242325503184614,0.9279742972439071,-0.03843249641038626,-0.2330937720461434,0.023700584093729632,-0.05555886607016287,1270,5007
AGCGTGGTATTCTACT-1,GSM8576305_EM1_v1,EM,v1,45,71,1274.0,916,0.0,0.18832305550575257,0.06654543201128643,0.515472731590271,-0.09231494903564454,0.12081773265149681,-0.03710299702833325,-0.17493146164972978,-0.08721350987752279,0.13377992788950605,0.15069014212758247,0.5212838658307495,-0.09061447143554688,-0.2922863941116027,0.23167930185555455,0.46579451974278535,0.24548039056252743,0.12342950979868572,-0.028935482425074422,4225,4565
AGCTAACAAGCAATGT-1,GSM8576305_EM1_v1,EM,v1,61,33,1178.0,868,0.0,0.11304394602775575,0.4728827031453451,0.6156054925918579,-0.0562532377243042,-0.18097138165630225,0.06299701923598894,-0.16140288159363253,-0.11676658630371094,0.08740047295888265,-0.2025372559410274,-0.10561703420421331,-0.09426528930664063,-0.25276006369226905,-0.24265224962349397,0.5737495722948309,0.1789991604444574,0.30760101636250814,-0.01814620533297139,2324,5964
AGCTAGAAGCAGAAGT-1,GSM8576305_EM1_v1,EM,v1,21,99,583.0,478,0.0,-0.13701066970825196,0.32955150604248046,0.707706241607666,-0.014494085311889648,0.40557585432377946,-0.1094780198989376,-0.13008884439492285,0.4444852828979492,-0.19677841186523437,-0.09695040342401103,0.10624170816809003,-0.05797634124755859,-0.17068236324203062,-0.13970202710255084,0.34615004848272546,-0.08725536308160993,0.4969986572265625,-0.023377556954660723,5623,2470
AGCTCTAGACGTTCCA-1,GSM8576305_EM1_v1,EM,v1,38,76,908.0,661,0.0,-0.1633904457092285,0.6879297192891438,1.1999269008636475,-0.04972014904022217,-0.1998464526938754,0.07415184447292905,0.13448981361879142,-0.06629353205362956,0.7169966888427735,0.21528831599415213,0.7906782064006557,-0.0353155517578125,-0.31960008613555785,-0.07987172536581874,0.35566923935980377,-0.20816085968527906,0.4022883472442627,0.0,4474,3954
AGCTCTTTACTCAGTT-1,GSM8576305_EM1_v1,EM,v1,41,45,901.0,707,0.0,0.256580525636673,0.9848515812555949,1.2631654882431032,-0.049862093925476074,0.32837691820053216,-0.31717651121078,0.16862243824734127,-0.07479314168294271,0.15809476057688393,-0.18244055043096127,0.36298338731928687,0.33024415175120037,0.2373991723041458,-0.13277631399621925,0.6428233444861491,0.33671505541572866,0.21934114996592202,-0.02010568303446616,2921,4219
AGCTGAAGTAAACCAA-1,GSM8576305_EM1_v1,EM,v1,20,84,603.0,510,0.0,-0.14667024612426757,1.2443525091807048,2.110561800003052,-0.043004627227783206,-0.1364613663791414,-0.18110793636691186,-0.13985244253823034,0.3991621732711792,-0.19998898824055988,0.4786283212361926,0.05952978904351691,-0.08600925445556641,-0.23953936473432794,-0.08059769749162667,0.2754464743813676,-0.14604990777363347,0.4088867263793945,-0.011560383342927503,4871,2385
AGCTGTAACCTCAATC-1,GSM8576305_EM1_v1,EM,v1,54,28,1777.0,1243,0.0,0.20214809536933898,0.7449255164464315,0.9959802484512329,-0.10709073066711426,0.4238084642384762,-0.0666391261711648,-0.20249168376874804,0.21024043957392377,-0.015506478945414237,-0.265158892475243,0.6219296178112591,-0.11347330729166667,0.02723998630860719,-0.2504546383777297,0.5673030355256745,0.32567681104708934,0.1465168692270915,-0.015251789362199845,2072,5354
AGCTTGATCTTAACTT-1,GSM8576305_EM1_v1,EM,v1,41,23,578.0,478,0.0,0.31353906750679017,0.6952017815907796,0.7043077945709229,-0.043604369163513186,0.45739877237258286,0.1818362040453792,-0.1902617643351543,-0.019379719098409017,-0.21367988586425782,-0.2489134364303538,0.19421318239730972,-0.058139158884684246,-0.25031341797855483,-0.10507076523868913,0.8509849255269442,0.5344553710093333,0.36382470830281577,0.5813915729522705,1819,4221
AGGACGACCCATTAGA-1,GSM8576305_EM1_v1,EM,v1,43,45,864.0,673,0.0,0.15210838198661805,0.9999789508183797,1.8099445819854736,-0.037974553108215334,0.18195734653983228,-0.2980078727968277,-0.1711030926620751,-0.04219395001729329,0.3786394230524699,0.21558598252044472,0.0797212524372985,0.42099700768788656,0.22922474792204706,-0.14496178990865807,0.5827478739115434,0.15655628534463734,0.3205914697647095,0.0,2922,4393
AGGATCACGCGATCTG-1,GSM8576305_EM1_v1,EM,v1,48,16,856.0,670,0.0,0.174796484708786,0.4291924961407979,1.2182643365859986,-0.025402028560638428,0.26779441091926603,-0.2935732256981634,0.1744387682368582,-0.06773874282836914,-0.2079372787475586,-0.21688753466143657,-0.4153619890836016,-0.07620608647664388,0.2764677497756529,-0.10463836394160626,0.504002407662848,0.25080308587256084,0.14230329990386964,-0.010242753451870333,1470,4832
AGGCAGATGCGTAAAC-1,GSM8576305_EM1_v1,EM,v1,26,86,2048.0,1343,0.0,0.004242450594902025,0.5213626980781555,1.5012476348876953,-0.07088139533996582,0.1947046867846911,0.21878687357572912,-0.011140262684726482,-0.10582730611165364,0.5020960966746013,0.04705838355731007,0.5978597475313404,0.16525350173314413,0.16186473666424733,0.7473345070957659,0.23228732212566713,0.028376675569094123,0.007713129520416251,-0.042871813620290446,4972,2907
AGGCCACCCGTTATGA-1,GSM8576305_EM1_v1,EM,v1,28,38,715.0,567,0.0,-0.1523746109008789,0.7956290435791016,1.2684921312332154,0.0,0.389265955225414,-0.3077337203487273,0.1788484033635983,-0.045118621190389,-0.19502684275309246,-0.18888516888570625,0.12585443211217962,-0.07438717524210613,0.2651915831738208,-0.10049505118864129,0.36599188650235065,-0.19210172417171822,0.35757792790730797,-0.021831591283121416,2568,3087
AGGCCCTAGAACGCCA-1,GSM8576305_EM1_v1,EM,v1,45,25,2013.0,1387,0.0,-0.21926799774169922,0.7913625351587932,0.8606165790557861,-0.08931816101074219,0.39278821044143625,0.02042777747053154,-0.20190915368254622,0.30733087062835696,0.07045656363169356,-0.2553360087417041,0.29342313952695864,0.16941461324691776,-0.32482919348291606,-0.30318659280677396,0.09422059463908133,-0.22732809315557065,0.08709607474009196,-0.00964518996977037,1920,4570
AGGCGGTTTGTCCCGC-1,GSM8576305_EM1_v1,EM,v1,59,17,809.0,623,0.0,0.1576031243801117,1.0919415775934855,1.7342688751220703,-0.025923354625701903,-0.1619085994452537,0.08566262315495221,-0.15386179873817846,0.36292696475982666,-0.198847287495931,0.23632399786010366,-0.3928701889574827,-0.08990259806315104,-0.3639998225323168,-0.10937094784165961,0.7133866944763927,0.27014731098311134,0.38687266031901035,0.0,1522,5791
AGGCTTCCCGAAGAAG-1,GSM8576305_EM1_v1,EM,v1,50,42,1218.0,894,0.0,0.12304571747779847,0.2101935931046804,1.2198515224456787,-0.11101548194885254,0.3196011682019186,-0.30983887949297506,0.21345417825201699,0.30344229539235434,0.06375870545705159,-0.19560356522882263,0.6714172287973157,-0.09833786010742188,0.12294328777665597,-0.17454033970354071,0.5070651547615029,0.18154477049807374,0.251033060391744,-0.008952860870668966,2773,5004
AGGGCGAGCAGCTGAT-1,GSM8576305_EM1_v1,EM,v1,44,20,663.0,552,0.0,0.22945546507835388,1.013832883834839,1.5169357442855835,-0.06944400787353516,0.26604220766154685,-0.28441515276508944,0.22219849327453098,-0.06481440226236979,0.6972298526763916,0.3191823567302198,1.2355772985114695,-0.11111040751139323,-0.21571883236069278,-0.12802607371625171,0.6668483126470899,0.28462253911306495,0.2799699945449829,-0.033601937755461664,1670,4483
AGGGCTGCAGTTACAG-1,GSM8576305_EM1_v1,EM,v1,35,65,1237.0,892,0.0,0.10723816275596618,0.5896708488464355,1.0908909797668458,-0.09929351806640625,0.3474910517068478,-0.3408793480165543,0.10522033614024781,-0.08302760442097981,0.5140832455952963,0.11208123972051787,0.8266161153920675,0.3561614227294922,-0.34749600207470505,-0.16462039564508033,0.4829026119073687,0.1662934207863101,0.2000000635782877,-0.008897268964398292,3922,3694
AGGGTCGATGCGAACT-1,GSM8576305_EM1_v1,EM,v1,37,97,1511.0,1031,0.0,0.11490793466567994,0.7002941298484802,0.6613041973114013,-0.11167922019958496,0.21877820701769232,-0.3138278530490014,-0.20743210871416823,0.25720065116882324,0.00550503094991045,-0.24984659558554556,0.06012723844682921,-0.10152655919392904,0.11775349881275587,0.20537018565288986,0.5480325300577377,0.22556928673981294,0.2327584829330444,-0.008187626638720113,5525,3865
AGGGTGCTCTCGAGGG-1,GSM8576305_EM1_v1,EM,v1,34,92,1532.0,1078,0.0,0.234599130153656,0.8637392568588257,1.2671531534194946,-0.12423517227172852,0.24525675473271671,-0.34411144256591797,0.10344594313686056,0.2737873713175456,0.11070508797963463,0.19988232140025436,0.23628156987865967,-0.09290487925211588,-0.3403519473401418,-0.19299990489300953,0.5536383171819342,0.3101096831037847,0.13849023628234863,-0.00813932188095585,5274,3604
AGGGTTCCCTTTGGTT-1,GSM8576305_EM1_v1,EM,v1,30,88,939.0,718,0.0,0.1727302050590515,0.8749559052785237,1.6057143211364746,-0.03682911157608032,0.3193270578033549,-0.30268662975680444,0.1863283269984979,-0.05728973388671875,0.6220276991526286,-0.20018695588893315,0.589414031746913,-0.08184247334798177,-0.32611978676424447,-0.10846593006547675,0.4666899265054304,0.1678842421758135,0.12858942604064943,-0.00990029881077428,5073,3256
AGGGTTTAGTTCGGGA-1,GSM8576305_EM1_v1,EM,v1,33,63,904.0,668,0.0,-0.1832682991027832,0.48737483660380043,1.2737204837799072,-0.03735083341598511,-0.14008638771082646,0.16667163317104638,-0.17748686902803884,-0.0851712163289388,0.24230954011281336,-0.20498035902961043,0.44967160734955736,-0.033200740814208984,0.21535699721799795,0.28277904441557733,0.19728232668259083,-0.15674230007822298,0.2138296511967977,0.0,3822,3520
AGGTAGGTACAAAGCT-1,GSM8576305_EM1_v1,EM,v1,35,31,875.0,692,0.0,-0.16950868606567382,1.148908758163452,1.6306825828552247,-0.037799971103668215,0.24110990995281648,-0.24441531396681263,-0.18256510110726035,0.3338261254628499,0.6665613492329915,-0.20199311935782033,0.7332683814487608,-0.12194713592529297,0.32501355270784066,-0.08620142649455242,0.25382784743363673,-0.17888976897683032,0.3413730605443319,-0.01016128255474952,2219,3698
AGGTCAGGTGAGAGTG-1,GSM8576305_EM1_v1,EM,v1,46,20,808.0,652,0.0,-0.12264678955078125,0.9132498041788737,1.7584239196777345,-0.07780439853668213,0.3435012188510618,-0.26481982200376447,-0.12945412274888882,-0.1232125473022461,0.3405863539377848,-0.1428977813210376,0.5412904208115512,-0.03457973162333171,-0.1897925411362246,-0.20736427766730986,-0.15170144898160481,-0.2087852324929126,-0.25232733154296877,-0.020915160256047404,1670,4658
AGGTCGCGGAGTTACT-1,GSM8576305_EM1_v1,EM,v1,26,104,429.0,364,0.0,-0.13703620910644532,0.3899234382311503,0.880965929031372,-0.05122515678405762,-0.08990658406031171,-0.22106739782517956,-0.14537687946979264,-0.0319088872273763,-0.144995485941569,-0.1539035911942804,0.6576484090034171,-0.0319088872273763,-0.2062973267582047,-0.08970370924616435,0.4595682137675135,-0.08990658406031171,0.503747096379598,0.0,5874,2905
AGGTGTATCGCCATGA-1,GSM8576305_EM1_v1,EM,v1,37,17,241.0,221,0.0,-0.05794363975524902,0.7975918730099996,2.8801315021514893,-0.018746787309646608,-0.09005623118933227,-0.07559188719718687,-0.06748574718198083,-0.03749357541402181,1.117234754562378,-0.06269828770870349,0.9547753614739214,-0.01249785820643107,-0.17110666788246737,-0.01505766048967599,-0.08789733624389998,-0.1025958874552545,-0.08998458099365235,-0.015118376862618231,1518,3873
AGGTTGAGGCACGCTT-1,GSM8576305_EM1_v1,EM,v1,22,74,914.0,699,0.0,-0.1631899070739746,0.8560855070749919,1.8428275299072265,-0.03719956874847412,0.37039163599046177,0.13805729452915455,0.4377474759455612,0.8441201210021972,-0.2918800862630208,0.20511398227717167,-0.026246226441492215,0.27062891801198324,-0.3156885660317049,0.32406699264863414,0.18288075864144246,-0.24482880148999267,0.2087539129257202,-0.009999883751715384,4371,2560
AGGTTTCACACACCTT-1,GSM8576305_EM1_v1,EM,v1,41,67,1410.0,943,0.0,-0.18071033477783202,0.4062236754099528,1.1010951471328734,-0.05227251052856445,0.3278046855692614,0.035228504013905315,-0.18116324288504465,-0.09757535298665365,0.4218689123789469,-0.2706040857627639,1.3803490353246772,-0.07666634877522786,-0.3629163872286019,-0.22157931040568524,0.08809768026401116,-0.19983114287207357,-0.010434443155924511,-0.008431050085252332,4023,4217
AGTAATCTAAGGGTGG-1,GSM8576305_EM1_v1,EM,v1,74,88,67.0,66,0.0,0.0,0.0,1.2280196952819824,0.0,0.0,-0.02021098905994046,-0.01256221876407327,0.0,-0.01670775095621745,-0.016763629721957305,0.7160464695521763,0.0,-0.040259640858355296,-0.020129820429177648,-0.02872392714535951,0.0,-0.020049301147460938,0.0,5081,7091
AGTACATCATTTATCA-1,GSM8576305_EM1_v1,EM,v1,29,109,473.0,423,0.0,-0.0851801586151123,0.6379074931144715,1.8674981498718262,-0.030974605083465577,-0.12655462309668294,-0.1829651863344254,-0.09315670462778039,0.46461907545725506,-0.1526144282023112,-0.12655462309668294,-0.2713439212971596,-0.06641791661580404,-0.17252784943484878,-0.08707719825836549,-0.10842358826907794,-0.11619521941628344,-0.19389132690429686,-0.02497952022860127,6125,3166
AGTACGGCCCGTATCG-1,GSM8576305_EM1_v1,EM,v1,35,11,431.0,385,0.0,-0.07605203628540039,0.624423528512319,1.7672027921676636,-0.09559288024902343,0.41159664149268416,-0.1156365486883348,-0.08422867815596119,-0.06372858683268229,-0.11426504770914714,-0.13596110519358148,0.30571400597210163,-0.11683574676513672,0.4767232069528725,-0.11787202367820893,0.2898098200474223,-0.17275965253644962,0.45459723949432373,0.0,1217,3700
AGTACGGGCACCTGGC-1,GSM8576305_EM1_v1,EM,v1,25,79,1200.0,868,0.0,0.11039230942726136,0.8617903057734171,0.779600248336792,-0.05583980560302734,0.18303251093712408,0.048955283406692696,-0.16922981816724428,-0.05956246058146159,0.19560312747955322,-0.2506587561157635,0.6648283805765013,-0.07445308049519857,-0.2674617843934331,-0.18837526620152484,0.5680701905130315,0.19050272159618944,0.32138451417287195,-0.03602568180330338,4622,2821
AGTATGCTGGAGACCA-1,GSM8576305_EM1_v1,EM,v1,58,26,1125.0,848,0.0,0.18795767664909363,0.8275492111841838,1.7161369609832764,-0.09165648460388183,0.19425265765110386,0.0895415462107153,0.49116511004311697,0.32079765637715657,-0.2618973286946615,0.2031949842255251,-0.148941831116358,-0.10907010396321615,-0.28488349148547315,0.2834356802055635,0.6288541905517906,0.3109379820733299,0.21999419244130458,-0.01847912803772957,1973,5703
AGTCAACACCACCATC-1,GSM8576305_EM1_v1,EM,v1,41,47,1044.0,764,0.0,0.1847286355495453,0.6354742415746053,1.3061150884628296,-0.05897069454193115,0.19212725795099436,0.04395958575235531,-0.19119385071565634,-0.07076483408610026,0.7778501510620117,-0.21568971972003032,1.3694985164469808,-0.10651405970255534,0.19266009981852456,-0.10679451050049808,0.6687088986180915,0.26229299603231515,0.3306944580078125,0.4622541633344466,3022,4219
AGTCGACGGTCTCAAG-1,GSM8576305_EM1_v1,EM,v1,38,90,1707.0,1141,0.0,0.1953569757938385,0.6495198003451029,1.2330610466003418,-0.0801052188873291,0.12624152946631645,-0.12120549305243422,-0.18477083746353187,-0.0834361457824707,0.10837788422902428,0.0172200970426451,0.17265416663581323,-0.08755246480305989,-0.3805873212086628,-0.23139466435076242,0.5883891107701299,0.26987368273761625,0.18307822608947755,-0.007763909236077339,5175,3953
AGTCGGCCCAAACGAC-1,GSM8576305_EM1_v1,EM,v1,25,39,280.0,261,0.0,-0.05674820423126221,-0.014275336265563964,0.31179706811904906,-0.07206331729888917,0.7137668132781982,-0.1162311646246141,-0.08398190835364779,-0.08407387415568034,-0.09608442942301432,-0.08435505768128462,0.2578347205088794,-0.04804221153259278,-0.060610836289493916,-0.05788218256938888,-0.06194554632236076,-0.02637380261883688,-0.11530131530761718,0.0,2618,2825
AGTCGGCTCAACTTTA-1,GSM8576305_EM1_v1,EM,v1,47,23,980.0,763,0.0,0.16626704812049867,0.22528085072835285,1.0667030668258666,-0.012081390619277954,-0.17261224446886758,0.43816694356329433,0.1417034409548107,-0.06659239451090494,0.20689138571421303,-0.23812373745002874,0.8692695860030919,-0.10470539728800456,-0.24002053747215424,0.3369991051624099,0.15552106431357157,0.2543443638079674,-0.259845703125,-0.048715283793787804,1821,4744
AGTCGTGGGCATTACG-1,GSM8576305_EM1_v1,EM,v1,51,29,1258.0,919,0.0,0.08325562834739686,0.8202852932612101,1.7741948986053466,-0.10957777976989747,0.17973175614972578,-0.35063174463087515,0.07728506367009386,-0.09496740341186523,-0.28625101725260416,0.30359621855992003,-0.017924724854074314,-0.05113630294799805,-0.30500045837647466,-0.15472994272009916,0.5403732059678239,0.17973175614972578,0.24265982659657798,0.0,2122,5092
AGTCTCACAAGACTAC-1,GSM8576305_EM1_v1,EM,v1,54,30,1616.0,1109,0.0,0.04393152356147767,0.7155720869700114,1.2415966606140136,-0.05917288303375244,0.4481439460214298,-0.3281689920733052,-0.21796027162021264,-0.08961227416992187,0.41910392443339034,0.08337789381892655,0.9028893694634584,-0.07980034510294597,0.03869071274876118,0.20577817575998575,0.4633660596557879,0.09961543978921814,0.2316575895945231,-0.007953344814239009,2172,5354
AGTCTTCTCCTCAAAT-1,GSM8576305_EM1_v1,EM,v1,24,66,2166.0,1381,0.0,0.07063351392745973,0.8920266183217367,1.4233373069763182,-0.10354578018188476,0.023987027913032977,-0.07465160662128079,-0.22062774887658598,-0.06152486165364583,0.46791934331258134,0.04514923322958292,0.3546383902911907,-0.1077917989095052,0.19191935378384872,0.10078299390264303,0.43813576841764257,0.12597916968823009,0.16236290518442792,-0.02087616535925096,3970,2735
AGTGACCTACTTTACG-1,GSM8576305_EM1_v1,EM,v1,44,52,934.0,697,0.0,0.21458555221557618,0.6683716297149658,1.3279811668395995,-0.0492031192779541,0.35201590249902565,-0.2858950707220262,0.12063034420324148,-0.07596967061360677,-0.2766003926595052,-0.23451842751391358,0.4944330391401194,-0.05136810938517253,-0.31598963603437186,-0.19033116413407536,0.6515830065254495,0.3251598341143384,0.3687113262812296,0.0,3273,4480
AGTGAGACTTCCAGTA-1,GSM8576305_EM1_v1,EM,v1,35,87,1467.0,1004,0.0,0.16879510045051574,0.47951086282730104,1.0599491596221924,0.3701257038116455,0.111944245122614,-0.3415032356016098,-0.2046502479036948,0.24675047874450684,0.13056060314178464,-0.2495412156733382,0.14944121449094672,-0.11384717305501302,-0.34121498812633344,-0.2561287324591334,0.5782077040918235,0.24917921214598077,0.20508215236663818,0.0,5024,3692
AGTGAGCCTCGCCGCC-1,GSM8576305_EM1_v1,EM,v1,29,103,449.0,384,0.0,-0.14498289108276366,0.19785623709360758,0.42140816688537597,-0.047208580970764163,-0.1413276315134106,-0.21548245030064736,-0.12168281956722862,-0.0419631830851237,-0.1549125035603841,-0.16595647805510555,-0.2473511048896828,-0.0419631830851237,-0.15908369194551644,-0.10381260454415317,0.2583183883595945,-0.15185351674772027,0.31078119786580405,0.0,5824,3167
AGTGATATGAGTAGTT-1,GSM8576305_EM1_v1,EM,v1,45,49,769.0,602,0.0,-0.15371033668518067,0.5920205386479696,0.8672264432907104,-0.0296773099899292,0.41879177173244514,0.12478809642352262,-0.15409557562424125,-0.0703822898864746,0.19887188116709392,0.22055600757981622,0.2837648381454347,-0.08797786076863606,0.28044799302955226,-0.13247233318037777,0.2899233442664488,-0.16806800867801525,0.3096698513031006,-0.021284966699538693,3123,4567
AGTGATTCAAGCAGGA-1,GSM8576305_EM1_v1,EM,v1,33,87,1891.0,1245,0.0,-0.2096876335144043,0.7668323818842571,1.3393942260742189,-0.0857918930053711,0.1758133033446245,-0.07581007480621338,0.005796710463394805,-0.1000970458984375,0.46669723192850754,-0.23857236626156197,1.34131600406644,-0.07274091084798177,0.04721366133555832,0.17084297473172108,0.17404847030653312,-0.22824002269119723,0.20888166332244873,-0.02224205001708,5024,3517
AGTGCGTAGCTCGTAA-1,GSM8576305_EM1_v1,EM,v1,46,42,1146.0,823,0.0,0.17702112436294556,-0.0038713455200195535,0.7365047645568847,-0.02274803161621094,0.2707273348783835,0.007136533886606233,-0.1935463812118186,-0.04549606323242188,0.9147710768381754,0.24051620835311704,1.6043983501919037,-0.0834094492594401,-0.2608717952866152,-0.1787228871540851,0.5207302681354533,0.276193655719991,0.06384119669596355,-0.04586296696816721,2772,4655
AGTGGCGGCAATTTGA-1,GSM8576305_EM1_v1,EM,v1,24,94,931.0,729,0.0,0.1374231159687042,1.1886591863632203,1.5580270767211915,-0.049261975288391116,0.3479277759358502,-0.31014011752220894,0.12464953835745504,0.27094085852305094,0.22445290406545,-0.24538794169856554,0.5375516765509589,-0.11323057810465495,-0.3151058518742941,-0.21762322422012267,0.5278566407952404,0.23748366822101333,0.22098129049936927,-0.019863699713060932,5373,2732
AGTGGCTCCGTCGGCC-1,GSM8576305_EM1_v1,EM,v1,40,12,399.0,357,0.0,-0.09234559059143066,0.8520967340469361,1.818315200805664,-0.0815125846862793,0.5357616555066146,-0.16048312956287014,-0.09257703317436658,-0.0543417231241862,-0.1652710723876953,0.3935617466302487,0.20647642121243115,-0.07607841491699219,-0.13639410241061903,-0.11784952615638335,-0.09342416582954648,-0.14401444144870923,-0.14615725708007812,-0.026294383310502576,1268,4135
AGTGGTGTTACCCGTG-1,GSM8576305_EM1_v1,EM,v1,47,9,753.0,610,0.0,0.22023054242134094,0.8645522594451904,1.2161002349853516,-0.013294373750686645,0.28106898833543825,-0.277251458937122,0.19329412471979185,-0.044314578374226886,-0.2351532999674479,-0.27228344563257734,-0.46924920776980605,-0.06423209508260092,0.2001876449967962,-0.12813853834527564,0.5295017259168762,0.2632838745446774,0.17874784247080489,0.0,1119,4746
AGTTAAACACTTGCGA-1,GSM8576305_EM1_v1,EM,v1,40,44,1032.0,774,0.0,0.33189279079437256,0.9996053091684978,1.2590028858184814,-0.023693015575408937,0.29473814384860203,-0.307358157250189,0.13410779624654537,-0.08687438329060872,0.2060611279805501,0.5833818317124144,1.1690167182653992,-0.08902520497639974,-0.26186790619509287,0.34341701427137994,0.806931210793875,0.42958916256924795,0.33578254572550453,0.0,2871,4132
AGTTAAGTCAACCGCT-1,GSM8576305_EM1_v1,EM,v1,51,25,1488.0,1075,0.0,0.05848103046417236,0.873128391901652,1.1822353744506837,-0.040877399444580076,0.10408339558902263,-0.3287827891688193,-0.19080456038166707,-0.12263219197591146,0.21758908589680992,0.10459201338564938,0.5583554368522299,0.24317710240681967,-0.2765391093181319,-0.2184457893831184,0.47614229852627205,0.09041203091641603,0.24486029529571535,-0.016482822356685516,1921,5093
AGTTCCTACAGAATTA-1,GSM8576305_EM1_v1,EM,v1,30,50,417.0,358,0.0,0.3104009008407593,0.22668785095214844,1.3984991455078126,0.6275310945510864,-0.21750867964830686,0.21369628642561248,-0.10822372627736333,-0.021454054514567056,-0.14397074381510416,0.45024812128498665,-0.20081988770758089,-0.05363513946533203,0.4362070773021284,-0.05439904224441712,0.3031274100770923,0.3188426832158695,-0.2569376220703125,-0.012976242649939752,3170,3260
AGTTCCTATTTATGTT-1,GSM8576305_EM1_v1,EM,v1,43,65,2134.0,1356,0.0,0.10959455370903015,0.20476694583892824,1.083092031478882,-0.043450331687927245,0.05934067208365584,-0.15985235750400523,0.015068248101045623,0.1717976315816243,0.029956553777058914,0.01432890291330935,0.37980799253947084,-0.14884180704752603,0.15794514709687135,-0.20052964237320375,0.419444386631165,0.14990949218754254,-0.015022045453389476,-0.02102435404254544,3924,4391
AGTTTGGCCAGACCTA-1,GSM8576305_EM1_v1,EM,v1,47,31,1510.0,1042,0.0,0.15670523643493653,0.9852440865834554,1.4033034896850585,-0.030466597080230712,0.24585842209117467,-0.2842632109119046,-0.18087575429663025,-0.08332860310872396,0.06720693906148273,0.19725991890183261,0.2876559074029423,-0.15051478068033855,0.12236424756337361,0.6179198996608994,0.5625045536923887,0.2479497182329363,0.31441302172342933,-0.010711323830389207,2221,4744
ATAAACGGACCCGTAA-1,GSM8576305_EM1_v1,EM,v1,47,61,1475.0,997,0.0,0.14154883980751037,0.7016002146402995,1.2625525283813477,-0.04103025436401367,0.07538866970185581,0.027960675103323784,-0.2091392765666608,-0.05679606755574544,0.2624305693308512,0.12731920250815024,0.3542985217826279,0.22414851506551103,-0.35357721167874623,-0.20263566166521554,0.5669766773808651,0.18879908821654556,0.21247156969706216,-0.016544457404844223,3724,4740
ATAAAGGCTCGGTCGT-1,GSM8576305_EM1_v1,EM,v1,34,50,533.0,407,0.0,0.25929548025131227,0.5879747279485067,0.6742316675186157,-0.05967494010925293,0.35875900745923434,-0.29041038020964594,0.2664886448616372,-0.03978329340616862,0.44330544312795006,0.29542648486601997,0.17332430204212113,-0.06190001169840495,0.35053106828865754,-0.047931678802612794,0.617457353966284,0.3487799252687622,0.20920407040913896,0.0,3171,3608
ATAAATATTAGCAGCT-1,GSM8576305_EM1_v1,EM,v1,38,28,1197.0,884,0.0,0.10191216945648193,0.9805089886983236,1.9154724884033203,-0.022358274459838866,0.30567935065946716,-0.32696631646925406,-0.19482200068041197,-0.08410772959391276,0.26605707486470537,0.11009834708444516,0.3906494912190653,-0.08943311055501302,-0.2890506116261923,-0.20010611905630335,0.5291548530146863,0.1239953019813019,0.23695323530832924,-0.03606173299974011,2069,3959
ATAACGCCGGAGGGTC-1,GSM8576305_EM1_v1,EM,v1,35,81,708.0,548,0.0,0.16065338850021363,1.144993036588033,1.4508256244659423,0.4481898880004883,0.28293662804823655,0.09811617811704015,-0.16571719903396187,-0.03621736526489258,0.4733292388916016,-0.20979584658823683,0.6966050963391525,-0.04527170817057292,0.28717167061495497,-0.09817960654875361,0.6184351563795248,0.3011058907843752,0.2533005177179972,-0.010952832237366707,4724,3692
ATAACGGAGTCCAACG-1,GSM8576305_EM1_v1,EM,v1,25,75,1974.0,1284,0.0,0.14656380891799928,0.77216339747111,1.5955320739746095,0.30645487785339354,0.5806637198364191,-0.07899835252542103,0.2350660466908811,0.20227952003479005,0.13284486452738442,-0.2810705944048521,0.0632209770985841,0.19228541374206545,0.006645679473876953,0.281612217186924,0.5036580982727444,0.2399821305354702,0.10146944236755373,-0.014537707451851137,4421,2821
ATAAGTAGGATTCAGA-1,GSM8576305_EM1_v1,EM,v1,27,103,519.0,434,0.0,0.28152496099472046,1.0710147380828858,1.4118439483642578,-0.015045173168182373,0.45031801832958207,-0.21864217327487084,-0.09484147188956277,-0.02006023089090983,-0.24315208435058594,-0.16772256806542643,-0.35479782334524185,-0.09027104059855143,-0.2382387827677899,-0.09935922124778411,0.7112443713540676,0.3367220010512914,0.3959740810394287,0.0,5824,2993
ATAAGTTACCGCGACG-1,GSM8576305_EM1_v1,EM,v1,46,52,836.0,624,0.0,0.30149422883987426,0.17225409825642904,0.3294704103469849,-0.05124001026153564,0.3333701853502289,-0.2698242433609501,-0.13701449898550086,-0.047058728535970054,0.1241049083073934,-0.23526876188042173,0.7596431357006501,-0.06195937474568685,-0.3232055112540004,-0.11843220967365556,0.708313387410347,0.4000146622907623,0.26830249532063805,-0.010330647230148315,3273,4654
ATAATAGCTGTTGAAT-1,GSM8576305_EM1_v1,EM,v1,47,63,1097.0,790,0.0,0.20820594429969788,0.41924597978591915,0.5537366437911987,-0.04628191471099854,0.16077526742665135,-0.03190757931652155,-0.16756720291940788,-0.0694228744506836,0.18511516094207767,0.198708566003287,0.25722325763853005,-0.07713652928670248,-0.24383757870838824,-0.16986416429879675,0.5335073582080851,0.3086972431993006,0.14242226696014404,-0.04665515499730264,3824,4740
ATACCACGGGCAACTT-1,GSM8576305_EM1_v1,EM,v1,35,29,811.0,627,0.0,0.2310061824321747,1.115614816347758,1.63831711769104,-0.012950257062911988,0.37765527675250166,-0.2159331537062122,0.21779102019797592,-0.11223556518554688,1.2225873057047525,-0.12806755244532556,2.0250298663684982,0.3367066812515259,0.26386805748843767,-0.1456253787121141,0.6762659095419854,0.2576496264873407,0.3713003975550333,0.0,2119,3698
ATACGCCGGCGAAACC-1,GSM8576305_EM1_v1,EM,v1,40,78,1199.0,841,0.0,0.09044720530509948,0.5709166049957275,0.9095114612579346,-0.022343366146087645,0.2878536051066557,-0.3711198991344821,-0.17811850258581022,-0.029791154861450196,0.4061036920547485,0.2952161749602693,0.5488994670958289,-0.04468673388163249,-0.331353643333098,-0.1435718306575913,0.49191517064769497,0.18683717681412712,0.17499873002370203,-0.03603768733239943,4574,4128
ATACGGAACGTCGTTT-1,GSM8576305_EM1_v1,EM,v1,56,22,2899.0,1862,0.0,-0.19334022521972657,0.6899139769872029,0.6464390611648559,-0.10650784492492676,0.11970454540805542,-0.3022117614746094,-0.22519375985128837,-0.1804473622639974,0.22545553207397456,0.07249563819455729,0.5532754930933004,0.24664911429087322,-0.35621033327646523,0.0006580018614190664,0.06661896232547596,-0.21169181492017664,0.05660275999705,-0.06019289647379229,1772,5529
ATACGGGTTTCGATTG-1,GSM8576305_EM1_v1,EM,v1,22,82,957.0,729,0.0,-0.1375168514251709,0.8819042491912842,1.7041624641418456,-0.03656895637512207,0.41225891581081364,-0.26898042617305634,0.16076968509451786,-0.13002296447753905,-0.27284342447916665,-0.16142528112915447,0.371916304367186,0.2903899844487508,-0.20438028052150006,-0.1762359343379377,0.29135751724243164,-0.1787935339886209,0.29309314473470055,0.0,4771,2559
ATACTAGCATGACCCT-1,GSM8576305_EM1_v1,EM,v1,21,61,442.0,394,0.0,-0.07115133285522461,0.6068960491816202,1.0161716175079345,-0.050792999267578125,0.4992690069088037,-0.06646436260592553,-0.07132965699771891,-0.06324562708536784,-0.21886377970377605,-0.1597171515525384,0.15597907399754685,-0.06548481623331706,-0.17049466175247865,0.48005720123229734,-0.09445939159666569,-0.16313623026461904,-0.06593264770507813,0.0,3719,2474
ATAGACAACGGGACCT-1,GSM8576305_EM1_v1,EM,v1,28,92,1674.0,1127,0.0,-0.19999771118164061,0.6247728776931762,1.0650420188903809,-0.13552087783813477,0.09265906356250164,-0.3154004927604429,0.03740205203082628,-0.10564373652140299,0.5860864003499349,0.1744089341881283,1.2181052805619195,-0.12271636962890625,0.19391639701812619,-0.20776446851860567,0.1456295554139211,-0.21154588680203543,0.11393893623352053,-0.03915621388343073,5273,3081
ATAGACGAAGAGAAAG-1,GSM8576305_EM1_v1,EM,v1,33,45,504.0,408,0.0,0.6425642704963684,0.694429472287496,1.0227880811691283,0.0,0.4102690758115073,-0.13848175541047128,-0.11696190702586544,-0.040492467880249024,-0.176591796875,-0.13572580599067202,0.04873926743961288,-0.05061558405558268,-0.2171863418027579,-0.09757221941967087,0.729718088420551,0.3797981607475408,0.48025928243001303,0.0,2920,3522
ATAGAGTACTGGGACA-1,GSM8576305_EM1_v1,EM,v1,26,48,973.0,757,0.0,-0.1397929573059082,0.891448262532552,1.6950559616088867,-0.02422808885574341,-0.1799332481562892,-0.23664552934708133,-0.14621552010825403,-0.07484359741210937,0.1541022825241089,0.21002942968238825,0.9250427137923942,-0.06460823694864909,0.38043418562555886,0.7913791292642494,0.15943528254940723,-0.17183020601304477,0.13997543112436933,-0.039077562670553886,3069,2911
ATAGAGTTATCAACTT-1,GSM8576305_EM1_v1,EM,v1,27,93,1831.0,1270,0.0,-0.2073518943786621,0.7619793081283569,1.1089639854431153,-0.052772603034973144,0.2450186487291436,-0.28396578757993635,0.020684703250875458,-0.14839041392008465,0.1170038652420044,-0.23639403378285692,0.5002631025184253,-0.15460994720458984,-0.37757346524770957,0.1883708333394614,0.19827009400187387,-0.2220798607255304,0.2472319383621216,-0.007523632818652737,5323,2994
ATAGGCGGCTATAGAA-1,GSM8576305_EM1_v1,EM,v1,43,33,829.0,667,0.0,-0.12391988754272461,0.8031695747375488,1.298619146347046,-0.05139525890350342,0.26476568800948536,-0.26345569856705203,-0.14355199139817318,0.3340691804885864,0.24017451286315922,0.18494446181932023,0.09207587060702421,-0.08565876642862956,0.22724027959218462,-0.2246079502335514,0.11989874715108242,-0.19790622621874346,0.19778292942047118,-0.010361947359577302,2321,4395
ATAGGCTAGCTTCGCA-1,GSM8576305_EM1_v1,EM,v1,25,97,1270.0,904,0.0,-0.1709183120727539,0.43899536768595376,0.911220350265503,-0.06549382209777832,0.3723334456765931,0.3809790259682088,-0.19323267733542843,-0.13522200266520182,0.11054595311482751,-0.26526274409979883,0.16852043381887466,-0.09460220336914063,-0.3120329830062437,-0.13406453266680002,0.14886800590422228,-0.2585071576478888,0.13887363624572752,-0.02640879923297513,5523,2819
ATAGGGATATCCTTGA-1,GSM8576305_EM1_v1,EM,v1,21,71,786.0,655,0.0,-0.1507107734680176,0.5289665881792704,1.3189631366729737,-0.039285712242126465,-0.11745662115090667,-0.262550292476531,-0.14452446194220903,-0.07202803293863932,-0.26768147786458335,0.2599901460617814,0.44951284556447046,-0.06111110687255859,0.2637982443154577,-0.1630432711068885,-0.16136715951826647,-0.10869727246338708,-0.26044989013671876,-0.021121350026899768,4220,2473
ATAGGTTGGGCAGATG-1,GSM8576305_EM1_v1,EM,v1,28,64,948.0,685,0.0,0.14896734952926635,0.8961627117792765,1.5173670482635497,-0.036698362827301025,0.25867635696096436,0.05725407710273145,-0.17564063203663455,-0.05708634694417318,-0.25983538309733073,-0.2288181981115437,-0.49972438333022534,-0.0652415402730306,-0.32151475776151484,0.37140511011024074,0.5904267314170356,0.25049388235893805,0.30082164891560875,0.0,3871,3084
ATAGTGAAGCGTTCTC-1,GSM8576305_EM1_v1,EM,v1,41,57,839.0,634,0.0,0.1688489842414856,1.047876148223877,1.3654968881607057,-0.012793476581573487,-0.16644959465715797,-0.3470050442603327,-0.16419189376639842,-0.042644920349121096,0.33744326591491697,-0.1662770784818209,0.6089544214110365,0.3752753162384033,0.1635792425837383,-0.15676348276406407,0.6450721512209721,0.23432706936014405,0.18093136978149416,-0.010317319823849586,3522,4218
ATATCTCCCTCGTTAA-1,GSM8576305_EM1_v1,EM,v1,19,87,338.0,305,0.0,0.36601593375205993,0.27483265121777856,2.2105350399017336,0.0,0.49692359829161614,-0.1544458020117975,-0.061705304865251505,-0.045607144037882484,0.46521767775217693,-0.09378245044312748,0.2480072644830007,0.5358839432398479,-0.0867461392199658,-0.1400884452115101,0.37662329467114886,0.47404375855074815,-0.15321023559570313,0.0,5021,2297
ATATCTTAGGGCCTTC-1,GSM8576305_EM1_v1,EM,v1,35,61,1545.0,1064,0.0,0.06316679954528809,0.8814952500661214,1.227611665725708,-0.04022457122802734,0.2553211021317022,-0.03150969386650121,0.15076278400301635,-0.12020553588867187,0.14859868049621583,0.06494142007136694,0.449937100899964,-0.06704095204671225,0.17983321798853125,-0.19078734983880835,0.5111685813668806,0.07770570331858423,0.30589162572224937,-0.016219585172591672,3722,3694
ATATGTCTCCCTAGCC-1,GSM8576305_EM1_v1,EM,v1,35,97,1215.0,901,0.0,-0.18672466278076172,0.8963541189829509,1.2127011585235596,-0.07778779029846192,0.16883974503248164,-0.2538924217224121,-0.22618403231589718,-0.059266885121663414,-0.3142455037434896,-0.2414477294105351,-0.5959348055585545,-0.07408360163370768,-0.29506775270025415,0.3488494919007083,0.3337789074568489,-0.20901143511003475,0.38057684866587316,-0.026885178781324817,5525,3691
ATATTCAGTTAAACCT-1,GSM8576305_EM1_v1,EM,v1,44,40,704.0,554,0.0,-0.1308730125427246,0.1419985870520274,1.1936233472824096,-0.027215945720672607,0.3577910787950258,0.08408228373197918,-0.15166414112674265,-0.0907198143005371,0.24390579700469972,0.25788481458772383,0.6435674241525358,-0.05443188985188802,-0.30032799042851094,-0.0874407818039737,-0.1724538502515558,-0.20796594013737196,-0.29139285278320315,-0.021948343323123072,2671,4481
ATATTTAACCCTCAAG-1,GSM8576305_EM1_v1,EM,v1,31,55,664.0,547,0.0,0.18769646883010865,1.0789792887369791,1.3042402935028075,-0.06940866470336914,0.34239779587174735,0.17751589568529258,-0.15974623218813636,-0.018508977890014648,0.25472352663675946,-0.18262500826730377,-0.008816188817732828,-0.08329039891560873,-0.2868593208282348,-0.12264984774302287,0.5550650569975888,0.32382691823519194,0.24537222862243652,0.0,3420,3346
ATCAAACGAAGGTTTG-1,GSM8576305_EM1_v1,EM,v1,49,33,1199.0,857,0.0,0.08138140559196472,0.4259538475672404,0.7268883609771728,-0.10373579025268555,0.18917335355560916,-0.2764481882895193,0.05848604104572669,-0.07447788874308268,0.5212110805511474,-0.16939760291058084,0.6642746079849495,-0.12129172007242839,-0.31631917072587223,0.2648397742505054,0.07552207600762986,0.19664605206071734,-0.2742366027832031,-0.03603768733239943,2322,4918
ATCAATCTGGGCTGCA-1,GSM8576305_EM1_v1,EM,v1,33,65,1099.0,811,0.0,0.10683781743049622,0.7934010553359985,1.6567188549041747,-0.06937363147735595,-0.22741181236445704,-0.0012347852030107909,-0.18267569864602914,-0.03083272616068522,0.2038501644134521,-0.2234671602281041,0.4805674830188189,-0.07708181381225586,-0.3983742281136264,-0.18831910282732492,0.44589880851756536,0.16573122525826478,0.1820377152760823,-0.04662206480579992,3922,3520
ATCAATGCCGTGGCTG-1,GSM8576305_EM1_v1,EM,v1,61,19,754.0,619,0.0,-0.12050754547119141,0.9670377556482951,1.2470799350738526,-0.039864611625671384,0.29061441876019123,-0.19436702420634608,-0.11414884027084313,-0.04429401079813639,-0.20152144114176432,-0.24123308570887333,0.47731205343943395,0.3720696973800659,0.37987000970955354,-0.1280790658360983,0.3750154907177376,-0.1612141204119526,0.4828045845031738,-0.03214888034328338,1623,5965
ATCACATTAGAATATC-1,GSM8576305_EM1_v1,EM,v1,20,82,719.0,601,0.0,0.21022560954093933,0.9999452797571818,1.7656811904907226,-0.05403823375701904,0.5236202927603237,0.12116740815650484,-0.16169147921684093,-0.08105735143025716,0.5165597852071127,-0.15340040838439328,1.7795222474787615,-0.06304460525512695,-0.23322046425447884,0.5393296638167048,0.7066300711180897,0.33558525356029056,0.3847097603480021,0.0,4771,2385
ATCACGTGCTAATTAA-1,GSM8576305_EM1_v1,EM,v1,46,36,954.0,714,0.0,-0.13895408630371095,0.7159882871309916,1.1515318775177001,-0.027651088237762453,-0.15916094572647757,0.04057738967754876,-0.1470452406651394,-0.08568403879801433,0.3769766521453858,0.17537265929622925,0.6738286590028477,0.31514145215352374,0.17673367151773595,-0.14244335435001726,0.14218440728747742,-0.1836505494388848,0.12068281873067216,-0.009841920868042977,2472,4656
ATCACTTCATCCTCGC-1,GSM8576305_EM1_v1,EM,v1,21,67,808.0,669,0.0,-0.1259380531311035,0.9395787111918131,1.4459387874603271,-0.09077179908752442,0.3809109853129987,-0.25953714309200165,-0.13925359243139587,-0.08863282521565755,0.45641773223876947,0.6861112080555961,0.8510573018136336,-0.06051453272501628,-0.2246173720761954,0.44315617477079955,0.25248796874950813,-0.17137547878916048,0.2839609343210856,-0.020915160256047404,4020,2474
ATCAGACGGCACGCCG-1,GSM8576305_EM1_v1,EM,v1,44,42,808.0,617,0.0,0.17612632155418395,0.512885570526123,1.5760225582122804,-0.012967399358749389,0.42108450698746225,-0.28265906918433403,-0.1549296940777236,-0.05186959902445475,-0.18950851440429686,-0.15978965631695496,-0.3986153147328439,-0.06915946324666342,-0.2733988015048475,-0.17969560431668077,0.2007747617867751,0.24299990944771993,-0.290771728515625,0.0,2772,4481
ATCAGCTCGTCCACTA-1,GSM8576305_EM1_v1,EM,v1,49,15,2259.0,1549,0.0,-0.1935529899597168,0.14079651196797688,0.4838993787765503,-0.1382894706726074,0.1356351742377648,-0.3130825719525737,0.004662382684853444,0.1406178005536397,-0.02138728062311812,0.18727274084569617,-0.24992984272298932,-0.1231826909383138,0.05032209191456377,0.26772181978187404,-0.03142425661271486,-0.22745789492808058,-0.00401276890436808,-0.07892037976172663,1420,4920
ATCAGTAGGCAGGGAT-1,GSM8576305_EM1_v1,EM,v1,23,87,777.0,619,0.0,-0.1679537773132324,0.9158241510391235,1.5042575073242188,0.4339053344726562,0.23601469307838874,-0.29662793682467553,-0.18155630011307566,0.81302796681722,0.7523531405131023,-0.19308535470611674,1.305683887698029,-0.12272071838378906,0.29895520420917066,0.3780895669776273,0.17878184380025783,-0.2374538051643499,0.14403329849243163,-0.02120749412044402,5022,2646
ATCATCCAATATTTGT-1,GSM8576305_EM1_v1,EM,v1,39,59,1254.0,892,0.0,-0.20388837814331054,0.932069206237793,1.3717839813232422,-0.07680348396301269,0.24464532297723401,0.06583417066231304,-0.1973061430125607,-0.07747625350952149,0.2876266733805339,0.13692114079410547,0.8427754920417254,0.2737166245778402,0.22086086100842578,-0.17625583510801016,0.23485458460783207,-0.23864781816667538,0.31901167233785,-0.017696653642962055,3622,4043
ATCCAATGGAGGGTCC-1,GSM8576305_EM1_v1,EM,v1,43,27,527.0,447,0.0,0.29441024661064147,0.7078258609771728,1.718531723022461,-0.05988996028900147,-0.10465887318486752,-0.156173829109438,-0.08760726661012884,-0.04990830103556315,0.29361928780873614,-0.19632606123602112,0.708017220877095,-0.062115955352783206,0.4275069705932495,-0.14431315349287777,0.6199211430412992,0.37439403419643474,0.35613656075795486,0.0,2020,4395
ATCCAGAGCAACAACC-1,GSM8576305_EM1_v1,EM,v1,50,52,742.0,571,0.0,0.2654388535022736,0.7628551578521728,1.1576236343383788,-0.07010417938232422,0.24102317210423907,-0.2596876698155557,0.25836253457499625,-0.07126846313476562,-0.25346270243326824,-0.16506256307646583,0.39777853774750566,-0.044542789459228516,-0.24554225814390374,-0.14481675481221762,0.6414135814054648,0.3238746419532377,0.18781772613525388,-0.021552962641562184,3274,5003
ATCCAGGATTCGTGAA-1,GSM8576305_EM1_v1,EM,v1,40,46,1107.0,798,0.0,0.2813313579559326,0.6595811907450357,0.9034654331207276,-0.05764804840087891,-0.14409830099762883,-0.3381514703073809,0.22673363471987254,-0.08455046971638998,-0.28375236511230467,-0.2592247800284804,0.2600568420837358,0.299769868850708,0.18889909805542976,-0.2129968543608026,0.6888525574801645,0.41530923726433755,0.2481880213419596,-0.018596145414537,2971,4132
ATCCCATCCACAGCGC-1,GSM8576305_EM1_v1,EM,v1,62,14,2666.0,1784,0.0,-0.17135225296020506,0.8366647227605184,0.8786597776412964,-0.06233367919921875,-0.17090015985495272,-0.30753806329542593,-0.17422883074385181,-0.19272385915120444,-0.032905248006184884,0.27656577715241126,-0.23070614849673873,0.08106801350911458,0.20997674398154142,0.37002702889193495,0.38183298083636,-0.19296984210062187,0.4794015299479166,-0.05261564639306838,1372,6053
ATCCTACCTAAGCTCT-1,GSM8576305_EM1_v1,EM,v1,44,48,1109.0,800,0.0,-0.1817129898071289,0.8088708337148031,1.4924046802520752,-0.049295659065246585,0.19842813777817264,0.01431786189980222,-0.16484285894790687,0.3072395992279052,0.08181357383728027,-0.24966479145164872,0.9908926649566016,0.3226015822092692,0.35454238945221805,-0.1691912608931821,0.12189511941975373,-0.19332804089804556,0.08091820844014486,-0.01858304008360832,3072,4480
ATCCTGAATCGCTGCG-1,GSM8576305_EM1_v1,EM,v1,38,26,808.0,655,0.0,-0.17494524002075196,1.2288608439763387,1.341627631187439,-0.051869597434997555,0.5266134855872147,0.07933032677470264,0.14880128469981047,-0.08644932428995768,-0.2881388600667318,-0.22226319584160745,0.321184132309672,0.3976669136683146,-0.23093349962349397,-0.20052676220016785,0.3919488784235323,-0.1993163373558019,0.40137041536966955,-0.03137273942270587,1969,3960
ATCCTGCGTGGAATGG-1,GSM8576305_EM1_v1,EM,v1,45,47,1359.0,959,0.0,0.18462576627731322,0.45554325103759763,0.8213519382476807,-0.0530815315246582,0.2117439068546529,-0.3169515055994834,0.17890402383374093,0.3114116430282593,-0.2523276011149089,0.11400929169777113,-0.19322797572621325,-0.08703531901041667,0.08972893125082115,0.23297660456125038,0.49919056516663735,0.19044026430102362,0.13621173540751141,0.0,3022,4568
ATCGACCCAATACAGA-1,GSM8576305_EM1_v1,EM,v1,43,63,1187.0,844,0.0,0.15293480396270753,0.5474492247899374,0.31436583280563357,-0.0336498498916626,0.3491404921713481,-0.00698706631286905,0.14699293706650124,-0.08973294576009115,0.5128960037231446,-0.20437287805869828,0.9511846705297728,0.39807125568389895,-0.28591440959149095,-0.16216795894515562,0.3751913981997864,0.15006130063281278,0.04007179133097333,-0.03618263429211032,3823,4391
ATCGACTCTTTCCGTT-1,GSM8576305_EM1_v1,EM,v1,23,61,625.0,532,0.0,-0.12808177947998048,0.903399559656779,1.5388089084625245,-0.05666426658630371,-0.16906294296417745,0.13484302424066075,0.204446520273548,0.4227710183461507,0.31667553901672363,-0.1839691468305811,0.16246110795644744,0.3872058200836182,-0.20552206996933045,-0.10240530297459369,0.19800740651209922,-0.14063606134625184,0.21579255358378097,-0.04569698918250299,3720,2649
ATCGCACGCCGGGAGA-1,GSM8576305_EM1_v1,EM,v1,25,57,1088.0,818,0.0,-0.17021434783935546,0.979311351776123,1.2342688322067261,-0.08125327110290527,0.4223668926136948,-0.008857997331751133,-0.19391437042924695,0.34822833697001143,0.11502205212910971,0.1902680846228116,0.23585684934453155,-0.11821890513102214,0.11687187018643419,0.7064260344907461,0.31777966833729454,-0.2027715982800742,0.3130408385594686,-0.01872195351508356,3520,2823
ATCGGCAAGCAGTCCA-1,GSM8576305_EM1_v1,EM,v1,20,96,954.0,776,0.0,-0.16904850006103517,0.888239164352417,1.0779168128967285,-0.036611945629119874,0.36534442231806624,0.08956004068049417,-0.18782401025145873,-0.05695191065470378,0.22400688807169594,-0.21709585030342027,-0.11045826790748697,-0.1123257319132487,-0.2710490399096386,-0.15944322333278427,0.31275852037364227,-0.15989163248834004,0.3695380179087321,-0.02952576260412893,5472,2383
ATCGTGGAAAGTCTGG-1,GSM8576305_EM1_v1,EM,v1,63,23,4173.0,2372,0.0,-0.052480027079582214,-0.0789367751280467,0.04144913673400874,0.053538422584533674,-0.010875005586490183,-0.12702022334947016,-0.24183809667601622,-0.18844446818033855,-0.07179272572199502,-0.18907438552499217,0.06813635555686315,0.05621698856353763,-0.050007533931349185,0.40285766938604023,-0.06647826773901724,-0.05678454270729649,-0.22728680419921876,-0.08916947149461316,1823,6139
ATCTGCACCTCTGCGA-1,GSM8576305_EM1_v1,EM,v1,29,101,277.0,254,0.0,-0.11111059188842773,0.8070476198196411,1.8603558540344238,0.0,-0.09668617503698852,-0.04371346196820659,-0.12044582510353032,-0.024090973536173503,0.47955420494079587,-0.06270170052314682,0.9382602016616021,-0.06022743225097656,-0.1667074946514574,0.6356534019531495,-0.06407293412610247,-0.09668617503698852,-0.04336375427246094,-0.014571153348492037,5724,3167
ATCTGGTTAAGACTGT-1,GSM8576305_EM1_v1,EM,v1,26,76,1157.0,826,0.0,-0.1885101318359375,1.0311326964696248,1.5565076351165772,0.5245721435546875,0.3489511201745823,0.0740250156771752,-0.1889825691854147,-0.07012011845906575,0.1933790397644043,0.14893426996143896,1.0791875472277597,-0.09704851786295574,0.19428113263294877,-0.20279961704729071,0.14435307805381054,-0.14512514350406303,0.13904576047261555,-0.009138051540620865,4471,2908
ATCTTGACCTGCAACG-1,GSM8576305_EM1_v1,EM,v1,26,44,613.0,495,0.0,-0.11904874801635743,0.7287699445088704,1.913129997253418,0.0,0.5411357863690941,0.22793655351559688,-0.11934711580587211,-0.08775690714518229,-0.172647336324056,-0.14971097097747701,0.5304596798931706,-0.057029399871826175,0.3781908081238528,-0.18855907639346448,-0.16732215334829423,-0.09513632988052623,-0.18938685607910155,-0.022995725754768617,2869,2912
ATCTTGACTTGTCCAA-1,GSM8576305_EM1_v1,EM,v1,30,108,928.0,753,0.0,-0.1738874626159668,1.1556730270385742,1.3337430810928343,-0.08956061363220215,-0.20020990786345108,-0.2550964509287188,0.14629435516837844,-0.08783536911010742,0.1630090634028117,-0.16020772927580867,1.083587975101512,-0.049321037928263346,0.692260749464533,0.2925244103473832,0.309297866927177,-0.17546691384203858,0.387898180325826,-0.04971878759322628,6075,3254
ATGACGCGTTCTATCC-1,GSM8576305_EM1_v1,EM,v1,52,30,1394.0,1003,0.0,-0.19403331756591796,0.8770212825139363,1.0007811641693114,-0.05252273559570313,-0.1849973034300533,-0.3067720474735383,-0.17872330897434013,-0.07703335444132486,0.3440124241511028,0.1451754297566919,0.31573279778561997,-0.05602425257364909,0.06239046858975211,-0.20165056588659325,0.21615063512222815,-0.19202375890419235,0.19794812583923338,0.0,2172,5179
ATGATGCAATGGTACA-1,GSM8576305_EM1_v1,EM,v1,44,50,1018.0,736,0.0,-0.13937024116516114,0.4679230944315592,1.307581090927124,-0.05086304664611816,-0.16909938034006586,-0.2706843037759104,0.23275371631584071,-0.03175587018330892,0.19267193635304772,-0.2263836302486152,0.16897236145578187,-0.07145071029663086,-0.3366097752827717,-0.12434528917672644,0.25091908825161124,-0.20096145425751855,0.2360710156758627,0.0,3172,4480
ATGCACGCGCTGTTCA-1,GSM8576305_EM1_v1,EM,v1,59,11,2383.0,1638,0.0,-0.009441180825233458,0.9734797048568726,1.0190665912628174,-0.13183714866638183,-0.1771371898842496,-0.3511382379839497,-0.012627700180338153,0.2554651228586833,-0.07156981865564982,0.4159212564279138,0.5405828273304913,-0.14677008310953776,-0.3060917069155528,0.06569530140443974,0.5231049817407711,0.06445401521563662,0.3254513136545817,-0.013290035147820749,1222,5792
ATGCACTACCGCATTG-1,GSM8576305_EM1_v1,EM,v1,27,45,517.0,441,0.0,-0.11731033325195313,1.0935232226053873,2.28025107383728,-0.030127053260803224,0.5296221337589532,-0.13230766788605722,0.2816357521484968,-0.06025410334269206,-0.1897131601969401,-0.14329812040297085,0.17688167309127778,-0.04016940434773763,0.37242553473476425,-0.14519062578438754,0.26436704089785035,-0.1737586311672045,0.3467666937510172,-0.012148005347098074,2919,2999
ATGCATGATCCAGGAT-1,GSM8576305_EM1_v1,EM,v1,25,65,1452.0,1010,0.0,0.6068050384521484,0.9879488086700439,1.3961104774475097,-0.051630563735961914,0.19116754529202395,-0.10731014897746427,-0.18360155148613722,-0.0984692128499349,0.12580719470977786,0.14641482282508844,0.24426135619766665,0.3662037928899129,0.09631508880829714,0.2918861839187193,0.7653113292759675,0.7521456098609677,0.2120164734522501,-0.01665502017544162,3920,2822
ATGCCGGTCTTGCATA-1,GSM8576305_EM1_v1,EM,v1,31,75,1493.0,1035,0.0,0.18161163806915284,1.1070301739374797,1.5016185092926024,-0.0918427848815918,0.11203191112913816,-0.32372413143034906,0.03464752928654952,0.34924558639526365,0.35418130556742355,-0.3009542509863608,1.006248283112383,-0.12663029988606772,-0.33193491740399095,-0.10492138690259083,0.6359115456441753,0.2765818391755273,0.24115230401357018,-0.008229640222364856,4422,3344
ATGCCGGTTGATGGGA-1,GSM8576305_EM1_v1,EM,v1,19,83,377.0,348,0.0,-0.08064909934997559,0.7225742554664611,1.6190905284881592,-0.06630203723907471,-0.08212489507668792,-0.14072552034931798,-0.0808512274185219,-0.0796017583211263,-0.14590379079182944,-0.09095528133736805,-0.30525590906191113,-0.08840271631876627,-0.11898952315610097,-0.10650929676959792,0.3333856640196803,-0.10429948787625418,0.41291726080576574,0.0,4821,2298
ATGCGACAGTCCCATT-1,GSM8576305_EM1_v1,EM,v1,35,71,1339.0,926,0.0,0.21360888242721557,1.0145251687367758,1.468742666244507,-0.05340812683105469,0.23797000371492827,-0.3230425311673072,-0.1916694354293938,-0.056968669891357425,0.13526800473531086,-0.23165720043373747,0.012658643277531856,-0.06408975601196289,0.23023103882510026,-0.24784726981657096,0.6286146398260122,0.2890200750484913,0.24264369742075598,-0.008614214197281868,4223,3693
ATGGAAATTTAAGGAG-1,GSM8576305_EM1_v1,EM,v1,53,7,427.0,381,0.0,-0.08492769241333008,0.38313445647557576,0.258435320854187,-0.069262056350708,-0.0793060379283484,0.4049431673392722,-0.07713209357775543,-0.08520985921223959,-0.18688226064046223,0.4305491835510186,0.7605877699650027,-0.05325616200764974,-0.1904618902857524,-0.14116091134557762,0.3625265569946486,-0.0793060379283484,0.5935122254689534,0.0,1020,5269
ATGGAGCAGGCCGTGA-1,GSM8576305_EM1_v1,EM,v1,36,66,1223.0,898,0.0,0.11391071677207948,0.5622526248296102,0.7222404670715332,-0.05541646003723145,0.16654770629461793,-0.29952406114147556,0.1135017654501406,0.24170868396759032,0.1820195372899373,-0.2660369107555785,0.6528077478128119,-0.059110889434814455,0.053438081511531954,-0.21877127957631307,0.5905788914863564,0.13689342350465397,0.3430856901804606,-0.008938138523409444,3972,3781
ATGGATCCGGCGTCCG-1,GSM8576305_EM1_v1,EM,v1,19,79,524.0,461,0.0,0.25478001713752746,0.7734741671880087,2.1592469120025637,-0.02999922037124634,-0.0401327362826038,-0.13306105521417433,-0.10547430473461486,-0.0499986998240153,0.9894520950317384,-0.10033183911173639,1.0679181661010217,-0.06999818166097005,0.4457187240861027,-0.13520915632745828,-0.09646727772360203,0.4598542699048352,-0.1439962615966797,0.0,4620,2298
ATGGATTGACCAAACG-1,GSM8576305_EM1_v1,EM,v1,27,61,912.0,690,0.0,-0.14326227188110352,0.5703842910130819,1.6693712806701662,-0.012409892082214356,0.22196863752809523,0.02789068441786524,-0.1498418248685679,-0.051807769139607746,0.2694190311431885,-0.2062548123873197,0.3976212804127493,-0.06618609110514323,-0.36045920130718184,-0.17728920442512236,-0.1905564141478443,-0.20829628781730117,-0.32406427001953125,0.48638770580291746,3720,2997
ATGGGACCTGCTGAAC-1,GSM8576305_EM1_v1,EM,v1,61,31,756.0,612,0.0,0.1849435305595398,0.2156143037478129,0.6797515916824342,-0.053103551864624024,-0.11667180141078987,-0.2862138440532069,-0.16063112722602405,-0.07965532938639323,-0.23761980692545573,-0.19114119871005567,0.04144480480021567,-0.07965532938639323,-0.2870257887016817,-0.11729700785564132,0.5078680464053222,0.33473799167535245,0.14798476854960124,-0.021412722526058074,2224,5964
ATGTGAAAGCCTAATG-1,GSM8576305_EM1_v1,EM,v1,46,22,1038.0,816,0.0,0.15954564094543458,0.5218339705467224,1.3115109777450562,-0.03868565320968628,0.14836813587541695,-0.24676209111367503,-0.14222604469547892,-0.12823251088460286,0.24406924883524572,0.35661987809167395,0.6054164861828324,0.3309667205810547,-0.23671253617987575,-0.20033769722444467,0.10426510507534431,0.1879006729211031,-0.24478799438476562,-0.0667271614074707,1770,4657
ATGTGCATCCGACGCA-1,GSM8576305_EM1_v1,EM,v1,23,57,484.0,415,0.0,0.2534141409397125,0.7116938940684001,0.7953619194030761,-0.061510415077209474,0.3592029057750469,0.2560366166901478,-0.16218662500979011,-0.041006943384806316,-0.11500174204508463,-0.11986657847528873,-0.3279243354222283,-0.030755208333333332,-0.1965353479347076,-0.07679887181783776,0.7878594070587596,0.3592029057750469,0.4300601183573405,-0.01240129336234062,3519,2649
ATGTTCGTCGACCCAC-1,GSM8576305_EM1_v1,EM,v1,34,14,356.0,322,0.0,-0.08021188735961914,1.236026341120402,1.2980107307434081,-0.016851953268051147,-0.07890546281999569,-0.19026400966029014,-0.08041291965876605,-0.044938542048136396,-0.16670714060465494,-0.06989348931456091,0.9607756451061109,0.5167932335535685,0.6063996025836133,-0.12182134605315795,0.34868000289772166,-0.10144988350246263,0.38647144540150963,-0.013590284893589636,1367,3612
ATTAAACATGCGGACC-1,GSM8576305_EM1_v1,EM,v1,43,59,931.0,687,0.0,-0.1911136245727539,0.5333831405639649,1.594653434753418,-0.03694648265838623,0.332542999798106,-0.006563948046776569,-0.1977657805708118,-0.04926197369893392,0.22762650330861406,-0.22395505873255905,0.40786321883739024,-0.05963773091634115,-0.26071626594267694,-0.1608803683974178,-0.1412012488247672,-0.2048931568362641,-0.33586294555664065,0.0,3623,4392
ATTAATACTACGCGGG-1,GSM8576305_EM1_v1,EM,v1,22,66,1197.0,901,0.0,0.08898566722869872,0.998234535853068,2.1626376342773437,-0.0670748233795166,0.3304805880539127,-0.22013976497034873,-0.20778093839946546,-0.09688587188720703,0.14014856020609534,0.27729639773118986,0.6470284335320575,-0.08943311055501302,0.2833879267834276,-0.23473310662081923,0.39509981956044715,0.22945481505548146,0.1542592608133952,-0.018030866499870055,3970,2561
ATTAATGAACCAGTCG-1,GSM8576305_EM1_v1,EM,v1,23,79,1643.0,1059,0.0,0.1389896535873413,0.8770733499526977,1.2099386644363403,-0.11749088287353515,0.2493787789956117,-0.3385993895992156,0.04966389087208531,-0.06940589269002279,0.1716494162877401,-0.2168200693800298,0.5977787913303965,-0.11190223693847656,0.15072181042897176,0.1599542380336777,0.5010983499893145,0.2493787789956117,0.16494098631540938,-0.015791785332464402,4621,2647
ATTACGCGCTGGCAGG-1,GSM8576305_EM1_v1,EM,v1,40,30,888.0,688,0.0,0.15773314476013184,1.1277894465128582,1.3380555295944214,-0.06266112327575683,0.43635010759168646,-0.2664466058054278,-0.15596237756255873,-0.05848371505737305,0.1840095901489258,0.21011746448019278,0.608245503192143,0.35090229034423825,-0.2619947257290882,-0.1107264828969197,0.6793637303021712,0.2197783447826985,0.4403215408325195,-0.020213265572824785,2170,4134
ATTACTTACTGGGCAT-1,GSM8576305_EM1_v1,EM,v1,22,100,1330.0,985,0.0,0.08663848996162415,0.6713773981730143,1.5986485958099366,-0.06426825046539307,0.23797706417415454,-0.02168786470791162,0.4276822823330872,-0.09494078954060872,0.12462578296661375,0.194154448466689,0.5847717142755492,-0.087799866994222,0.5880560576197613,-0.2029625000245121,0.4373205948012606,0.13041774657790609,0.14595299243927,-0.025914619045872844,5673,2557
ATTAGGCGATGCTTTC-1,GSM8576305_EM1_v1,EM,v1,37,71,1049.0,726,0.0,0.20966415405273436,0.7916623719533284,1.4667525672912598,-0.09418010711669922,0.5694545046275807,-0.2580599938669512,0.13458694760363205,-0.07848342895507812,0.32488201141357426,0.4564557013038542,0.5637167395230942,-0.08278017679850261,-0.23868706331674353,-0.1538817777212365,0.6742255084835698,0.2787372372222186,0.30862601407368984,-0.009493962410957582,4223,3868
ATTATTATGTCCGTCA-1,GSM8576305_EM1_v1,EM,v1,59,37,503.0,409,0.0,0.38077754616737364,0.6076516342163086,0.644634461402893,-0.04558238983154297,-0.12207351480439355,-0.23025343495030556,-0.09051283260335899,-0.06077651977539063,-0.1482720947265625,-0.18250245314378005,-0.3104268558061303,-0.06077651977539063,-0.1857481960311951,-0.03661236131047628,0.7691627160184363,0.5082829855756217,0.27805959065755215,-0.012253330599877143,2524,5789
ATTCAGGACCTATTTC-1,GSM8576305_EM1_v1,EM,v1,20,98,490.0,420,0.0,0.3106890773773193,0.663817310333252,1.1396191024780273,1.6330509185791016,-0.07172710839721272,-0.20036242085118447,-0.08782086097506951,-0.07148801803588867,-0.11907213846842447,-0.18091195403134144,0.6311678835067146,-0.05106287002563477,-0.16093619473009224,-0.08613014221191406,0.6407296240842103,0.42865486208810455,0.3363793716430664,0.0,5572,2383
ATTCATATACTGTCCA-1,GSM8576305_EM1_v1,EM,v1,46,60,1578.0,1086,0.0,0.1286737310886383,0.4980786641438802,0.5236833286285401,-0.0498237133026123,0.07418608585727654,-0.08015027903192051,0.2844898933754828,0.21299866994222005,0.0033987045288085826,0.07994530910632286,0.05415858181791178,0.254932861328125,-0.35241613426361695,0.1739597718878443,0.5804298094828696,0.16669873635771548,0.6059913266499838,0.0,3674,4653
ATTCGACGCCGGGCCT-1,GSM8576305_EM1_v1,EM,v1,36,26,944.0,728,0.0,0.1877769660949707,0.992833080291748,1.5882642269134521,-0.07351261138916015,0.33741461034602543,-0.3199001742947486,-0.10653980991296601,-0.07351261138916015,0.15298306783040366,-0.2271128370610368,0.2643652462052169,-0.08168067932128906,0.20308880480417768,-0.15745673122176204,0.6839493695849334,0.20248085838496485,0.36698843955993654,0.0,1969,3785
ATTGAAGATCTTAGTG-1,GSM8576305_EM1_v1,EM,v1,31,49,235.0,211,0.0,0.3568243885040283,0.3423378181457519,0.8143107509613037,-0.018869915008544923,0.5117763170563391,-0.19409585768176663,-0.12467011951264881,-0.025159886678059896,0.692277488708496,-0.05504726805415839,1.0360489398219648,-0.037739830017089845,-0.16026588041619602,-0.030313116479590237,0.3960519410819242,0.473910266871968,-0.16235122680664063,-0.01521767339398784,3120,3347
ATTGATCACCACATTT-1,GSM8576305_EM1_v1,EM,v1,52,8,1176.0,917,0.0,0.12348688006401062,0.5334241803487142,1.1045236825942992,-0.12384073257446289,0.2059953594154605,-0.21606316105011972,-0.1470787507250793,-0.09970182418823242,0.12076670169830322,0.1642551843405036,0.5108194577120571,-0.14473480224609375,0.2492391224367073,0.7482755297159096,0.6543140998884054,0.21352595456334927,0.4875180079142252,-0.02723769603237029,1070,5182
ATTGATGAGTCCTAAC-1,GSM8576305_EM1_v1,EM,v1,33,99,743.0,568,0.0,0.2812030529975891,0.8825243107477824,1.4081831121444703,-0.04006970405578613,-0.13959723890425768,-0.20052880625570974,-0.12859866493626645,-0.09794816970825196,0.18901858806610106,-0.1958934311882708,0.9341162218092504,-0.08013940811157226,-0.2306649234878969,-0.1501943442716177,0.6262219143460337,0.4174812765025774,0.2356091184616089,0.0,5625,3516
ATTGCTGCTCCTCCAT-1,GSM8576305_EM1_v1,EM,v1,35,43,808.0,608,0.0,-0.17419628143310548,0.45933295011520386,0.8757817935943604,-0.051869597434997555,0.4858004602965968,0.11953657453510619,-0.1811328209133674,-0.036763235727945966,0.2932701953252157,-0.18805792818101352,0.02562288252124667,-0.05186959902445475,-0.3040310963090644,-0.13960932536297535,0.17072193183666656,-0.17232156198558998,0.19366769631703692,-0.010457580128023702,2820,3696
ATTGGTTGTGCATTAC-1,GSM8576305_EM1_v1,EM,v1,72,106,2.0,2,0.0,-0.021293482780456542,0.0,0.0,0.0,0.0,0.0,-0.02134684990521959,0.0,0.0,0.0,0.0,0.0,0.0,0.0,0.0,0.0,0.0,0.0,5983,6915
ATTGTACAACTCGGCT-1,GSM8576305_EM1_v1,EM,v1,35,103,1538.0,1075,0.0,-0.19915782928466796,0.6703976821899413,1.0777129936218262,-0.11083397865295411,0.12211446924220229,-0.33295985191099103,-0.2047074970446135,-0.07596989949544271,-0.3024644470214844,0.056188029057471944,0.293907168950439,-0.08940431594848633,-0.31698838199477597,0.22402732401009062,0.20667030587578913,-0.24070474375849185,0.17315553188323973,-0.00812565799682371,5826,3690
ATTTACAGTTTACTGG-1,GSM8576305_EM1_v1,EM,v1,30,38,505.0,431,0.0,0.2919916570186615,0.7508110094070435,1.2209385967254638,-0.03035048246383667,0.551941437864782,-0.22090987236269058,-0.09521503496289552,-0.060700963338216146,-0.18355177561442057,-0.10730882472417826,0.1144734697211841,0.45525723616282143,-0.20308123056189603,0.5338759585077983,0.7459299239866372,0.36055219891079293,0.41030852572123205,0.0,2569,3261
ATTTACTAAGTCCATT-1,GSM8576305_EM1_v1,EM,v1,31,111,717.0,615,0.0,-0.13274452209472656,0.6301105451583863,0.8967613697052002,-0.07090838432312012,-0.07456591296754154,-0.11702611369471397,-0.15341187479501978,-0.09015034993489583,0.4367637761433919,-0.15817700899564302,0.9002251032865569,-0.08333239237467448,-0.2076768836821897,-0.11947636431958301,0.3178245884641194,-0.07456591296754154,0.4445157801310221,-0.010905285035410234,6226,3340
ATTTCCGGGTTCTGCG-1,GSM8576305_EM1_v1,EM,v1,55,35,841.0,649,0.0,-0.1604440116882324,0.3781698981920878,1.028417739868164,-0.025564987659454346,0.2241066577309616,-0.2779085713048135,-0.15443886969621318,-0.07669496536254883,0.28164779027303055,-0.19379779726366533,0.5827145175974915,-0.07035192489624023,-0.23922865840804625,-0.20534127783105077,0.1411248203847333,-0.22762694087714255,0.14017184225718182,-0.01030846276590901,2423,5440
ATTTGCGCGAGTAGCT-1,GSM8576305_EM1_v1,EM,v1,53,31,829.0,659,0.0,0.19380871653556825,0.5351805925369263,1.028020281791687,-0.012848814725875854,0.3286377224768019,0.07415110174961353,0.18704887985585625,-0.05488268534342448,0.26049141248067226,-0.20395611919288253,0.536528171092935,0.7794947592417399,-0.22034282760926518,-0.13679130584839358,0.46540159806822634,0.1830522188773522,0.14795864963531496,-0.010361947359577302,2222,5266
ATTTGTCTTGGGAGCT-1,GSM8576305_EM1_v1,EM,v1,40,84,1259.0,862,0.0,0.20836872696876527,0.7629025220870972,1.180075945854187,-0.07667975425720215,0.12553892712396392,-0.020185640880039768,-0.19361401321296406,-0.058422667185465495,-0.28393335978190104,0.17598598497767115,-0.1322184113915328,-0.11294628143310546,-0.3551192685782191,-0.17852453821634193,0.6193671528794362,0.2991440260290701,0.21359607219696047,-0.01766814531818513,4875,4128
CAAACCATAAGCGTAT-1,GSM8576305_EM1_v1,EM,v1,77,89,17.0,17,0.0,-0.01594706416130066,-0.021262752215067546,0.797353208065033,0.0,-0.02133386509872998,-0.025721071227904287,-0.01598703174065229,0.0,-0.021262752215067546,1.0631376107533772,0.0,0.0,0.0,-0.025617773753093428,-0.018277437434155483,-0.02133386509872998,-0.025515302658081055,0.0,5132,7352
CAAACGAGTATCGCAG-1,GSM8576305_EM1_v1,EM,v1,47,47,939.0,679,0.0,0.10936539411544799,0.09767342329025269,0.84158766746521,-0.012276370525360108,0.41709250656923186,-0.277007318312122,-0.204192560716978,-0.09219098409016926,0.3654028717676799,-0.24040372714549801,0.6776799019172051,0.30065286954243975,-0.25702463479405907,-0.16037616959537368,0.43994252627080355,0.2156999414182427,0.1344210910797119,-0.00990029881077428,3023,4742
CAAACGGTCGCACTTT-1,GSM8576305_EM1_v1,EM,v1,30,40,508.0,441,0.0,-0.08133194923400879,1.0457182598114014,1.564290680885315,-0.030294106006622315,0.40134729948330883,-0.2008384273898217,0.2895480268133015,-0.05049017588297526,-0.18323013305664063,0.35725533802772447,0.17912164508055545,-0.06058821360270182,0.4347042598877565,-0.15816200593389182,0.2793615015495814,-0.123818081756898,0.3299053373336792,0.0,2669,3261
CAAAGATTATTGGGCC-1,GSM8576305_EM1_v1,EM,v1,56,30,1261.0,915,0.0,0.10338254213333131,0.6884903073310852,1.018005437850952,-0.10947200775146484,0.2704858647009468,0.035016365314958275,0.3821230756310293,0.2773291047414144,0.2441825596491496,0.6109044493374352,0.7787443114456649,-0.10217386881510417,0.12964417982292942,-0.19741323386808954,0.48924980737418367,0.14779378764472548,0.25953896427154544,0.4290596619729073,2173,5528
CAAATCTCTCACAAGG-1,GSM8576305_EM1_v1,EM,v1,44,24,948.0,750,0.0,-0.1265444564819336,0.665864520072937,1.5620522689819336,-0.036698362827301025,0.4612994770807034,-0.21554840764691752,-0.13912504956238253,-0.07339672724405924,0.09573082923889165,0.31345162171052315,0.267400346551965,-0.08970711390177409,0.24255180626987932,-0.21415407111845822,0.32525850742799167,-0.17891213407484585,0.4599965705871582,-0.009865151297661566,1870,4483
CAAATGTCCTTCCGTG-1,GSM8576305_EM1_v1,EM,v1,45,53,785.0,584,0.0,0.189910888671875,0.3052235857645671,0.9344625568389893,-0.03930341720581055,0.40206357055948994,0.12654458103092034,-0.13796249427891016,-0.052404556274414066,0.6863426844278971,0.2914542961811674,0.9077082809919259,0.33189552307128906,0.28822211146833426,-0.11575303594750094,0.7274196619290677,0.19745386563814604,0.48959189351399746,0.0,3323,4567
CAAGCAACGTCGGAGT-1,GSM8576305_EM1_v1,EM,v1,32,38,753.0,615,0.0,0.2724018263816833,0.8331621980667114,1.3903021812438965,-0.029876279830932616,-0.14667895007691653,-0.26573824113415134,-0.12917435916145345,-0.09749207178751627,0.826310469309489,-0.17331810380304138,1.29160866460095,0.40769412835439045,0.43673508234292147,-0.1467385043102096,0.5972596355700561,0.4171427832532222,0.1901689697901408,-0.010721269153779554,2569,3435
CAAGGATCGCATGTTC-1,GSM8576305_EM1_v1,EM,v1,40,68,1149.0,830,0.0,0.21175941467285156,-0.2833536275227865,0.37264822006225584,-0.0795360279083252,0.24129103551075742,0.01686656639872608,0.1484334317215702,-0.05515815734863281,0.21588279565175372,-0.2530391272095135,0.4875862904786208,-0.10604801813761393,0.13422018667780256,-0.13703745340247708,0.18168674977256097,0.24889123931510523,-0.30530810546875,-0.00916313644378416,4073,4129
CAATAAACCTTGGCCC-1,GSM8576305_EM1_v1,EM,v1,26,74,1995.0,1288,0.0,-0.024709216356277458,1.079566224416097,1.5191398239135743,0.32289226055145265,0.35124515450519067,0.002717700422084801,-0.017798056802654033,-0.11391246795654297,0.328788865407308,0.08126982624581297,0.31996277811196927,0.19134356021881105,-0.35222052761828565,-0.22026795843040128,0.3848398384187146,0.13821087779275817,0.17755056381225587,-0.007233249564324656,4371,2909
CAATACGCTCTGAGGC-1,GSM8576305_EM1_v1,EM,v1,40,10,335.0,301,0.0,-0.05482145309448242,0.8939881388346353,1.9672627449035645,-0.017145804166793822,0.48445473294061425,-0.05803811165594285,-0.06355323887110353,-0.03429160753885905,-0.12573589324951173,-0.10774603496028429,-0.1963537014908527,-0.022861072222391764,-0.11721630939039361,1.2339470365440033,-0.06877972949883317,-0.08707207261917982,-0.057573806762695315,-0.013827261424833728,1168,4136
CAATATTCTTGACCTA-1,GSM8576305_EM1_v1,EM,v1,54,40,977.0,725,0.0,0.27552037835121157,0.3934834472338359,1.0731032180786133,-0.12095354080200195,0.1444918646860282,-0.2512789849312075,-0.16906181851724036,-0.07473087310791016,-0.2634362538655599,-0.1769140619896726,-0.14980180299461787,-0.0645085589090983,-0.25581874617611067,-0.0971514383951823,0.28600012478992387,0.3451402879744735,-0.2492687530517578,-0.05852590837786274,2673,5353
CAATGGATCTCTACCA-1,GSM8576305_EM1_v1,EM,v1,28,86,2019.0,1327,0.0,0.04036846816539763,1.0782796891530355,1.102063093185425,-0.06849018573760986,0.37636247180908955,-0.37476435015278475,-0.17413324341738134,-0.16660394032796225,-0.030549074808756516,-0.2469069311850047,0.0018637695504193363,-0.10310494740804037,-0.3315149023829694,-0.30102649366999246,0.639093260198063,0.10937713706240873,0.4741848538716634,-0.014386179947083997,4973,3082
CAATTAAGGGTGATGA-1,GSM8576305_EM1_v1,EM,v1,29,65,672.0,539,0.0,-0.1475069236755371,0.638853759765625,0.8139288234710693,-0.06912801265716553,-0.17220418668510923,0.07832510899838213,-0.13401635726890468,-0.05530241012573242,0.374900754292806,-0.25605327389312027,0.43376594058746754,-0.09217068990071614,-0.31695728225401604,-0.1137042677546122,0.2658626835120783,-0.17220418668510923,0.25688762410481775,0.0,3921,3171
CAATTTCGTATAAGGG-1,GSM8576305_EM1_v1,EM,v1,37,63,649.0,511,0.0,-0.10347671508789062,0.9187782080968221,1.0353691339492799,0.0,0.26293717751667783,-0.3012159716698431,0.23196349892401158,-0.048837143580118814,-0.25482813517252606,-0.1723390917315531,0.601493830314576,-0.12344482421875,0.27504128433135616,0.4022523226986927,0.36267370711424973,-0.22428991005173496,0.26666744836171474,-0.02256280952884305,3822,3869
CACAATGAGCTGCTAT-1,GSM8576305_EM1_v1,EM,v1,42,50,983.0,740,0.0,0.1106971299648285,0.43561718622843426,1.312795171737671,-0.04826989650726318,0.20924367460784574,0.05562975329737507,-0.17937066023212328,0.3298442951838176,0.18148881753285728,-0.2527779416495741,0.5690371300450179,-0.08849480311075847,-0.31786033906132344,-0.1550839895225433,0.13314906838630194,0.2092436618496609,-0.28684197998046873,-0.009731833973238546,3172,4306
CACACGCGCTGTCTTA-1,GSM8576305_EM1_v1,EM,v1,33,89,2043.0,1318,0.0,0.15487534880638124,0.7647599188486736,1.464086217880249,-0.062092247009277346,-0.22003482576198002,-0.34608619443831906,-0.18523502588869636,-0.11172088623046875,-0.0416766913731893,-0.28189860060063493,0.18843210333983673,0.20106060822804767,-0.3399421048451619,-0.30652302814774723,0.5251529824767891,0.2479479970740634,0.18919472122192382,-0.021460456232870777,5124,3517
CACAGCACCCACGGCA-1,GSM8576305_EM1_v1,EM,v1,31,59,1315.0,909,0.0,0.08676963925361633,0.5513850545883179,1.0588661289215087,-0.11078104019165039,0.21495759952294258,0.02577091032458889,-0.19351215410352052,-0.08102833429972331,0.26074131806691486,-0.2211767343374399,0.8525274479380633,-0.07174308141072591,0.20970100073450543,-0.18582059867889528,0.5661769507607621,0.10729262222813124,0.2759368286132812,-0.0173571975000443,3621,3346
CACATGATTCAGCAAC-1,GSM8576305_EM1_v1,EM,v1,38,64,1222.0,859,0.0,-0.17055696487426758,0.3518693280220032,0.38928955554962164,-0.04434774875640869,0.33406263304128825,-0.32097877994660406,-0.1876564886336936,0.2787451950709025,-0.25272651672363283,0.10636755760962618,-0.48802146719927764,-0.05913033167521159,-0.32614874169529684,-0.18578007709549135,0.12525836862943918,-0.16607465712123093,0.06002319113413496,-0.008941078378308204,3873,3956
CACCACGCCACACAGA-1,GSM8576305_EM1_v1,EM,v1,40,8,241.0,218,0.0,-0.08606382369995118,0.48546388228734333,1.542538194656372,-0.018746787309646608,0.7529222632996081,-0.09071026309843987,-0.08627952250621672,-0.02499571641286214,-0.11475176493326823,-0.09005623118933227,0.3571886881084127,-0.03749357541402181,-0.10813981174943917,-0.06023064195870396,-0.05371572499972018,-0.081137972930602,-0.05998971939086914,0.0,1068,4136
CACCAGTCAGCATGCA-1,GSM8576305_EM1_v1,EM,v1,60,22,947.0,706,0.0,-0.18028173446655274,0.8952513933181763,1.2930889177322387,-0.061188039779663084,-0.22037118254696644,0.10150203287326792,-0.18686771631838386,-0.04895043055216471,-0.2361256154378255,-0.19565492968096782,-0.39190800345722754,-0.15500970204671224,-0.28260368132686997,0.530825666825934,0.11419085667263129,-0.21218546736599211,0.06000878206888838,-0.009869039058685303,1773,5878
CACCCACGAGGCAATT-1,GSM8576305_EM1_v1,EM,v1,20,86,601.0,495,0.0,0.5747957706451416,1.390929052035014,1.9620872592926024,-0.05740217208862305,0.351342045476737,-0.21903033410349199,0.3131098963114851,-0.09567029317220052,-0.16325000762939454,-0.13055482436980692,0.21574223717595714,-0.05740217208862305,0.4691051082917485,0.45608807222910197,0.6232578713436181,0.8200944509261694,0.24959290440877277,-0.011573018566254646,4971,2384
CACCCGGTTTGTGACT-1,GSM8576305_EM1_v1,EM,v1,53,39,894.0,677,0.0,0.12546000719070435,0.2499189019203186,0.8713690185546875,-0.025002617835998536,0.22979805408379972,0.04177853149203109,-0.18127525539924028,-0.07500785191853841,-0.250135981241862,0.23422204398258342,-0.08490309438000287,-0.06051026662190755,-0.19327638618438597,-0.16327486459509916,0.09975736957566445,0.19417165221445007,-0.2802703857421875,-0.02016340148064398,2623,5266
CACCCTTGGTGAGACC-1,GSM8576305_EM1_v1,EM,v1,50,16,3355.0,2068,0.0,-0.04696946680545808,0.8734557135899861,1.0390712356567384,-0.12021692276000977,0.1650020032954987,-0.1214746039034584,-0.24097337459860588,0.054329572518666575,-0.10499025424321493,0.3946853197006344,-0.11293588554097517,0.07766289313634236,0.08087491280582532,0.40191998309399707,0.30369598510272183,-0.053672198002686605,0.21444795862833654,-0.06352722260259813,1470,5007
CACCGCCAGAAGGTTT-1,GSM8576305_EM1_v1,EM,v1,27,59,1029.0,749,0.0,0.1317227554321289,1.0044810978571574,1.5995783233642578,0.42372243881225585,0.27888087524618194,0.09900053964781874,-0.17707220474281407,-0.06325174967447916,0.11034370422363282,0.2071218883977952,1.072654051825201,-0.11859703063964844,-0.289857489038184,-0.19310918294761076,0.5807801987175272,0.15329423902292583,0.31335709730784095,-0.009564276664487777,3620,2997
CACCGTTAGGGATCAC-1,GSM8576305_EM1_v1,EM,v1,53,37,957.0,722,0.0,0.16894544243812562,0.33602766593297323,0.8050866174697876,-0.06094825744628906,0.20533466432139758,-0.24754035088323778,0.18082531733919205,-0.08126434961954752,0.21683904488881428,-0.25077283980455684,0.05499825628216287,-0.08939078648885092,-0.3032702710255083,-0.20821299418866873,0.4384758726915179,0.1971810614916526,0.1315065387090047,-0.01966072859302644,2523,5266
CACCGTTGCGCGATAT-1,GSM8576305_EM1_v1,EM,v1,47,29,1714.0,1204,0.0,-0.15497903823852538,0.7588127613067627,1.5903281021118163,-0.07687819957733154,0.5365374553429508,-0.05879058376435309,0.15875333891177834,-0.10891077677408854,-0.048859368960062655,-0.27229505558077705,0.20284410217898574,-0.07893543879191081,0.041936592308871756,-0.22508052841247803,0.09411071979555496,-0.21546836521314539,0.11556264750162765,-0.023249453113925074,2121,4744
CACCTAATCAGTTTAC-1,GSM8576305_EM1_v1,EM,v1,20,72,1132.0,875,0.0,0.14168912291526795,0.7015553959210714,0.9902943897247315,0.3364660453796387,0.7489183358391258,-0.3090455147527879,0.10695466578454899,0.2874029270807902,0.19922396818796795,-0.22501758588197637,0.3538715464557064,-0.13166736602783202,0.7750403205074938,0.2801720437275837,0.5437182334910833,0.2568305483629871,0.248365730603536,-0.027651263821509578,4270,2386
CACCTTGCGAAACTCG-1,GSM8576305_EM1_v1,EM,v1,24,84,1610.0,1096,0.0,0.040065903663635244,0.9002673562367758,1.8427815437316895,-0.09878162384033203,0.6272288240583711,-0.07098557872156941,-0.21730963150062657,-0.13875261942545572,0.5602653121948242,-0.2550996250930837,0.7336991639421384,0.24817585627237954,0.012834732025023943,-0.21921548498682228,0.5011109523581911,0.06111948519380328,0.25913060347239175,-0.015932521512431484,4872,2733
CACGAAAGTTAGTCCC-1,GSM8576305_EM1_v1,EM,v1,33,29,1174.0,884,0.0,-0.1931512451171875,0.9195426940917969,1.344498062133789,0.405571117401123,0.5423517013207461,-0.28112100785778416,-0.18798828125,0.38767141024271645,0.15644917170206707,0.1734306676730663,0.4936026096001685,0.2347878328959147,0.287626265330487,-0.18611177191676864,0.20292558864741067,-0.12975431206234322,0.30370665295918786,-0.009085374493752756,2118,3524
CACGCACAGCGCAGCT-1,GSM8576305_EM1_v1,EM,v1,24,72,2002.0,1324,0.0,0.09495128989219664,0.6383886528015137,1.2027460432052612,-0.08549531936645507,0.2771207608506831,0.44774855336835306,0.08097269458878309,-0.08886585235595704,0.31923765500386553,-0.28062714541636186,0.28473516273909305,-0.08954631805419921,-0.31298291922573107,-0.27342352809676207,0.4645741214724871,0.14323543213150042,0.2256228052775065,-0.01444295625532827,4271,2735
CACGCAGCGAGGCTTT-1,GSM8576305_EM1_v1,EM,v1,31,43,536.0,452,0.0,0.24379993796348573,0.9766771570841472,1.4175758695602416,-0.059568381309509276,-0.14069895919748773,-0.17620974202309886,-0.1288244969265204,-0.029784189860026043,0.42225445429484054,-0.170962177391435,0.6691301254086244,-0.1015052350362142,-0.2963797940786584,-0.05052633553623674,0.6573509772049322,0.34574295937549837,0.3335167945226033,0.5956838130950928,2819,3348
CACGTCGGCAACCTCT-1,GSM8576305_EM1_v1,EM,v1,49,37,1161.0,804,0.0,0.240038400888443,0.5148159193992614,1.405935983657837,-0.05657859325408936,-0.21473244759550061,0.027474819789833738,-0.16755768051721098,-0.10774581909179687,-0.2494719696044922,-0.28089090812963785,0.2834415832870055,-0.07757057189941406,-0.3825009817100433,-0.16360076843016597,0.20297416993403503,0.32944673931053786,-0.27535964965820314,-0.009125579749384233,2522,4917
CACGTTCGTGCTCTAG-1,GSM8576305_EM1_v1,EM,v1,37,81,752.0,569,0.0,0.3649964344501495,1.0878521331151327,1.808065700531006,-0.026601107120513917,-0.1411713565073683,0.10516100215472379,-0.10579007371027667,-0.03546814282735189,0.32436163743337,0.4221004268929047,0.47993562859934347,-0.017734071413675945,-0.26762904891048567,-0.12173526258353727,0.7248121498307389,0.4897355835307535,0.28028761196136476,-0.010726252871174966,4724,3867
CACTAAAGTTGCCTAT-1,GSM8576305_EM1_v1,EM,v1,35,51,895.0,669,0.0,0.2914587497711182,0.6180247402191161,1.5078138160705565,-0.06248088836669922,-0.25153358484989025,-0.29703626325053556,-0.19927806424019032,-0.06881696065266928,0.17597670555114744,0.24675471301594437,0.4595364654825817,-0.05831549326578776,-0.3139027361888962,0.3794020430629991,0.25513136967546957,0.4149560566862823,-0.2746661376953125,0.4897695629827438,3221,3695
CACTCAAGAGCTATGG-1,GSM8576305_EM1_v1,EM,v1,39,57,1093.0,812,0.0,-0.2030927085876465,0.5169925840695699,1.2940604352951048,-0.023173880577087403,0.34328534757280293,-0.32450186821722216,-0.20360171286982104,-0.023173880577087403,0.20660976886749266,0.117515315446035,0.2765593148783994,-0.10814478556315105,-0.2816361883079192,-0.10495541277659466,-0.22219002622587974,-0.24917301445900397,-0.29409716796875,0.0,3522,4043
CACTCCTATGTAAGAT-1,GSM8576305_EM1_v1,EM,v1,56,36,782.0,598,0.0,0.19668838143348694,0.5289428901672364,1.338447608947754,-0.13118893623352051,0.26486480342371677,-0.2677470484087544,-0.13161298326382362,-0.043729642232259114,-0.2515712738037109,0.6845473219851321,-0.2973170064801547,-0.05247557004292806,-0.3132946519966585,-0.09483537329248636,0.1369591941976957,0.2736399850186164,-0.26560507202148437,-0.010579752345238962,2473,5527
CACTCGGTTAGGAGGA-1,GSM8576305_EM1_v1,EM,v1,35,13,305.0,273,0.0,-0.06329687118530274,0.40519229888916014,1.5743778800964354,-0.017600363492965697,-0.1199965461042015,-0.09336754583543347,-0.07227774789757598,-0.08213502883911133,-0.11012377421061198,0.5078975275873208,-0.13404635328743325,-0.04693430264790853,-0.13267924603688191,-0.070684187862289,-0.12297740160223407,-0.0846780821631186,-0.09262060546875,-0.04258152361839048,1317,3700
CACTTAATCAGACGGA-1,GSM8576305_EM1_v1,EM,v1,34,48,643.0,503,0.0,0.34911874413490296,0.6325782108306884,0.9454946851730346,-0.05944262504577637,0.3529303379547902,-0.23590238632694369,-0.15532024641682332,-0.04677521387736003,0.569552666346232,-0.14522621384432483,0.8230666614485915,-0.028065128326416014,-0.34654934435005647,0.4346595350518284,0.794128758005563,0.5327174749927244,0.3441492910385132,0.0,3070,3609
CAGACACCGATCGCTG-1,GSM8576305_EM1_v1,EM,v1,53,51,868.0,683,0.0,0.22079100847244262,0.6150783173243205,0.6991778659820557,-0.0505477237701416,0.28302664182656584,-0.23870537357945595,-0.08270209176199776,-0.04212310155232747,-0.12660228729248046,-0.18808708063336121,-0.3831373818555669,0.36225869178771974,-0.2518412731737497,-0.11689170776122067,0.5818322592956631,0.28302664182656584,0.26283902422587074,-0.010191073340754355,3224,5264
CAGACCTGTAAGTGTT-1,GSM8576305_EM1_v1,EM,v1,31,99,244.0,226,0.0,-0.05605918884277344,0.8550133061408997,1.2667192697525025,-0.03737279176712036,-0.06707246327479946,-0.1890999271023658,-0.05619968806293076,-0.03737279256184896,-0.16648985544840494,-0.12954890528650187,0.245346710652819,-0.012457597255706786,-0.15282712882781124,-0.060036613280514635,-0.08566829604883931,-0.07957172712753449,-0.1726380157470703,0.0,5624,3342
CAGACGAACCTGATAC-1,GSM8576305_EM1_v1,EM,v1,50,50,953.0,683,0.0,0.11164604425430297,0.4534243408838908,1.5563303756713867,-0.07973929405212403,0.36000993352802835,0.13547472909848263,0.12340030201096883,-0.05697425206502279,-0.2845999654134115,0.19907867018062803,-0.08315337928010674,-0.08355401992797852,-0.2760464771684394,-0.18631856221271806,0.460716943344619,0.2415626474314576,0.09362587801615396,-0.009845781710840041,3174,5003
CAGAGACGGTCACCCA-1,GSM8576305_EM1_v1,EM,v1,51,57,1292.0,922,0.0,0.10632908463478088,0.5556411329905192,0.9607708549499512,-0.07904779434204101,-0.18868625602594585,0.3337900649567353,-0.170504825754572,-0.10328295389811198,0.11221535523732504,0.11156263944164435,0.22381841374744377,-0.1270760981241862,-0.29749224559370296,0.6766846457638415,0.3562786724300986,0.15087941006540323,0.07799123922983808,-0.026224636262462984,3524,5089
CAGAGCATGAGCTTGC-1,GSM8576305_EM1_v1,EM,v1,26,70,1161.0,821,0.0,0.057784901857376086,0.9858771467208862,1.681858654022217,-0.059777264595031736,-0.1586227672155884,0.08442228181021555,-0.20298413345987038,-0.07970301946004232,0.40873160998026525,0.4943463345169357,0.9442020575091381,-0.054939136505126954,0.14196351771373827,-0.2284112340475182,0.4784607489334478,0.2337059335432191,0.302288811047872,-0.009125579749384233,4171,2909
CAGAGGCGATGCATGA-1,GSM8576305_EM1_v1,EM,v1,54,48,981.0,727,0.0,-0.1270889663696289,-0.23368296305338543,0.3456664371490479,-0.09661396980285644,-0.19407399920715537,-0.2905830567882907,0.16845766665941492,-0.05635814666748047,-0.2243456522623698,-0.15834007135601746,-0.03657349578271385,-0.08856281280517578,-0.29961851801738204,-0.18950415615097108,-0.16075406443423734,-0.21830828612464726,-0.2689355773925781,-0.009739311472062142,3074,5352
CAGATACTAACATAGT-1,GSM8576305_EM1_v1,EM,v1,26,46,490.0,419,0.0,-0.07994187355041504,0.34308567841847737,1.3524241018295289,-0.01531886100769043,-0.12743912253491455,-0.1907081450185468,-0.0801422291232231,-0.04085029602050781,-0.1656329345703125,-0.1515010463752874,1.1068483819571315,-0.04085029602050781,-0.21992845037376066,-0.14765167236328125,-0.1160417135943656,-0.11719238638479175,-0.18918247985839845,-0.012353920167492281,2969,2912
CAGATCCTGGTTTGAA-1,GSM8576305_EM1_v1,EM,v1,55,17,2856.0,1858,0.0,-0.1910586929321289,0.41119696776072184,0.6358615589141846,-0.11756746292114258,-0.2307692052528611,-0.31167931710520097,-0.013358036602350104,-0.17339443206787108,0.3168134387334188,-0.21143889666401025,0.6485252103100384,0.31582821846008297,0.45981081403402924,-0.026033231627988984,0.08310517062430395,-0.2590331776086303,0.1866425526936849,-0.06904708954595751,1521,5442
CAGCAGCCCGTTCCTT-1,GSM8576305_EM1_v1,EM,v1,28,78,1475.0,1029,0.0,0.06167397975921632,1.1091669130325317,1.5758430767059326,-0.09231807708740235,0.3102442544439564,0.17107780957551594,-0.18496996657292647,0.24618150711059567,0.26059122403462726,0.07928749443828192,0.8383579021379919,-0.047868630091349285,0.2581489465322839,0.6533079997602715,0.5728411063082239,0.12497662115788113,0.34367062028249107,-0.024816686107266332,4572,3083
CAGCCTCCTGCAGAGG-1,GSM8576305_EM1_v1,EM,v1,23,77,1129.0,789,0.0,0.10700975775718688,0.39376792430877683,1.6778330993652344,-0.02288222074508667,0.3756262860037677,-0.34013323630056075,-0.16065523917214913,-0.06864665985107422,0.15197474479675294,-0.24032972967345578,0.747907470133522,0.7169762484232585,0.11938770152478811,0.21356425821541783,0.0973958981925232,0.1854494206748546,-0.3191063842773437,-0.0092267019133414,4521,2647
CAGCGATTCCCTTCAA-1,GSM8576305_EM1_v1,EM,v1,53,43,813.0,616,0.0,-0.11754723548889161,0.7094355328877767,1.23323694229126,-0.05175546646118164,-0.1427390184689525,-0.31580162048339844,-0.12432748512516643,-0.08844187418619792,0.21843319574991865,-0.21032464783327237,-0.10369913918631418,-0.07119004567464193,-0.2234914848603398,-0.14036428305997428,0.3856052227723906,-0.15139377555719585,0.3393956130345663,-0.02086913970208937,2823,5265
CAGCTCACTGAGACAT-1,GSM8576305_EM1_v1,EM,v1,33,59,1545.0,1075,0.0,-0.17697072982788087,0.8082066154479981,1.4341001510620117,-0.05340017318725586,0.2112542551629652,0.03904901891260104,0.07398930468356102,-0.10056142807006836,-0.037578290303548145,0.06743419077351209,0.30871725938171246,-0.11142480214436849,-0.30129603496995794,-0.27406513260071536,0.20452949908537987,-0.23674552177505748,0.17607923062642417,-0.032439170345183344,3621,3520
CAGCTCGACAAGTTAA-1,GSM8576305_EM1_v1,EM,v1,28,90,1496.0,1051,0.0,-0.18649951934814454,0.9449594561258952,1.0322644710540771,-0.06743480682373047,0.35592896563552295,-0.3709053531769783,0.0781551612200295,-0.10196020126342774,0.31282842159271235,0.07780407011974083,0.7402964884312309,-0.10404642740885417,-0.2898955747305629,-0.14992587537650603,0.11418530336423727,-0.272971392475243,0.09255417950948075,-0.01644519644398843,5173,3081
CAGCTGGCGTAACCGT-1,GSM8576305_EM1_v1,EM,v1,48,22,1144.0,890,0.0,0.10517252564430238,0.9256781752904256,1.8489754676818848,-0.12215939521789551,-0.1973142592005905,0.009017248856856508,-0.17411813759863526,-0.11595338185628255,0.23693034489949547,0.2591092477541172,0.43669242749347675,-0.06829111099243164,0.15191425587757523,0.279003009451441,0.5483712998024031,0.17446752043737884,0.2734546168645223,-0.009178912447344872,1771,4832
CAGCTTAGTAGGTAGC-1,GSM8576305_EM1_v1,EM,v1,32,28,848.0,663,0.0,-0.17220838546752928,1.0582718722025553,1.4444278144836427,-0.054243488311767576,0.2461726601705902,-0.19464571245255008,-0.1598637420730782,0.38232829729715984,-0.24535324096679687,0.24325541190080419,0.4151730499760504,-0.10195420583089193,-0.25721293376631527,0.4074073979174755,0.3243717947457103,-0.19568575345552885,0.4628956216176351,-0.030832927073201826,2068,3436
CAGGATATATCGTTGT-1,GSM8576305_EM1_v1,EM,v1,44,60,966.0,727,0.0,0.24315230250358583,0.09969826221466063,0.35528264999389647,-0.036440863609313964,0.21649080348785638,-0.338738287648847,0.2488862763819539,-0.04265019098917643,0.1586495272318522,-0.1997089704940949,0.8144682852039216,-0.04265019098917643,-0.3207546984814257,-0.13659223686739144,0.5635451529292459,0.31855040502920334,0.0785876630147298,-0.01959186215554514,3673,4479
CAGGCCGTTTGGGTGT-1,GSM8576305_EM1_v1,EM,v1,39,43,735.0,595,0.0,0.18781795263290404,1.1356589953104654,1.3572708797454833,-0.08044182777404785,-0.18717461525397158,-0.2662599625126008,0.20760948571346158,-0.06256586710611979,-0.22224609375,0.24404706737003729,0.5687295601510008,-0.09831778844197592,-0.202091324281501,0.4017673396681207,0.6490700697488976,0.2417886645233086,0.37953575007120766,-0.010812072984633906,2821,4045
CAGGCGCACGGTGGTC-1,GSM8576305_EM1_v1,EM,v1,56,28,1796.0,1184,0.0,0.05079346776008606,0.6257420587539673,0.9192279958724976,-0.10966057777404785,-0.25730326981050117,0.022533745260282567,0.05350964043970993,-0.10870447794596354,0.2754629262288411,0.10551316908237796,0.309700662595115,0.2489132579167684,0.07550222270460016,-0.21054179792902078,0.4602795381600672,0.07528143808860313,0.17809349950154624,-0.015179020743216238,2073,5528
CAGTACCAGTTTACGT-1,GSM8576305_EM1_v1,EM,v1,48,18,912.0,728,0.0,0.48561012268066406,1.1274464225769043,1.2445570039749145,-0.05289186954498291,0.35427744877644074,-0.2765884707050939,-0.1601045364724066,-0.09100588480631511,0.2713153266906738,0.20614205820770434,-0.07019091097468194,-0.12843533833821616,-0.2523366629359234,0.3888809533483053,1.010970178169644,0.6407531867989462,0.395993226369222,-0.030023932456970215,1570,4832
CAGTAGCCCACGCGGT-1,GSM8576305_EM1_v1,EM,v1,25,91,878.0,660,0.0,0.2005237376689911,1.134216849009196,1.0216982650756836,-0.03775276660919189,0.4182037788888683,-0.27243309636269847,-0.11436858213037476,0.3417964855829875,0.9111106554667154,-0.1750667151001385,1.7983633864293918,-0.06928921381632487,0.37909782172206896,-0.17968806684256558,0.6456490355439719,0.23241335213383704,0.3331725368499756,0.0,5223,2820
CAGTCGAGGATGCAAT-1,GSM8576305_EM1_v1,EM,v1,25,99,710.0,565,0.0,0.16979403138160706,1.0253320296605428,1.480913882255554,-0.027136681079864503,0.3673255207014987,-0.2592894954066123,0.24499811474840744,-0.08360816955566407,0.22947505474090577,-0.2365386350497753,1.0203155132822226,-0.08360816955566407,-0.2228919339467244,-0.12252927113728351,0.7412284718543547,0.25521356405621787,0.4284668483734131,-0.021884420225697178,5623,2819
CAGTCTGTATACTGGG-1,GSM8576305_EM1_v1,EM,v1,42,66,2044.0,1320,0.0,0.3439738035202026,0.7244039980570476,1.2275099849700928,-0.02660486936569214,0.17977581002906282,-0.42283901091544857,-0.19321952188821664,-0.13611300150553385,0.055843545595804844,-0.01940325012175137,0.09560944755044842,0.14767225980758666,0.12945233999964706,-0.2796235295184645,0.6600774321651732,0.4555678739728471,0.05343319098154703,-0.014303692886906286,3973,4304
CAGTGAATAAATGACT-1,GSM8576305_EM1_v1,EM,v1,25,83,2121.0,1365,0.0,0.21869694352149963,0.4925990184148153,0.8714678192138672,-0.061006813049316405,0.07581799597777383,-0.3738522683420489,-0.22143671327366268,0.16849500894546507,-0.023977385361989345,0.10798019390042413,0.20562350484679603,-0.10077823003133138,0.23843019477813593,0.13377205061625283,0.5628783433006964,0.32449280418281173,0.1481649932861328,-0.030539499175164006,4822,2820
CAGTTCAAATTGACAC-1,GSM8576305_EM1_v1,EM,v1,29,51,581.0,488,0.0,-0.15274635314941407,1.130781439145406,1.1449489355087281,-0.01451032280921936,-0.1544889749890586,0.20332122508281936,-0.13858248297134437,-0.04836774190266927,-0.20460487365722657,-0.19411804046120532,0.12127640002593665,-0.029020646413167317,-0.20503933458443147,-0.11023774204483952,0.31624366612010835,-0.1544889749890586,0.3849927819569906,-0.011701873233241419,3220,3173
CATAACGGACAGTCGT-1,GSM8576305_EM1_v1,EM,v1,36,94,1226.0,847,0.0,-0.1898716926574707,0.8247860193252563,1.0599008083343506,-0.07473433494567872,0.12593896519247375,-0.34681812409431706,-0.20144769960178768,-0.059052683512369794,0.09943589528401697,0.19043394979691694,-0.13742340235768336,-0.12022867838541666,-0.3346415446944026,0.1957730932886821,0.2259124356901065,-0.24314030675983747,0.23298393758138025,-0.00892933722465269,5375,3778
CATAAGCTCTCCGTCT-1,GSM8576305_EM1_v1,EM,v1,42,14,547.0,466,0.0,-0.1596810245513916,0.6921729071935018,1.074298334121704,-0.014795739650726319,0.5225298425957245,0.20526954105922152,-0.1674976396680177,-0.07891061782836914,0.30542895952860516,-0.13088896123063207,0.6792519600889448,-0.08877443949381511,-0.20512967703332863,-0.1782619369077874,0.3822057279611385,-0.21083648069247754,0.49021244748433435,-0.023864096210848902,1369,4310
CATACCCGTACCCAGT-1,GSM8576305_EM1_v1,EM,v1,37,31,1103.0,819,0.0,-0.13774330139160157,0.8469978729883829,1.5483782863616944,-0.05772953987121582,0.4249796911226866,-0.24697943656675278,0.42763205668083704,-0.1022052001953125,0.172898956934611,0.1583494685565349,0.3106636299303086,-0.11759974161783854,0.6197347870792251,0.706237873399114,-0.14865633683081683,-0.1901287219197455,-0.23576687622070314,-0.027933649478420135,2219,3872
CATACGGCGTCTGGGC-1,GSM8576305_EM1_v1,EM,v1,39,63,1595.0,1090,0.0,0.3783799433708191,0.4346237802505493,0.9623604202270508,-0.07934800148010254,0.32126510223018684,-0.3096886911699849,0.052192007277842456,0.23143169005711875,0.6165250555674235,-0.263668710970161,1.0871379692094068,0.33507965723673505,-0.28309594579489833,-0.27297514030732306,0.6325446725916384,0.5271674789313887,0.023405511061350526,-0.031995163809868596,3823,4043
CATACTATGTAATTGT-1,GSM8576305_EM1_v1,EM,v1,36,48,865.0,640,0.0,-0.20818466186523438,0.49443454106648765,0.6954172849655151,-0.06326431274414063,-0.21037261860825146,-0.25228628035514583,-0.22773327743797972,-0.06748193740844727,0.1858494408925374,0.24051729226723695,0.23942338966758492,-0.1012229029337565,-0.2620034275284733,-0.09146647472458193,0.32049163766098565,-0.21883609223126568,0.3353844804763794,-0.010203921025799166,3071,3783
CATAGCGTTGCCCACC-1,GSM8576305_EM1_v1,EM,v1,54,42,947.0,689,0.0,0.5402552556991578,0.7182655469576518,1.2612020206451415,0.41607869148254395,-0.22431009350014372,0.08332200423913072,-0.15925831424263784,0.32633622805277507,0.18275253613789877,-0.2172320311683476,0.7101375407994606,-0.09190555572509766,-0.34266019154743976,-0.10812344225534952,0.5553594691022419,0.7182271137684085,0.1241467825571696,-0.009869039058685303,2774,5352
CATAGTCCACAAGAAC-1,GSM8576305_EM1_v1,EM,v1,45,31,1830.0,1249,0.0,0.13802288413047792,0.7361303981145223,1.2744657802581787,0.31727487087249756,0.28072947642476265,0.22539263386880198,0.01375273856005274,-0.09535830815633138,0.0890288766225179,0.2085617187961421,0.6158328100835687,0.2156954844792684,-0.338641798639872,0.12357416976407828,0.6013868305949563,0.19783884718798206,0.2913540414174398,-0.0301019799324774,2221,4569
CATATAGGTACAGTCA-1,GSM8576305_EM1_v1,EM,v1,43,55,864.0,652,0.0,-0.13728379249572753,0.6643276222546896,0.9594705009460449,-0.01265818476676941,-0.13893915897229045,-0.30339317937051097,-0.16300767406186364,-0.1203182856241862,0.17452237288157146,0.15135449270739604,-0.13488594799356668,-0.11814305623372395,-0.24703129228339138,-0.1220066039916502,0.31520954406363916,-0.15587317425271738,0.29499613285064696,0.0,3423,4392
CATATGTCAGGCTACG-1,GSM8576305_EM1_v1,EM,v1,48,24,1312.0,954,0.0,0.1398834478855133,1.0132832702000936,1.2957373428344727,-0.0430862283706665,0.39606969146558413,-0.2380916533931609,0.19173850100440787,-0.11489662170410156,0.13678136984507241,-0.27709611363235526,0.12691091789415387,-0.12040177663167317,-0.25027030730343247,0.38450644293942127,0.5143398640832109,0.16865110011935366,0.2925545190175375,-0.017373479181720365,1871,4831
CATCGGACGGGTTAAT-1,GSM8576305_EM1_v1,EM,v1,42,58,604.0,475,0.0,0.27544019460678104,0.6269681286811829,0.9910879755020141,-0.02865412473678589,-0.193864497053982,0.10567169475115934,0.1991744798078274,-0.038205499649047854,-0.17635312398274738,0.2954618982646776,0.6295496282693899,-0.038205499649047854,-0.2559691892570281,-0.09206143727743003,0.7917597406573145,0.39663482297091446,0.36443674310048424,0.0,3573,4305
CATGATGCACAATTCT-1,GSM8576305_EM1_v1,EM,v1,21,69,926.0,761,0.0,0.10872745156288147,1.1398184363047281,1.8535455226898194,-0.037020397186279294,-0.20636836023235003,0.125162268563899,-0.20646206657390548,-0.04113377253214518,0.8259052022298177,-0.21599897812042745,1.8784276191399238,-0.09266046524047851,0.28471958148910337,0.31519374253759425,0.6443040517817937,0.1967151081282957,0.4058474884033203,-0.009951719353275915,4120,2473
CATGCCAACTCGCAAA-1,GSM8576305_EM1_v1,EM,v1,43,21,954.0,736,0.0,-0.1685647964477539,0.9475762144724528,1.4902700233459472,-0.036611945629119874,0.22097953399819806,-0.24375284871747416,-0.1689872646092771,-0.06508789698282878,0.5783417828877766,-0.2192651755036319,0.5610907873658935,-0.06724997838338216,-0.29906972249348956,0.38033293490429,0.15042063380380757,-0.16949345515324518,0.1454702027638753,-0.039367683472171906,1720,4396
CATGCGACCAGTTTAA-1,GSM8576305_EM1_v1,EM,v1,26,98,664.0,528,0.0,0.1989702534675598,1.0440708827972411,1.3891137504577638,-0.027763466835021972,0.505231739818186,0.18285071904758152,-0.14844419245134322,-0.055526930491129556,0.23312008221944172,-0.19677102844850675,-0.021257085930248554,-0.027763468424479167,-0.25333389220946284,-0.11149986297729983,0.7265310874982687,0.3163778351302131,0.4626372470855713,-0.022389892608888688,5573,2906
CATGGGTCGGGTGTGG-1,GSM8576305_EM1_v1,EM,v1,21,85,1003.0,776,0.0,0.11619942784309387,1.0384693050384521,2.1026977348327636,-0.07185516834259033,0.2528477601515941,-0.21585123000606413,0.12774616248326792,0.7643001651763915,-0.31308563232421877,-0.23835108830378607,-0.010752400817925833,0.3433080371220906,-0.26557395352895957,0.3006967309009598,0.5388310898340876,0.2448371510574783,0.30240124257405604,-0.00965795305467421,4921,2472
CATGGTAAGTAGCGTT-1,GSM8576305_EM1_v1,EM,v1,45,73,1999.0,1348,0.0,0.04495459079742431,0.06047768155733746,0.2118209743499756,-0.07471791744232177,0.08157204624801176,-0.03274998906570642,-0.21544956981687619,0.18317097345987954,0.19237820784250892,-0.23498075861595946,0.24116495643172087,-0.16735758463541667,-0.26052666476452685,0.46893440307862305,0.41082693956642913,0.06359035434531526,0.19004875024159745,-0.021679551370682254,4325,4565
CATGGTCTAGATACCG-1,GSM8576305_EM1_v1,EM,v1,26,66,1354.0,948,0.0,0.34611538171768186,0.7441324965159098,1.579758071899414,-0.04568848133087158,0.2473300430952772,0.03943905962227673,0.47262186454352284,0.2835342741012573,-0.29102434794108073,0.14438424527711563,0.3474982933268989,-0.11341370900472005,0.07482289559391125,-0.1432592399627808,0.5306389601661005,0.10437892817600386,0.3246301759084066,-0.00857462517676815,3971,2909
CATGTGGGCTCATCAC-1,GSM8576305_EM1_v1,EM,v1,76,90,43.0,41,0.0,0.0,-0.036356207529703775,1.445792679786682,0.0,-0.0364778001970272,0.0,0.0,0.0,-0.07271241505940755,-0.0182389000985136,-0.05480835305985494,0.0,0.0,0.0,0.0,-0.0364778001970272,0.0,0.0,5182,7265
CATTATGCTTGTTGTG-1,GSM8576305_EM1_v1,EM,v1,26,52,994.0,757,0.0,-0.13364014625549317,1.0607221349080405,1.8163340663909913,0.40857251644134523,-0.1489642726936468,0.04469781537209788,-0.1460220317792773,-0.07210103352864583,0.19939153035481766,-0.170778995373576,1.0365679748436571,0.328460259437561,-0.217774203503467,-0.2219977780997035,0.28668703390739025,-0.16504032556029866,0.26743717447916665,-0.009690999023375972,3269,2911
CATTGCGAAATGGGCG-1,GSM8576305_EM1_v1,EM,v1,36,12,309.0,280,0.0,-0.0640761137008667,-0.09805181503295898,1.4184968185424804,-0.03846454620361328,0.6249287540431538,-0.1599200464064075,-0.06423670546452802,-0.08184006373087566,-0.12369483947753906,-0.046922157440695875,0.3498375405532716,-0.06071734110514323,-0.14358376499160705,-0.0845164180280693,-0.09548239721609733,-0.12184081827119042,-0.1446109619140625,0.7014862537384033,1267,3787
CATTTAGCGGACCATG-1,GSM8576305_EM1_v1,EM,v1,25,85,1218.0,884,0.0,0.10169836640357971,0.7407477760314942,1.2679855108261109,-0.0808974838256836,0.26227621968374604,0.020418605496806463,-0.20570176585873864,-0.0761347516377767,-0.2905497741699219,0.22427901535927253,-0.06175695865683134,0.2960412613550822,0.3667479769771836,-0.1630638766001506,0.5587332919880449,0.1316456596721109,0.316644185702006,-0.026858583573372133,4922,2820
CATTTGAGTGGTACGT-1,GSM8576305_EM1_v1,EM,v1,50,48,1071.0,757,0.0,0.2164178156852722,0.7159712163607279,1.1880728578567505,-0.07007208824157715,0.2731469953339235,-0.29853743891562184,0.1355807760305572,0.3326436360677083,0.6952001921335856,0.1935594735735635,0.7128259914860996,-0.08564365386962891,-0.3367699619277893,-0.1339111328125,0.4695779281564292,0.2731469698175539,0.1024831962585449,-0.01883658286063902,3073,5003
CCAACGATGCACTGAT-1,GSM8576305_EM1_v1,EM,v1,31,37,476.0,400,0.0,-0.1337094497680664,0.5887398544947307,0.7936209774017333,-0.015457122325897217,-0.16405359478698525,-0.32784920354043284,-0.14179250769746632,-0.07213324228922526,0.35709979693094895,-0.16542142529950093,0.6246133579766247,-0.010304748217264811,-0.24939430573857932,-0.0744921596174738,0.24473833132609937,-0.16405359478698525,0.20237672360738124,-0.024930842461124543,2519,3348
CCAAGAAAGTGGGCGA-1,GSM8576305_EM1_v1,EM,v1,52,52,954.0,722,0.0,0.1760817551612854,0.12429065545399981,0.4442786884307861,0.45154732942581177,0.20934209191015066,-0.3159802959811303,-0.14157571051652568,-0.04067993799845378,0.3914963563283284,0.20455617782397145,0.4602891349655556,-0.07322388966878256,-0.2765546132283038,-0.1888504181521006,0.49190390058779787,0.20934209191015066,0.20145109176635745,-0.009841920868042977,3274,5177
CCAAGCGTAACTCGTA-1,GSM8576305_EM1_v1,EM,v1,33,71,1699.0,1118,0.0,0.061062164902687066,1.1157183106740316,1.4124594116210938,-0.1412401008605957,0.2337190461663764,-0.10637893819589223,-0.17090069381216713,0.523268281618754,0.5421318181355794,-0.22937078061311142,0.951845637346803,-0.10496395111083984,0.2582569616386689,-0.21883691075336503,0.28908976775868916,0.06425504800069293,0.25882198810577395,0.3625524163246155,4222,3519
CCAATAGTGCCGTCGA-1,GSM8576305_EM1_v1,EM,v1,34,42,692.0,558,0.0,0.1850340747833252,1.1286711581548055,1.1308741903305053,-0.05475330352783203,-0.15885667577635085,0.1487604593901041,-0.1644293036974761,-0.045627752939860024,0.2509365717569987,-0.19679956850798233,0.6432800025967327,-0.07300440470377605,-0.15405184581097828,-0.10994639262616873,0.6909516007989047,0.3065769180672092,0.3916326506932577,0.0,2770,3609
CCAATGTCACAGCAAG-1,GSM8576305_EM1_v1,EM,v1,37,49,1101.0,820,0.0,0.12256028413772582,0.8539407189687094,1.3969656467437743,-0.09243264198303222,0.27919187221505837,-0.3276572996570218,-0.166708523169496,-0.058200950622558596,0.7819104766845703,-0.2546739610142532,0.8777848768816179,-0.05605999628702799,0.12312041018382613,-0.10208424794147292,0.6076938504817493,0.1390822821503366,0.35153454685211183,-0.018635615225761168,3121,3870
CCAATTACGGGTCGAG-1,GSM8576305_EM1_v1,EM,v1,19,93,1101.0,872,0.0,-0.1673746109008789,1.1675515778859455,2.03692852973938,-0.06932448387145997,0.3573406534715906,-0.23916658278434508,0.11526642631468617,0.22764759381612143,0.5900416437784831,-0.22391111954398776,0.2909933050502057,-0.15405443827311197,0.2527622418231275,-0.2294461506916337,0.29617323873719376,-0.1833619848142898,0.33831927839914955,-0.027953422838641752,5322,2296
CCACAATGTACGTCTT-1,GSM8576305_EM1_v1,EM,v1,29,85,1670.0,1109,0.0,0.3764490604400635,0.6955595413843791,1.3195404529571533,-0.06804692268371582,0.20389442818619335,0.11664469780460479,-0.1923050844579711,0.2117987521489461,-0.36710126241048174,0.20375438597688705,-0.28597404472449656,-0.07747633616129557,0.1834766102603162,-0.2573134947014621,0.7502567894479265,0.5149227629271372,0.2115358552932739,-0.01567901526727984,4923,3169
CCACACTGAGATATTA-1,GSM8576305_EM1_v1,EM,v1,39,49,946.0,718,0.0,0.21040229082107542,0.7471719209353129,1.182307062149048,-0.07669946670532227,0.22880582559600454,-0.24925911811090284,-0.10203486277644795,-0.07345460255940756,0.30265113671620686,-0.21203097850582672,0.5054673179823634,-0.08377946853637695,-0.30072067444583017,-0.2293637746787933,0.5521381697203847,0.21242800338345358,0.268978372891744,-0.019745861330339985,3121,4044
CCACCAACTTTACTGT-1,GSM8576305_EM1_v1,EM,v1,52,40,1061.0,762,0.0,0.21288846254348756,0.8380057032903035,1.116841697692871,-0.0703264045715332,0.3466343616562145,-0.32373351435507497,0.21997511581071935,-0.08028710683186849,-0.19888219197591145,-0.17373167312264842,-0.43895364885953203,-0.08595449447631837,-0.23629325652218247,-0.13180316787168203,0.5716806841443125,0.35447453415912134,0.20502213096618654,-0.018904947465465914,2673,5178
CCACCCAAGGAAAGTG-1,GSM8576305_EM1_v1,EM,v1,37,75,1037.0,776,0.0,0.2069806683063507,0.8231951713562011,1.174266185760498,-0.07094764232635498,-0.20984103607892193,-0.2559708779858005,0.12592775667819164,-0.049448525110880534,0.24671887874603265,-0.22080531806052728,0.7145679662831808,-0.07094764073689779,0.20666759579057198,0.27628793505779714,0.5319817175496273,0.3018841614558412,0.1402304442723592,0.0,4423,3867
CCACGGAGCCATAAGA-1,GSM8576305_EM1_v1,EM,v1,47,27,1925.0,1290,0.0,-0.2006310272216797,0.6764648564656576,1.1456550312042237,0.3282679867744446,0.33493319854821385,-0.04119216297079337,-0.21027525325765586,0.4537560351689657,0.09662938753763839,0.0008211953849962539,0.33423747591893627,-0.13577964782714844,0.2678885178393628,-0.24078617325748305,0.20460646618744704,-0.31112272843070654,0.30837049388885496,-0.022061021097244754,2021,4744
CCACTGGTGGCTGGTT-1,GSM8576305_EM1_v1,EM,v1,39,21,747.0,629,0.0,0.18410229563713074,1.180985385576884,1.210912013053894,-0.06665791988372803,-0.17811338239688937,-0.23910779337729177,-0.14956120082310267,-0.062214056650797524,0.25999657789866126,-0.192864140539265,0.7838702266882069,-0.07110177993774414,0.2322508890466039,-0.14991338951999403,0.660508786709739,0.25735529410001823,0.4037160326639811,-0.021502554416656494,1719,4047
CCAGAAAGCAACTCAT-1,GSM8576305_EM1_v1,EM,v1,52,36,1233.0,901,0.0,0.17516716361045837,0.7950713857014974,1.3887392330169677,-0.022094056606292725,-0.23428694300826974,0.03945188148779799,-0.18658609796586192,0.6701863829294841,0.1934735663731893,-0.20214143325652567,0.5710530010642375,-0.061039822896321615,-0.30062375968718624,-0.18889242578223048,0.6264694442380123,0.26962137501375333,0.2647027699152628,-0.03563557517143988,2473,5179
CCAGATAGTTGAGTGA-1,GSM8576305_EM1_v1,EM,v1,28,84,1869.0,1205,0.0,0.029709646701812753,0.7655085802078248,1.1942155170440674,-0.07394104957580566,0.48284626538671116,0.0401220266720117,-0.23429111490273535,0.28957872549692787,-0.022689053217569977,0.03914008119300327,0.3490871366458409,-0.14991924285888672,-0.34840990549110507,-0.22265335450689477,0.4095978108381474,0.033763680038111976,0.2094215148289999,-0.014907471595271941,4873,3082
CCAGCCTGGACCAATA-1,GSM8576305_EM1_v1,EM,v1,37,65,1300.0,911,0.0,0.19539444923400878,0.6992715605099996,1.4024154663085937,-0.054060959815979005,0.19634206159457715,-0.317168451124622,0.38065521161359056,0.2739088757832845,0.2567573197682698,-0.2537333510791179,0.40036076123305386,-0.08562844594319662,-0.2570685880729951,-0.152727946698905,0.4348519111431089,0.2751839541006779,0.04577529525756835,-0.017439019295477098,3922,3868
CCAGCTGATGGTACTT-1,GSM8576305_EM1_v1,EM,v1,37,21,381.0,332,0.0,-0.08768301963806152,0.3139686401685079,0.927723159790039,0.5783632850646973,0.47344915869509757,-0.10933101561761671,-0.0879027765795103,-0.06609866460164388,-0.18209129333496094,-0.15179671730883545,0.2728408589606138,-0.04406577428181966,-0.21042689740897183,-0.07067673464855516,0.3126203363126192,-0.08842630928575394,0.4555855452219645,-0.013326343028776107,1718,3873
CCAGGGACGTGGCCTC-1,GSM8576305_EM1_v1,EM,v1,27,53,672.0,554,0.0,-0.11391061782836914,0.8262178659439087,1.009068503379822,-0.10008501052856446,0.28643799519193347,0.13743922677457604,-0.1211262179496593,-0.05530241012573242,0.27470982233683267,-0.22162373010131428,0.6204611394187998,-0.0737365468343099,-0.25178967518021306,-0.1745392826187563,0.24109211999570743,-0.18366332038190453,0.21639653905232745,0.0,3320,2998
CCAGTAGTCTGATCCA-1,GSM8576305_EM1_v1,EM,v1,27,91,1587.0,1087,0.0,-0.14894717216491699,0.8318217960993448,1.3221271228790283,-0.0758034086227417,-0.1848354530972382,-0.030953162276799784,-0.1443379050806949,0.2186842171351115,0.12551188786824546,-0.2502251054132264,0.07283697381604937,0.7353786754608155,-0.3275454724170118,-0.18863166288199673,0.2810453740949276,-0.20478236475915812,0.35421428966522217,0.38959137681991823,5223,2994
CCAGTCAAATCTCTTA-1,GSM8576305_EM1_v1,EM,v1,42,8,321.0,289,0.0,0.37307818174362184,-0.10411484400431315,0.8640963602066041,-0.05205741882324219,-0.10446305418492959,-0.1286771297454834,-0.06958385936000891,-0.011568315823872884,-0.14333627065022786,0.43686592485859504,-0.23692891106533645,-0.06940989812215169,-0.14642602085588446,-0.08634716631418252,0.324426623504278,0.4739527370087146,-0.12764771270751954,0.0,1068,4310
CCAGTCTAGACGGCGC-1,GSM8576305_EM1_v1,EM,v1,24,86,990.0,747,0.0,-0.15844852447509766,0.5890484921137492,1.6227814292907714,0.4453016710281372,-0.16757232768081104,-0.3119583437519689,-0.15884563857152648,-0.08825798670450846,0.13064691066741946,0.19609725741106798,0.7812526090831442,-0.07221108118693034,-0.22826293577630835,-0.09666811318761373,-0.1283239457532123,-0.1836729017787155,-0.309462646484375,0.0,4972,2733
CCAGTTCGGTAACTCA-1,GSM8576305_EM1_v1,EM,v1,73,89,98.0,97,0.0,-0.023175625801086425,-0.12360332489013671,0.4635125207901001,-0.023175625801086425,0.6950104090415249,-0.09345010019117786,-0.03485056511441568,-0.015450417200724284,-0.11044718424479166,0.7570187691993672,0.5922844784771549,-0.061801668802897135,-0.07445984193120136,-0.07445984193120136,-0.03984348275258411,-0.12401671393659203,-0.07416200256347656,-0.018690020807327762,5131,7003
CCATAACCTGTGCAGT-1,GSM8576305_EM1_v1,EM,v1,51,5,304.0,281,0.0,-0.052848896980285644,-0.15267457326253256,0.3565683102607727,-0.01761629819869995,-0.14140171829274664,-0.12786023078426237,-0.06181157621225916,-0.0469767951965332,-0.08940104802449544,-0.09426782282698513,0.7696660165725128,-0.0587209955851237,-0.17524371472707234,-0.11319710451915083,-0.09085769981231252,-0.14140171829274664,-0.11274431610107422,-0.028413384191451535,920,5095
CCATACCTTTACTTGT-1,GSM8576305_EM1_v1,EM,v1,30,102,547.0,451,0.0,-0.13413188934326173,1.2215646680196126,1.5868761825561524,-0.07397870063781738,0.3466185962608958,-0.25350167674403035,-0.1270516570050615,-0.01972765286763509,-0.1896356201171875,-0.22332179347009562,0.1507264176291352,-0.059182961781819664,-0.23810384359704442,0.4848724300124081,0.3660466594135864,-0.14657272542998145,0.4189551690419515,-0.011932048105424451,5775,3254
CCATGCCTGTTTAGTA-1,GSM8576305_EM1_v1,EM,v1,35,53,1154.0,851,0.0,-0.18006326675415038,0.3110049796104431,0.3953011226654053,-0.06805692195892334,-0.22664399928472512,0.12447017568597046,-0.19188579282067472,-0.12099007924397787,0.739163179397583,-0.25007348714464883,0.4107354572156481,-0.08744755427042643,0.1622094730775519,-0.1483415657257938,0.07302233781718934,-0.2266440248010948,0.08937897078196211,-0.009147435426712036,3321,3695
CCATGGCCCTTGTACC-1,GSM8576305_EM1_v1,EM,v1,32,22,1225.0,936,0.0,-0.14879058837890624,0.9493503602345785,1.584910650253296,-0.0807172679901123,0.5102584809895476,-0.2804313475085843,0.10393267339632326,-0.06857953389485677,-0.2625621795654297,0.16566876118531326,0.5653644419366819,0.26896140575408933,0.39967855334760677,-0.2097338634322446,0.20748668063677483,-0.1695770340220984,0.2703859376907349,-0.008932268427264306,1768,3437
CCATTAGCGATAATCC-1,GSM8576305_EM1_v1,EM,v1,32,42,635.0,515,0.0,0.21031208753585814,0.24075764218966167,0.3542251253128052,-0.0704570198059082,-0.18560664709595134,-0.2794171610186177,-0.14939217818410774,-0.046971346537272134,0.2967875655492147,-0.1314508444489444,0.21482287476752532,-0.08454842249552409,-0.160862076234626,-0.06791038206782207,0.6532893450690546,0.24640405696371329,0.32555091190338137,-0.011364035068019744,2769,3435
CCATTCCCTGCCCACA-1,GSM8576305_EM1_v1,EM,v1,33,39,365.0,324,0.0,-0.07698004245758057,0.7093732221921285,1.1081821584701539,-0.03346292734146118,0.43009007641570085,-0.15552902221679688,-0.06878627691053807,-0.08923447291056315,-0.2298400115966797,-0.10661742679251476,0.19335119226213332,-0.07808016459147135,-0.10816581756714358,-0.08063356177395127,0.2917043777625677,-0.12762537927531878,0.4034306656519572,-0.013493115863492411,2619,3522
CCCAAACATGCTGCTC-1,GSM8576305_EM1_v1,EM,v1,34,88,1708.0,1162,0.0,0.28364065766334534,1.083044573465983,1.8226690292358398,-0.06737322807312011,0.19973029354078448,-0.05590482186611895,0.03770233167890916,-0.11240145365397135,0.056572349866231275,-0.271450693392036,0.3085532078876482,-0.06828103383382161,0.36029167730645484,0.21243446275412317,0.4932746699341389,0.41558886358437597,0.2946294660568237,-0.015523784583614718,5074,3604
CCCAACATACGTCGCG-1,GSM8576305_EM1_v1,EM,v1,43,35,1138.0,830,0.0,-0.14561060905456544,0.6314095656077068,0.8598294973373413,-0.04562180995941162,-0.17269193209134615,-0.37098075497534966,-0.15169257448430648,-0.09124361038208008,0.12187692483266194,-0.1911797539446266,0.6656224729342164,-0.0836399777730306,-0.2892483630812312,-0.2759616959047126,0.2809855662136843,-0.20320818336512333,0.2108863083521525,-0.018395891112665975,2421,4394
CCCAATTTCACAACTT-1,GSM8576305_EM1_v1,EM,v1,39,33,1136.0,825,0.0,0.15980559587478638,0.5406433351834615,1.50902907371521,-0.05706674575805664,0.17639314543576276,-0.2699253636021768,0.08491189953378567,0.7131005477905273,0.41273983637491857,0.5639402972681732,1.5392350993050317,-0.08036094665527344,0.2660265930206422,-0.1400836806699454,0.6160336886572633,0.27770100655231456,0.27491188844045006,-0.018408627279343143,2320,4046
CCCAGTAAACTTGGGA-1,GSM8576305_EM1_v1,EM,v1,52,12,5896.0,2678,0.0,-0.16344184875488282,0.18967718879381817,0.5077125072479248,-0.16390518188476563,0.3298778690754902,-0.2284822617807696,-0.08893779754862749,-0.22339266459147136,0.170735502243042,0.2605194915231388,-0.26990700260136335,-0.1937350845336914,-0.061421205767665965,1.1804228223471278,-0.1991530585084057,-0.2236304649939904,-0.20102529907226563,-0.08110946993674001,1270,5181
CCCAGTTAAGGCGCCG-1,GSM8576305_EM1_v1,EM,v1,42,82,1359.0,1002,0.0,0.04672778487205506,0.8736545483271281,0.7976532363891602,-0.03184891700744629,-0.1941857609063088,0.040777352548414636,0.05682262479512015,-0.115345458984375,-0.2546807098388672,-0.27409600095206677,-0.46085971084671407,0.2647366762161255,0.5882189750671387,0.3276219942483557,0.46710985540318967,0.12418506682384242,0.2796661418279013,-0.008561537150413759,4775,4302
CCCGAAGTTTCGCGAA-1,GSM8576305_EM1_v1,EM,v1,45,11,1773.0,1220,0.0,-0.1799787712097168,0.8964401435852051,1.3975834035873413,-0.06625975131988525,0.09093431266255203,-0.03888308013089792,0.06095681195719199,-0.08187403361002604,0.020330604712168354,-0.27067070900397155,0.3360928633361948,0.5406493584314982,0.07192250111974385,-0.2596283265385762,0.24315358361063852,-0.23725143483649927,0.27065469582875573,0.35572629820915963,1219,4571
CCCGACCATAGTCCGC-1,GSM8576305_EM1_v1,EM,v1,20,74,1033.0,795,0.0,-0.1443618679046631,0.9397945117950439,1.7544462203979492,-0.08289482116699219,0.2835205400003372,0.09101635849420922,-0.1447236770974066,0.4211727730433147,-0.23736175537109375,-0.2057337043277396,0.06480990103141748,-0.0947369384765625,0.11636549248752825,-0.13575554660046435,0.3327227159694136,-0.21298710239372126,0.45976164309183754,-0.028650283813476562,4370,2386
CCCGGTGTATCGGAAT-1,GSM8576305_EM1_v1,EM,v1,53,17,6661.0,3424,0.0,-0.21707117080688476,0.5479111886024475,0.6523757648468017,-0.19935070037841796,0.20476237401249947,-0.3093220803045457,-0.27063978764048796,-0.22307889302571615,0.3168145132064819,0.11141543058780257,0.7823751042921253,0.07964379707972208,-0.06720326607485849,0.3236492620414519,-0.005402676013957469,-0.26255982057705374,0.05059722264607747,-0.06654201015349358,1521,5268
CCCGTAAGTCTAGGCC-1,GSM8576305_EM1_v1,EM,v1,40,28,1083.0,809,0.0,0.14935230016708373,0.9655214770634969,1.8867615127563475,-0.09624237060546875,0.29390985418189997,0.037267515736241486,-0.13588288194852366,-0.031009031931559246,0.44477009455362954,-0.21936359214144804,1.103491982366229,-0.1317883809407552,-0.3384469886381463,-0.17746131008408633,0.6203022368657897,0.15347063395224816,0.40737888526916505,-0.018755462861830188,2070,4134
CCCGTAGCTGGGAAGA-1,GSM8576305_EM1_v1,EM,v1,57,39,786.0,603,0.0,0.5615045881271362,-0.2807682800292969,0.9028169631958007,-0.06547618389129639,0.19859737789086007,-0.28993052821005544,-0.16257237790521226,-0.03710740407307943,-0.24526931762695312,0.224442219787351,-0.38038416723510127,-0.0807581901550293,-0.23729310552757907,-0.13148847832737198,0.2938728682632774,0.7378785405536425,-0.24570635986328124,-0.010560675013449884,2624,5614
CCCGTCAGCGTCTGAC-1,GSM8576305_EM1_v1,EM,v1,23,51,691.0,560,0.0,0.1801000130176544,1.0213799715042113,1.1499149084091187,-0.04108526706695557,0.4395209516304127,-0.21070951031100366,-0.15581919734639332,-0.1186907704671224,0.8673845767974854,-0.15987315863669915,1.0116341947567866,-0.0639104143778483,0.2718819876751268,-0.0550003549660066,-0.11478828495757969,-0.1475609361527357,-0.21997988891601564,-0.04417770524178782,3219,2650
CCCGTGAGGGCGGTGA-1,GSM8576305_EM1_v1,EM,v1,44,4,175.0,169,0.0,-0.040629029273986816,0.39951878786087036,1.0858170413970947,0.7719515562057495,-0.09511812395076688,-0.11467870589225523,-0.04073085641502438,-0.04062903086344401,-0.06771504720052084,-0.08152982144052767,0.5191649086425737,-0.013543009757995605,-0.03263375845300146,-0.01631687922650073,-0.011641555665898801,-0.08152982144052767,-0.11376127624511718,-0.01638267309434952,868,4485
CCCTATGTAGAGCAGA-1,GSM8576305_EM1_v1,EM,v1,60,24,651.0,541,0.0,-0.11241706848144531,0.6466459027926127,0.95360924243927,-0.06987248420715332,-0.11659869701168608,-0.20262238287156628,0.23666361743644965,-0.0558979860941569,-0.19346176147460936,-0.15708465321008178,-0.32902308325072627,-0.0652143160502116,0.2944188102660888,-0.0673469711977794,0.2510682322234342,-0.11659869701168608,0.25363554700215657,-0.011269755901828889,1873,5877
CCCTGAAATGAGTTGA-1,GSM8576305_EM1_v1,EM,v1,31,39,436.0,380,0.0,-0.10487975120544434,0.3539114205042521,0.7711236381530762,-0.031753745079040524,-0.11681979635487431,-0.24131002733784337,-0.09718427920998786,-0.021169163386027017,-0.19989835103352865,-0.1721672900145668,-0.31193222352607763,-0.05292291005452474,-0.22379022621246705,-0.11477257448985395,-0.10393464052916256,-0.12743977320234115,-0.22667805480957032,0.0,2619,3348
CCCTGACTAACAAATT-1,GSM8576305_EM1_v1,EM,v1,38,12,496.0,430,0.0,-0.08064393043518066,0.9897256406148275,1.8521541118621827,0.6984992122650147,-0.12473350703516932,-0.15738368803454983,-0.08849560348013588,-0.030521736145019532,-0.2058219273885091,-0.1895483648497923,0.5104518049668684,-0.0915652084350586,-0.23836105224119133,-0.10074949456027234,0.22322695849618118,-0.12473350703516932,0.34036228942871094,0.0,1268,3961
CCCTGCCCAATCCGCT-1,GSM8576305_EM1_v1,EM,v1,41,19,979.0,753,0.0,0.13612079739570618,1.2842000198364258,1.2950784969329834,-0.02417207956314087,0.461188104771983,-0.22175636599140783,0.12358836176102622,-0.0805735969543457,0.49941017468770343,-0.28613671650455946,1.0699084214144103,-0.056401519775390624,0.3880346723349697,0.35724198387329836,0.7329126849215488,0.25343920727371505,0.5857536703745524,-0.02924041978774532,1619,4222
CCCTGCGCTACGCATA-1,GSM8576305_EM1_v1,EM,v1,34,24,881.0,689,0.0,0.22759963274002076,1.1100105079015097,1.4672985935211182,0.4617783069610596,-0.15790782405381218,-0.21390031999157322,-0.1496137078842125,0.335162099202474,0.8068728510538736,-0.17771921827641618,0.8501312546137846,-0.04189526240030925,-0.2849027641327027,-0.11366543903887033,0.6949714497372209,0.3718617520603448,0.4072616421381632,-0.020271901161439957,1868,3611
CCCTGGCTGTTCCTTC-1,GSM8576305_EM1_v1,EM,v1,47,5,272.0,249,0.0,-0.06625105857849121,1.2770335483551025,1.7214030456542968,-0.05447062492370605,-0.024290132682060317,-0.10249847750509938,-0.06641710133182076,0.6052291393280029,-0.1255779520670573,-0.12145066022075539,0.2598780555341711,-0.03631374994913737,0.5895335741311192,-0.05833533873040992,0.3498710023297963,-0.03643520061786358,0.5180761470794678,0.0,919,4746
CCCTTTGACAGGTCTT-1,GSM8576305_EM1_v1,EM,v1,50,56,1583.0,1029,0.0,0.1679426085948944,0.6277114264170329,0.96070387840271,-0.052867259979248044,0.4312226886600422,-0.04230441036312266,-0.19676036404487782,0.23882599830627438,0.010637420018513977,0.3887529367853035,0.24079488561209889,0.3491879526774089,0.08704845129725447,-0.19432754210200176,0.42551660025358884,0.23469208833764627,-0.008227081934611025,0.0,3474,5002
CCGAACACTGGGCCTC-1,GSM8576305_EM1_v1,EM,v1,44,18,872.0,683,0.0,0.2587596869468689,0.9316768296559652,1.9106362628936768,-0.012615782022476197,0.35144408517325065,-0.24540964249641664,-0.14483209480916648,-0.033642085393269856,0.2334516223271688,-0.1984641161252025,0.4149304829479034,-0.08410521825154622,0.34315695513683153,-0.08106526600787917,0.599513642425865,0.3683213775639018,0.1871723229090373,-0.020348035520122897,1569,4483
CCGACAAAGGGAGTGC-1,GSM8576305_EM1_v1,EM,v1,33,21,848.0,683,0.0,0.17723140001296997,0.9339038340250652,1.5398957824707031,0.4842825078964233,0.5723200285580909,-0.18156819189748458,-0.14172983767095962,-0.08082084019978841,0.19084287325541177,-0.17428923131630172,-0.08196644156593602,0.30368505160013837,-0.22343973366610975,-0.1561690947138162,0.17897707907040003,0.26210392039755115,0.24469357109069825,0.0,1718,3524
CCGACGGGCATGAGGT-1,GSM8576305_EM1_v1,EM,v1,54,26,1460.0,1043,0.0,0.13709322333335877,0.5934877848625183,1.255075454711914,-0.08241705894470215,0.23984501553219698,-0.3059025118427892,-0.20970245590783598,-0.10511241277058919,0.07300286293029784,-0.28179895917707465,0.0722119926293806,0.24306895891825356,-0.31166913135942204,0.6834988291483807,0.3715440031450594,0.25362713400735504,0.03170735104878741,-0.041540853438838836,1972,5354
CCGATTCGAGGGACCC-1,GSM8576305_EM1_v1,EM,v1,38,20,508.0,433,0.0,-0.12397727966308594,0.3009914326667785,1.035014715194702,-0.015147053003311158,0.37433437559516936,0.6359789426425635,0.27716585411164996,0.4140194463729858,0.3678455305099487,-0.11592265355547136,0.37483078237069395,-0.010098035335540772,0.36216656577635,-0.06083153720840393,-0.1295476656588579,-0.1406992016029996,-0.2640833435058594,-0.024430730650501865,1669,3960
CCGCACAAAGACCAAC-1,GSM8576305_EM1_v1,EM,v1,36,76,1093.0,778,0.0,0.1905629289150238,0.8965866072972616,1.9915406608581543,-0.034760820865631106,0.1863626017086748,-0.2984506237891413,0.24442639035688607,-0.038623135884602866,0.08482862790425622,0.19225544142749665,0.32545619000656006,-0.07724627176920573,0.13811010146236802,-0.19129723238657756,0.49828424084835543,0.27236494930292854,0.11283012835184736,-0.009344306684309436,4473,3780
CCGCCGGAACTTCTCG-1,GSM8576305_EM1_v1,EM,v1,54,12,2216.0,1487,0.0,-0.17593246459960937,1.120711359977722,1.5096384239196778,-0.07681692600250244,0.38523069671962573,-0.3232813189106603,-0.1977649392340715,-0.14993726094563803,-0.3327459462483724,0.1853091704805559,-0.0982461384706847,-0.140550537109375,0.10427045860443729,-0.34107796542615776,0.2245847506816886,-0.2184993016679949,0.3348508367538452,-0.03441618719408589,1271,5356
CCGCCTTGCGATGTCG-1,GSM8576305_EM1_v1,EM,v1,43,7,377.0,337,0.0,-0.08287755012512207,0.8746345361073812,1.20177387714386,-0.11602856636047364,-0.06652378477779121,-0.11238082762687437,-0.09139378865559895,0.5060662380854288,-0.13485345204671223,-0.12873099081492345,0.2635072472278625,-0.044201358159383135,-0.12798955833098016,-0.06656831335351171,0.4592926220429319,-0.06652378477779121,0.6333112786610922,-0.013367346217555384,1018,4397
CCGCGATTTGGTAGGT-1,GSM8576305_EM1_v1,EM,v1,39,9,190.0,180,0.0,-0.08135221481323242,0.9557131560643514,0.5172538447380066,-0.019910690784454347,-0.02663637563137705,-0.09634204833738265,-0.07157580535812187,-0.06636896769205729,-0.0929165522257487,-0.07990912370458494,0.5630700285282395,-0.039821383158365885,-0.07996261167717746,-0.03198504543687445,0.4178963078127208,-0.03995456504183868,0.5681183808644613,0.0,1118,4049
CCGCGGAATGCGTCAC-1,GSM8576305_EM1_v1,EM,v1,51,45,780.0,595,0.0,-0.13780274391174316,0.14146331469217935,0.7204516601562501,-0.052523078918457033,-0.18743069753997701,-0.2981125000984438,0.1835392943599768,-0.07878461837768555,0.2766812054316203,0.2295500405523158,0.09878724697931845,-0.028449201583862306,-0.22951556592581263,0.3854866012511962,-0.08765949150894296,-0.18743069753997701,0.14196472422281903,-0.03176799128132482,2923,5091
CCGCGGGTACGAAGAA-1,GSM8576305_EM1_v1,EM,v1,32,26,961.0,710,0.0,0.15488340497016906,1.057699877421061,1.9665410900115967,-0.07302372455596924,0.3058669504646208,0.11923771190203827,-0.15585707662099585,0.3326636457443237,0.12631934007008871,-0.16906347880794054,0.7234499493863884,-0.048682483037312825,-0.33548203433852597,-0.1492376825416902,0.5597018128138217,0.18533609211112612,0.2773378756841024,-0.019630034123697588,1968,3437
CCGCGTAGGTAAGGGC-1,GSM8576305_EM1_v1,EM,v1,30,22,353.0,304,0.0,-0.07870673179626465,0.7804772631327311,1.515742254257202,-0.016892818212509157,0.5627571191543188,-0.09536267865088678,-0.09583914429322819,-0.04730068842569987,-0.14193035125732423,-0.11751685254151208,-0.22410692761291812,-0.05630939483642578,0.5590205033620199,-0.07055730704801629,0.29647138458609923,-0.12655568202602424,0.45497991148630773,-0.013623240493958997,1767,3263
CCGCTATCAGCACCAG-1,GSM8576305_EM1_v1,EM,v1,45,63,1220.0,870,0.0,-0.18633638381958006,0.406178998152415,0.6815456438064575,-0.08875388145446778,0.4140253041766027,-0.3193403982347058,-0.18124236678121083,0.28105395476023354,-0.26669835408528647,0.5212570743815954,-0.22811835957189647,0.3106385850906372,-0.24125423201595445,0.2833708397355903,0.19613259287823237,-0.18442629810958402,0.16810524972279867,-0.01789392771259431,3824,4566
CCGCTTACCTCACTCT-1,GSM8576305_EM1_v1,EM,v1,47,35,1119.0,833,0.0,0.2142384386062622,0.5897933530807495,0.8449573945999146,0.40183846950531005,0.17342006881101474,0.14005199885038738,0.07357830122897499,-0.10715690612792969,-0.27756383260091144,-0.1829828498355521,-0.09862009570141617,-0.11143370310465495,0.2240701614134762,-0.18701168810986132,0.777774083580192,0.34838931350537905,0.39852825673421227,0.431467112418144,2422,4743
CCGGAAGTGCAATATG-1,GSM8576305_EM1_v1,EM,v1,75,105,0.0,0,,0.0,0.0,0.0,0.0,0.0,0.0,0.0,0.0,0.0,0.0,0.0,0.0,0.0,0.0,0.0,0.0,0.0,0.0,5933,7176
CCGGCGTGAGACTCTG-1,GSM8576305_EM1_v1,EM,v1,47,11,1176.0,894,0.0,0.11468923449516297,0.9753496901194254,1.7567712593078615,-0.056291241645812985,0.36564971823889014,-0.26551114359209615,-0.18007311904639528,0.42174758593241374,-0.3028745524088542,0.17411066523629556,-0.2216099246491311,-0.07718532562255859,0.15022067315128435,-0.2312025506812406,0.5341745451050024,0.18370807356924784,0.30088111241658533,-0.03631692932498071,1219,4746
CCGGGCGGTCTCGTCA-1,GSM8576305_EM1_v1,EM,v1,32,76,1771.0,1145,0.0,0.14931904315948485,0.7931733242670695,1.3501136112213135,-0.12926553726196288,0.16497180440619907,-0.015464005931731195,-0.19309896215759123,0.2272913360595703,0.09628634770711264,0.09665271975390755,0.3196835124227355,-0.11569547017415364,0.04883682526737815,-0.20019601722318964,0.5509950380270665,0.22289706233353118,0.1331408767700195,-0.015274955380347467,4473,3431
CCGGGCTGCTCCATAC-1,GSM8576305_EM1_v1,EM,v1,36,86,996.0,761,0.0,-0.18789829254150392,0.6491886806488036,1.1828025341033936,0.3962540245056152,0.2901181122132368,0.09513929362670615,-0.18235031166172266,-0.08436331431070963,0.12298677285512288,0.1618187500614519,0.04092629761979971,-0.08005131403605144,-0.273000112020347,-0.16915570301224428,-0.1136646434707423,-0.22813367046241378,-0.23634812927246093,-0.00968362727472859,4974,3779
CCGGGTTCGAGGTTAC-1,GSM8576305_EM1_v1,EM,v1,38,32,797.0,617,0.0,-0.16075498580932618,0.6844892199834187,1.0492506217956543,-0.02606168985366821,0.2533439057593627,0.06848742994844642,-0.17422139256221608,-0.08687229792277018,0.22149766445159913,-0.21494229421966451,1.2833943794891294,-0.0694978396097819,-0.2676515694124153,0.3956352955844986,0.29189817176165755,-0.18973388161547608,0.24222639624277748,-0.021017491817474365,2270,3959
CCGGTTTGTAATTGTG-1,GSM8576305_EM1_v1,EM,v1,56,42,821.0,651,0.0,-0.13267822265625,0.4562089172999064,0.8410373783111572,-0.06446802139282226,0.32161705735800916,-0.32431322528469947,-0.14593666478207237,-0.03438294410705566,0.24061644236246743,-0.17174364172894022,0.7873564759177093,-0.08595735549926758,-0.2646298389358214,0.4121810826910547,0.2403577139179481,-0.24531100984401127,0.2584064966837565,0.49494802605721255,2774,5527
CCGTAAGTTGGTCCCA-1,GSM8576305_EM1_v1,EM,v1,33,77,1417.0,978,0.0,0.06413145184516908,0.6967221156756083,1.4947936916351319,-0.03444383144378662,0.12473275257459321,-0.3108249787361391,-0.20764062637673283,-0.07164898554484049,0.05851013342539474,0.11176865063649224,0.1391412768531684,-0.13214890797932943,0.18284233449453335,0.24922790240092452,0.5896755941959371,0.11775428063361809,0.3944894847869873,-0.01936372826176305,4523,3518
CCGTATCTCGTCGTAG-1,GSM8576305_EM1_v1,EM,v1,53,27,1578.0,1097,0.0,0.1365640127658844,1.0180415439605712,1.3213672828674317,-0.0797179412841797,0.24677076294536443,-0.020098853221137414,0.12609721208574778,0.21714911142985027,0.7173979059855143,-0.31788497465510035,1.0679965097957265,-0.11459149678548176,0.03342197372252681,-0.13856503283642382,0.4629751146693626,0.25343614903049194,0.20498821989695232,-0.03214433116297568,2022,5267
CCGTGTTAAATTCCAT-1,GSM8576305_EM1_v1,EM,v1,48,36,649.0,513,0.0,-0.1368208122253418,1.087662286758423,1.3207418203353882,-0.06994471073150635,0.30065366350022976,-0.28315922521775766,-0.13015172475561462,-0.03730384508768717,0.32148863315582277,-0.19414285513070914,0.5062864242657773,-0.027977883021036785,0.3136458214985798,0.503377185767913,0.43769344217797745,-0.17500158456655648,0.41984665679931643,-0.011281404764421524,2472,4830
CCGTTACGTTAGAACA-1,GSM8576305_EM1_v1,EM,v1,20,88,416.0,361,0.0,-0.1119707202911377,1.314540719985962,1.5610583925247192,0.5635723114013672,0.4074881818382238,-0.13689005759454542,-0.10418013761515606,-0.03220413208007813,0.4905536286036173,-0.1422687135013848,1.2753571074212615,0.46159255981445313,-0.20210894236124186,-0.11910319041056805,0.30104865590617447,-0.12924735282974498,0.40094059753417965,-0.01298553712906376,5071,2384
CCGTTCCGAATCTCGG-1,GSM8576305_EM1_v1,EM,v1,40,22,843.0,689,0.0,-0.15863461494445802,1.1293777561187743,1.3114223766326905,-0.05108615875244141,0.39573913487037826,0.14067439769270232,0.16665806626915036,-0.08514359792073568,0.32572189966837567,0.35153896487011693,0.12080620658200841,-0.13840807596842447,0.7597487024514071,-0.13860642766378012,0.2824153626887368,-0.1410809009768891,0.43453824869791663,-0.030898886342202465,1769,4134
CCTAAATTAACGGTTC-1,GSM8576305_EM1_v1,EM,v1,42,68,1905.0,1235,0.0,0.32307860136032107,0.4540189321835836,0.9683508920669556,-0.059903316497802735,0.05015688762484055,-0.006914621124619158,-0.001100685027308923,0.18733407258987428,0.033582819302876765,-0.2769405403264789,0.3830427839357221,0.19343165000279747,0.9413823100936461,-0.22075453915270457,0.6493955158914058,0.4592349949223275,0.04675032520294187,-0.029556072527362455,4074,4304
CCTAACTAAGGCTCTA-1,GSM8576305_EM1_v1,EM,v1,21,93,630.0,546,0.0,-0.16231464385986327,0.7956242974599202,1.5222185373306274,-0.028257155418395997,-0.09804500465010321,-0.18052484143164851,-0.14855746697064928,-0.08477146784464518,0.27683368364969885,-0.13896057996462818,1.0139747586767192,-0.08477146784464518,-0.18010497188951116,0.35554868820680674,0.38454283692775276,-0.12639665125205765,0.4795581007003784,-0.022788028563222578,5322,2471
CCTACATTCACAGACG-1,GSM8576305_EM1_v1,EM,v1,51,33,1155.0,850,0.0,-0.1533454990386963,0.7375275993347168,1.564795446395874,-0.04535574913024902,0.11933118895676353,-0.3652085950297694,-0.1309951074738849,-0.037796459197998046,0.2299322509765625,0.5661991490435307,0.3875081102709418,-0.10040409088134766,-0.29599446369462223,0.25062048387335967,0.19319080691624507,-0.2738025371844952,0.16769816080729166,0.4169802742619668,2322,5092
CCTACTGCTTACACTT-1,GSM8576305_EM1_v1,EM,v1,27,49,689.0,557,0.0,-0.11264473915100098,0.6757591263453165,1.4255537319183351,0.0,0.49758798315905145,0.19823135648454937,-0.11292705679298344,-0.04569548924763998,0.32042983690897625,-0.20845230765964673,0.87299236289392,0.3747029972076416,-0.2727939038870325,-0.07972888869932857,-0.12483346496407145,-0.17535446320090406,-0.16996287536621094,-0.02211071983460457,3119,2998
CCTAGGCGTAGCGATC-1,GSM8576305_EM1_v1,EM,v1,36,88,1532.0,1039,0.0,0.1544879949092865,0.8600291077295938,1.4353047466278075,-0.07064931392669678,-0.2381904627567151,-0.3397726551178963,-0.16620548028396187,-0.1084432601928711,0.13032943407694497,0.11373236187325672,0.24310569975415497,-0.10092756907145183,-0.3396828586317928,0.17076085178727607,0.5306836592092213,0.20439223767390088,0.26503213914235435,-0.0162786437619117,5074,3779
CCTAGGTAAAGGTAGC-1,GSM8576305_EM1_v1,EM,v1,51,11,5831.0,3149,0.0,-0.22143539428710937,0.5697605991363526,0.5862127780914307,-0.2116175651550293,0.17564712665817278,-0.1789849993820015,-0.24119590816641212,-0.21743273417154949,-0.16244770169258116,0.20910465757185004,-0.48299051409390703,-0.04359256863594055,-0.15980483839310797,0.7418479050019658,-0.025324134994031355,-0.3082148319104045,0.024613069852193192,-0.06838594713518696,1220,5094
CCTATACCGTCCTGTC-1,GSM8576305_EM1_v1,EM,v1,55,45,1721.0,1152,0.0,0.058309252262115474,-0.06307591517766314,0.09926393985748294,-0.09558490753173828,-0.24282191349909857,-0.2579810388626591,-0.18521728133199208,-0.09158522288004557,0.11878127098083494,0.09657155842818277,0.06975852202273747,-0.1298482386271159,-0.25461432828481895,0.2178977112214728,0.06395779998391268,0.06076180868457126,-0.2405693817138672,-0.04890224241441296,2924,5439
CCTATATCGTGTCACG-1,GSM8576305_EM1_v1,EM,v1,60,10,958.0,799,0.0,-0.1291276264190674,0.4462564341227213,0.7028409385681152,-0.060924434661865236,-0.13691301888048052,0.16445976907756474,-0.12945125455545603,-0.12184886932373047,0.15364631652832034,0.20741873946344044,-0.11672524796572847,0.29243728637695315,-0.27385203043619794,-0.17616703998611635,0.12447952199460441,-0.16951471028918008,0.2531962076822917,-0.049132608598278414,1172,5879
CCTATCTATATCGGAA-1,GSM8576305_EM1_v1,EM,v1,19,77,720.0,619,0.0,0.20238619923591614,0.15402655720710753,0.9614641618728638,-0.08101845741271972,0.31109909322881113,-0.2233639378701487,-0.12876106204843163,0.40509227593739827,0.25227296352386475,-0.18306109578314433,0.4065286040049359,-0.07201640446980795,0.34501681825722086,0.4398639037427175,0.23189275218627514,0.31109909322881113,-0.21077456665039063,-0.010889577288781442,4520,2298
CCTATGGCTCCTAGTG-1,GSM8576305_EM1_v1,EM,v1,62,24,567.0,471,0.0,-0.10907243728637696,-0.20393255869547525,0.28580007076263425,-0.04387698173522949,0.3318226492923239,-0.1351680447978358,0.23430223296160685,-0.0802233632405599,-0.21051971435546876,-0.12189566570779552,0.17258309239718184,-0.0975044059753418,-0.22755583797592716,-0.12922270135228414,-0.09219613936022565,-0.14591630406204276,-0.15748776245117188,-0.011794887242778655,1873,6052
CCTATGGGTTACCGTC-1,GSM8576305_EM1_v1,EM,v1,29,69,1091.0,825,0.0,0.36821900367736815,0.984584984779358,1.84189733505249,-0.06957118034362793,0.3600337094686502,0.05708249702980989,-0.21788311721687031,-0.09490394592285156,0.26802321592966716,0.20068919618791561,0.4096615425734236,-0.08503143310546875,0.1866315366752655,0.22839142596386522,0.644229178100739,0.5402714687844982,0.34204343922932945,-0.00935096509994999,4121,3171
CCTCACCTGAGGGAGC-1,GSM8576305_EM1_v1,EM,v1,28,102,319.0,283,0.0,0.3563464832305908,1.1485389645894368,2.174585952758789,0.6605447006225585,0.45862032232210126,-0.1176110852149225,-0.06970528432898652,-0.01158850351969401,0.4751286443074545,-0.09528421000094717,0.9031691109629219,-0.02317700703938802,-0.20796070328677993,-0.0698102621668314,0.7994075135720152,0.4469930612655521,0.46275497945149746,0.0,5774,3080
CCTCACCTTAGCATCG-1,GSM8576305_EM1_v1,EM,v1,27,97,549.0,448,0.0,-0.14805427551269532,0.20733600576718647,1.0724511814117432,-0.029556877613067627,0.379373667232169,-0.2868385622578283,0.2062201502179741,-0.01970458507537842,-0.1905538558959961,-0.10148672914026573,0.6286725368075292,-0.06896605173746745,-0.1913497802244133,-0.1187023254762213,-0.06759395435409765,-0.15278194261633832,-0.28454385375976565,-0.011918095811720817,5524,2993
CCTCCGACAATTCAAG-1,GSM8576305_EM1_v1,EM,v1,33,33,547.0,467,0.0,0.6185002565383911,-0.10308409372965495,0.744538106918335,-0.04438721656799317,-0.09353203917028115,-0.20864582061767578,-0.1364235268499618,-0.04931913375854492,0.36461191495259604,-0.1842804720569215,1.0115363907659987,-0.07259154001871745,-0.2058129674459557,-0.08586711194141801,0.5953445308187971,0.8829537867968165,-0.20697665405273438,0.0,2319,3523
CCTCCTGAGCCCACAT-1,GSM8576305_EM1_v1,EM,v1,38,8,250.0,231,0.0,-0.09724703788757325,0.4633095121383667,1.040155324935913,-0.05570358276367188,0.5444088341001683,-0.18679824952156313,-0.09749076479957217,-0.037135721842447914,-0.1237857437133789,-0.11405694763795987,0.3723611930934799,-0.02475714683532715,-0.10874385910340581,-0.08948365943020127,-0.09886638346237576,-0.08693980851699676,-0.18530386352539063,0.0,1067,3962
CCTCGCGCGATATAGG-1,GSM8576305_EM1_v1,EM,v1,21,95,742.0,615,0.0,0.21493121147155764,0.8916846783955892,1.7497189903259278,-0.056741342544555665,0.29669695634108323,-0.24504227792063066,0.20793448534226955,-0.06235990524291992,0.170281130472819,-0.18083203676153584,0.8000609472511658,0.45710030396779383,0.5712287665370956,0.3305826072233269,0.5074445606985885,0.26988190552064006,0.24510703277587892,-0.021552962641562184,5422,2471
CCTCGGACCGGGATAG-1,GSM8576305_EM1_v1,EM,v1,41,85,1438.0,997,0.0,-0.16790719985961913,0.4918131939570109,0.2873257303237915,-0.07572019100189209,-0.2495142448705973,0.010617604453442842,-0.189116877123228,-0.07603522618611654,-0.30754432678222654,-0.2162857310827759,-0.21595123442316427,-0.1403399403889974,-0.32157524139526855,0.22899716024896705,0.2975497115990494,-0.23564344425265207,0.29515213775634763,-0.050169864008503574,4925,4215
CCTCTAATCTGCCAAG-1,GSM8576305_EM1_v1,EM,v1,23,73,2356.0,1479,0.0,0.024210011959075933,1.0875573348999024,1.545900001525879,-0.11600236892700196,0.30936518932797574,-0.3221041771673387,0.22259195257249034,0.12426246325174967,0.021194748878478997,0.29887358507052175,-0.057428206117223324,0.3973167355855306,-0.3276060479711816,0.11321344299010003,0.3915880990233326,0.041690591718573755,0.18406544303894046,-0.04916608718133742,4321,2647
CCTCTATCGATTAGCA-1,GSM8576305_EM1_v1,EM,v1,52,26,1606.0,1129,0.0,-0.1847279167175293,0.7865228033065796,1.5716074752807616,-0.09521438598632813,0.1388564434072777,-0.27980745992352885,-0.1917052496047247,0.24392565409342445,0.20451140880584717,0.07820922528355151,0.20466463084881548,-0.08777510325113932,-0.3047560726303652,-0.2658185231159011,0.10790349692533213,-0.21723136774273621,0.044149159749348965,-0.015949803013955394,1972,5180
CCTCTCTCCCATCTAG-1,GSM8576305_EM1_v1,EM,v1,34,36,516.0,425,0.0,-0.12995875358581543,0.6761728398005168,1.6269255924224852,-0.06029092788696289,0.35096585019642157,-0.19740635348904517,-0.12272921301667254,-0.07033941904703776,-0.1587338638305664,-0.10529123261620767,-0.3281929361161275,0.4184853299458821,-0.13990279661124969,-0.10895950439943367,0.2384559284991726,-0.1716227324112602,0.31865547815958656,-0.02431085801893665,2469,3610
CCTGAACGATATATTC-1,GSM8576305_EM1_v1,EM,v1,37,85,974.0,687,0.0,0.24621837854385376,0.17152948260307313,0.46194419384002683,-0.036328091621398925,-0.18858385883446122,0.0796354893715151,-0.16847527296023262,-0.05866954803466797,0.5345590686798095,0.18085779088529588,0.226302657295112,-0.05866954803466797,0.20894785176319292,-0.16795016675589075,0.276373107146397,0.391468465660461,-0.264215576171875,-0.009765616347712855,4924,3866
CCTGAATATTTACATA-1,GSM8576305_EM1_v1,EM,v1,23,71,3105.0,1880,0.0,0.38087035179138184,0.43962454080581664,0.8835157442092896,-0.11650432586669922,0.3073668373601227,-0.11378058255542808,-0.07868817415004387,0.1256294099489848,0.02782469431559248,-0.07303757020329418,0.19485517243045058,-0.16614700317382813,0.03580395265755404,-0.2877447595558013,0.38528799600792474,0.5533919435413919,-0.11149891392389935,0.2473514264629733,4220,2647
CCTGACCACCGATGGT-1,GSM8576305_EM1_v1,EM,v1,45,61,1494.0,1017,0.0,0.04801004886627197,0.26879133701324465,0.6388725471496582,-0.10514814376831055,0.20093030794009717,0.2789899105300551,-0.2331233395072153,-0.07481348673502604,0.15770259698232014,0.09440561069161066,0.430456153283595,0.19986382166544597,-0.31623230593271523,0.6365264509576392,0.39477417769609685,0.0945120649858728,0.13468400669097902,-0.00822729064572242,3724,4566
CCTGCTATTTGAGAAG-1,GSM8576305_EM1_v1,EM,v1,26,50,747.0,630,0.0,-0.09465538024902344,0.8710979302724202,2.0643784523010256,-0.0533263349533081,-0.20278089899681884,0.17132673944745747,0.23171448296771613,-0.04443861325581869,0.34752246061960856,-0.1649138791904003,0.7347841242278811,-0.03555088996887207,0.30589302227679027,-0.18203769055715047,0.21492197477715064,-0.1849460027688323,0.2471523447036743,-0.032253830663619504,3169,2911
CCTGGCTAGACCCGCC-1,GSM8576305_EM1_v1,EM,v1,29,43,437.0,364,0.0,0.24655598521232605,0.698326187133789,0.7424135255813599,0.6346358776092529,-0.1583406709907047,0.28155604265801915,-0.15046760731173636,0.5857352193196614,-0.13974441528320314,-0.12959914701838157,0.6162245781919722,-0.05288632392883301,0.39657290795720723,0.5454300323164606,0.7260418894639329,0.37052256035033937,0.47048025512695313,0.0,2819,3173
CCTGTAAGACATGATA-1,GSM8576305_EM1_v1,EM,v1,37,41,1184.0,887,0.0,0.06551821351051332,0.6501385656992594,1.3495014762878417,-0.06736756801605225,0.3098441899287927,0.35455159877302467,-0.22697534776271733,-0.052396996815999346,0.26324406305948894,-0.2783733610325434,0.41865501896734303,-0.13473514556884766,-0.28143043977668486,-0.1945173577611226,0.564023749534585,0.16369592532133448,0.30677727222442625,-0.01810956193554786,2720,3871
CCTGTACTCACGCCCA-1,GSM8576305_EM1_v1,EM,v1,40,24,929.0,694,0.0,-0.15706936836242677,0.4984298022588094,0.9052748918533325,-0.04022457122802734,0.3380751349322639,-0.28376563902824153,0.13831400415652378,-0.07395198822021484,0.4845694128672282,0.15372121599871447,1.2311152343859537,-0.03286754926045736,-0.2426073618203282,0.35180583115083625,0.15557231611030492,-0.1914725925611413,0.139209111849467,-0.009939783042477023,1869,4134
CCTGTCACCCGGGCTC-1,GSM8576305_EM1_v1,EM,v1,29,67,797.0,588,0.0,-0.13243440628051759,0.6119919482866922,1.6257398509979248,-0.013030844926834106,0.4027089002804878,-0.2783126523417811,-0.1327663220857319,-0.07168297449747721,0.5282220872243246,-0.1618262581203295,0.5161179496672028,-0.05430851618448893,-0.30278885316657256,-0.1517969767252604,0.2278367801006339,-0.15181808726843385,0.2675320908228556,-0.021017491817474365,4021,3171
CCTGTCGCCCGTAAAT-1,GSM8576305_EM1_v1,EM,v1,36,62,1303.0,884,0.0,-0.18348697662353516,0.5166707626978556,0.8916653633117676,-0.10801994323730468,0.39297944885432523,-0.036132195028841185,-0.16770323177328086,0.2427326234181722,-0.27733668009440104,0.07357507379291578,-0.6145782087316465,-0.08641595204671224,0.10310777602904292,-0.16635461217428307,0.17507322802926203,-0.20184971736027643,0.14097712421417236,-0.017422572258980043,3772,3781
CCTTCTCAGCGTTCCT-1,GSM8576305_EM1_v1,EM,v1,43,15,701.0,569,0.0,-0.1380748462677002,0.9936765114466349,1.2711227989196776,-0.013627922534942627,0.5092132611152453,-0.21112801951746787,-0.15208298341373452,-0.09085281372070313,-0.1839051310221354,-0.14385625271494173,0.01055352121313441,-0.0476258913675944,-0.26902761804052144,-0.1449495798133942,0.1280716908695363,-0.13335112504735838,0.24482508913675946,0.0,1419,4397
CCTTTCAATGAAGAAA-1,GSM8576305_EM1_v1,EM,v1,25,95,1314.0,960,0.0,0.08549019455909729,0.7756659634908041,0.6065800476074219,-0.07852038383483886,0.13768082119549396,0.024054688792074896,0.07423816072313408,-0.07176549911499024,0.19876887798309323,-0.2570507598162495,0.7152445588450764,0.2798854207992554,0.07607289605351336,-0.2298945231610034,0.3593434155158122,0.13048028028928316,0.11203126811981201,-0.03472523919997677,5423,2819
CGAAACGCAATTCATG-1,GSM8576305_EM1_v1,EM,v1,41,33,988.0,759,0.0,-0.144744873046875,0.7366012732187908,1.4774290084838868,0.44564213752746584,0.2757841853659554,-0.36786171697801157,-0.1390703626742638,-0.0904826291402181,0.427607323328654,-0.22656556196436037,0.6598948336982591,-0.04014794031778971,-0.3056370378976845,0.4854400395389542,0.3250119394081028,-0.25183028919640993,0.25597314516703285,-0.029139634101621566,2320,4220
CGAACCCGCATGCGTC-1,GSM8576305_EM1_v1,EM,v1,49,49,984.0,734,0.0,0.21590386867523192,0.7159736156463623,1.2131308698654175,-0.024125690460205077,-0.1893710133224028,0.0864218039446712,-0.1549067867728403,-0.09650276184082031,0.719607474009196,0.1999806719878844,1.08029591806142,-0.01824152946472168,-0.28392923500643197,-0.147935154926346,0.5555210977707347,0.3550507264791125,0.14592977142333985,-0.019456201984036352,3123,4916
CGAACGGCCGGACAAC-1,GSM8576305_EM1_v1,EM,v1,47,15,1258.0,929,0.0,-0.17153493881225587,0.7897783835728963,1.1031426000595093,-0.06892494678497314,0.42365834133547947,-0.01649571673661332,0.10747224503292477,0.30681780338287357,-0.3114232889811198,-0.16986974505676475,-0.052675658477268406,-0.0918999163309733,0.13755952670392263,-0.19618424258557668,0.22479296789469896,-0.25159135391082255,0.2172863909403483,-0.00883691830019797,1420,4745
CGAAGTTGCTCTGTGT-1,GSM8576305_EM1_v1,EM,v1,33,35,407.0,346,0.0,-0.07087589263916015,0.35163236101468404,0.9775990962982177,-0.032414207458496096,0.456260408977734,0.3557828285727083,0.3178763437390626,-0.021609471638997395,0.3952858988444011,-0.12600611045607754,0.7170731160423349,-0.14046156565348308,-0.1713367140436747,-0.08081093753676817,0.37289793008036465,-0.10565812611659633,0.5330852499008178,0.0,2419,3523
CGAATCTGCTCGACGC-1,GSM8576305_EM1_v1,EM,v1,62,22,954.0,719,0.0,-0.1341688346862793,0.8544157632191975,0.7384235477447509,-0.061019906997680666,-0.1503161682333037,-0.27642517705117503,0.14612532722621335,-0.059113998413085934,-0.23369222005208334,-0.20275050900054217,-0.4115130553892509,-0.07538597106933594,0.23134386644784705,-0.15944322333278427,0.24547609183030006,-0.1503161682333037,0.22116340255737305,0.0,1773,6052
CGAATGAAGTCATTGC-1,GSM8576305_EM1_v1,EM,v1,62,20,586.0,504,0.0,-0.1518009853363037,0.5842150179545085,0.5159331226348878,-0.04340951919555664,0.2785299708080398,-0.2383170896960843,0.2781933151689687,-0.07717248280843099,-0.1565618642171224,-0.14260056664712453,-0.3818195668896239,-0.04823279698689779,0.3705294561194608,-0.13051697145025415,0.2501364124026203,-0.19411918869784045,0.24591740957895916,-0.035007676770610195,1673,6052
CGACAGTTCGCGTTAT-1,GSM8576305_EM1_v1,EM,v1,36,42,748.0,586,0.0,-0.18473995208740235,0.7076946942011515,1.0802978324890136,-0.0666267967224121,0.2981649096328412,-0.30386164880567984,-0.17852358710496946,-0.07106857935587566,0.22763945579528808,-0.1594407709944607,0.002916642426588678,-0.02665071964263916,-0.284757989477441,-0.11231397146201995,0.36529863094190473,-0.14601375107781145,0.3285923935572306,-0.02149251584083803,2770,3784
CGACCCTTAACGCCGG-1,GSM8576305_EM1_v1,EM,v1,48,12,1561.0,1121,0.0,-0.20802066802978517,-0.03612686634063722,0.5704314136505126,-0.11012710571289062,0.12417734214161819,-0.23409991110524825,-0.2336336484827792,0.22692852656046553,-0.2893428039550781,0.1114340588666391,-0.06811781333490657,-0.12889052073160806,-0.26685722381714355,0.5105677030172693,-0.13262213676911713,-0.2585024116031302,-0.2001901397705078,-0.01614766736184397,1270,4833
CGACGCATCCGTACCT-1,GSM8576305_EM1_v1,EM,v1,50,10,2815.0,1829,0.0,-0.01582201719284057,0.7393281396230063,0.6123296642303466,-0.09670724868774414,0.09736460693172255,-0.3200883557719569,-0.02393379023200587,-0.1724899673461914,-0.019331293106079117,0.19294274982932946,-0.31600466513924697,-0.15541549682617187,0.04576973857649841,0.5624141042012287,0.19397660773941303,-0.017834445704584534,0.24888273302714026,-0.04510637252561508,1170,5007
CGACTCAGGATGTTAT-1,GSM8576305_EM1_v1,EM,v1,23,89,739.0,571,0.0,-0.16138771057128906,0.8773485072453817,1.5944091176986694,-0.04014509201049805,0.39345854195198227,-0.21296418097711378,0.15262736973905922,-0.07136905670166016,0.26209265867869064,-0.20057660361197482,1.1271595670778118,-0.044605655670166014,-0.22097657291764716,-0.13162332557770143,0.2128053559444012,-0.1823900662935697,0.24550144990285236,-0.010791691080216438,5122,2646
CGAGACCCTAGAGTGT-1,GSM8576305_EM1_v1,EM,v1,43,61,1000.0,761,0.0,-0.12819304466247558,0.6094394143422445,1.2049471569061279,-0.07193686485290528,0.1986047509256148,-0.3009537112328314,-0.14654362231567689,-0.03197193781534831,0.3715906047821045,-0.1914179237391239,0.8113413781291362,0.3495358880360921,0.2121424383906475,-0.0963010213461267,0.1857091800701994,-0.20104447176623902,0.23764911937713623,-0.03867573122824392,3723,4392
CGAGAGATGTGAACCT-1,GSM8576305_EM1_v1,EM,v1,29,73,1671.0,1132,0.0,0.011297451257705676,0.855891720453898,1.543990526199341,-0.06802896499633788,0.08669547319678028,0.028126465010752888,0.0009741050408298702,-0.049478429158528646,0.5450004069010417,0.054070319486169416,1.0862789927672245,0.35484918117523195,0.28940191517872027,-0.23134374044027672,0.29894698537181646,0.09112628872445064,0.0840684944788615,-0.023512317288306453,4322,3170
CGAGAGCGCGTAGATA-1,GSM8576305_EM1_v1,EM,v1,45,7,178.0,162,0.0,-0.040462002754211426,-0.04274321873982748,0.5761596727371215,0.0,-0.05641861344659607,-0.07078036185233824,-0.04056341128241747,0.0,-0.17989776611328126,-0.06766221036879115,-0.20332664221375432,-0.01348733425140381,-0.08124899959947211,-0.0974987979873596,-0.0695621796528726,-0.05641861344659607,-0.07021411895751953,-0.016315323691214283,1019,4572
CGAGGCTAAATATGGC-1,GSM8576305_EM1_v1,EM,v1,29,71,1600.0,1060,0.0,0.16967114448547363,0.9084959332148235,2.5154115390777587,-0.03962002992630005,0.10376098449679391,-0.05611659030211136,-0.15605521142333373,-0.08791568120320638,0.23915248711903886,0.10359885348391243,0.7543966795845334,-0.10319465637207031,0.20591639476607598,-0.14972637743356237,0.35109848774606656,0.19620408979945358,0.0333830415407817,-0.039939545815990816,4222,3170
CGAGGGACTGCGGTCG-1,GSM8576305_EM1_v1,EM,v1,38,78,781.0,564,0.0,0.19326735377311707,0.4862821173667908,0.8965988874435424,-0.013124827146530151,0.3401266400231964,-0.2787185792000063,-0.1325619537430001,-0.043749424616495766,0.30275076389312744,-0.19159102679096338,0.8995892092724628,-0.0734961191813151,-0.32084205351680156,0.44856332047397357,0.5283775689950303,0.23733532481900557,0.16100540765126542,0.0,4574,3954
CGAGTACTAAAGAGGA-1,GSM8576305_EM1_v1,EM,v1,45,35,864.0,681,0.0,0.19162299036979674,0.9141581249237061,1.6693803310394286,-0.06329092502593994,-0.11680666818267925,-0.21251149331369706,0.17862021840903394,0.4050619125366211,-0.22315114339192707,-0.23655626686121708,0.009082988792413982,-0.07594910939534505,-0.29593238677365713,-0.2033443067926001,0.5222818371559624,0.3051328240429677,0.23138120365142822,0.0,2421,4569
CGAGTGAAGGTACCAG-1,GSM8576305_EM1_v1,EM,v1,55,29,1303.0,918,0.0,0.21063860297203063,0.417928405602773,1.2747539615631105,-0.021603989601135253,0.17687836432270912,-0.23402812404017295,-0.13197822857620126,-0.0576106325785319,0.3486039702097575,-0.2649794103309861,1.2508848673648658,0.2787392711639404,0.08440534178032932,-0.1673950287232916,0.4733542545477094,0.26805748628533405,0.12791059430440266,0.0,2123,5441
CGAGTTCTGTCCCACC-1,GSM8576305_EM1_v1,EM,v1,27,85,2255.0,1427,0.0,0.013014177083969125,0.4061788558959961,0.8646019268035888,-0.08463920593261719,0.3213910135537087,-0.02359167661535022,-0.1948389612642446,-0.14670794169108073,-0.2857407633463542,0.4128055872858701,-0.16087513473165693,-0.12612626393636067,-0.3727375015197509,-0.2630030620528991,0.3805946432758539,0.020354389081166047,0.20516878668467198,-0.04778019843562957,4922,2995
CGAGTTTATCGGACTG-1,GSM8576305_EM1_v1,EM,v1,37,93,1463.0,1000,0.0,-0.15088436126708984,0.809877028465271,0.779387559890747,-0.06489508628845214,0.14853856529014697,-0.3536094542472593,-0.16158147443804824,0.2586697737375895,0.015772269566853847,0.4314396224558818,0.28083833138547354,-0.09816033681233724,0.08182390779855259,-0.16940721259059677,0.24671994230808705,-0.19456729442379547,0.2590841773351034,-0.0249028455826544,5325,3865
CGATACCTCGCGGACA-1,GSM8576305_EM1_v1,EM,v1,40,48,788.0,604,0.0,0.2838336682319641,0.6043662055333455,1.0553340339660644,-0.03925037384033203,0.25880785530626177,0.2196887121771887,-0.15179186178030526,-0.08068721771240234,0.36866221427917484,-0.16989040055801238,1.1622886931562457,-0.10466766357421875,-0.28040283080564443,-0.12610561876411897,0.7053015215007487,0.37032521900657567,0.28912442334493005,-0.03165352729059035,3071,4132
CGATCCGACCCAGTGC-1,GSM8576305_EM1_v1,EM,v1,38,50,892.0,680,0.0,0.18572202444076538,1.0280154975255331,1.2816872119903564,-0.03753476619720459,0.6885113080874201,0.04670191799990042,0.07869636497103183,-0.041705293655395506,0.6842024103800456,0.21142896056308128,0.7243233493824102,-0.07724065780639648,0.2208403102844116,-0.1406925615057888,0.6868331478455005,0.3738241219600308,0.2925211308797201,-0.02017998118554392,3171,3957
CGATCTGTTGGAGGAC-1,GSM8576305_EM1_v1,EM,v1,46,24,1060.0,824,0.0,0.14797029495239258,0.6288839515050253,1.3155133152008056,-0.04690132141113281,0.21017588101900542,-0.23732646819083922,-0.1455267808192356,-0.08813255945841471,0.3184493430455526,0.1747521046412031,0.42421947994081566,0.28493120829264323,-0.34711103937233306,0.2540590983318038,0.572457178615909,0.20233285068269558,0.33689438088734946,-0.018911823149650328,1870,4657
CGATGGACCCTACGCC-1,GSM8576305_EM1_v1,EM,v1,22,96,828.0,651,0.0,-0.1620308303833008,0.8308078368504842,0.5552396202087402,-0.03856316328048706,0.332532032144774,-0.20645679966095956,0.17825268369569516,-0.07712632497151693,0.19636182467142743,-0.18093271159806779,0.3683089052954767,-0.05998713811238607,0.3299402596960106,-0.13684967531257844,0.21691004389678167,-0.21576080832593017,0.3121345774332682,-0.031099325226199244,5473,2558
CGATGTTGTTATCTAC-1,GSM8576305_EM1_v1,EM,v1,58,12,1069.0,854,0.0,0.23505982398986816,1.3748471323649087,1.3414416980743407,-0.07012274742126465,0.21118867171382158,-0.24691091045256583,-0.12620344616117932,-0.08005967458089193,0.04656717618306477,-0.1996818593513208,0.25870253829244044,0.3116566308339437,0.2130695385147769,-0.2372661728456796,0.6827234933232851,0.3206170846520193,0.4545523014068603,-0.01885019963787448,1272,5704
CGATTTGTCATTAATG-1,GSM8576305_EM1_v1,EM,v1,75,25,21.0,21,0.0,-0.0154197895526886,0.0,0.7401498985290528,0.0,0.0,0.0,-0.015458435641793082,0.0,-0.020559719403584798,0.0,0.0,-0.041119438807169596,0.0,-0.024770746269379276,-0.017673111235173178,0.0,0.0,0.0,1926,7185
CGCAAACACGAGTTAC-1,GSM8576305_EM1_v1,EM,v1,27,37,433.0,362,0.0,-0.10388774871826172,0.7941523710886638,1.4913118028640748,-0.04772986888885498,0.5530236633857889,-0.11818588933637066,-0.08819829610953654,-0.04242655118306478,-0.11416217803955078,-0.09577900430430537,0.43684801230392944,-0.05303318977355957,-0.20682510314696284,-0.0894535708140178,0.3601767179959141,-0.13803003623732754,0.5251210797627768,-0.02566122047362789,2518,3000
CGCAATTAGGGTAATA-1,GSM8576305_EM1_v1,EM,v1,28,44,678.0,551,0.0,-0.1402342700958252,1.0063713041941325,2.2207197093963624,-0.04135190010070801,-0.1449811801463864,-0.20235776901245117,-0.11985796973818824,-0.10108243306477864,1.0004412428538003,-0.1300211750145341,0.6692216524697856,-0.04594655990600586,0.34975041730336875,-0.13285752568378983,0.3414073118507691,-0.1726413076139214,0.3688741525014242,-0.011116102818519838,2869,3086
CGCACATGTCCACTAC-1,GSM8576305_EM1_v1,EM,v1,39,87,1600.0,1079,0.0,0.13986760139465332,0.449013131459554,0.6369460391998291,-0.04952503681182861,0.12175709314835378,-0.020090533841040814,-0.20082816982030272,-0.12093238830566407,0.011551218827565546,-0.2673693245469926,0.021844712419640033,-0.12054593404134115,0.06813587481717032,-0.22229763781689257,0.6088519133947641,0.21212094603573597,0.23682310009002683,-0.03195163703733875,5025,4040
CGCATGGTGCGATGCT-1,GSM8576305_EM1_v1,EM,v1,40,66,1059.0,788,0.0,0.2141897463798523,0.9460243797302246,1.4809666299819946,-0.058647990226745605,-0.1999214325461499,0.16218206190293832,0.20203084470634175,-0.10380347569783528,0.13301011085510256,-0.20454901755852842,0.31867146509119865,-0.11162320454915364,-0.34612500906948107,-0.20302201849389748,0.6119765408742736,0.30841243732201484,0.27333887449900307,-0.01891870652475665,3973,4130
CGCATTAGCTAATAGG-1,GSM8576305_EM1_v1,EM,v1,27,57,875.0,668,0.0,-0.18873542785644531,0.9486686356862386,1.4428376865386963,-0.0881999397277832,0.3746379728168415,-0.34881779455369516,-0.18920844897889255,-0.06719995498657226,0.18421781857808428,0.200491204841214,0.36879219567270816,-0.05879995981852214,-0.2463338920869023,-0.1315661663989944,0.25714005021789355,-0.16465162194293478,0.19273333708445228,-0.03048384766424856,3520,2998
CGCCAAGAAGCCGAGT-1,GSM8576305_EM1_v1,EM,v1,39,17,499.0,428,0.0,0.27674697160720824,0.3076585868994395,1.6773169374465942,0.0,-0.1245024945823644,-0.13512386814240487,-0.0890471475166187,-0.10154763539632161,0.8383454068501791,-0.1355599623460036,0.7417008447202094,0.5583256514867146,0.5191509574292654,0.47470462944612923,-0.09793643896764193,0.39342442297749436,-0.13404287719726563,-0.02456797707465387,1518,4048
CGCCACAGGTCGCGAT-1,GSM8576305_EM1_v1,EM,v1,49,9,3212.0,2022,0.0,-0.06671021282672882,0.6894256973266601,0.9083866310119629,-0.09474278450012207,0.19547374950204804,-0.35540956066500756,-0.06855468324999461,0.06507615645726522,-0.3958699289957682,-0.03471792388786307,-0.6838742356803549,0.07898149092992149,0.09494169131819025,-0.28109373529273346,0.302178524114341,-0.0895758477208872,0.13230284881591797,-0.057025467195818504,1120,4920
CGCCATCCGATTATGA-1,GSM8576305_EM1_v1,EM,v1,24,80,2324.0,1467,0.0,0.3048868632316589,0.8625084654490154,1.6822066688537598,-0.10009552955627442,0.22725125685450492,-0.34790589732508503,-0.25568827770108865,0.16682587385177614,0.3294843133290609,-0.2659929205342679,0.07784962226226866,-0.10801704406738281,0.16368879563358413,0.14365352885311386,0.4885644046829901,0.1794386922715101,0.17628136571248376,-0.026907399777443178,4671,2734
CGCCGCCCATGCCTGT-1,GSM8576305_EM1_v1,EM,v1,39,83,937.0,691,0.0,0.2118079650402069,0.3525258143742879,1.1192794704437254,-0.049144468307495116,0.18797237205930645,-0.31792317667315084,-0.19543353776286418,-0.057335217793782554,-0.2385797373453776,0.21670788692657234,-0.46658148837448965,-0.040953725179036456,0.20030858104966248,-0.1085520441752361,0.5775221237822044,0.2819356489075201,0.10398636309305831,-0.009908158932962725,4824,4041
CGCCTCCCTCCTCTAT-1,GSM8576305_EM1_v1,EM,v1,43,73,480.0,392,0.0,-0.11561419486999512,-0.24126134236653646,0.2046340847015381,-0.0341842794418335,-0.1801932344468541,-0.23153069711500598,-0.11590395475688733,-0.022789519627889,-0.1461270523071289,0.37403248358463903,0.24996531993813936,-0.020556252797444663,-0.19270384455301676,0.5052380167336828,-0.11213886293777423,-0.1905057262816158,-0.24201219177246094,0.0,4324,4390
CGCCTGGCCTACGTAA-1,GSM8576305_EM1_v1,EM,v1,41,27,1327.0,1009,0.0,0.3289453554153442,0.8480462074279785,1.0139011764526367,-0.07504939079284668,-0.19609443639034413,-0.3160079525363061,0.07651499563590028,-0.11436097462972006,0.4479235204060872,-0.18903646819966294,0.7808687466130527,-0.09502758026123047,-0.291075894152783,-0.24521756459431476,0.6972604844836587,0.5114902567571089,0.17509352906545,-0.01729248800585347,2020,4221
CGCGAGTCTGCCGGGT-1,GSM8576305_EM1_v1,EM,v1,52,20,2110.0,1397,0.0,-0.18978376388549806,0.3167519235610962,0.9470475530624389,-0.10513387680053711,0.05352609950961876,-0.11239230962392918,-0.18875064706443845,0.19401897192001344,0.17908452510833744,0.11327094843023466,0.4610928510130521,-0.11066509246826171,0.01963033532521813,-0.26931612558632967,0.16267970136038554,-0.2552297330620297,0.16078425757090253,-0.04932018633811704,1671,5180
CGCGCAAATGTCCAGA-1,GSM8576305_EM1_v1,EM,v1,56,24,1315.0,978,0.0,-0.22393497467041015,0.43259310245513916,2.0094220638275146,0.35512826442718504,0.26860030625044573,-0.2964986985729587,-0.2244961960871417,-0.08609169642130533,0.12110709190368651,0.11192922727718799,0.5395178900976789,-0.07174308141072591,0.08721896271150276,-0.17287492560574327,-0.21153897610639774,-0.21217668973482573,-0.27690835571289063,-0.0173571975000443,1872,5529
CGCGCATGTTTGATTG-1,GSM8576305_EM1_v1,EM,v1,50,54,664.0,509,0.0,-0.17298007965087892,-0.19489433288574218,0.13212550401687623,-0.04164520263671875,0.4167857260475456,-0.28838434526997225,-0.15949707222462894,-0.046272443135579426,-0.24811332702636718,-0.15687571241704118,-0.3420120699321804,-0.027763468424479167,-0.284959080707596,-0.16724980978601908,-0.1434936304830207,-0.1584044108821397,-0.2860772705078125,-0.022389892608888688,3374,5003
CGCGCCCGACTTAATA-1,GSM8576305_EM1_v1,EM,v1,21,75,1243.0,891,0.0,0.387265899181366,0.6367550118764241,1.1780556488037108,-0.022022178173065187,0.22767734859832287,-0.34224005668394025,0.12261810973473361,-0.05872580846150716,0.30816102186838784,0.18736153940691996,0.9883315852453447,-0.08498985290527344,-0.3082346782148124,0.32291300114857624,0.4043758615723312,0.5799830895469605,0.1423899898529053,0.0,4420,2473
CGCGGGAATTAGGCAG-1,GSM8576305_EM1_v1,EM,v1,28,80,1168.0,840,0.0,-0.17551525115966796,1.4694813378651936,1.7263162422180176,-0.01448598861694336,0.43894293900982057,-0.3086991463938067,-0.17595513900718593,-0.09783624013264974,0.04570284843444822,-0.18772217103071437,-0.1580012914352253,-0.0903103764851888,0.2448237989801001,-0.15021295815586566,0.34457968504176095,-0.23387296542674801,0.3418027216593424,-0.018207738476414836,4672,3082
CGCGTTCATGAAATAC-1,GSM8576305_EM1_v1,EM,v1,27,51,789.0,629,0.0,-0.12261744499206544,1.0691058397293092,1.4248781299591065,-0.06538789749145507,0.4394440959262742,0.10307714906156334,-0.12292475688427612,-0.08065180460611979,0.861349515914917,-0.1579431387094351,0.5073907305162242,-0.07846548080444336,-0.28118617659113015,-0.18120348214145646,0.27094929027010856,-0.14297519798661554,0.30821823247273766,0.0,3219,2998
CGCTACGGGACATTTA-1,GSM8576305_EM1_v1,EM,v1,38,48,979.0,755,0.0,0.15040697216987609,0.7695526583989462,1.1861608695983887,-0.07575392723083496,-0.18623386497880304,0.16788485962125016,0.15608483082369753,0.33840911388397216,0.452542093594869,-0.1870377326888783,1.0920911988849187,-0.03222943941752116,0.24111221210066094,-0.14110837882781124,0.44937851999414,0.21663412774021143,0.14476038773854571,-0.019493612550920057,3071,3957
CGCTATTCTTAGGCTC-1,GSM8576305_EM1_v1,EM,v1,38,60,1135.0,822,0.0,0.11638253211975097,0.45021703561147053,0.7906868648529053,-0.04566921234130859,0.33468811807026433,-0.018125973538869022,0.3711705136119871,-0.09894996007283528,0.3430003992716471,-0.19975870189858122,0.951355502148455,-0.09133842468261719,0.26867266467297407,0.2574079567170048,0.5443719248033868,0.1446020207144611,0.15493686230977377,0.0,3672,3956
CGCTCTCCGTAGATTA-1,GSM8576305_EM1_v1,EM,v1,33,37,351.0,312,0.0,-0.09575079917907715,-0.14889574686686197,0.3712267732620239,-0.03384052038192749,-0.10412212359067988,-0.1664704507397067,-0.09599077611937559,-0.022560346921284995,0.4512069431940715,-0.12675792477202655,0.2589700554055613,-0.07896121342976888,-0.16580189471263962,-0.12231513486808562,-0.16871340295305226,-0.10412212359067988,-0.1786748962402344,0.0,2519,3523
CGCTGTGACGCCGCAC-1,GSM8576305_EM1_v1,EM,v1,25,47,1598.0,1177,0.0,0.15849233865737916,0.9037455892562867,1.6345170974731444,-0.07928318977355957,0.35645119654826635,-0.3107317647626323,-0.18883598537970903,-0.12314472198486329,0.0045025531450907375,-0.20918136137385032,0.3278016270447872,0.27787011782328286,-0.3116461206152736,0.2878968974193895,0.4480169526485454,0.1803541202077366,0.1495137259165446,-0.05046067699309318,3019,2824
CGCTTATTCCCGGTCG-1,GSM8576305_EM1_v1,EM,v1,42,30,644.0,509,0.0,-0.129470157623291,1.0368840249379476,1.504471893310547,-0.028050527572631836,-0.18122195240645902,0.23486423052950392,0.303640497806377,0.3985327593485514,0.23525603612263998,0.2697896016481329,0.054562045615607735,-0.06545122782389323,-0.2069102214522151,-0.15771383262542357,0.21940538568961246,-0.1718405018682065,0.3141982765197754,-0.02262139320373535,2170,4308
CGCTTTCTTGCATTCG-1,GSM8576305_EM1_v1,EM,v1,31,85,1318.0,949,0.0,0.09377780437469482,0.7982226705551148,1.095646014213562,-0.05375697612762451,0.1977799337444497,0.3750349343647056,0.10950669937564017,-0.0645083745320638,0.6395270379384359,-0.26838867799892874,0.9115976455480352,-0.07884357452392578,-0.31776256637879646,-0.22097707847993536,0.5313844732022217,0.06136988477164684,0.3453823903401693,-0.0173409600411692,4923,3343
CGGAACGTAAACATAG-1,GSM8576305_EM1_v1,EM,v1,47,45,1404.0,940,0.0,0.16827735781669617,0.8714335648218791,1.1906464099884033,-0.041892776489257814,0.3708927624733286,-0.03820261977235295,-0.16743620296468711,0.2443745295206706,0.6467767810821533,-0.24585302856853575,0.8904823829010075,-0.0928663953145345,0.0661778369581843,-0.20695003831242942,0.556065814542907,0.2377030167691285,0.18319775422414147,-0.008446124292189074,2923,4742
CGGACGTTACTTGAAG-1,GSM8576305_EM1_v1,EM,v1,42,6,271.0,251,0.0,-0.09257369041442871,0.3142895448207855,0.7788248157501221,-0.01817480444908142,0.6051768400730231,-0.07602690112206244,-0.08369552880002741,-0.04846614519755046,0.5088945309321086,-0.06305910193401834,0.2932536783444307,-0.012116536299387614,-0.16012479789764528,-0.05839294602114513,0.369099188585336,-0.11623494840385921,0.5304081290562948,-0.014657100362162436,968,4310
CGGAGCATGGCGATCC-1,GSM8576305_EM1_v1,EM,v1,39,67,1591.0,1039,0.0,0.20894563555717469,0.9510661300023397,1.4191177558898924,-0.09929330825805664,0.20296059018925014,-0.08134893173446306,0.06864851231413677,0.2428499960899353,0.2567789697647095,0.2661090004802946,0.7280873814163153,-0.04841037114461263,-0.3102545987171342,0.21567112154749982,0.5746379839656688,0.281212624498833,0.08841544183095296,0.39717323780059816,4023,4042
CGGAGTTTGAGAGACA-1,GSM8576305_EM1_v1,EM,v1,30,34,507.0,421,0.0,-0.12404817581176758,1.3352371056874592,1.3746236419677733,-0.09428220748901367,0.34300507470516856,-0.17381743461854995,-0.14715071369830826,-0.030312859217325846,-0.17323281606038413,-0.11826857755016723,-0.30970223584965845,-0.030312859217325846,-0.18659571758714547,-0.09739071489816689,0.3680583638243142,-0.18248543372521034,0.5225649744669596,-0.061114638082442746,2368,3262
CGGCAGGGTCGGGTTG-1,GSM8576305_EM1_v1,EM,v1,32,94,1117.0,833,0.0,0.2100055205821991,0.3024373968442281,0.35599572658538814,-0.06065373420715332,0.2959720411959832,0.05028197622518932,0.12365162275488814,0.30209983984629313,0.09235144456227617,0.2802640874781869,0.11197535527839297,0.3195573759078979,0.20698833408125916,-0.15280509856810054,0.4745089939467203,0.2806019497289838,0.08883339341481528,-0.018530878328507947,5374,3429
CGGCCACGCACAAAGT-1,GSM8576305_EM1_v1,EM,v1,35,59,2171.0,1411,0.0,0.13301077127456665,0.7204769468307495,1.1503035068511962,-0.11505005836486816,0.19801005950340855,-0.3503104486773091,0.21784093990959322,-0.13416234334309896,0.19923645496368414,0.1333717118404648,0.8766614293675583,-0.13990856170654298,-0.01539244757119912,-0.29559007514432734,0.5285789898268473,0.19224461026016287,0.24336258888244627,-0.020853244489239108,3622,3695
CGGGAATTTATGTAAA-1,GSM8576305_EM1_v1,EM,v1,45,65,1304.0,918,0.0,0.30571632146835326,0.3983868757883708,0.6164323234558106,-0.0355644941329956,-0.25320026308397786,0.05089302985898908,0.10001704724211441,0.2807636308670044,0.058329319953918435,0.11950181891421144,0.34210797615900196,-0.100786927541097,0.0861128663442221,-0.14745078029402767,0.6643993302880864,0.3783603413580785,0.22752555211385095,0.0,3924,4566
CGGGATCAATGTAAGA-1,GSM8576305_EM1_v1,EM,v1,23,59,338.0,309,0.0,0.34495592951774595,0.7160569675763448,1.2247371339797974,-0.017102679014205934,-0.13954212354577106,-0.12686083393712197,-0.09139087265894227,-0.034205357233683266,-0.09346984227498373,0.43054717692776007,0.2995731344517409,0.5130803728103638,-0.2032220832794067,0.0,0.30801656005375705,0.44198709679819403,-0.125845947265625,-0.013792483075972526,3619,2649
CGGGCAGCTAAACCGC-1,GSM8576305_EM1_v1,EM,v1,32,56,1667.0,1144,0.0,0.06549262523651123,0.9338941478729248,1.2329151153564453,-0.09374850273132324,0.12075670267825939,-0.06786706370692097,-0.19279975221868148,-0.12971593221028646,0.09275594552357991,0.032882982273165606,0.37511699523159003,0.3001038153966268,0.06387921605244218,-0.24721269722444467,0.5377659573937555,0.12075670267825939,0.3576156813303629,-0.039228604685875676,3471,3433
CGGGCCTTCTTTGTAA-1,GSM8576305_EM1_v1,EM,v1,41,55,553.0,440,0.0,-0.09612133026123047,0.8475371424357097,1.8220509529113769,-0.044232110977172855,-0.13622322210101379,-0.22688877967096144,-0.08897174271127037,-0.06119813919067383,0.3494129355748494,-0.14518195570113268,1.023581093365737,-0.08846422195434571,-0.22867256379031753,-0.05921300252278646,-0.15322554623841556,-0.14608542656021373,-0.20148318481445313,0.0,3422,4218
CGGGTGTACCCATTTA-1,GSM8576305_EM1_v1,EM,v1,32,86,1484.0,1019,0.0,-0.14510650634765626,0.8421555105845133,0.9982073307037354,-0.030693204402923585,0.08801798756704682,-0.024440938975953785,0.09492145549683345,-0.10439851760864258,0.8690425395965578,0.06815959219151119,1.3123205955817558,-0.07711567560831706,0.036580782434547765,-0.16368323636342244,0.2502308791038983,-0.25986115828804346,0.25724101670583094,0.0,4973,3430
CGGTACTAGAATCAAA-1,GSM8576305_EM1_v1,EM,v1,43,83,3994.0,2252,0.0,0.05793115139007568,-0.10973145385583244,0.09118227005004886,-0.1482205295562744,-0.2319109862464726,-0.3293789894350113,-0.2228381508275082,0.001539928118387851,-0.083338090578715,0.09780376917010836,0.015221223160250097,-0.1548460006713867,-0.01765336511604282,0.45444126531302215,0.3025390012216431,0.10344207034328978,0.004339890003204339,-0.030334730302133867,4825,4389
CGGTAGAGGTGCAGGT-1,GSM8576305_EM1_v1,EM,v1,22,92,375.0,323,0.0,-0.12619584083557128,0.3864682630697886,1.7067203617095947,-0.06640456676483154,0.49559195637038456,-0.14726818761517924,-0.10154798694123003,-0.011067427794138591,0.34740858554840093,-0.19987996844543662,0.6115538771000169,-0.11067427317301433,-0.2230831130920165,0.5973744187489092,-0.11917442168752239,-0.09109276353714857,-0.1460900421142578,0.0,5272,2558
CGGTCAAGTGGGAACC-1,GSM8576305_EM1_v1,EM,v1,26,80,1369.0,980,0.0,0.06472106933593749,1.0015721352895102,0.9048791456222535,-0.042336196899414064,0.27671484431561283,-0.32813958198793475,-0.22848914201397047,0.23990511576334633,0.09069435119628905,0.12382595568330523,-0.2183732431908777,-0.09803892771402994,0.10425485204980078,-0.18702737586086535,0.5189923133412884,0.10416543975455836,0.25324287827809655,-0.04267761784215127,4672,2908
CGGTGAAGACTAAAGT-1,GSM8576305_EM1_v1,EM,v1,35,23,642.0,541,0.0,-0.12769522666931152,1.0670259920756022,1.7199285221099854,-0.028079755306243896,0.38837556004391327,-0.21449045981130294,-0.12801526483139,-0.0280797545115153,0.26349563439687096,-0.14662112998324492,1.1502939526844778,0.411836412747701,-0.2254183972216993,-0.10149309242585576,0.36060736684881173,-0.22042969158261916,0.43148189671834314,-0.011322481978324151,1818,3698
CGGTGCAGATAGAACG-1,GSM8576305_EM1_v1,EM,v1,42,36,1190.0,878,0.0,0.10088767647743224,0.03576910297075908,0.7833699846267701,-0.08964268684387207,0.29898040071378984,-0.253134758241715,-0.16846154387433426,-0.11639728546142578,0.716306053797404,0.11496540575123154,0.8104930454590982,0.24973088105519614,-0.29133091202701433,-0.17100511114281344,0.10878256202427228,0.19042677743777783,-0.260073974609375,-0.018073122347554853,2471,4307
CGGTGCGCGTTGGTCC-1,GSM8576305_EM1_v1,EM,v1,49,39,634.0,498,0.0,0.29526610136032105,0.13200519959131876,1.4318232440948486,-0.07049407005310059,0.31477248070630737,0.26235066690752584,0.21912166782489098,-0.06579446792602539,0.2850639565785726,0.3305650722222982,0.8242397828660075,-0.04699604670206706,-0.2234022301363658,-0.13589218629890656,0.30035986719295427,0.40860883022763395,-0.2220098571777344,0.0,2622,4917
CGGTTATCCAACAGTG-1,GSM8576305_EM1_v1,EM,v1,30,98,378.0,326,0.0,-0.10443723678588868,0.301401127576828,0.4040410137176514,-0.016562746763229372,-0.09088683367572899,-0.18774490971719066,-0.09639685494559151,-0.03312549273173014,-0.20458229064941405,-0.14012928072824127,0.3077483406532435,-0.035374720891316734,-0.21748689092306728,-0.07982046441380758,0.33620287174823293,-0.12412310443992998,0.37909880669911705,0.0,5574,3255
CGGTTCAAGTAGGTGT-1,GSM8576305_EM1_v1,EM,v1,24,98,1117.0,813,0.0,-0.18247766494750978,0.44505193789800007,1.2306420803070068,-0.03767544746398926,0.362658332555722,0.06059974129848217,-0.17717603334508145,-0.03829714775085449,0.7595670064290365,0.13190153304283964,0.000720797386087213,-0.05361600875854492,-0.31882292965808545,-0.1594566130733873,-0.18049892655074767,-0.19530201277206574,-0.3564445495605469,-0.009265439164253974,5573,2732
CGGTTGACCTGGCATA-1,GSM8576305_EM1_v1,EM,v1,39,25,810.0,644,0.0,-0.1456643009185791,1.1322767400741578,1.646309642791748,-0.05182385444641113,0.44902694823351197,-0.25605789307625065,-0.14602937435446525,-0.06046115875244141,-0.2089756139119466,-0.2442195471313885,0.025249522278314007,-0.025911927223205566,-0.24509115870219159,-0.11447035548198654,0.4320853074163967,-0.17823506996384433,0.48074600092569986,-0.010448357751292566,1919,4047
CGTACCTGATAGGCCT-1,GSM8576305_EM1_v1,EM,v1,22,68,1865.0,1312,0.0,0.12206870079040527,0.5324300646781921,0.9988170623779297,-0.07401328086853028,0.19255676928704132,0.17427288332293112,0.16868105814570472,0.1673669727643331,0.6845171801249186,-0.2374991732696227,1.687732306300353,-0.10892743428548177,0.22248362326717763,-0.24024860734441672,0.4797346803725278,0.18636836070015012,0.13628559207916258,-0.03730507819883285,4070,2561
CGTATTAAGAGATCTA-1,GSM8576305_EM1_v1,EM,v1,32,54,1404.0,986,0.0,0.1456806743144989,1.0621098152796429,1.422403326034546,-0.11835320472717285,0.6512054493328933,-0.023990842054516515,-0.20058896248800712,0.2513566589355469,-0.28695475260416664,-0.1928329595355286,-0.05611157040756892,-0.12777704874674478,0.13149433978590142,-0.18506849051479354,0.6614015228768816,0.21590749515737578,0.30905244064331056,-0.008446124292189074,3371,3434
CGTCACGTCCATTGGT-1,GSM8576305_EM1_v1,EM,v1,47,51,782.0,601,0.0,0.18985009789466858,0.6428235292434692,0.9167844915390014,0.48539903640747073,-0.17782183235704302,-0.2821071378646358,-0.166416579320616,-0.06996742884318034,0.36250166893005364,-0.206021388637581,0.9090619891646605,-0.0896466573079427,0.29014791255016403,-0.11590990579750643,0.5243752667077292,0.3033504803709628,0.14695103232065837,-0.04231900938095585,3223,4741
CGTCGCTTGGTTATAC-1,GSM8576305_EM1_v1,EM,v1,63,25,3849.0,2199,0.0,0.04946342468261719,-0.2830366007486979,-0.35933593273162845,0.14535017967224123,-0.18910402278836355,-0.23916935151623142,-0.21933013992500783,-0.24312917073567708,-0.04869162082672121,0.14789794094719347,-0.0878112889500034,-0.19493146260579428,-0.293353712702372,0.12396793671879902,-0.02052857472766778,0.09701151938209834,-0.23047172546386718,-0.058983564376831055,1924,6139
CGTCGGATAGTGTTGA-1,GSM8576305_EM1_v1,EM,v1,34,96,554.0,454,0.0,-0.13025068283081054,0.5678359031677246,1.450126838684082,-0.029470953941345215,0.3465036779741778,-0.26567865187121975,0.2525822090027028,-0.04911825815836589,-0.16056350708007813,0.30406767149832736,0.22145619875051437,-0.03929460525512695,-0.2940762684527171,0.45922611152311876,-0.11168706724500246,-0.15453538926548782,-0.27534161376953126,0.0,5475,3604
CGTCGGGTCTAAGCGC-1,GSM8576305_EM1_v1,EM,v1,54,22,1653.0,1179,0.0,-0.22685495376586914,0.709174329439799,1.160901107788086,-0.10074649810791016,0.3852234939268999,-0.37171246928553425,-0.22252884484771498,-0.06065442403157552,0.588187796274821,-0.24346854933926892,0.45259563578861006,0.18910136143366496,-0.36236057511295183,-0.2196112942982869,0.07724623347934131,-0.2817165923357807,-0.02761968755722044,-0.015749772710184896,1772,5355
CGTGAAGTTAATTCAC-1,GSM8576305_EM1_v1,EM,v1,40,56,745.0,571,0.0,0.19326733469963073,1.0092178853352864,2.551345958709717,-0.026688115596771242,0.2236184304374516,0.15174522597668907,0.18622686876390213,0.3803367726008097,-0.24932718912760415,0.1849810331561494,0.42364491854994224,0.40032173315684,-0.2745966777265311,-0.07502683003743489,0.5456660557271417,0.23254422240432687,0.21712446689605713,-0.021522673868363904,3472,4131
CGTGCACACCACTGTA-1,GSM8576305_EM1_v1,EM,v1,72,90,142.0,135,0.0,-0.032014598846435545,-0.07114355723063151,0.6270448279380798,0.0,-0.042828894777840194,-0.0860607547144736,-0.03209483593627624,0.0,-0.07114355723063151,-0.059399920562437945,0.5883515872120086,0.0,-0.10285815656424527,-0.017143025455704654,-0.012230983777852318,-0.0713814955491286,-0.05122335815429688,0.0,5181,6916
CGTGCAGACTGGGACA-1,GSM8576305_EM1_v1,EM,v1,40,74,709.0,537,0.0,-0.1178688907623291,0.7799935642878215,1.0069614124298094,-0.05759710311889649,-0.10320282620331117,-0.20401419362714213,0.22120873036241173,-0.0633496348063151,0.3583859268824259,0.25406219528670293,0.46995933194513045,-0.036199789047241214,-0.19206197960788465,-0.12258759464126036,0.411052059136694,-0.11228304961852006,0.48353598594665526,0.0,4374,4129
CGTGCATTGTCGACGC-1,GSM8576305_EM1_v1,EM,v1,39,31,868.0,648,0.0,0.23590000867843627,0.5694046481450399,0.8959271621704101,-0.05380969524383545,0.5035574038823446,-0.23928422312582692,-0.1556431954367119,-0.05054772059122721,0.3301802285512288,0.32299768991162014,0.5911979637638921,0.33698482831319176,-0.2911317817657348,-0.15225216662548632,0.5468345651653913,0.38928775112232894,0.18386108207702637,-0.010191073340754355,2220,4046
CGTGCCCTCCCGAAGA-1,GSM8576305_EM1_v1,EM,v1,43,77,523.0,425,0.0,-0.09772427558898926,0.25715050458908084,0.6163389015197754,-0.10506080627441407,0.4019065251451406,-0.2719905299525107,-0.09796919858545289,-0.060034745534261066,0.269932591120402,-0.11065630450296561,-0.014308221204967164,0.4502605660756429,-0.23205002627698293,-0.14734468881384916,0.30258142350396317,-0.09838299448274848,0.2304749139149984,-0.02420755740134947,4525,4390
CGTGCTTCTACCTAAA-1,GSM8576305_EM1_v1,EM,v1,62,28,1533.0,1064,0.0,0.10743136167526246,0.008869550228118889,0.08922149658203127,-0.07999512195587158,-0.15983936220507158,-0.19578996781379945,-0.13349975738907816,-0.11862345377604167,-0.29194689432779947,-0.15855548054876933,-0.13256122804081705,-0.1285943857828776,0.08246841085962503,0.3305096586066557,0.12922947642454785,0.14740692705347916,-0.20229559326171875,-0.024411118799640287,2074,6051
CGTGTCCCATTCGCGA-1,GSM8576305_EM1_v1,EM,v1,28,40,199.0,181,0.0,-0.08215152740478515,0.4987756713231405,1.6393897867202758,-0.019683700799942017,-0.03949906594777187,-0.12699162575506395,-0.0823574209571781,0.0,-0.12038002014160157,-0.08356899401814642,-0.10234696661407625,-0.013122467199961345,-0.10034991651175013,-0.015810201445736558,0.4985500683415585,-0.03949906594777187,0.6440382754007975,0.0,2669,3087
CGTGTCTCGTTACGAC-1,GSM8576305_EM1_v1,EM,v1,60,34,1104.0,850,0.0,-0.14327157974243165,0.15094701091448465,-0.012372062206268297,-0.05770913124084473,-0.24605317897222512,-0.2847144834456905,-0.16098678321169133,0.2923929500579834,-0.23277814229329427,-0.2149926380170229,-0.3506320205765154,-0.09233460744222005,0.14602678635991717,0.41138526062410036,0.2072934866122325,-0.2031563978928786,0.23701738770802816,-0.051718308079627254,2374,5876
CGTTCATGGTGCGCGT-1,GSM8576305_EM1_v1,EM,v1,48,20,907.0,726,0.0,-0.15225465774536132,0.8204023520151774,1.5382096624374388,-0.04055866241455078,0.1990851468200003,-0.18674213655533328,-0.12147061149578046,-0.09335957845052083,0.18672149022420245,0.22098342285241301,0.7681453284477897,-0.06632047017415364,-0.2671749926953909,0.28504185734024967,0.23398576271226548,-0.2653244681980299,0.3377012577056885,0.0,1670,4832
CGTTGAGCGACCGTCG-1,GSM8576305_EM1_v1,EM,v1,44,74,384.0,319,0.0,0.3302385723590851,0.2493015460173289,0.9293651628494263,-0.08243447303771972,-0.1413594759427584,-0.1943385216497606,-0.0904032293716469,-0.05495631535847982,0.5220066213607788,-0.15464329799282112,0.7113124928881774,-0.05495631535847982,-0.19385942206325302,0.6197482995718837,0.34214421167414644,0.40820365380018186,-0.17959429931640625,0.0,4375,4477
CGTTGTTTCAATTCCC-1,GSM8576305_EM1_v1,EM,v1,34,40,553.0,466,0.0,-0.1621117401123047,-0.16525718688964844,0.3058720374107361,0.5602734208106994,0.35524469089082783,-0.2582208879532353,-0.1699085283398927,-0.07102749506632487,0.461846669514974,-0.1976260182052153,0.27817949731830893,-0.06880550384521485,0.34328603074253805,-0.13294569268284073,-0.13055959881889104,-0.15594765653578335,-0.2561551208496094,-0.023780705467347178,2670,3610
CGTTTCGCTCATTACA-1,GSM8576305_EM1_v1,EM,v1,35,49,649.0,516,0.0,0.23450102686882018,0.22782415906588235,0.9187140130996705,-0.02797788381576538,-0.196001888517552,-0.21641609745640908,-0.11551129907593691,-0.10258557637532552,0.23934712568918862,0.272582186637249,0.5969085686513185,-0.05816310246785482,-0.27544176339145643,0.4471966952205183,0.6402479890082832,0.28679574864896773,0.3172155135472616,-0.03384421333189933,3121,3696
CGTTTGTGTAGAGGGT-1,GSM8576305_EM1_v1,EM,v1,55,41,728.0,553,0.0,0.1524680519104004,0.821636323928833,1.2309818983078002,-0.013451557159423828,-0.1984790049269048,0.18209189863248904,-0.17753895542077852,-0.04483852386474609,0.25347716013590493,-0.20485780390608668,0.37860941561707817,-0.05380622863769531,-0.25587500147072667,-0.15390759203807416,0.652289671337707,0.24990623372055615,0.2534379205703735,-0.010848029967277281,2724,5440
CTAAAGAATGCCTACT-1,GSM8576305_EM1_v1,EM,v1,36,36,903.0,693,0.0,0.23564708471298218,0.1282557527224223,0.7867035818099976,-0.06227676868438721,0.29378691883788854,0.1447305042073474,-0.14500074458301515,-0.04151784578959147,0.18618134180704754,0.6454088079224994,-0.14550213084662467,-0.06859807332356771,0.19953766252142363,-0.15529221990501066,0.6224758327861228,0.3021182686987529,0.2219711780548096,-0.010044640110385033,2470,3784
CTAAAGGGAAATAGGA-1,GSM8576305_EM1_v1,EM,v1,44,62,1502.0,1040,0.0,0.0728088414669037,0.9032455921173096,1.539454641342163,-0.04071446895599365,0.30187722246516646,0.23399120322020917,0.17096492162623203,-0.07464318593343099,0.13960587819417314,0.11185011669677766,0.47271579542522885,-0.054285958607991534,0.0907776589374466,-0.17104958530410705,0.49350913137966035,0.09654371408847395,0.24086603927612305,0.0,3774,4479
CTAAATCCTATTCCGG-1,GSM8576305_EM1_v1,EM,v1,26,84,1819.0,1229,0.0,0.0561805087327957,0.8408624426523845,1.3385449981689455,-0.07792222976684571,0.31317405703341544,0.25449826970078426,-0.2000268348177573,-0.11228528340657552,-0.03875606139500937,0.11683546712698878,0.060891413295003805,-0.04990457534790039,-0.30978657059880144,0.14142541128947556,0.4716459671542433,0.051421859657751146,0.2802929569880167,-0.01756417559039208,4872,2908
CTAACCGCGCGCCCGT-1,GSM8576305_EM1_v1,EM,v1,37,35,1453.0,1019,0.0,0.23698045015335084,0.5932333564758301,1.18880428314209,-0.061938633918762205,-0.2119832628945443,-0.24947886313161544,-0.16844487010984494,-0.13075934092203775,0.9319031238555908,-0.2739805904120506,1.612853213171264,-0.1259693145751953,-0.254088543505075,-0.23143618173867345,0.2270445517960797,0.3038727928829299,-0.2474830322265625,-0.01665017104917957,2420,3872
CTAACGAAACTTGCTG-1,GSM8576305_EM1_v1,EM,v1,30,94,1381.0,980,0.0,0.1554575741291046,0.6000477393468221,1.1471258926391603,0.34800769329071046,0.5221451182030515,0.06468888801363754,0.07246352347514981,0.25802509943644203,0.45959458033243816,-0.30229158943712114,0.9160656151973509,-0.14271104176839192,0.24694761732017184,-0.19481995977072353,0.533188695210782,0.26371603147640676,0.5480062306722006,-0.0170091736701227,5374,3255
CTAACTGGTCCGGTTC-1,GSM8576305_EM1_v1,EM,v1,50,36,945.0,734,0.0,0.09845579028129578,0.5291185228029887,0.8466564702987671,-0.11347047805786133,-0.1725907724437905,-0.3105904056179908,-0.19596849408066064,-0.08164843877156576,0.11202931563059487,-0.22559458754931805,0.3695092218348386,-0.09797812779744466,0.2157150021518569,-0.22423699007455603,0.5534418365333689,0.21926712285449007,0.1887104171117147,-0.009876827078480874,2472,5004
CTAAGGGAATGATTGG-1,GSM8576305_EM1_v1,EM,v1,44,72,678.0,536,0.0,-0.11254982948303223,0.4299704186121623,0.5105616903305054,-0.04135190010070801,0.23625080534978588,-0.28829193115234375,-0.12665042542574698,-0.04594655990600586,0.33995307604471847,-0.13934337654241352,0.46047822263543764,-0.05733882268269857,-0.31769062333317644,-0.08015438064513915,0.1699702710681795,-0.213994743831979,0.1514256661732991,-0.04446441127407935,4274,4478
CTAATTCGCACGCGCT-1,GSM8576305_EM1_v1,EM,v1,28,34,878.0,696,0.0,-0.17522720336914063,1.4244684600830078,1.2822988986968995,-0.11325830459594727,0.3625306867835514,-0.19311361928139964,-0.18034030082530544,-0.06307288487752279,-0.19920955657958983,-0.1841183282858552,-0.4154530050766528,-0.11962623596191406,0.3565021135720862,-0.1291488892582047,0.3174354560395708,-0.19303654189093855,0.4686829026540121,-0.04059437397987612,2368,3087
CTAATTCTCAGATATT-1,GSM8576305_EM1_v1,EM,v1,27,105,601.0,480,0.0,0.2666881513595581,0.73746302207311,2.1432348823547365,-0.014350543022155762,0.45985188332688454,-0.20711237384426978,-0.09949944670636553,-0.07875087738037109,0.771323382059733,-0.08033763923772601,1.0644314568075273,-0.06696919759114583,-0.19127311859743662,-0.1064071042470664,0.24120179800727648,0.3276999041919857,-0.18249459838867188,0.0,5924,2992
CTACAAGAAATAACCC-1,GSM8576305_EM1_v1,EM,v1,58,40,1218.0,874,0.0,0.1871099877357483,0.2199084500471751,0.3679754137992859,0.3996557092666626,-0.16692441602215718,-0.2721286896736391,0.17139187298322978,-0.105738894144694,-0.17234864552815754,0.2658010254735532,-0.40044533427636225,-0.07954633712768555,0.10622271897802393,0.4950735884976674,0.6715386378389375,0.2743515099171412,0.3347549339930216,0.0,2674,5701
CTACCCTAAGGTCATA-1,GSM8576305_EM1_v1,EM,v1,31,91,955.0,718,0.0,0.16253949880599974,1.0374217224121094,1.4547120475769044,0.451370370388031,0.24692358726110217,-0.23281212775937973,-0.15502725089701794,-0.08132799784342448,0.27586068471272784,0.18839956074122471,0.4217521167023954,-0.0997555414835612,-0.26857797400539657,-0.2135838428175593,0.6126408869011013,0.24692358726110217,0.3390541102091471,-0.009838063870706865,5224,3343
CTACGACTAGCTATAA-1,GSM8576305_EM1_v1,EM,v1,38,24,867.0,697,0.0,-0.11739304542541504,0.6372648032506307,0.672089033126831,-0.053831133842468265,0.3839357178346768,-0.28171837714410597,-0.12402423103351641,-0.05056893984476725,-0.2566613515218099,0.26415376240593136,0.19516078226016909,-0.08863114674886068,0.3956953148286505,-0.11169844937611775,0.3038049540068837,-0.17376294343367868,0.32604982121785486,0.0,1869,3960
CTACGCACGGAGTACC-1,GSM8576305_EM1_v1,EM,v1,35,57,1283.0,911,0.0,0.23556398153305053,0.7935013898213704,1.2248906707763672,-0.0869638442993164,0.3826170242749728,-0.266304692914409,0.09133497844065042,-0.0434819221496582,-0.02215962092081708,-0.1862921443671287,0.1726781608214587,0.28263250350952146,-0.33468413448716744,0.21653648361144776,0.43027254315706925,0.328188794379516,0.09817509587605794,-0.01753303312486218,3521,3695
CTACTATCATAGGTTT-1,GSM8576305_EM1_v1,EM,v1,53,25,1238.0,932,0.0,0.12154477477073669,0.7706710259119669,1.345733895301819,-0.08823214530944824,0.35260260610144534,0.06979441203279979,-0.15456709706394894,0.3287489080429077,-0.27439539591471357,-0.24018109682012959,0.27114630258947675,0.25310048898061116,-0.3893658128608183,-0.18538448226499749,0.5289183212897839,0.14715650607909647,0.22211171881357827,-0.00889436948683954,1922,5267
CTACTATCTTTCAGAG-1,GSM8576305_EM1_v1,EM,v1,29,93,760.0,610,0.0,0.1663070487976074,0.7871901257832845,1.5026785230636597,-0.013251361846923828,0.2609502458519229,0.1886798994881766,-0.15874819647996946,-0.04417120615641276,0.20284202575683596,-0.24128570046313233,0.9377937953590234,-0.026502723693847655,-0.28023948822634287,-0.13036329583470602,0.5464679231616351,0.24322267147476725,0.2745032450358073,-0.03205974640384797,5324,3168
CTACTCTAGGCCCGGC-1,GSM8576305_EM1_v1,EM,v1,31,25,760.0,624,0.0,0.28995567440986636,1.230315097173055,1.876272897720337,-0.07950817108154297,0.31549299148678644,-0.17363528282411636,-0.12378689758759692,-0.06403032938639323,0.16969571431477865,0.2755834373210452,0.4724815133143395,-0.061839688618977866,-0.1904231917905999,-0.1755772785968091,0.6883544862099569,0.40063167535341704,0.3895990285873413,-0.02137316426923198,1918,3350
CTACTGCCACCTGACC-1,GSM8576305_EM1_v1,EM,v1,27,63,1142.0,788,0.0,-0.14607815742492675,0.9207560761769613,1.3165691900253296,-0.011389702558517456,0.30913304990217705,0.08054785794376779,-0.14073514818846433,-0.07593135197957357,0.2514575990041097,-0.22802645067706157,0.4440907624156374,-0.09325275421142579,0.2922519519147145,-0.11892862588047502,0.13013533218883852,-0.19465967644018473,0.03685810693105063,0.0,3820,2997
CTAGATGTGAGTGTAA-1,GSM8576305_EM1_v1,EM,v1,33,103,670.0,538,0.0,0.21379521250724792,1.1040216143925985,1.3525681161880492,-0.0691978406906128,-0.15475036467995532,0.13142342391651346,0.22040102662597982,-0.07381102879842122,-0.21179696400960288,-0.22149931228280467,0.2857589040483747,-0.06458464940388997,-0.23833876154030184,0.4535376458761683,0.6775677994875648,0.3250830390115778,0.3096459461847941,-0.011160941854599983,5825,3516
CTAGATTTACGACGGC-1,GSM8576305_EM1_v1,EM,v1,42,74,780.0,604,0.0,0.17296175956726073,0.22948823968569437,1.0697589969635009,-0.09191538810729981,0.30018488885035355,-0.2722813390916394,-0.16886041397438908,-0.008753846486409506,-0.30386009216308596,-0.17397458896190426,0.35687802733060536,-0.07878461837768555,-0.2797798248658697,0.8817127610784937,0.5685410632786573,0.30018488885035355,0.2874769105911255,0.0,4374,4303
CTAGCATAGTATAATG-1,GSM8576305_EM1_v1,EM,v1,34,66,1333.0,959,0.0,-0.16386123657226562,0.44474984566370646,1.4224344444274903,-0.07491003036499023,0.20254376753251024,0.2334956090021793,-0.18572843164429628,-0.09485422134399414,0.011550695101420039,0.10990899475654761,0.8138036816905747,0.29964013576507564,0.09358235190671133,0.22273928420131947,-0.2207069506276303,-0.2760252426300559,-0.35786846923828125,-0.017260376484163346,3972,3607
CTAGCCGATGTTATGA-1,GSM8576305_EM1_v1,EM,v1,23,101,1286.0,936,0.0,-0.190255069732666,1.0919597752888996,1.1839966440200804,-0.08688105583190918,0.18848696161672024,-0.270751707015499,0.16552588276397018,0.39323631286621097,0.1801225217183431,-0.24096381145974863,0.5438424135743503,0.24404804706573485,0.24180126419986592,-0.2082734012220758,0.31452534883616645,-0.23163183716228575,0.40148108450571696,-0.017516341901594592,5723,2644
CTAGTCACGTCTTAAG-1,GSM8576305_EM1_v1,EM,v1,37,69,1359.0,925,0.0,-0.17798891067504882,0.8979006004333496,1.440655355453491,-0.09554675102233887,0.34246959960048673,0.3063356799464072,-0.17153093151580123,-0.09411285400390625,0.5239740053812663,0.052644004656984156,0.6668911247226033,-0.07785290400187174,0.3005508991609137,-0.19013336671882844,0.27021892748794446,-0.23110921087871028,0.2628558518091837,-0.034246148601655035,4123,3868
CTAGTGAAGGACAGGA-1,GSM8576305_EM1_v1,EM,v1,34,38,412.0,362,0.0,-0.11437629699707032,0.7426394486427307,1.2317906475067137,-0.032296910285949706,0.3996565942647332,-0.19046437355779833,0.305237358823456,-0.04306254704793294,0.3795022360483805,-0.12332083150295908,0.12802332934936173,-0.05382818222045899,0.46434916339246146,-0.1037651659494423,0.3933867397144394,-0.13862524383442856,0.46153516133626304,-0.013022947695947463,2569,3610
CTAGTTGGGCCCGGTA-1,GSM8576305_EM1_v1,EM,v1,26,68,1543.0,1045,0.0,0.13134089589118958,1.0195940367380778,1.8739409637451172,-0.030185258388519286,0.20441115832780646,-0.29027052848569806,-0.19365265733914866,-0.10269742329915364,0.12106016953786214,0.08767404604117607,0.480021747512434,0.2394021701812744,-0.32793291697061683,-0.23687607792007875,0.5576961086609302,0.16402956408136,0.26088504568735754,-0.008114316771107336,4071,2909
CTATAAGAGCCAATCG-1,GSM8576305_EM1_v1,EM,v1,26,100,572.0,484,0.0,0.39192012906074525,1.1944160827000936,1.6216871643066406,-0.04375237941741943,-0.14367659195609714,-0.19572182624570786,0.2589214771313775,-0.048613754908243816,-0.18298723856608073,-0.15655990906782374,0.5161769549280126,-0.048613754908243816,-0.2217237633394908,-0.12885572441131715,0.7399833069148242,0.5327469054671833,0.291981497446696,0.0,5674,2906
CTATCGGGTCTCAACA-1,GSM8576305_EM1_v1,EM,v1,35,69,1485.0,1012,0.0,0.11225691556930542,0.5343227020899455,1.2991224908828736,-0.11564105987548828,0.3354089213587103,-0.32099034709315144,0.45614371383399294,-0.09546260833740235,0.543655548095703,0.0683551767598028,0.9809005234794315,0.3068440659840902,0.07948560561520984,-0.12256112922147575,0.46893336199074553,0.052983681892471546,0.25292879517873135,-0.027270945810502576,4122,3694
CTATGTCACTAGCCCA-1,GSM8576305_EM1_v1,EM,v1,30,66,869.0,656,0.0,-0.1608518600463867,1.013165914217631,1.2497659397125243,-0.01263163447380066,0.4926544693667221,0.017646584093296058,-0.19291327531475172,-0.05052653948465983,0.29192732652028397,-0.1812314189796065,0.5051448925398958,-0.07578980763753256,0.20157996468754658,-0.08378701420672927,0.26539864094346166,-0.16202176454473896,0.2444108908971151,-0.010186801995000532,3971,3258
CTATGTGAGTCACGGC-1,GSM8576305_EM1_v1,EM,v1,45,17,762.0,609,0.0,0.19662623047828676,0.9132287375132243,0.9160305309295654,-0.03971745491027832,0.2252702637260973,-0.2460076116746472,-0.13468927369081884,-0.09708711624145508,0.3244263553619384,-0.13005611968279682,0.4307725355938366,-0.02647830327351888,0.3533874737689772,-0.10633856991687453,0.6280944357628808,0.20755904534189995,0.3173739515940348,-0.032030205572805094,1520,4571
CTATTTGGTTACGGAT-1,GSM8576305_EM1_v1,EM,v1,36,82,760.0,592,0.0,-0.14006851196289063,1.0172047265370687,1.491379771232605,0.0,0.42456475122849413,-0.2598545628209268,-0.14041956086505325,-0.061839688618977866,0.45612086296081544,-0.20772676244627272,0.737299476864521,-0.05300544738769531,0.418384808038612,-0.13836763374297972,0.34836441842054566,-0.21345115585071986,0.35899962743123376,0.0,4774,3779
CTCACTTGGCTGGTAA-1,GSM8576305_EM1_v1,EM,v1,40,26,847.0,649,0.0,-0.12471260070800781,0.9772825050354004,1.3683328580856324,-0.06374857425689698,0.3666491858004992,-0.25230687664401147,-0.1441976695431205,-0.06799847920735677,0.07397792180379231,0.2086108382064496,0.4097866857984642,-0.06799847920735677,0.2500458077733297,-0.18695699546231803,0.3964741580124229,-0.19499795971108122,0.49767419497172033,-0.010282028105951125,1969,4134
CTCAGATTGTGATAAG-1,GSM8576305_EM1_v1,EM,v1,43,5,219.0,199,0.0,-0.08987784385681152,0.5144241817792257,1.1908777618408204,-0.01921466112136841,0.6019308540467567,-0.030991388905432918,0.39989483909200607,-0.012809774080912273,-0.1024781862894694,-0.0665452631819607,0.4524342341125226,-0.012809774080912273,0.7788530889763889,-0.0617338509923483,-0.055056334225017906,-0.038557849998856863,-0.030743457794189452,-0.015495694452716459,918,4398
CTCAGTCACGACAAAT-1,GSM8576305_EM1_v1,EM,v1,24,96,1336.0,948,0.0,-0.17887481689453125,0.7826240730285645,1.7222770786285402,-0.12076876640319824,0.9378103396565619,-0.026814965059130946,-0.17932310558500744,-0.09476786931355795,0.08417213280995689,-0.27385933662338,0.14498548103765196,-0.11030445098876954,-0.3854869551447979,0.20789199564830366,0.2872536927034657,-0.26746470473681805,0.3338122100830078,-0.008622191606029388,5473,2732
CTCATGGTAATTTGCG-1,GSM8576305_EM1_v1,EM,v1,50,26,1272.0,943,0.0,0.05996272563934327,1.0206949679056803,1.2574055767059327,-0.08726924896240235,-0.24270316031465564,0.08092786639516805,-0.1968829123896166,-0.045751523971557614,0.21467255910237631,0.14008910786215148,0.8270011430837572,-0.09877549489339192,0.11121144658590415,0.1946719977750357,0.49106674566651487,0.0990284464696844,0.3135136737823486,-0.017594606645645633,1971,5006
CTCATTTGATGGGCGG-1,GSM8576305_EM1_v1,EM,v1,22,62,334.0,296,0.0,-0.08229762077331543,0.9423573144276937,1.465326623916626,0.0,-0.1215755883666584,-0.16202874337473222,-0.08250388047450169,-0.04576071739196777,-0.19673922220865886,-0.13305402519710885,-0.30880557112957363,-0.04576071739196777,0.5377041025812845,-0.12405014038085938,0.44570607886273406,-0.13305402519710885,0.524085595448812,0.0,3769,2561
CTCCCTCCTTTCGATC-1,GSM8576305_EM1_v1,EM,v1,51,23,1886.0,1311,0.0,0.031589168310165394,0.6347316630681356,1.0923200511932372,0.25467400550842284,0.08905187617974936,-0.2733973841513357,0.1590561390221866,0.4692405541737874,0.32145954449971514,0.28508300366608996,0.8920347825794533,-0.11465281168619791,0.0215719450908492,-0.35634628357178716,0.31242311598578293,0.06442442028020137,0.12999102369944254,-0.01484599228828184,1821,5093
CTCCGCCCACATGAGG-1,GSM8576305_EM1_v1,EM,v1,43,39,755.0,590,0.0,-0.13035936355590821,0.8977652025222779,1.3204120922088622,-0.026564083099365234,0.3148717306130706,0.10609708513532368,0.17473430024053818,-0.07522033055623373,0.22680891672770181,-0.23561108949591084,0.8815378920260044,-0.08854694366455078,-0.21881550861649723,-0.14935630583858872,0.22059596848692797,-0.15451590751724498,0.17153202056884764,0.0,2621,4394
CTCGAGGTCGAACAGT-1,GSM8576305_EM1_v1,EM,v1,29,59,603.0,479,0.0,0.2730465853214264,1.0613648716608683,1.0363673162460327,-0.014334875345230102,-0.10838079293037338,0.13170282631975166,0.34149940689106034,-0.047782917022705075,0.5440519873301188,-0.1994826147787547,1.311656591794684,-0.08600925445556641,-0.3051888339490776,-0.1691989822081294,0.7621500116364662,0.3406827483023024,0.42471885045369473,0.0,3620,3172
CTCGATATTTGCGAGC-1,GSM8576305_EM1_v1,EM,v1,23,99,1287.0,941,0.0,-0.18644371032714843,1.2232994826634724,1.266931109428406,-0.054283437728881834,-0.16664619828546326,0.004193483959145261,-0.20323682130130014,0.2533227316538493,-0.3247921752929688,0.12787205957648745,-0.25284810863804325,-0.12304246266682943,0.29404062114087454,-0.18459650981857115,0.21550157905308087,-0.18117019245058397,0.2369505160649618,-0.00875539356662381,5623,2644
CTCGCACCTATATAGT-1,GSM8576305_EM1_v1,EM,v1,24,68,1576.0,1083,0.0,0.05761004269123077,1.3324174054463704,1.3812066555023192,-0.06979154109954834,0.3202687997615989,0.3619671197530861,-0.18213055068090148,-0.14830540974934897,0.20205434481302903,-0.20612299482160587,-0.11405137007987848,0.2172264075279236,0.1258662273606143,-0.2758026429448262,0.719600161884439,0.09414292278895808,0.627342165629069,-0.008040499783331347,4070,2735
CTCGCATTGCATAGCC-1,GSM8576305_EM1_v1,EM,v1,60,12,1463.0,1077,0.0,0.08645679235458373,0.7045128822326661,1.0240668773651123,-0.0720522403717041,-0.22266740065354568,-0.34875928201983053,-0.18161982103696742,-0.10711313883463541,0.05949177742004391,0.12117423633800833,0.06996714050446329,-0.15037652333577475,0.307141244076342,0.303156227471838,0.5230084247780393,0.09289819473938532,0.21141619714101162,-0.0249028455826544,1272,5879
CTCGGGTTCTCTGGCC-1,GSM8576305_EM1_v1,EM,v1,61,27,633.0,494,0.0,0.3399527549743652,0.21305113275845847,0.55503098487854,-0.014106236696243286,-0.0928936451175141,-0.2839288096274099,-0.08332873466319608,-0.056424948374430337,-0.24657758076985678,-0.14804485410352217,0.17839873872552942,-0.0376166311899821,-0.22691124605845256,-0.13596373102272372,0.6729182445558914,0.4783668518066406,0.18855051072438556,-0.01137599733568007,2023,5964
CTCGGTACCACTGCTC-1,GSM8576305_EM1_v1,EM,v1,41,81,1241.0,875,0.0,0.25029553890228273,0.7791934172312418,0.9834517002105713,-0.033054752349853514,-0.23847423030381218,0.1752082938972157,-0.15883741641701912,-0.08814599990844726,-0.2809648132324219,0.11843024195901794,0.19026382245011064,-0.09889870961507162,-0.3255875062751004,-0.19981140688241247,0.5952511674012018,0.30258002063236644,0.25429836400349937,-0.026657058346656062,4725,4215
CTCGGTTGTCGGCCCT-1,GSM8576305_EM1_v1,EM,v1,56,26,978.0,744,0.0,-0.16236228942871095,0.4461130634943644,1.1650428199768066,-0.10881625175476074,0.3071009502761739,-0.3361610904816658,-0.17326718284970238,-0.07254416783650716,-0.3186204528808594,-0.2553489455411267,0.09086347208207918,-0.08060462951660156,-0.29451907973691643,0.313332509803006,0.3041850206332767,-0.2383678270422894,0.2424486608505249,-0.009750560406715639,1972,5528
CTCGTCGAGGGCTCAT-1,GSM8576305_EM1_v1,EM,v1,60,18,670.0,557,0.0,0.23031329989433288,-0.23156506856282552,0.08822984576225279,-0.09687697410583496,0.2937800542699586,-0.2546978919736801,-0.10902868476427886,-0.05535827000935872,0.27142557621002195,0.3020414127288189,0.454769890683209,-0.05535827000935872,-0.21460576804287462,-0.15562566121419272,0.2035836957416425,0.25675110686715763,-0.23051699829101563,0.0,1572,5878
CTCGTTTCTAATGTTT-1,GSM8576305_EM1_v1,EM,v1,22,104,1114.0,872,0.0,-0.1611957550048828,1.2801680167516072,1.6755546092987061,-0.0575062084197998,0.1747257429088903,-0.22793048427950952,-0.16159975439085997,-0.09200994491577148,-0.2144432576497396,-0.251489722210428,-0.13765272320557737,-0.08434244791666666,0.3308290372411889,-0.22020439546271023,0.41134181763859395,-0.239421525527801,0.5355216426849365,-0.01855039019738474,5873,2557
CTCTACACTGGCGATT-1,GSM8576305_EM1_v1,EM,v1,43,17,935.0,721,0.0,0.1609007751941681,1.0531080865859985,1.5706795120239256,0.4180601358413696,0.43398100702526043,-0.24067743362918978,0.15437026064198717,-0.02459177335103353,0.674122937520345,-0.18140649955009536,1.3311260966884944,-0.0737753168741862,-0.24742558490799135,-0.17002056688668737,0.685220129851967,0.1931140737788733,0.46725407791137696,-0.019832074642181396,1519,4396
CTCTCACAATCGATGA-1,GSM8576305_EM1_v1,EM,v1,32,70,1383.0,939,0.0,0.26251245617866514,0.9273211622238159,0.8813271522521973,-0.06323598384857178,0.1648874544645499,0.025649265210200056,-0.157438349903078,-0.06533756891886393,0.7253751532236735,0.14206562619012603,1.3536487847716365,-0.04215732256571452,0.29368025710783807,0.2506039169418764,0.6252275464527928,0.37022975761621957,0.25549606482187903,-0.025498378661371047,4172,3432
CTCTCTAACTGCCTAG-1,GSM8576305_EM1_v1,EM,v1,57,21,1992.0,1425,0.0,-0.2013083839416504,0.4235843205451965,1.2720680761337282,-0.07180401802062988,0.09775428449031104,-0.28790193988430884,-0.21081085969929708,-0.1369330088297526,-0.03905344406763711,0.014025953501761945,0.3635274831630819,-0.18751519521077473,0.015440993998424135,0.132903688403976,-0.23484988062292936,-0.24345489808149562,-0.295204833984375,-0.0531134759226153,1722,5616
CTCTGGACGCCTGGTG-1,GSM8576305_EM1_v1,EM,v1,32,62,804.0,621,0.0,-0.13660504341125487,1.1577125008900961,1.4785652446746826,-0.025980725288391113,0.26427511679820526,-0.2014102320517263,0.20083457171767577,0.814062728881836,0.1811362489064534,0.20483259027751125,0.3791593721421263,0.3550699138641357,-0.2403786594130428,0.404840223090237,0.2676142029741774,-0.16873697134164664,0.3528102350234985,-0.01047609890660932,3771,3433
CTGAATCCGAGACCTC-1,GSM8576305_EM1_v1,EM,v1,47,53,768.0,615,0.0,-0.1322844123840332,0.5810528389612833,1.1320117282867432,-0.06601361274719238,0.23789828251569697,-0.3091881352086221,-0.13261595226469494,-0.05281089146931966,0.364243745803833,-0.1567806256654669,0.46461615045551596,-0.0616127077738444,-0.36301409863085154,-0.2226965264622945,0.32777948485404507,-0.2110237070549292,0.3294831714630127,-0.03194206953048706,3323,4741
CTGACTGCGCAGCTCG-1,GSM8576305_EM1_v1,EM,v1,31,101,476.0,400,0.0,0.34824999809265134,0.19610103686650593,1.2438870334625245,-0.030914244651794435,-0.18062433351242424,-0.23381968467466294,0.25642562285999304,-0.08243799209594727,-0.14331461588541666,-0.17348149787622152,0.3760612307053543,-0.07213324228922526,-0.22275169403198733,-0.05235286697326415,0.3816568332278626,0.47956647309438305,-0.23194912719726563,-0.024930842461124543,5725,3342
CTGCCAAGGTTGGAAG-1,GSM8576305_EM1_v1,EM,v1,21,77,1055.0,788,0.0,0.5455905723571777,0.9559343338012696,1.3646814823150635,0.39616688251495363,0.20816367352952395,0.03427001518038558,0.1593083033436223,0.32107675393422447,0.38236699899037674,-0.2681685227614183,1.0492201768829936,-0.07831140518188477,0.16270332930078468,0.35664711132585764,0.9378233201865822,0.6992392194443855,0.2647636957168579,0.0,4521,2473
CTGCCATGCATCACAT-1,GSM8576305_EM1_v1,EM,v1,40,62,1564.0,1056,0.0,0.5459605646133423,0.44232124408086143,0.8406180667877198,-0.06313515186309815,0.2160703983062353,0.014171711310812962,0.0452860645333627,-0.12670782725016275,0.7613989067077636,-0.19807638212988607,1.2890177594614132,-0.0666883405049642,0.08039525330784808,0.24799714892743582,0.7299499176976332,0.7502504341312608,0.30513121700286866,-0.016134275544074275,3773,4130
CTGCGGGTGAAATGTT-1,GSM8576305_EM1_v1,EM,v1,31,23,602.0,494,0.0,-0.16047754287719726,1.4647486623128256,2.257735013961792,-0.07171351432800294,0.44429050055368824,-0.20433098270047095,-0.1922937264119772,-0.06693260828653971,-0.19406558990478515,-0.1291629446788775,0.0582211442072445,0.38981938521067305,-0.2312024740808939,-0.14091096441429782,0.3784682731061405,-0.18512085369199416,0.4405900882085165,-0.011566695667082263,1818,3350
CTGCTGAGGCCACGAA-1,GSM8576305_EM1_v1,EM,v1,49,35,1207.0,873,0.0,0.12168885946273802,0.6721479161580404,1.0822894287109375,-0.06685202598571777,0.12029763208982536,-0.32187424936602194,-0.1851791917232045,-0.07026570638020833,-0.29931897481282554,-0.1989277995948409,0.13301671432747064,-0.09126200993855794,-0.30812547676055785,-0.1841108483004283,0.38354985795936475,0.09793911729767968,0.05210086250305174,-0.026956460168284756,2422,4917
CTGGAAATGGATGCTT-1,GSM8576305_EM1_v1,EM,v1,29,53,535.0,450,0.0,-0.11775472640991211,0.19120017449061075,0.9520441150665283,-0.02980191707611084,0.5577245938738055,-0.17241797908659903,0.26194326097803905,-0.019867944717407226,-0.15345909118652343,-0.15624668287194293,-0.373332574738929,-0.061828594207763675,0.37484488238292524,-0.08378049551722515,0.23015907893549747,-0.1398292337372949,0.3375807285308838,0.0,3320,3172
CTGGACGCAGTCCGGC-1,GSM8576305_EM1_v1,EM,v1,51,13,3280.0,1815,0.0,-0.17393449783325196,0.14262662092844647,0.7077578258514404,-0.169385929107666,-0.17119341949156694,-0.23204520440870716,-0.1638560091941279,-0.1536923599243164,-0.20070022583007813,0.2818624902861307,-0.1363364314314109,-0.14874796549479166,-0.2425695059289894,0.27306828039238257,-0.17810213804928143,-0.22103575639501463,-0.19327854919433593,-0.07556749928382135,1320,5094
CTGGATTTACACTTGA-1,GSM8576305_EM1_v1,EM,v1,49,55,751.0,562,0.0,-0.11148489952087402,0.9319848696390788,0.5163496780395508,-0.03992022514343262,0.4508828524097286,-0.27065624729279547,-0.11176431029661556,-0.0709692891438802,-0.19067832946777344,0.24301306831929728,-0.46820658774831186,-0.04435580571492513,0.38033102027862425,-0.10688145955403645,0.19356198912022107,-0.18914562722911005,0.18571247609456376,-0.010731243318127047,3424,4915
CTGGCATCCGAATGAG-1,GSM8576305_EM1_v1,EM,v1,48,26,1453.0,1062,0.0,0.17875650644302368,1.0463529014587403,1.4091157913208008,-0.06507669925689698,0.15001820654108902,-0.2881835199171497,0.046786407405571245,0.18372387091318765,0.02832264105478921,-0.19684892992510844,0.5046070390524663,0.22710833390553792,-0.2988867089451556,-0.21386902590832077,0.7827534738789315,0.3217707273021855,0.5151896006266276,-0.008325085524589784,1971,4831
CTGGCGCACAGGTCTG-1,GSM8576305_EM1_v1,EM,v1,37,89,1390.0,982,0.0,0.13894591450691224,0.8031568050384521,1.1165856742858886,-0.06310296058654785,0.0857612315893439,-0.3041131111883348,-0.21380823656431117,-0.07922646840413411,-0.25468401590983075,-0.2375370140458429,-0.24890875319996414,-0.09324934641520183,-0.3172767669800295,-0.1461386929554154,0.6109763906473417,0.1788303725828428,0.2723561283747355,0.0,5125,3866
CTGGGATAAATAATGG-1,GSM8576305_EM1_v1,EM,v1,38,84,911.0,694,0.0,-0.14726903915405273,0.07841059645016987,0.3344902420043945,-0.03724475860595703,0.4390010529404367,-0.2875835664810673,-0.16630718642308898,0.3476177358627319,-0.22476041158040364,-0.24745071053903636,0.17523103640050397,-0.033106451034545896,0.15804799033934813,-0.13960552598577905,0.1487221213159042,-0.21000090889308765,0.16094556713104247,-0.020024063125733408,4874,3953
CTGGGCCTGCTATATC-1,GSM8576305_EM1_v1,EM,v1,44,30,846.0,649,0.0,0.1515009558200836,0.9023076486587525,1.2775823259353638,0.5228163051605224,-0.150143856188924,-0.20965465422599547,-0.18697827561457353,-0.08088673273722331,-0.20701910654703776,-0.1978836314734009,-0.013909446876509468,-0.042517204284667966,0.21705046906528702,-0.14867946517515374,0.47127541856984356,0.27502819460504163,0.21719463380177814,0.0,2171,4482
CTGGGTAGGCAGTTAA-1,GSM8576305_EM1_v1,EM,v1,43,79,754.0,585,0.0,-0.07404221534729004,0.4473626478513082,0.8181788396835327,-0.06644101619720459,-0.17333127024979098,-0.24874508765435988,-0.08088853305443786,-0.1063056246439616,-0.17768873850504557,-0.19139360663882865,0.438788059711114,-0.08858802159627278,0.25754126142785255,-0.14942558319214358,0.19628763104919716,-0.1644428342481122,0.20681555843353272,-0.021432586254612092,4625,4390
CTGGGTTGAGTTAAAG-1,GSM8576305_EM1_v1,EM,v1,53,11,1922.0,1411,0.0,-0.2177790641784668,0.6020298115412395,1.1269293355941774,-0.11862626075744628,0.36624151049649034,-0.31521314190280053,0.31102068277827477,-0.12572864532470704,-0.04507015705108647,-0.25054648408921665,0.2883523652130806,0.1581683047612508,0.047033517714963835,0.3013348546851591,0.0843212116925969,-0.23126437592267193,0.09055950323740641,-0.07358948646053191,1221,5269
CTGGTAACGAGCTCTT-1,GSM8576305_EM1_v1,EM,v1,29,97,551.0,453,0.0,-0.14121685028076172,0.5582902622222901,1.0783091115951537,-0.029522409439086916,0.34129010873494736,-0.21517075261762064,-0.14157077722382128,-0.03936321258544922,0.2712715721130371,-0.16599467606050114,1.1072567236654551,-0.029522409439086916,-0.19658811025351405,-0.12124135886808955,0.20912441380727598,-0.1704974732670098,0.2667818260192871,-0.01190419735447053,5524,3168
CTGTACTTCTTAGCAT-1,GSM8576305_EM1_v1,EM,v1,39,51,926.0,709,0.0,0.1902868330478668,0.3862080057462056,0.9558604145050049,-0.012340131998062134,0.25405564714833645,-0.22106147581531155,0.18380501477939443,0.3269040250778198,0.36769685745239256,0.16376393176241463,0.6176635471078362,0.3702039607365926,-0.3292869966192897,0.44985524162231194,0.45528666286550484,0.2623099120564285,0.14268422985076906,-0.01990343870655183,3222,4044
CTGTCAAATGGCTCGG-1,GSM8576305_EM1_v1,EM,v1,23,83,1419.0,997,0.0,0.07002786159515381,0.8069929027557373,1.3453695487976074,-0.07298641681671142,0.8507632823825014,-0.2676582644062658,0.1377222684391758,-0.11816848754882812,0.11254718144734699,0.14711458095605826,0.2943188666612744,-0.09246081034342447,-0.29096206603758784,-0.23622413236932102,0.4583177901270738,0.10894586835284964,0.259067728360494,-0.008408573365980578,4822,2646
CTGTGCAGGGTAGGTC-1,GSM8576305_EM1_v1,EM,v1,42,70,1011.0,749,0.0,0.2094080114364624,0.02469843983650205,0.41561034679412845,-0.07163864612579346,0.18717260942809957,-0.27306935095017953,-0.18225065150057762,-0.07163864771525065,0.18469163894653318,-0.25354751535881326,-0.03897506798759948,-0.09767203013102213,-0.29052504573959903,-0.24234949441319967,0.5390261643937119,0.3050120092155941,0.1175559072494507,-0.009628850606180007,4174,4304
CTGTTACCCAATCTAG-1,GSM8576305_EM1_v1,EM,v1,48,58,844.0,628,0.0,0.2623173713684082,0.328293346563975,0.06732841014862062,0.47234473705291746,0.2853573906248894,-0.300858159219065,-0.18797068966361216,0.37447150071461993,-0.2910410563151042,-0.23181216134674174,-0.41189502351847124,0.32973973433176673,-0.3051203225989897,-0.1769401826054217,0.5986343031284802,0.35198070266706627,0.12708450412750244,0.0,3574,4828
CTGTTCACTGCCTGTG-1,GSM8576305_EM1_v1,EM,v1,22,56,722.0,608,0.0,-0.0953010368347168,0.6174382988611857,0.9150295972824096,-0.04047041893005371,0.40850056506851185,-0.2661614264211347,-0.10230186290310737,-0.10112402598063151,-0.2641101837158203,-0.19280546564720946,0.0011481901594656008,-0.06295398712158203,0.371863403665014,-0.17601345629098425,0.2960561167203253,-0.19830830041381428,0.38267026964823403,-0.010879144553215273,3469,2562
CTTACACGGTATTCCA-1,GSM8576305_EM1_v1,EM,v1,31,45,528.0,437,0.0,-0.13418206214904785,0.7200662008921306,1.9288172340393066,-0.044890460968017576,0.37709599660258897,-0.24434221944501322,-0.11201687384966322,-0.05985394795735677,-0.17758656819661459,-0.16817147755702602,0.9582596509814348,-0.049878292083740235,-0.21142761965832077,-0.16826412093687249,0.26622262989894024,-0.13169595469599185,0.25639543120066327,0.0,2920,3347
CTTAGCCTTCCACATG-1,GSM8576305_EM1_v1,EM,v1,22,78,1333.0,971,0.0,-0.18980884552001953,0.6527137502034506,1.2983399724960327,0.36384873867034917,0.2555939458817277,-0.3029321547477476,-0.19564869051290334,-0.08561147689819336,0.11576333204905193,-0.25012811769211174,0.5710358705267321,-0.0663170560201009,0.11081641878947679,-0.18910160600899692,0.2942897692792395,-0.2229750770390233,0.3079749348958334,-0.008630188242081673,4571,2560
CTTAGGTATAGACCAG-1,GSM8576305_EM1_v1,EM,v1,63,15,2204.0,1523,0.0,-0.1570299243927002,-0.04933508177598317,0.5118012857437134,-0.06845959186553956,-0.17428773860867605,-0.2131843413076093,-0.17179180326915922,-0.15830425262451173,0.022278837362925186,-0.24524647894511653,0.054473737119687005,-0.13149434407552082,-0.30836833049973333,0.5953806099642711,-0.16860823098431343,-0.2069113740952916,-0.23201675415039064,-0.06211051633281092,1423,6140
CTTAGTAGGCCTACAG-1,GSM8576305_EM1_v1,EM,v1,32,102,743.0,563,0.0,0.17848627686500548,0.12122021317481996,0.4801754856109619,-0.04006970405578613,0.25861607626529043,0.11498484523614982,-0.15581746686968886,-0.04671507199605306,-0.264434076944987,-0.17386380964298312,0.045771037257154146,-0.017808756828308105,-0.26479535696496925,-0.1501943442716177,0.2147659689273397,0.24074775359303657,-0.2538130798339844,-0.010771425500992806,5775,3429
CTTATGCGCTCAGGGC-1,GSM8576305_EM1_v1,EM,v1,43,11,779.0,631,0.0,-0.10869414329528809,1.2794480180740355,1.1481134462356568,-0.0788203239440918,-0.1572801723926761,-0.1906863797095514,0.6364971732435968,0.3415547370910645,0.28858300526936853,-0.20508524406713785,0.4305158589096781,-0.06349250793457031,0.8790139807275978,-0.1477221446822446,0.5514467903399536,-0.13970595139723557,0.6761111195882161,-0.03178238868713379,1219,4397
CTTCAGTGGTCGCCTA-1,GSM8576305_EM1_v1,EM,v1,54,18,4449.0,2570,0.0,-0.22517093658447265,0.5234885295232137,1.0049605894088747,-0.14262100219726562,0.0340895139121159,0.03041324307841642,-0.015382930785791032,-0.21162710825602213,0.05422103087107344,0.09786701747273391,0.23141412536445827,-0.22086736043294272,-0.08603291971137725,-0.09533710422286071,-0.11338626390541862,-0.27135263398339515,-0.09373800818125408,-0.07073859245546403,1571,5355
CTTCATTGTCAGTGGA-1,GSM8576305_EM1_v1,EM,v1,36,60,1700.0,1142,0.0,0.13991400599479675,1.1599773565928142,0.8693842411041259,0.2893440818786621,0.2436443200478187,-0.10020514347586212,-0.1885376358988291,0.5146421273549397,0.38762678464253747,-0.22433622226268551,0.49842726234386747,-0.09850711186726888,0.05605412352994743,0.25399586149008874,0.5641188594195085,0.15985518939784804,0.23603128560384118,-0.023334199382412817,3672,3782
CTTCGTAGATAGGTGA-1,GSM8576305_EM1_v1,EM,v1,39,45,608.0,516,0.0,-0.06050413131713867,0.2004814088344574,0.6994679927825928,-0.01429594397544861,-0.13831699333063335,-0.14797604468560988,-0.06782166043618568,-0.06671440124511718,0.41123147010803224,0.26418895798516245,0.5874060940930763,-0.06671440124511718,0.26357204234264936,-0.14927491031018605,0.22766901966835504,-0.1478795080280623,0.32973922952016194,-0.011528987076974685,2921,4045
CTTCTATGTTGAAGTA-1,GSM8576305_EM1_v1,EM,v1,46,28,2265.0,1488,0.0,0.1310514736175537,0.674643177986145,1.5764580059051514,-0.053656573295593264,0.27167391777038574,-0.06334668370435867,-0.22416534041402333,0.17819110393524168,0.21688882350921634,-0.03004728658010597,0.5124366288551391,0.0745209773381551,-0.3458356129596511,0.09811074609258569,0.4706561314342357,0.19752789181610414,0.17875390434265137,-0.040867132525290215,2071,4657
CTTCTATTAATGCTAG-1,GSM8576305_EM1_v1,EM,v1,51,47,651.0,522,0.0,0.3300159215927124,-0.22177536010742188,1.0295191955566407,-0.027948994636535645,-0.17356521708510791,0.16783649910430207,-0.12338043633558995,-0.0558979860941569,0.3579162406921387,-0.15619096787876907,0.5461113009620551,-0.06742135365804036,-0.2626744465655591,-0.12612852226778207,0.2595375537189166,0.4235124040473929,-0.2295833740234375,-0.011269755901828889,3023,5090
CTTGAGTTAGGGTAAT-1,GSM8576305_EM1_v1,EM,v1,39,93,1864.0,1297,0.0,-0.0028250569105148227,0.6142205278078715,0.7892662858963013,-0.05552351951599121,0.05461762760793881,-0.3385511829007056,-0.23475994980126097,-0.1562697728474935,-0.2902776590983073,-0.2248474427290186,0.03364705577310856,-0.08840770085652669,0.15182995202550925,-0.2790026377482587,0.41505638542011336,0.017478143291728532,0.19017727851867677,-0.02985135393757974,5325,4040
CTTGCAACCGCCTCCT-1,GSM8576305_EM1_v1,EM,v1,43,25,699.0,572,0.0,-0.10307364463806153,0.9304654121398925,1.3740899515151979,-0.0818476390838623,-0.15745857009122205,-0.27555419552710747,-0.12384516015686188,0.42742658297220865,0.23184381167093912,-0.14575167244493364,0.47161619524603166,-0.0909418233235677,-0.30236249563684425,0.41151846652050095,0.20766827318934794,-0.1665831600941942,0.18135937054951984,-0.011001027399493803,1920,4396
CTTGCCCAGGCTCTAC-1,GSM8576305_EM1_v1,EM,v1,45,55,1136.0,812,0.0,-0.16749685287475585,0.36807350238164266,1.0431381988525392,-0.07989344596862794,-0.15532230134791752,-0.0028746413745088795,-0.17935861381970553,-0.04565339724222819,0.25965192953745525,-0.23347475696168216,0.4259635763722876,-0.1065245755513509,-0.2602048207478351,-0.22001634161156344,0.1265626779429209,-0.1400536119339857,0.05410640176137288,-0.027612939957649477,3423,4567
CTTGTGCTCACCGATT-1,GSM8576305_EM1_v1,EM,v1,22,94,697.0,574,0.0,-0.17973236083984376,0.8579189030329386,1.253554630279541,-0.06827332973480224,0.3249528968879079,0.15637352499544346,0.18856160712421388,-0.1183404541015625,-0.1843872833251953,-0.18810054051836197,-0.33382450276283765,-0.0273093318939209,0.36713268460040116,-0.09870843236226155,-0.15558590383447685,-0.13020262191925558,-0.2209659881591797,-0.011011827376581008,5372,2558
CTTGTTGCTGAGTCAA-1,GSM8576305_EM1_v1,EM,v1,38,80,1023.0,741,0.0,-0.133753662109375,1.0745087909698485,1.4636116409301758,0.4635626721382141,0.22019517514750842,-0.3281246308357485,-0.15196288259405838,-0.025924555460611978,0.23923056761423744,0.2630372808928474,0.003995191083909444,-0.07346944808959961,0.2817882788707932,-0.1388461407887409,0.2735998024230017,-0.20781480667981814,0.29924156761169435,-0.009585663195579283,4674,3954
CTTTAACTTTCAAAGG-1,GSM8576305_EM1_v1,EM,v1,23,67,1832.0,1222,0.0,0.3405261015892029,0.9981221548716227,1.5831472873687744,0.2954010725021362,0.33215381934358384,-0.33842262145011653,0.0022216897485847764,0.19897594531377155,0.10491770585378013,-0.2918129605194398,0.6000785190941016,-0.09948799133300781,0.25878915537792035,0.12854084192988385,0.4794957625831779,0.4535870900255116,0.41056420071919764,-0.015043544192467966,4020,2648
CTTTAGGAACACTGTT-1,GSM8576305_EM1_v1,EM,v1,41,87,1711.0,1202,0.0,0.1280205726623535,0.7266917165120443,1.1165185737609864,-0.09617253303527833,-0.2228927101977294,-0.3475271963304089,-0.20605633193090148,-0.10899553934733074,-0.33985137939453125,-0.2639601079117893,-0.1594130987754761,-0.11746466318766276,-0.32119968521547126,-0.14924839127015876,0.41835260254605794,0.20906160454553374,0.0710160624186198,-0.03877924719164448,5025,4215
CTTTAGTGCTATTATT-1,GSM8576305_EM1_v1,EM,v1,44,64,1245.0,925,0.0,-0.1700127410888672,0.22619966586430867,1.0354195404052735,-0.04401576042175293,0.19890448853057893,-0.29110557802261844,-0.15940729777018228,-0.10694477081298828,0.18604949633280438,-0.2264275184044471,0.17967496257160342,-0.1048241106669108,0.1174130432098266,-0.19444709992313003,-0.1563210910917353,-0.18997498579248537,-0.2799735717773438,-0.026622435738963467,3874,4479
CTTTGGCGCTTTATAC-1,GSM8576305_EM1_v1,EM,v1,32,18,322.0,280,0.0,-0.06934962749481201,-0.13869923909505208,0.9514028120040894,-0.01733740568161011,0.49673502979469936,-0.07264044977003528,-0.06952343608502458,-0.05779135386149088,-0.19304046630859376,-0.05798463598142898,-0.25276256925496626,0.5316804409027099,0.5750429141952331,-0.04177687924549762,-0.072636005871617,-0.09277542139774182,-0.09979918670654297,0.0,1567,3438
CTTTGGCTTTAGTAAA-1,GSM8576305_EM1_v1,EM,v1,32,40,526.0,449,0.0,-0.11324966430664063,0.20446609218915304,0.6999359035491943,-0.02996302366256714,-0.16061942314224498,-0.2917377102759577,0.24598524183557743,-0.04993837356567383,0.40203297932942705,-0.19378095645968332,0.6077568652556256,-0.03995069821675618,-0.33296586615014745,0.47892705063264535,0.21975896821322619,-0.16061942314224498,0.2366217037836711,-0.036245592178836945,2669,3435
GAAACATAGGAAACAG-1,GSM8576305_EM1_v1,EM,v1,60,20,773.0,627,0.0,0.27804398655891416,0.9874450413386027,1.3942538070678712,-0.02962824821472168,-0.11232128589847017,-0.26505848669236703,-0.12047590289199561,-0.028533897399902343,0.19500940799713135,-0.15169780310181072,-0.11374289118293718,-0.08781731287638346,-0.22805959249596042,-0.14812558338824047,0.7145789352733973,0.4472075490781429,0.3721571191151937,-0.010623061849224952,1673,5878
GAAACCGAATTACCTT-1,GSM8576305_EM1_v1,EM,v1,45,51,1110.0,810,0.0,-0.18192800521850586,0.43073222796122235,1.3438440942764283,-0.04606971263885498,0.38793119127003506,0.2848333389528336,-0.19970337908369556,-0.06910456975301106,0.8200530942281086,0.5372322376489373,0.9917521548630605,0.29731345971425377,0.06129486034194148,0.24944254691342274,0.19369339259784338,-0.24924252104998432,0.1574346186319987,-0.01857649703179636,3223,4567
GAAAGCCCTTTGGACC-1,GSM8576305_EM1_v1,EM,v1,35,21,373.0,337,0.0,-0.08313457489013672,-0.15084996541341145,0.8321488714218139,0.6484497213363648,0.5509992926947382,0.32483613106512255,-0.10001151484056822,-0.04433844248453776,-0.13659647623697915,-0.13705332063910952,0.2289255084703915,0.4743882497151693,-0.18174694628121862,-0.12019456917023563,-0.10867971950410772,-0.15135448034790447,-0.13571533203125,0.0,1718,3699
GAAATATCACCATCAG-1,GSM8576305_EM1_v1,EM,v1,33,23,827.0,647,0.0,0.15786232352256774,0.7247070876757304,1.1823261833190917,1.1467789137363433,0.3999184128166973,-0.26400658392137094,-0.15760088086427004,-0.06001318613688151,0.16861778736114502,0.2179203385626326,-0.03475399849146116,-0.017146623929341635,-0.24827116081513553,-0.11362219814315858,0.7236951999473025,0.2800939076454477,0.43478979301452636,0.0,1818,3524
GAAATGGCGGTGTTAG-1,GSM8576305_EM1_v1,EM,v1,30,52,421.0,362,0.0,-0.06417891502380371,0.26827542583147684,1.1098072290420533,0.0,0.4337339835820788,0.18175174673581457,0.3367784246615599,-0.03208945592244466,0.3672348992029826,-0.22592862234466451,0.7694371176210992,-0.021392970085144042,-0.2219759929611022,-0.07732399017456545,-0.07548512018854092,-0.1225547918109192,-0.26161990356445314,0.0,3270,3260
GAAATTGTCTCTATAA-1,GSM8576305_EM1_v1,EM,v1,43,53,1164.0,811,0.0,0.49090365886688236,0.6452833803494771,1.2806572389602662,-0.05652080059051514,0.26637379541046247,-0.08178410442194084,-0.15464183262416295,-0.06782496134440104,-0.21292142232259115,-0.2373583994581548,0.2651317508119691,-0.06782496134440104,0.27563009223784785,-0.15196583452952434,0.6146115245655136,0.6204951758368757,0.21084825674692786,-0.009116258352033554,3322,4393
GAACCTCGACCTACAC-1,GSM8576305_EM1_v1,EM,v1,41,9,492.0,433,0.0,0.27869911670684816,0.6097465292612712,0.7500727558135987,-0.12239559173583985,0.415639052821641,-0.13842021265337545,-0.11171612464694451,-0.05322956720987956,0.3400932757059733,0.3804600804944501,1.1609916111931728,0.4589834690093994,-0.17473046176404838,-0.07373228417821677,0.6315404262105511,0.4054053172618649,0.3726687812805176,0.0,1118,4223
GAACGTCTCATGGTCG-1,GSM8576305_EM1_v1,EM,v1,31,87,1474.0,971,0.0,0.08497198462486266,0.8394410260518392,1.5826603984832763,-0.0513025951385498,-0.23682125436023724,0.07871983787431147,-0.16168469115904996,-0.12046428680419922,0.2227998304367066,0.09969437760254213,0.9772061993557175,-0.0910136858622233,0.16450761197561248,-0.2687583831419428,0.39341422206692844,0.08123152351698348,0.08254562568664553,0.0,5023,3343
GAACGTTAGGAAGACG-1,GSM8576305_EM1_v1,EM,v1,33,15,164.0,158,0.0,-0.06190111637115479,0.9216388082504272,0.9491504144668579,0.0,-0.11041447310942072,-0.0499202512925671,-0.04137083641568521,0.0,-0.14212498982747396,-0.09890378996680015,-0.0829495664817005,-0.06877901713053386,-0.13258605405508753,-0.08286628569943838,0.44489577831033306,-0.09661266875506244,0.6382692661285401,-0.016640084405099193,1417,3525
GAAGAAACGATATTGT-1,GSM8576305_EM1_v1,EM,v1,59,29,666.0,509,0.0,0.21692143201828004,0.6560690855979919,0.5481532716751099,-0.02773526668548584,0.4084611386891326,-0.2564328409010364,0.2165961954229159,-0.07396071751912435,-0.18673206329345704,-0.21645311846780937,-0.39702663709170855,-0.10390074412027994,-0.2392252573526528,-0.11404295618754313,0.6291031321686796,0.26818286960606064,0.3402993834813436,0.0,2123,5790
GAAGCGTGAGGAATTT-1,GSM8576305_EM1_v1,EM,v1,34,60,1514.0,999,0.0,0.0720359992980957,1.0836634318033855,1.1929700374603271,-0.08115234375,0.1453307416526769,0.24174005534791726,0.06649623478863173,0.2772705078125,0.15861269474029543,-0.2947461692784542,0.4154625472967692,-0.12797992706298827,-0.3008081214016221,0.19691560737579222,0.5184690320389318,0.12497480258495114,0.31542205842336024,-0.008180679813508064,3671,3607
GAAGCTCGGACCCGTC-1,GSM8576305_EM1_v1,EM,v1,55,21,5532.0,3026,0.0,-0.09828064143657683,0.8916289488474528,0.74361647605896,-0.15611014366149903,0.34810528016276443,-0.1964888314497636,-0.23450682217017152,-0.21696388244628906,0.3628929328918457,0.05797956845699215,0.9643153144743318,0.14627785523732506,-0.09373564844629373,0.00028886795043947533,0.0769485877373157,-0.1065591713922345,0.12489275487263996,-0.09358384532313194,1722,5442
GAAGCTTGCTGACCGC-1,GSM8576305_EM1_v1,EM,v1,29,35,629.0,521,0.0,-0.12181421279907227,1.1069961786270142,1.5619268751144408,-0.02827210187911987,-0.13820108522140861,-0.24780456481441374,-0.10794802596395775,-0.06596823374430338,0.28919973214467365,0.31473992487525726,0.0002288251837123112,0.395809432665507,-0.21489769196414565,-0.10218831717249859,0.27283114510825845,-0.147656635297182,0.32458933099110926,0.0,2418,3174
GAAGTCTCCCTAGCGA-1,GSM8576305_EM1_v1,EM,v1,37,91,1881.0,1260,0.0,0.1527981412410736,1.053553983370463,1.0118321847915648,-0.0614008903503418,0.14341963001982694,-0.039224507072554204,0.028910717793873386,-0.08804866790771484,-0.3279431406656901,0.36548703144758177,-0.619351602678922,-0.09419246037801107,0.0934139127233421,-0.2293330732598362,0.6241660024170206,0.2074103564057196,0.355378088315328,-0.029728016545695644,5225,3866
GAAGTGATTTATCGTG-1,GSM8576305_EM1_v1,EM,v1,39,47,622.0,481,0.0,-0.14742752075195312,0.7490460205078124,0.809066424369812,-0.02837742567062378,-0.22031698577778794,-0.33406134574644025,-0.16202128321903392,-0.07567312876383464,0.4194870249430338,0.43039380281399464,0.6855839998364364,-0.09680285135904948,-0.26531495243669995,-0.14208743849911365,0.34678970016859323,-0.22031698577778794,0.2748420356114706,-0.011442510351057976,3021,4045
GAAGTTTCCACTCAAT-1,GSM8576305_EM1_v1,EM,v1,36,46,759.0,614,0.0,0.15986258149147034,0.8356572135289511,1.3760784673690796,-0.06628740310668946,-0.15960482849325225,-0.3177835095313288,-0.1653590955232319,-0.06405903498331705,0.1911824369430542,-0.21722537139586381,0.48250223387083563,0.3623711411158244,0.4685339920013305,-0.17037727938119665,0.5887000137208868,0.27344331759938695,0.22560834821065273,-0.010691516822384249,2971,3783
GAATAGTGCTCGATTA-1,GSM8576305_EM1_v1,EM,v1,60,36,1173.0,874,0.0,0.306549106836319,0.673354040781657,0.2171504044532776,-0.11782703399658204,-0.14769396574600882,-0.26617542389900456,-0.1488745075120663,-0.11695828755696615,0.1665884828567505,-0.2048014510036711,-0.10558056249433684,-0.09116731643676758,-0.27987352240995234,-0.16550228011655999,0.5653210601697337,0.5092846806365644,0.11160990873972576,-0.06361915219214655,2474,5876
GAATCGACATGGTCAC-1,GSM8576305_EM1_v1,EM,v1,26,42,706.0,574,0.0,0.2049462878704071,0.7150447678565979,1.495827889442444,-0.09516304969787598,-0.15216823565122675,-0.1588741579363423,-0.12844550340695488,-0.07250518163045247,-0.1831934611002604,-0.15797170428528037,-0.3050345607738399,-0.06783949534098307,0.49835128994830646,0.3555090553789253,0.6623541395097202,0.30098914953910116,0.4272423321406046,-0.0219269702511449,2768,2912
GAATCTGAACATTCTC-1,GSM8576305_EM1_v1,EM,v1,42,64,1943.0,1216,0.0,0.12203885912895202,0.706209667523702,1.1406340646743773,-0.06963995456695557,-0.2263514796228313,-0.3451521473546182,0.28618992069610083,-0.08071720123291015,0.6757021458943684,0.03426763000031113,0.7904063599279092,0.2380662655830383,0.02560531039793329,-0.2155150601184033,0.47409322439428725,0.17971883795598945,0.13875632095336915,-0.03661113016067013,3873,4304
GAATGTGGTCCGGATT-1,GSM8576305_EM1_v1,EM,v1,43,81,2120.0,1413,0.0,0.02771125495433807,0.4080810976028442,0.9237319946289062,-0.11363082885742187,0.10106080464827707,-0.282250004429971,-0.17321754398202538,-0.13767466227213543,0.10727244059244789,0.07616811884419705,0.46955535947549115,-0.14549156188964843,-0.30912725609469127,0.257389435902178,0.3831396492299515,0.08939898166901025,0.19393973986307783,-0.02109001144286125,4725,4390
GAATGTTGGGTAATCT-1,GSM8576305_EM1_v1,EM,v1,23,69,2355.0,1494,0.0,0.08318737983703614,0.612795532544454,1.2729391384124757,-0.12727895736694336,0.23518715866964934,-0.0165053424747309,0.12623766729407443,0.16179874261220295,0.37802724202473964,-0.2339760770765834,1.0195854417043715,-0.1626084009806315,0.10861750683152532,0.02513786051646777,0.3417282528043818,0.09605163714558784,0.06630258941650391,0.2847191679862238,4120,2648
GAATTATAGTGAAAGG-1,GSM8576305_EM1_v1,EM,v1,34,68,998.0,736,0.0,0.18775201797485352,0.7057966303825378,1.1364096021652221,-0.07199146270751954,0.40846954500396115,-0.2520405861639207,-0.11850797801388237,-0.07999051411946614,0.34063834031422935,0.23200290684184371,0.9123226447834527,-0.08798956553141277,0.15153153813986414,-0.14456117009542074,0.6645720445665726,0.21625079704633393,0.3692299699783325,0.0,4072,3607
GAATTCACCCGGGTGT-1,GSM8576305_EM1_v1,EM,v1,47,55,1047.0,761,0.0,-0.17786067962646485,0.09021946708361309,0.44870109558105464,-0.011781150102615356,0.2034731563782878,0.009332119594521238,-0.16059041800056784,-0.07283556620279948,0.11380757808685305,-0.24431627968880643,0.9666981255503242,-0.08854376475016276,-0.28180783436480294,-0.13765629228339138,0.1285236535065495,-0.18135146074071776,0.08690086523691815,-0.038003710008436636,3423,4741
GAATTTCTCGCTGCAG-1,GSM8576305_EM1_v1,EM,v1,28,30,847.0,673,0.0,-0.15107450485229493,1.2951264874140422,1.81858060836792,0.4174739837646485,-0.13454316053103443,-0.24472296622491652,-0.1706256531832511,-0.1041754404703776,-0.22285209655761717,-0.15596970267917798,-0.48744378018019785,-0.05949867248535156,-0.21518630675043926,-0.14861783253619948,0.40766598638627455,-0.1601278885551121,0.5374031575520833,-0.010282028105951125,2168,3088
GACAACGACCATTGAA-1,GSM8576305_EM1_v1,EM,v1,25,77,1721.0,1147,0.0,0.08108692407608031,0.7666919485727945,1.0702669715881348,-0.15347810745239257,0.32857131094172387,0.023858995481570222,0.061456241553887375,-0.07673905690511068,-0.009770479202270532,-0.29190091544569136,0.0964903437825988,-0.14708319346110027,0.16918053109961823,-0.2385742463261248,0.548164999587488,0.02689265540345187,0.33658350563049316,0.0,4521,2821
GACACAAGGGAAGAAA-1,GSM8576305_EM1_v1,EM,v1,30,72,2272.0,1439,0.0,-0.0008634001016616932,0.8376280721028646,1.4948232364654541,-0.07589968681335449,0.39221696882875207,-0.07584273375673775,-0.1995447679868617,0.14947476625442502,0.1841601880391439,-0.23999122951341711,0.5998543077292241,0.5639908123016357,-0.013767374279987366,-0.3124059654143919,0.38982105938274747,0.06621003742334966,0.2151202710469564,-0.020403140975582983,4272,3257
GACACTGAGTTCAGTG-1,GSM8576305_EM1_v1,EM,v1,44,46,1662.0,1146,0.0,-0.16283737182617186,0.13529181083043418,0.5121784210205078,-0.07128710746765136,0.1593658525409507,-0.3067942896196919,0.06409286339778947,-0.09947978973388671,-0.2972613016764323,-0.23048331984708142,0.239801510922445,0.21874481995900474,-0.3473977391499592,-0.17960072712725902,0.04379800064515932,-0.2901763660851928,0.012585782686869329,-0.039280522254205516,2972,4480
GACAGATTTCTGGCTC-1,GSM8576305_EM1_v1,EM,v1,44,8,274.0,256,0.0,-0.0634242582321167,0.8094143875439962,1.2857381677627564,-0.018121217489242555,0.5434345036180256,-0.10503801222770445,-0.05449990102820528,-0.0966464869181315,-0.060404059092203775,-0.0606060793567262,-0.3096087470126511,-0.03624243418375651,-0.14555194961976814,-0.08733116670784702,-0.05192325996464508,-0.07272729267643446,-0.10419770812988281,0.0,1069,4485
GACAGCCAGACCTGAC-1,GSM8576305_EM1_v1,EM,v1,42,86,2106.0,1382,0.0,0.1755513370037079,0.3377219827969869,0.5026241636276245,-0.11583283424377441,-0.17025425123131793,-0.25336373236871534,-0.1625196031460487,0.11477477312088014,-0.032634691397349036,0.10297836966339163,0.46906439931120536,-0.11453968048095703,-0.2970394456242941,0.40168698303192013,0.5668450529049325,0.26365303714139804,0.2618877747853597,-0.028208238463247975,4975,4302
GACAGGCACACACTAT-1,GSM8576305_EM1_v1,EM,v1,38,22,750.0,620,0.0,0.2313323485851288,0.8798795715967814,1.2295437860488891,-0.09319057464599609,0.45879557698865403,0.13651686659606374,0.20438537210748906,-0.0621270497639974,0.24484466393788654,-0.16908742592087558,0.8522965683837802,-0.0798776372273763,0.3128898894451708,-0.10693124211935633,0.5801805942652902,0.2444966502545802,0.3540708068211874,0.0,1769,3960
GACATCGATTTATAAC-1,GSM8576305_EM1_v1,EM,v1,52,50,958.0,684,0.0,0.24581804633140564,0.6405540553728739,1.2317733812332152,-0.05522405624389649,-0.18016737360619384,-0.29628101471931706,-0.19520480889724312,-0.04873954772949219,0.1481334686279297,0.6045672013741008,0.29871403460697743,-0.07959383010864257,0.40845860305081405,-0.12723175110108403,0.5863186658965824,0.3944121365297333,0.2398230218887329,-0.009826521719655684,3174,5177
GACCAGAGCCCTGTAG-1,GSM8576305_EM1_v1,EM,v1,31,47,432.0,361,0.0,-0.11706720352172852,0.6293482883771261,1.0759061193466186,-0.03184207677841187,0.4273372601505905,-0.19651942099294356,-0.1413020083778783,-0.03184207598368327,-0.18102816263834634,0.5294986956627207,-0.27295849670716865,-0.03184207598368327,-0.18927049445339952,-0.089515877536023,-0.10393642217860181,-0.12466306909669601,-0.18221041870117188,-0.0128395470880693,3020,3347
GACCCAATTATGATAC-1,GSM8576305_EM1_v1,EM,v1,54,20,2507.0,1696,0.0,-0.0022806161642074663,0.8561081902186076,1.4657366466522217,-0.12935321807861327,0.19190727069625088,-0.12904381257597752,0.1874986668129015,-0.1553628158569336,0.5889646307627361,0.15314121987907386,1.0997124163264091,-0.1198199208577474,0.17895829859507612,-0.23892723604378452,0.3211662603654287,-0.01348378938708944,0.08414414119720459,-0.019441956473935033,1672,5355
GACCGACTGAAGCGTC-1,GSM8576305_EM1_v1,EM,v1,34,22,211.0,182,0.0,-0.04050053119659424,1.5737266079584757,1.5472696781158448,-0.03879362821578979,-0.07784674398875156,-0.10098257372456212,-0.050324748333235435,-0.0387936274210612,-0.029478219350179035,-0.07078366614504403,-0.22331908719623508,-0.02586241881052653,0.7108114700240782,-0.031159540735574132,-0.03334695766853398,-0.05189783038901645,-0.10017471313476563,-0.046927775106122414,1768,3611
GACCGTGCTGACGGTG-1,GSM8576305_EM1_v1,EM,v1,40,52,1045.0,770,0.0,0.09218427300453186,0.5183798742294312,1.5171976566314698,-0.12968786239624022,0.33758923534299756,0.08315998178473266,-0.1971588517191416,-0.07288777669270834,0.27776747703552246,0.16212181090777006,0.8698131550325392,0.3536941417058309,-0.2260732535856316,-0.19975081600817332,0.5478496630075668,0.24375786337432523,0.3318177779515585,-0.028523722002583164,3272,4131
GACGCTTGCTTCTAAA-1,GSM8576305_EM1_v1,EM,v1,38,36,757.0,597,0.0,-0.1560202121734619,0.47517135938008626,0.5267782235145568,-0.05307897567749023,0.4272645824861899,-0.20945424418295583,-0.16971423691675477,-0.044232479731241864,0.4585866896311442,-0.1702278290305249,0.7754624209982496,-0.061925468444824217,-0.2976671088651481,0.43486389328677016,0.18727998508081736,-0.14456525056258493,0.23454618708292646,-0.010701406386590773,2470,3959
GACGGTCAATAGAAGC-1,GSM8576305_EM1_v1,EM,v1,30,100,362.0,305,0.0,0.35549439311027525,0.3052217614650726,0.6945134782791138,-0.05031384468078613,-0.0807870144030721,-0.18288669278544764,-0.06394752464198827,-0.06708512624104818,-0.1959876505533854,-0.11362591236331392,0.19729912015746504,-0.08051773071289063,-0.18597361553146177,-0.05659659129069991,0.3404580521207826,0.47825571751780593,-0.1948406219482422,0.0,5674,3254
GACGTGTAGGGATTAT-1,GSM8576305_EM1_v1,EM,v1,28,32,689.0,572,0.0,0.2100578284263611,1.0820051511128743,1.7914627075195313,-0.06854323387145995,0.3175363288143673,-0.201255367648217,-0.15360531532077262,0.3633626079559326,-0.19049102783203126,0.29223599348844365,-0.32550175345722754,-0.06397368748982747,0.3074630549633839,-0.1101096126449156,-0.11200173058277556,0.2900273475625709,-0.1886784210205078,-0.02211071983460457,2268,3087
GACTAAGATCATGCAC-1,GSM8576305_EM1_v1,EM,v1,23,53,1163.0,895,0.0,0.1243329405784607,0.8573680782318116,1.290014009475708,-0.07915607452392578,0.4723238865268669,-0.24519855745377078,-0.15309603889484452,-0.10980575561523437,0.32728239059448244,-0.19120000118395955,0.8808859902496228,-0.1302895991007487,0.2672822827794945,-0.1439476932387754,0.13561847746201436,0.16045387107525913,-0.2613297729492188,-0.027358087801164197,3319,2649
GACTAAGTAGGCTCAC-1,GSM8576305_EM1_v1,EM,v1,27,43,755.0,611,0.0,-0.1185232925415039,1.2627023967107136,1.1373737812042237,0.4781534957885742,0.4810697196452248,-0.17285909960346837,-0.11216267368249726,-0.07083755493164062,-0.2096816380818685,-0.17448324503308554,-0.014702444357231892,-0.07302894592285156,0.3106821925764581,-0.13330013780708772,0.36813151289877033,-0.13140830866070496,0.49329310480753574,-0.021422647660778414,2819,2999
GACTACAAAGCGGTGG-1,GSM8576305_EM1_v1,EM,v1,49,21,1288.0,949,0.0,-0.1965837287902832,0.525926791826884,1.165004825592041,-0.07914474964141846,0.306549759612833,0.35005794472408736,-0.21724731521797658,-0.11788267771402995,0.22608118057250975,0.24075739519253223,0.22550372707698296,-0.09617617289225261,-0.28089307302451993,-0.172274072486234,0.09915605417978457,-0.20663896133269755,0.10249089431762698,-0.008752619066546041,1721,4919
GACTCCTTCCAATTGA-1,GSM8576305_EM1_v1,EM,v1,56,10,530.0,449,0.0,-0.1340285873413086,0.7877348812421163,1.787914390563965,-0.044836597442626955,-0.13442709932359165,-0.18079271624165197,-0.15683897396078086,-0.09963689168294271,-0.2258777364095052,-0.1388930381341124,-0.2654160159317093,0.4583296871185303,0.3535483559451429,-0.16142049276206388,0.30958143773256536,-0.13442709932359165,0.44207095654805506,-0.012052849415809877,1171,5530
GACTCGCGGGAATGAC-1,GSM8576305_EM1_v1,EM,v1,28,96,1033.0,769,0.0,-0.15324913024902342,1.38330291112264,1.8808729934692383,-0.04736846923828125,0.1509225647585049,0.010538690101166426,-0.153633213282229,-0.063157958984375,0.3708611536026001,0.2899092138145813,0.6513007578880601,-0.07894744873046874,0.14895069781077436,-0.15477902822226405,0.22303330795812742,-0.2358935301917851,0.25138598124186196,0.46413459777832033,5474,3081
GAGACTGATGGGTAGA-1,GSM8576305_EM1_v1,EM,v1,28,56,849.0,631,0.0,-0.16348121643066407,1.0441819699605306,1.318127727508545,1.177158555984497,-0.16567607866880488,0.0682335581098284,-0.15750554211456375,-0.059447949727376305,0.2365575281778971,0.2612015206944052,0.8645382899649265,-0.11040332794189453,-0.24511920974915286,-0.2098869109249498,0.3081709660568347,-0.174197040672685,0.36241994158426916,0.0,3470,3085
GAGAGGGCGCGAGGTT-1,GSM8576305_EM1_v1,EM,v1,38,40,931.0,717,0.0,0.15158608555793762,0.10085750699043275,0.8312799119949341,-0.024630987644195558,0.4830673894488825,0.07512397919931718,-0.15669300203634084,-0.10889970143636067,0.16170880794525144,0.24206504308791993,0.41301006973003707,-0.10068937937418619,-0.31534420151308357,0.25521258944009684,0.1474463923441988,0.23791805889827083,-0.264680908203125,-0.019863699713060932,2670,3958
GAGAGGTGCATTCTGG-1,GSM8576305_EM1_v1,EM,v1,44,28,446.0,376,0.0,-0.07866835117340087,-0.10041400909423828,1.233319139480591,-0.015768277645111083,-0.05856047027485825,0.3406675817779682,-0.08676940994453908,-0.021024370193481447,1.033434492746989,-0.11578927949120767,1.2662600450864903,-0.052560927073160804,-0.20826175796937751,-0.08865698848862245,-0.07727950896779583,-0.07965515927726209,-0.12159041595458984,0.6307311058044434,2070,4482
GAGATCTGCTTGGCAT-1,GSM8576305_EM1_v1,EM,v1,34,44,636.0,520,0.0,0.3199966073036194,0.23026436408360798,0.9242204666137696,-0.04225201606750488,-0.1676864879187134,-0.3121979621148879,-0.1152407137074865,-0.06572535832722982,-0.2283184560139974,-0.1711262986811507,0.4693785377825581,-0.02816801071166992,-0.2141982695185037,-0.09049963280857806,0.7842573644780156,0.4238832592299684,0.2814990647633871,0.0,2870,3609
GAGATCTGTCACTCCG-1,GSM8576305_EM1_v1,EM,v1,30,74,2457.0,1519,0.0,-0.23879175186157225,0.6649095376332601,1.6089492988586427,-0.05681695461273193,0.2855083312477954,-0.026053360530308323,-0.048678129537960024,-0.10132929484049479,0.7226801872253419,-0.04281820820326787,0.9336401712783188,0.23571746508280433,-0.36066433703564255,-0.2373407356231567,0.18601742711313132,-0.2952475149097251,0.1803655290603638,-0.04582012468768704,4372,3257
GAGCGCTGTTAGGTAA-1,GSM8576305_EM1_v1,EM,v1,61,23,568.0,483,0.0,0.6159255361557007,0.23298948208491008,0.6960002517700195,-0.014617321491241455,-0.08399913621985394,-0.17577471271637948,-0.12255559170754034,-0.05846928278605143,-0.2547649129231771,-0.15866669364597485,-0.3306419334219928,-0.06068897247314453,0.3749369965978416,-0.22574992352221385,0.9752094438219481,0.9100439051454814,0.3011816870371501,-0.035364489401540446,1823,5965
GAGCTAAGGGCATATC-1,GSM8576305_EM1_v1,EM,v1,29,83,1631.0,1118,0.0,0.06521224081516266,0.9064159456888834,1.4343443393707276,-0.07857922077178955,0.47391099448719687,0.1988909222563291,0.03521918738844401,-0.1854197057088216,0.6452391147613525,0.360493525347715,0.7764663600442397,0.20299631834030152,-0.3664880775543581,-0.1893475390821097,0.5049149353046472,0.12021687483973595,0.2536963974634806,-0.015842584833022085,4823,3169
GAGGAATGGAGAGGTT-1,GSM8576305_EM1_v1,EM,v1,27,31,1377.0,1028,0.0,-0.1877249526977539,1.2522889105478923,1.8719110298156738,0.3452746534347534,0.23262483353333063,0.08193688788172285,-0.19878035619444118,-0.07742850621541342,-0.25715194702148436,0.0964999997629104,-0.096736451831552,0.2252465550104777,0.25626487540432724,0.1917078360975028,0.13746958731921832,-0.25480261455012804,0.22219982083638506,-0.042574324915485996,2218,3000
GAGGCCCGACTCCGCA-1,GSM8576305_EM1_v1,EM,v1,55,23,1533.0,1105,0.0,0.05127765417098998,0.8235571988423666,1.322112159729004,-0.10592840194702148,-0.1758298076514815,-0.3643445660991053,-0.21158945948856517,-0.1567935053507487,0.2307407029469808,0.08901258748244811,-0.009146166977399728,0.2535302829742431,0.3744908057063459,0.16162990547088255,0.45540260927041826,0.12000647968007302,0.15061012077331543,-0.008137039599880096,1822,5442
GAGGCTATCAAAGTCG-1,GSM8576305_EM1_v1,EM,v1,35,27,687.0,564,0.0,-0.11198192596435547,1.0995163329442341,1.914932689666748,0.5214453363418579,-0.14120919728358852,-0.1961172011590773,0.2927182753731433,-0.06403715133666993,0.4786195373535156,-0.15612470186673677,0.6753879093216721,-0.054888985951741534,-0.22255607206658665,-0.12389324755074987,0.3165796914039164,-0.18710299080430864,0.3729394928614298,-0.011066327171940957,2019,3698
GAGGGCGCAGCTCTGC-1,GSM8576305_EM1_v1,EM,v1,27,89,1642.0,1155,0.0,0.035910435914993294,0.907383958498637,1.5593765640258788,-0.04417341232299805,0.41343134329337605,-0.020989616895051577,0.30632390578587854,0.21545746008555094,0.1469751358032227,0.15002310435508803,0.11490173230304701,-0.07515204111735026,-0.32822068915309677,0.16039554354656171,0.4079565168451785,0.07574561168517557,0.19469700876871748,-0.031592003760799285,5123,2994
GAGTAAGGCCACGGGA-1,GSM8576305_EM1_v1,EM,v1,48,14,1864.0,1288,0.0,0.05549393951892853,0.5202946337064107,1.4779254913330078,-0.11410370826721192,0.19098031454394623,-0.05206668706533546,0.04577606912692986,-0.1233855946858724,-0.33820660909016925,0.1588344858375813,-0.5415825388539377,-0.14393122355143229,0.18836096376779088,-0.24824240504498463,0.007979760923153362,0.08909151885023084,-0.31393267822265625,-0.0323164040042508,1370,4832
GAGTATGCCCGCCTTG-1,GSM8576305_EM1_v1,EM,v1,49,43,1107.0,795,0.0,0.12532166719436647,1.0444426282246908,1.5082490062713623,-0.0723878002166748,0.3836363597857115,-0.3385729635915449,-0.16910616078771146,-0.09223687489827474,0.11330763816833495,0.13057831192229236,-0.205496133186795,-0.04611843744913737,-0.30099269759702874,-0.11112876493768041,0.5300234677456853,0.16115927270955197,0.22009881846110024,-0.027894218121805498,2823,4917
GAGTCCGCTTACCGGA-1,GSM8576305_EM1_v1,EM,v1,46,58,1610.0,1090,0.0,0.25494684100151066,0.6533476241429647,0.968349814414978,-0.09391149520874023,0.16343267625789576,-0.0001360062629945924,-0.18883860499637767,-0.0765817896525065,0.03409953435262042,0.1596055780366113,0.6658368127772214,-0.1087057367960612,-0.28603562198010796,0.15210825678813888,0.65978988518346,0.30483005105319494,0.2740956913630167,-0.03186504302486297,3574,4653
GAGTTGATGGCAATTT-1,GSM8576305_EM1_v1,EM,v1,51,19,1942.0,1330,0.0,0.11386621356010437,0.6732311749458313,1.081529474258423,-0.11109930992126466,0.30439103354046837,-0.05864677286367809,-0.20790251155843711,-0.11428792317708333,0.5736949666341147,0.23032859682106516,0.5760903029842336,-0.1291718037923177,0.1761914691771848,-0.17905528669855203,0.4528399866426572,0.16994445446210033,0.15838655853271483,-0.007323964468894466,1621,5093
GATAACTCGCACTGTG-1,GSM8576305_EM1_v1,EM,v1,39,89,1690.0,1161,0.0,0.2705933904647827,0.7177235507965087,0.9669397068023682,-0.04177069187164307,0.37087935561453356,-0.32427526289416897,-0.22313577369938517,-0.13305447896321615,-0.36136027018229167,-0.27746551411606396,-0.5994496561175016,0.24085321108500163,0.04718924794331131,0.274929485359345,0.4695547395585943,0.37087935561453356,0.2716163390477499,-0.04679045369548182,5125,4040
GATACGATGGGAGTCA-1,GSM8576305_EM1_v1,EM,v1,45,45,1577.0,1074,0.0,0.04078401148319244,-0.03930476288000745,0.6602013587951661,-0.06977236270904541,0.21281247394140748,-0.30912439284786103,-0.20892530933657386,-0.08181519826253256,-0.3205303955078125,0.2371926880467563,-0.26637580466629873,-0.11296478271484375,-0.37672286435782193,0.199053721542818,0.06933278669429713,0.08029336056183012,-0.29867742919921875,-0.024114872178723736,2922,4568
GATAGGTAACGTTGAC-1,GSM8576305_EM1_v1,EM,v1,48,60,776.0,595,0.0,-0.15063876152038574,0.9208462492624918,0.6907981586456299,-0.026309242248535158,-0.15359026293292094,-0.29217676962575606,-0.15761008776518934,-0.03507898966471354,-0.22409418741861978,-0.22644185860420152,0.3598836514047813,-0.0613882319132487,-0.2392819416092103,0.3782613945773328,0.30811036623651455,-0.1623893406080163,0.3445976587931315,-0.010608565422796434,3674,4828
GATATGAGACACTAAC-1,GSM8576305_EM1_v1,EM,v1,39,81,1091.0,778,0.0,-0.18085525512695313,0.7996174812316894,0.9777564382553101,-0.08759349822998047,0.3517683146390628,-0.275527092718309,-0.19293277903009476,-0.06184104919433594,0.09186030705769854,-0.20896638595938283,0.365054685780237,-0.06184104919433594,-0.2464940480917812,0.27495849257013405,0.2050961186858508,-0.16727447509765625,0.23885471439361572,-0.00935096509994999,4724,4041
GATATGCGGTAGCCAA-1,GSM8576305_EM1_v1,EM,v1,19,91,833.0,683,0.0,-0.17547399520874024,0.9517583783467611,1.3645063018798829,-0.08022926330566406,-0.14188106881336224,-0.18797672948529642,-0.17591377965788493,-0.07913936614990234,-0.19177815755208333,0.27295048526564036,-0.01867450644280183,-0.06840850194295248,0.31157528329565826,-0.09534863391554499,0.280370106925937,-0.16762005605027827,0.36033169015248623,-0.010344026550169914,5222,2297
GATATTGAGATTGGCG-1,GSM8576305_EM1_v1,EM,v1,34,100,513.0,417,0.0,-0.09760157585144043,0.41171535491943356,0.8017749881744385,-0.045301380157470705,-0.07426817520805028,-0.21426796144054783,-0.10541534423828125,-0.010066973368326822,-0.2160724385579427,0.3819711125946896,-0.26560293609772495,0.45301380157470705,-0.24392024580254612,0.4921739294825787,0.3977092617220728,-0.08436881738362903,0.4914691925048828,0.0,5675,3603
GATCATTCCAAACATT-1,GSM8576305_EM1_v1,EM,v1,30,56,1005.0,770,0.0,0.1356834614276886,1.2892964506149291,1.5012854099273683,-0.10770130157470703,-0.18929785789055967,-0.3555114499984249,-0.19388859493093083,0.30898239930470783,0.1898795890808106,0.17581116196303861,0.5420012617830056,-0.07180086771647136,0.24899391591788297,-0.1826260578201478,0.5927960490087383,0.20959585606055117,0.2571532704035441,0.0,3470,3259
GATCCCTTTATACTGC-1,GSM8576305_EM1_v1,EM,v1,28,60,529.0,435,0.0,-0.12316643714904785,0.8865111112594605,1.4142858648300172,-0.014954501390457153,0.33264169977394364,-0.21340796255296277,-0.11597913010676104,-0.04984833717346191,0.3088038269678751,0.35818451716083877,0.49252207024184735,-0.07975734074910482,-0.20291255659846416,-0.09609318162542749,0.21747093188728508,-0.14583564681751673,0.28678268082936603,-0.060300407871123285,3670,3084
GATCCGGGAATTAACA-1,GSM8576305_EM1_v1,EM,v1,39,73,906.0,693,0.0,-0.16329019546508788,0.9741347869237265,0.8625513124465942,-0.03732043504714966,0.26102258821527824,-0.2561586595350696,-0.16993510693237,-0.10169024149576823,0.14200894355773924,-0.22718571181281355,-0.14985989976596764,-0.0685165278116862,-0.31875760488242033,-0.1724787792527532,0.2272837931413022,-0.1536489123086068,0.24911175950368247,-0.020064750025349277,4324,4042
GATCCTAAATCGGGAC-1,GSM8576305_EM1_v1,EM,v1,27,95,1043.0,778,0.0,-0.1404850387573242,0.911022957166036,1.7123584747314453,-0.03539543151855469,0.27993643921753236,0.027237795465003545,-0.12900908429521069,-0.04719390869140625,-0.2445050557454427,-0.19644385755660143,0.3989758488093018,-0.0943878173828125,-0.30572632326179716,-0.11372026190700302,0.20509979060522807,-0.24664033615469533,0.18392302036285402,-0.009514900945848035,5423,2994
GATCCTCGACACTGGC-1,GSM8576305_EM1_v1,EM,v1,50,32,1653.0,1131,0.0,0.04376304805278777,0.42443993568420413,0.9006725215911865,-0.11051136016845703,0.2711617158541047,-0.36514783674670803,-0.18617657730752663,-0.08669404983520508,0.22706425507863365,-0.28033888698820286,0.6431069836202321,-0.07811887741088867,-0.28631692909332646,-0.2025829146664784,0.41034080408364104,0.06973533945338783,0.2068178084691366,-0.04974762085945376,2272,5005
GATCGACACTATCTGA-1,GSM8576305_EM1_v1,EM,v1,27,47,514.0,436,0.0,-0.10997307777404786,0.7028635319073995,1.1573253536224366,-0.04527359485626221,0.3673412484867517,-0.19493655235536636,-0.11024869952285499,0.48291835784912107,-0.1855503718058268,-0.11555042075472931,-0.3775049717582051,-0.06036479314168294,-0.19529207834756998,-0.06060722458314704,-0.14717049585030892,-0.11550982421058476,-0.18130410766601562,-0.03651096359375985,3019,2999
GATCGCGGGCTCTCCA-1,GSM8576305_EM1_v1,EM,v1,36,52,956.0,723,0.0,0.2884173023700714,0.9367795324325561,1.9888874244689942,-0.06421480655670166,-0.2736869225135216,-0.2611631885651619,-0.15886980788152022,-0.08942576726277669,0.33976651668548585,0.17060610136991092,0.7195589787140221,-0.04877769152323405,0.18942694434200424,-0.14692075185507655,0.5264888144495836,0.33385132028905046,0.1474068663914998,-0.039336846720787785,3271,3783
GATCGCTATATCTCAG-1,GSM8576305_EM1_v1,EM,v1,61,25,735.0,590,0.0,-0.1535997200012207,-0.17191202799479166,0.36375978469848635,-0.02681394100189209,-0.14558336647059208,0.050518925838206774,-0.17414555752785282,-0.053627885182698565,-0.19331381479899087,-0.179883044698964,-0.42686117354349873,-0.026813939412434897,-0.18439718039639025,0.3371554527895517,-0.13996278385719801,-0.17248698461015885,-0.2869747619628906,-0.021624145969267813,1923,5964
GATCGGATAGAACCAT-1,GSM8576305_EM1_v1,EM,v1,41,13,822.0,660,0.0,-0.16970542907714845,0.9203755299250285,1.272013421058655,-0.0386639404296875,0.3820518640637265,0.13495067187717985,0.13914846320797628,-0.10310384750366211,-0.1724068069458008,-0.23002502033144334,-0.10689991271846683,-0.10310384750366211,-0.29403377058036834,-0.15527686919553213,0.2801617977441553,-0.176049108090608,0.30725971571604405,0.0,1318,4222
GATCGGTGGCCATAAC-1,GSM8576305_EM1_v1,EM,v1,28,68,992.0,736,0.0,-0.14602628707885743,0.533911272684733,0.8988746118545532,-0.0841819953918457,-0.2022992647611178,0.07329802469174435,-0.1283080500170103,-0.07646914800008138,0.3110656356811523,-0.22647977592953072,0.4655481024945458,0.31853672504425046,0.228429076374774,-0.16680872966965518,0.20000969441367425,-0.1862109767952093,0.24055607604980467,-0.009698386153867167,4071,3084
GATCGTGACTGATATC-1,GSM8576305_EM1_v1,EM,v1,38,72,876.0,648,0.0,-0.13295863151550294,0.21112907369931538,0.836380066871643,-0.025189478397369385,0.2951132683716756,-0.2455780275406376,-0.13329186116842398,0.36944568475087486,0.4833301162719727,-0.2071480511821632,0.6104410552156974,-0.06717194239298503,-0.2645345481045275,-0.0936649429750251,0.23313725447244835,-0.13313594550193353,0.27480900351206455,0.0,4273,3955
GATCTAACCGTATTCA-1,GSM8576305_EM1_v1,EM,v1,52,6,282.0,256,0.0,-0.07928967952728272,0.4362834572792053,1.384870057106018,0.7012673664093018,0.5129088047754804,-0.10424612414452337,0.3700419625542815,-0.011987476348876954,-0.1700891621907552,0.5151808397427051,0.4481532441910787,-0.08617679595947265,0.5748211397224641,-0.057770970356033506,-0.07213094651186705,-0.09849258091138757,-0.11779712677001954,-0.029001958908573273,970,5182
GATCTTGGAGGGCATA-1,GSM8576305_EM1_v1,EM,v1,44,70,1163.0,836,0.0,0.2771196722984314,0.16015647331873578,0.8176632499694825,-0.1130801010131836,-0.2138916704566981,-0.27285240542504097,-0.1512490179305686,-0.052770716349283854,-0.23257540384928385,0.13969768223289394,0.14521408697211813,-0.0775188954671224,-0.3140214360861414,0.28883110069366824,0.681355997962733,0.3127489868746687,0.2864149468739828,-0.018238725200776133,4174,4478
GATCTTTGCAGGGTAT-1,GSM8576305_EM1_v1,EM,v1,36,38,729.0,588,0.0,-0.1681549835205078,0.7643050654729208,1.211466293334961,-0.030183234214782716,0.3692007537935357,-0.27378839062106225,-0.17531585693359375,-0.06274407704671224,-0.15795504252115886,0.24251893890342585,-0.07348882852487226,-0.04481719652811686,-0.27894497300726345,-0.0755952735502557,0.17157495235303752,-0.19093774393649404,0.18733002376556396,-0.010842870320043257,2570,3784
GATGACAAGTAGGGCA-1,GSM8576305_EM1_v1,EM,v1,57,33,650.0,503,0.0,0.20211688041687012,0.6455077592531839,0.8609951686859131,-0.027963428497314452,-0.1749854199463707,-0.2721946777835969,0.20875576504489832,-0.027963428497314452,-0.26540730794270834,0.24654116572079182,-0.3867100087841551,-0.027963428497314452,-0.23477228003812123,-0.1909149660164094,0.6917673993247286,0.29107172167553685,0.4304652042388916,-0.011275576006981635,2323,5615
GATGCCTTCTGCGGCA-1,GSM8576305_EM1_v1,EM,v1,58,14,698.0,566,0.0,-0.12154722213745117,0.6284161647160849,0.8564454317092896,-0.04094389438629151,-0.13693608567866195,-0.20739218496507214,-0.12185185176686834,-0.07630295435587565,-0.22942092895507812,0.22587881611874003,0.4275939712743492,-0.0636905034383138,0.30681810168377366,-0.14515938816300358,0.2338042637509398,-0.13693608567866195,0.2601175063451131,-0.022012847085152904,1372,5704
GATGCGTCCTGCATTC-1,GSM8576305_EM1_v1,EM,v1,37,57,1103.0,802,0.0,0.1497230648994446,0.38624666213989256,1.1381541728973388,-0.034637725353240965,0.36071133746484185,-0.3011407236899099,-0.1392728284486852,-0.0461836306254069,0.30323724746704106,-0.18883297515154682,0.40113810609761363,-0.09450792948404949,0.34230592241248936,-0.12055967706274316,0.5059776811681709,0.17786172161931577,0.20240203444163007,0.0,3522,3869
GATGCTGTATTTCATC-1,GSM8576305_EM1_v1,EM,v1,43,75,582.0,455,0.0,-0.09663577079772949,-0.16841777801513672,0.39587203502655033,-0.02900439262390137,-0.1495801102756258,-0.24897240054222844,-0.11141651316095415,-0.03867252349853516,-0.22156906127929688,-0.13410533790205634,0.024580565272520893,0.39417582829793296,0.3701862649266499,-0.04926513763795416,-0.1353263527069529,-0.15928057922567412,-0.24698062133789062,0.0,4425,4390
GATGTAACGAACCACC-1,GSM8576305_EM1_v1,EM,v1,51,21,2004.0,1354,0.0,0.03384776353836061,0.6638655336697896,0.8906915283203125,-0.07174308776855469,0.28964905648460093,-0.2773148013699439,-0.21282230463243068,-0.16437727610270184,0.2092133204142253,0.02025919135996329,0.4202078930867805,-0.12068131764729818,-0.007475478007611502,-0.24968462105256967,0.3859812818830539,0.05874507243816668,0.23916740163167322,-0.021654373215090846,1721,5093
GATGTTCAATCCACGA-1,GSM8576305_EM1_v1,EM,v1,41,43,857.0,662,0.0,0.1873160171508789,0.6890669314066569,1.5357695484161376,-0.05078254699707031,-0.1650848388671875,-0.2440700377187421,-0.12403716658589833,-0.04231878916422526,0.5948619588216146,-0.2232781349615907,1.0552370409612937,-0.059246304829915365,-0.28807754210200176,-0.1019729859378922,0.6235435118306332,0.24961098805983598,0.34500621287027994,-0.010238416733280305,2821,4219
GATTACTGAATTTGGG-1,GSM8576305_EM1_v1,EM,v1,41,39,742.0,581,0.0,0.18193971633911132,0.6713084872563679,1.4059846591949463,-0.02672567367553711,-0.1665291164232337,-0.27886369151453816,0.517278462125544,0.3563423156738281,0.30441641489664717,-0.21122091031792173,0.46768921018930454,-0.07126846313476562,-0.1972319208474523,-0.056308577817127885,0.7142795718843411,0.2766980933505157,0.3333496252695719,-0.03232944396234328,2621,4220
GATTCCCTTGTCGCAG-1,GSM8576305_EM1_v1,EM,v1,25,67,1414.0,974,0.0,0.15677349805831908,0.698059283097585,1.472160301208496,-0.07309463024139404,0.2847980655555342,-0.37702311238934916,0.06038515878500497,-0.08353670756022136,0.2708620405197143,0.2417308734013484,0.2649146516119415,-0.0765753173828125,0.09090517419409083,-0.1885847528296781,0.48228348257890064,0.191709614384799,0.09563745562235515,0.0,4020,2822
GATTCGACGGTTCACG-1,GSM8576305_EM1_v1,EM,v1,41,71,1120.0,803,0.0,0.10581362128257751,0.4213645792007446,0.9202247762680054,-0.022954165935516357,0.2556212226151091,-0.006053341149185099,0.0996067760731642,-0.06334935506184895,0.1901206986109416,0.17566515171408253,-0.09904813543978302,-0.07100074132283529,0.15722589511947938,-0.10140393728233245,0.5129205275401687,0.12353235064541618,0.15942757924397788,-0.009255712070772725,4224,4216
GCAAATATTACGCTTT-1,GSM8576305_EM1_v1,EM,v1,35,41,788.0,629,0.0,-0.1668406105041504,0.9937643114725749,1.1624570226669313,-0.07850074768066406,0.7059916110341764,0.11949792325771352,-0.18037500596584233,-0.07850074768066406,0.6600778198242188,-0.18081473666289977,0.7756988487051959,0.3750591278076172,0.442791858734376,0.3525631916092103,0.328812394493972,-0.1749903956384563,0.36908315118153895,-0.010551175763530115,2720,3697
GCAACACACTAGAACT-1,GSM8576305_EM1_v1,EM,v1,46,16,1433.0,1030,0.0,-0.18871381759643555,0.5745420543352763,1.6855480194091796,-0.12050464630126953,0.2570935308335218,-0.2672236657911731,-0.18761178305872103,-0.15229379018147787,0.7370190556844076,-0.22216212550134562,0.6134678696182592,-0.12187109629313152,-0.2951121809013397,-0.2769847088549511,-0.15504466496770908,-0.2188070801189512,-0.2650858764648438,-0.016747853448314053,1470,4658
GCAACCACGGCCGCGT-1,GSM8576305_EM1_v1,EM,v1,43,29,580.0,489,0.0,-0.1254887104034424,0.7305511935551962,1.0597764492034911,-0.04355539321899414,-0.12847277791205058,-0.16185523617652156,-0.14763549575232027,-0.019357951482137044,-0.17341397603352865,0.3726734426640879,0.0040590662110733255,-0.048394877115885415,-0.1586963699524661,-0.10495274708452952,0.35565944857105486,-0.10905007454862563,0.5002851635615031,-0.03512531711209205,2120,4395
GCAAGAATTCCTTGGC-1,GSM8576305_EM1_v1,EM,v1,44,36,979.0,722,0.0,-0.1772751045227051,0.8810690307617187,1.532522268295288,-0.09668831825256348,0.26347912048947986,-0.203811768562563,-0.18377758207775297,-0.056401519775390624,0.14910756587982177,-0.2367945642375627,-0.15755859742640427,-0.07251623789469401,0.24095435410618304,0.34336835888016176,0.14215681998640897,-0.1636417988550703,0.21035554154713948,0.0,2471,4482
GCAAGTGCACAGAGAA-1,GSM8576305_EM1_v1,EM,v1,24,42,360.0,330,0.0,-0.08165711402893067,0.9534290949503581,0.9346243095397949,0.6551226639747619,0.7191649607591406,-0.12192109323317005,-0.0902818283042812,-0.05599339167277018,-0.13888827006022136,-0.08988906069344103,0.7929387075474856,-0.05599339167277018,0.5326788841002438,-0.07017525515881887,0.42739196373603405,-0.07196490820434978,0.5515915228525797,-0.013546787923382174,2768,2738
GCACAACCTCGGGCGT-1,GSM8576305_EM1_v1,EM,v1,58,10,2372.0,1683,0.0,0.1136479127407074,0.9895170911153157,0.8278212928771973,-0.0855469799041748,0.1854650477236064,-0.08191184019712808,-0.22037565379513235,-0.16714482625325522,0.36814483960469563,0.022600208570061453,0.6389245117472301,0.13016159296035765,0.024949275537667015,-0.2573287534905246,0.5929859548721751,0.24630020520625973,0.3451877142588297,-0.05328071501947219,1171,5705
GCACGCCTACTTAGAT-1,GSM8576305_EM1_v1,EM,v1,55,39,591.0,485,0.0,-0.15069645881652832,0.10299218257268272,1.0520458507537842,-0.028859438896179198,0.28251326363222257,-0.23242158274496755,-0.14384120090264724,0.4328915818532308,-0.24553810119628905,-0.21236885351480847,-0.3252995553328164,-0.057718880971272785,-0.30343894498894014,-0.0953911700880671,-0.12456247936347152,-0.1888253967897549,-0.2536497650146484,-0.034910609645228234,2623,5440
GCAGATTAGGGATATC-1,GSM8576305_EM1_v1,EM,v1,37,61,1393.0,1003,0.0,0.17156863451004029,0.6980979832013448,1.1486108589172364,-0.052538485527038575,-0.13528396453347094,-0.03434309871515373,-0.18084169927993812,-0.08125687917073568,0.6224863497416178,0.09409611958723801,0.8314293507441118,-0.10507697423299153,0.07374746923944558,0.1679591242089329,0.5680032628655092,0.3010049474943708,0.26701351038614907,-0.008473949086281561,3722,3869
GCAGCACACAGCCCAG-1,GSM8576305_EM1_v1,EM,v1,38,42,997.0,754,0.0,0.4709917545318604,0.44045294761657716,0.7453738355636597,-0.07525259971618653,0.21711656959559208,0.1067793643968995,-0.14152197013223977,-0.11634098052978516,0.1411814880371094,0.17732273216630304,-0.024613686456837758,-0.08002090454101562,0.15263590372231112,-0.21441648858618065,0.5305050703720924,0.6011633857038109,0.2544142897923788,-0.009679948129961568,2771,3958
GCAGGAACTTAGATCT-1,GSM8576305_EM1_v1,EM,v1,53,15,1574.0,778,0.0,-0.09788283348083496,0.12218741794427235,0.3831083965301514,-0.15553889274597169,-0.09885712690576662,-0.13889689599314042,-0.12312990919987958,-0.1093078867594401,-0.11555501302083333,0.13138506344728246,-0.23638189497904563,-0.06192999521891276,-0.21833163954646712,-0.1729948970687437,0.12752246604778705,-0.11220255823039689,0.20520927000045777,-0.032179695944632256,1421,5268
GCAGGACTATAGAATA-1,GSM8576305_EM1_v1,EM,v1,35,37,582.0,475,0.0,-0.10749484062194824,0.8932580868403117,0.9171843290328979,-0.07583729267120361,0.5217274786237889,0.21854433156378258,-0.11503352497454573,-0.048340654373168944,-0.17808589935302735,-0.13803149067039872,-0.024569681199094973,-0.03867252349853516,-0.14720098656344127,-0.09853027527590832,0.2529322366659826,-0.1324041360198056,0.277567081451416,-0.011695319606411842,2520,3697
GCATACGAGGTCTTTA-1,GSM8576305_EM1_v1,EM,v1,38,14,184.0,169,0.0,0.4615683174133301,0.4481895256042481,2.0841434669494627,-0.06020456314086914,-0.026847073864378658,-0.08092011174848003,-0.04023696784686325,-0.013378791809082032,-0.10703033447265625,-0.05598201560336212,0.5097491027465075,-0.026757583618164063,-0.06722338419841475,-0.06447610510400979,0.4652434174174224,0.6555160535219122,-0.04816365051269531,0.0,1368,3961
GCATAGAGCACTCAGG-1,GSM8576305_EM1_v1,EM,v1,37,59,1105.0,815,0.0,0.22226521253585815,0.5496824487050375,1.2354812240600586,-0.057688755989074705,0.40758572786282277,-0.3278895039712229,0.14163389727286527,0.2999815225601196,0.1300219456354777,-0.18031350585529238,0.5350754889154811,0.3153651920954387,0.1858847099135678,-0.17865688829536897,0.6061111203578959,0.30305764108995925,0.15711418342590333,0.0,3622,3869
GCATGAGGGACGCGGC-1,GSM8576305_EM1_v1,EM,v1,30,90,941.0,711,0.0,0.22147428154945373,0.9980249834060669,1.4913452053070069,-0.0768458366394043,-0.19658392966790342,0.0524796198040659,-0.15446039070760398,0.37617716312408445,0.992832972208659,-0.20928130899384667,0.985420820615485,0.32494660854339597,-0.24863996084435397,-0.11098720749698011,0.5401204846649935,0.3308792676415332,0.13290283870697023,-0.019784913909050725,5173,3256
GCATTCAAGGCAACGC-1,GSM8576305_EM1_v1,EM,v1,28,108,912.0,753,0.0,0.16527977466583252,0.8951859935124715,1.059057297706604,-0.04963956832885742,0.7527435439884862,0.041860444205147895,0.46272275023591847,-0.07662755330403646,0.17814126968383792,-0.1894797640899352,-0.06329581691306524,-0.10144734700520833,0.2654523788207027,0.23936420042352025,0.653957136039406,0.22849498491489237,0.37009066899617515,-0.030023932456970215,6075,3079
GCATTGACTTGCGGAA-1,GSM8576305_EM1_v1,EM,v1,50,4,195.0,182,0.0,-0.04228097915649414,0.41544857422510784,0.9632017517089844,-0.03956653118133545,-0.03969885912228587,-0.06381698577634749,-0.042386946522801144,-0.02637768745422363,-0.09232191085815429,-0.06616476945653807,0.4027398709162311,-0.0550338363647461,-0.04767051758057621,-0.06356069266077984,-0.022674229903344098,-0.03969885912228587,-0.06330644989013672,-0.015954246444086873,869,5008
GCATTGTAATTCATAT-1,GSM8576305_EM1_v1,EM,v1,41,21,684.0,565,0.0,-0.11324483871459962,1.0230413564046223,1.993463544845581,-0.054970893859863285,0.26850384932297927,-0.19116097111855784,-0.10498440773564771,-0.04580907821655274,0.49452137629191084,-0.20982644071547085,0.8623892002968333,-0.04580907821655274,0.28760531781667686,-0.18765163804632592,0.1950006901705504,-0.20797183441876568,0.268459098815918,-0.011082841504004693,1719,4222
GCCAACCATTTCCGGA-1,GSM8576305_EM1_v1,EM,v1,26,106,1063.0,820,0.0,0.1360121488571167,0.6141585334142049,1.6087934398651123,-0.09691999435424804,0.23294911496216636,-0.24396857907695155,-0.17480761305730147,-0.10580155690511067,-0.2536014556884766,0.1689692037958764,0.3609222718818703,-0.05465859731038412,-0.2729289656183327,-0.20014716152206483,0.26473689087824015,-0.18097287436392795,0.2744603808720906,0.0,5974,2905
GCCAAGAATACTTCTG-1,GSM8576305_EM1_v1,EM,v1,46,10,1241.0,913,0.0,0.4172825598716736,0.8890587997436523,1.2614701747894288,-0.05509125709533692,0.34561286775297684,-0.3235544696930916,-0.15605663595940536,-0.04407300631205241,-0.2620679982503255,-0.213284725329549,-0.4532571150429884,-0.08080050150553385,-0.31914336422839795,-0.19096141646664785,0.47212024609475556,0.1644636100218315,0.24565886815389,-0.0088856864360071,1169,4659
GCCAATAGGGCATCTC-1,GSM8576305_EM1_v1,EM,v1,25,103,975.0,752,0.0,0.2793830382823944,0.8848183504740397,1.2625302648544312,0.37200679779052737,0.2241506320045412,0.10147167131098736,-0.15299933297293528,-0.09899655659993489,0.15902221202850345,-0.17771306883132576,0.415335803090114,-0.16571390787760418,-0.24551161800522403,-0.1914983389368019,0.7174182078216684,0.3585590956070218,0.4468753910064697,0.4451401718201176,5824,2818
GCCACAATTTAAGGAC-1,GSM8576305_EM1_v1,EM,v1,45,39,850.0,626,0.0,0.18268051981925965,0.9398887729644776,1.3606326436996459,-0.06366710186004639,-0.18556164897803878,0.03727757875820459,-0.14712323640522204,-0.03613308588663737,0.12623889764149987,0.2575917394131987,-0.0660599435051824,-0.0955557123819987,-0.30562018582141065,-0.1586611950732618,0.5569567359279425,0.23888568880831784,0.21957671864827477,0.0,2622,4568
GCCAGGAGTAACCGAT-1,GSM8576305_EM1_v1,EM,v1,21,89,457.0,395,0.0,-0.06527948379516602,0.3766038942337036,0.8665085220336914,-0.03130343437194824,0.3833776838670473,-0.16229168061287172,0.3023134236945245,-0.08347582499186199,0.32715654373168945,-0.089574730914572,1.1717488555196198,-0.05217239061991374,-0.20478848376906061,0.5380670685365976,-0.11147917170920824,-0.15928498079944214,-0.13595059204101562,0.0,5122,2471
GCCATATTGCACACAG-1,GSM8576305_EM1_v1,EM,v1,22,90,931.0,718,0.0,0.2505818808078766,0.46921538750330605,1.3283286094665527,-0.049261975288391116,0.4494456282693273,0.07519085945621612,-0.16972205752418154,-0.05142740249633789,0.3343575859069824,-0.19030976056255225,1.0930800331811297,-0.12748580932617187,-0.2331674721346323,0.508515990881556,0.21996929524279596,0.36657603196342914,-0.29417169189453124,-0.039727399426121864,5172,2558
GCCATCGAGCTGCGTG-1,GSM8576305_EM1_v1,EM,v1,53,47,804.0,616,0.0,0.24768007159233094,0.44378030618031816,1.1044869804382325,-0.051961450576782225,-0.1629798914676526,-0.23328756516979587,-0.16589252213786418,-0.05196144739786784,-0.21715225219726564,-0.21562554605031092,-0.006240647898589802,0.36373016039530437,-0.2926613374886264,-0.2243774138301252,0.5887892820090482,0.3814284024031266,0.20159082349141436,-0.02095219781321864,3024,5265
GCCATTAGCCTCAAAC-1,GSM8576305_EM1_v1,EM,v1,55,13,1818.0,1273,0.0,0.02227700531482696,1.0483061329523722,1.6403600883483886,-0.046797170639038085,0.19108202159736998,-0.2914731733260616,-0.21070282441332824,-0.09983397165934245,-0.00495626688003542,0.24052977056939198,0.33649995766863583,-0.16212168375651043,0.21997778559305586,-0.26973243315057105,0.5063137354003666,0.0680647033911485,0.2836264085769653,-0.015095861688736946,1321,5443
GCCCGACTTCTTCCCG-1,GSM8576305_EM1_v1,EM,v1,49,25,1894.0,1261,0.0,-0.19232818603515625,1.074429817199707,1.4549358367919922,-0.11942729949951172,0.3764188405263384,0.07651525378776586,-0.19588583274592733,-0.08981053670247396,0.46729058583577476,0.13342249938343947,0.14535701146505753,-0.09799163182576498,-0.2987379204317269,-0.2631347840090832,0.13753740263190173,-0.24094431695332097,0.1610605713526408,0.0,1921,4918
GCCCGCGCGTAAACGG-1,GSM8576305_EM1_v1,EM,v1,49,41,891.0,681,0.0,-0.17540061950683594,-0.23128827412923178,0.4661834573745728,0.4631193113327027,0.33776691406466886,0.17415489139644785,-0.16956616165046406,-0.08344491958618164,0.24782290299733478,-0.17258464851506977,0.6419548348223487,-0.05841144561767578,-0.27896188636381464,-0.1608576946947948,-0.16825704929821814,-0.19857220346712348,-0.2843219299316406,-0.030282432033169653,2723,4917
GCCCGTAATACCTTCT-1,GSM8576305_EM1_v1,EM,v1,27,79,1290.0,901,0.0,-0.18575769424438476,0.3062210512161255,1.2021566867828368,-0.04338550567626953,0.13941958011725009,-0.010374038450179535,-0.18078649611700148,-0.07442357381184896,-0.3021728261311849,-0.20368078480596127,0.11998160554621601,-0.0982307243347168,-0.32983226852723396,0.2744925089150547,0.1442794320747299,-0.24389161074839308,0.15823463408152266,0.0,4622,2995
GCCCTAGCCGTCGCGA-1,GSM8576305_EM1_v1,EM,v1,54,16,1408.0,988,0.0,0.19362732291221618,-0.002827510436375913,0.014732775688171384,-0.0678280782699585,0.1646400270121818,-0.2813833913495464,-0.16791324089643053,-0.119153200785319,0.11279441038767499,0.12245152932212772,-0.11508354435528428,0.2747563028335571,-0.23417303552589264,-0.20995713812280373,0.4589261890823998,0.26465637428704714,0.06955846373240154,-0.05905247503711331,1471,5355
GCCGAAATTCCTACGT-1,GSM8576305_EM1_v1,EM,v1,35,45,1001.0,738,0.0,0.2671403133869171,0.7044017815589905,1.571203260421753,-0.05992466926574707,0.17940261518144557,-0.3799629826699534,-0.16840062344582157,-0.04793973604838053,0.3385477717717489,-0.20089859468083718,0.9437212071141492,0.3414128160476685,0.17632807287346408,-0.11811414971409073,0.5533551435415929,0.3475231463826753,0.051338302294413274,-0.01933053808827554,2920,3696
GCCGACCCACGACTGC-1,GSM8576305_EM1_v1,EM,v1,62,30,2869.0,1723,0.0,0.43089200973510744,-0.3059496307373047,0.06714597225189212,-0.14088586807250977,-0.20771528007992135,-0.2542420664141255,-0.14874747522492757,-0.10856161753336589,-0.017574969132741314,0.035136739080699114,0.050833417285883586,-0.1668368911743164,-0.2801533281563755,0.08095898589934691,0.006252232074395986,0.2765840183000766,-0.23538796997070313,-0.024207382432876096,2174,6051
GCCGATTGGCCAAGCT-1,GSM8576305_EM1_v1,EM,v1,41,61,793.0,607,0.0,-0.13679522514343262,-0.20063582102457683,0.6250415134429932,-0.052216596603393554,-0.18384310872259746,0.15091047199091057,0.2580936199292204,-0.06962213516235352,0.28652361392974857,-0.2464419208641435,0.9505911434800695,-0.08702766418457031,-0.2743634756310398,-0.1258231320055613,-0.18451072015188485,-0.17511124116521218,-0.23073200988769532,-0.03158261891334287,3723,4217
GCCGCATTAGTCCGGC-1,GSM8576305_EM1_v1,EM,v1,35,17,419.0,371,0.0,-0.09976963996887207,0.914295547803243,2.3007433223724365,1.7804942798614503,0.4496055652731105,-0.08045938707167102,-0.10807361459373531,-0.04284687360127767,-0.0879365348815918,-0.10972572250111047,-0.1716264312590786,-0.10711718241373698,-0.10324548621733026,-0.11615116624947054,-0.08479792204149131,-0.1182229797975674,-0.05410758590698242,-0.025915447742708268,1518,3699
GCCGCTTGTGAGAAAC-1,GSM8576305_EM1_v1,EM,v1,36,40,1008.0,764,0.0,-0.17113849639892578,0.44667898813883467,1.4635299396514894,-0.07171961784362793,-0.16858084943382237,-0.32798594813193044,-0.17755901365351856,0.7331339263916015,0.2800104729334513,-0.24239594322383204,1.2059977436271059,-0.07171962102254231,0.1653487442966446,-0.22057262864936308,0.10770408215700383,-0.21071981985034752,0.09479067548116044,0.0,2670,3784
GCCGGGTTAGGGTCGC-1,GSM8576305_EM1_v1,EM,v1,41,59,1023.0,712,0.0,0.12753775358200073,0.7190752196311951,1.981022424697876,-0.04754488945007324,-0.21202944752364652,0.042607713954239956,-0.1640848910300654,-0.06554529825846354,0.834274730682373,0.16899682181070214,1.4873472858656247,-0.04754489262898763,-0.32851109638750314,0.35154148354587783,0.5034391347180123,0.1682766477931436,0.20919025897979737,0.0,3623,4218
GCCTATAGTGTCAGGG-1,GSM8576305_EM1_v1,EM,v1,29,91,1123.0,824,0.0,-0.1772136116027832,0.8409956312179565,1.5692955303192138,-0.03439517021179199,0.16792573165999874,0.3798561557646721,0.09747484610194251,-0.07643370946248372,0.8600158405303955,-0.27372938175265205,1.1396619368181413,-0.03821685791015625,-0.3740153485033886,0.30455224734233566,0.2049971368900343,-0.22958072930275397,0.21597215938568115,-0.009246013818248626,5223,3168
GCGAAGCCATACCCGT-1,GSM8576305_EM1_v1,EM,v1,31,61,677.0,539,0.0,-0.14880897521972655,0.7751357261339824,1.7781790733337401,-0.041372637748718265,-0.118646781181412,0.13170395688527192,-0.1422692014459978,-0.07355135599772135,0.26569021224975586,-0.1485312471421666,0.9977357882179977,-0.11952093760172526,-0.30621236778167354,-0.04430804578175985,0.2704179944486536,-0.14632078955404734,0.3427265199025472,0.0,3721,3346
GCGACCCAACCATCTG-1,GSM8576305_EM1_v1,EM,v1,59,33,589.0,468,0.0,0.3698845160007477,0.8594985961914062,1.4400909090042116,-0.04333717346191406,-0.17636620001649378,-0.26392521396760016,-0.06732167217665747,-0.028891448974609376,-0.18801311492919923,-0.1780332227215719,0.03432932331334404,0.3659583536783854,-0.2601948320626255,-0.06961794933640814,0.7342321199810607,0.42786803280097846,0.20815375773111983,0.0,2324,5789
GCGACGATAGTTGTAC-1,GSM8576305_EM1_v1,EM,v1,48,54,749.0,578,0.0,-0.08584933280944824,0.9045823049545288,1.2954939937591552,-0.10655316352844238,0.3202714716710374,-0.2311235550911196,-0.08606449404455964,-0.03551772117614746,0.6043162949879964,0.23439443270896987,0.8326747515008164,0.4173332230250041,-0.26773472674879206,-0.12837731694600668,0.19307181563623313,-0.1682456791600256,0.21469694805145265,-0.010741246323431692,3374,4828
GCGAGAGTTGCGTCCA-1,GSM8576305_EM1_v1,EM,v1,33,107,852.0,679,0.0,0.2953347861766815,0.4656846253077189,1.0241409158706665,-0.02544518232345581,0.3502759012490212,-0.2183704068583827,0.15158947824236743,-0.07438482284545898,-0.21233413696289063,-0.1802492173619095,-0.38306212305423604,-0.05089036623636881,0.41649918479613035,-0.16612606737987104,0.7352677136232655,0.4168780640747768,0.3061349401473999,-0.020520308325367588,6026,3515
GCGAGGCCCGAGCAGA-1,GSM8576305_EM1_v1,EM,v1,37,47,1186.0,874,0.0,-0.14215002059936524,1.0830173142751058,1.360642385482788,-0.07370907783508301,0.3235750745903023,-0.27709302594584806,0.13960400529971398,-0.08654066721598307,0.07060249964396159,0.16484606040095537,0.6118839117407542,-0.06945123036702473,-0.3098916662744729,-0.20853169759114584,0.2113959164195894,-0.17403055911877482,0.21455906041463213,-0.009048696487180648,3021,3870
GCGAGTTCTGCAAAGA-1,GSM8576305_EM1_v1,EM,v1,35,63,1095.0,800,0.0,0.14246217608451844,0.4162044127782186,1.1528214693069458,-0.011578701734542847,0.440459936890448,0.11967140738315846,-0.15898151445508302,-0.11150305430094401,0.2352168353398641,-0.1959628101974028,0.40830464955293605,-0.07161401748657227,-0.24962599114720602,-0.24024551269041008,0.3989575822920376,0.16533037824109775,0.0397162154515584,-0.028012987106077133,3822,3694
GCGATTGTTAACGTTA-1,GSM8576305_EM1_v1,EM,v1,37,77,1197.0,838,0.0,0.09263038158416748,0.5732098944981893,0.9434465074539184,-0.04790761947631836,0.2524172738775893,-0.3372675372708228,0.09216209073413284,0.30556308110555014,0.4608077875773112,-0.3017878197507316,0.7011002898644134,-0.074527587890625,0.11210169275122955,-0.13981464493226814,0.10834543855279086,0.1439138394401491,-0.3256260986328125,-0.03606173299974011,4524,3867
GCGCAAATATATTCAA-1,GSM8576305_EM1_v1,EM,v1,58,28,1082.0,775,0.0,0.2503818428516388,1.2629217004776,0.5191941547393799,-0.011632555723190307,-0.21321652007342182,-0.27833018764372797,-0.13278375114115856,-0.06204029719034831,0.23724905808766683,-0.20188462375398464,-0.010880750456219168,-0.07755037307739258,-0.29786050942049447,0.2945379645948908,0.6757620012862635,0.29165003783460974,0.7633912340799969,-0.028143279014095184,2073,5703
GCGCATCCAGTCAGCA-1,GSM8576305_EM1_v1,EM,v1,29,95,674.0,530,0.0,-0.15824396133422852,0.48042831341425574,1.5308776235580444,-0.0723637294769287,0.3896351295171374,-0.22518656330723916,-0.1586405627410812,-0.05524672190348307,0.28006055990854894,-0.17080188355716974,1.022336301235355,-0.11049344380696614,0.3452269567543244,-0.14952812041623526,0.22871069998659171,-0.22009713673671352,0.25910294373830156,-0.02227690335242979,5424,3168
GCGCCGTTCCACGATA-1,GSM8576305_EM1_v1,EM,v1,41,65,1491.0,1018,0.0,0.034680571556091305,0.6115924994150798,1.0969313764572144,-0.084815034866333,0.3205492654638811,-0.3207699252713111,0.2791562074407898,-0.06126351674397786,0.763499126434326,-0.27453590316517296,0.4052775308372131,0.26547521591186524,-0.30108792714804533,-0.14445032939374686,0.31242391851365053,0.10909965338648495,0.03848600133260088,0.37548605088264714,3923,4217
GCGCTAATTGAATAGA-1,GSM8576305_EM1_v1,EM,v1,34,70,1451.0,993,0.0,0.21224701046943664,0.999044500986735,1.3283185768127441,-0.09296208381652832,0.28236151685151234,0.05818288447120773,-0.17631131126767113,-0.09370367050170898,0.14369944731394446,-0.27011394181777804,0.6480300654118983,-0.12813406626383464,-0.31975285786701496,0.1949354129622739,0.7249038806959005,0.27335306460509196,0.3583358122507731,-0.008329935612217072,4172,3606
GCGCTATGCCGAGGCA-1,GSM8576305_EM1_v1,EM,v1,43,47,652.0,528,0.0,-0.13331348419189454,0.627782777150472,0.9247400569915771,-0.013967292308807373,0.46165266044961173,-0.19177902898480814,-0.11964530275579084,0.419018767674764,0.18099228858947752,-0.1676239472966529,0.4830391466917105,-0.05586917241414388,-0.26003580974287777,-0.11218709064774723,0.33896882938792167,-0.15385274982771346,0.3856756658554077,0.0,3022,4393
GCGCTGCTTTGCATTT-1,GSM8576305_EM1_v1,EM,v1,28,94,1065.0,762,0.0,0.14207541227340698,1.088508989016215,1.5143111896514894,-0.04681624412536621,0.2597860897929639,-0.3455446612450384,0.2397764703833071,-0.0468162473042806,0.09078274726867674,0.1779123657656088,0.4065244209826292,-0.06456775029500325,-0.3054377850758503,-0.1504136510642178,0.5180059437423858,0.12684213012091422,0.22876743952433265,0.0,5373,3081
GCGGACCGCGTTGTGG-1,GSM8576305_EM1_v1,EM,v1,51,43,730.0,574,0.0,0.33827097892761226,0.5292653512954713,1.005608229637146,-0.08063262939453125,0.2491834837457408,-0.35128245815154047,-0.11607422027970317,-0.053755086263020835,0.20416723092397054,-0.18347595367941968,0.41932208745152677,-0.05595021565755209,-0.274273240422628,-0.08899828133334117,0.6899677583344687,0.4280684874076375,0.13173988819122312,-0.03251315701392389,2823,5091
GCGGAGAAACTTCGCA-1,GSM8576305_EM1_v1,EM,v1,55,33,1884.0,1277,0.0,0.019659518599510206,0.5435251212120056,1.4658254528045656,-0.09819540977478028,0.23892131723554905,-0.018553712950324153,-0.2418746757029292,0.5586780595779418,0.20294089317321778,0.17580605124683016,0.4846075281169203,-0.10640363693237305,-0.3553519191512142,-0.22190313071132184,0.2314678668805043,0.06497552994235833,-0.05160635964075727,-0.014853191952551565,2323,5441
GCGGCAAAGTATTGCC-1,GSM8576305_EM1_v1,EM,v1,59,27,843.0,667,0.0,0.22695616245269776,0.9946913210550944,1.115261902809143,-0.038314619064331056,-0.20463892448705973,-0.2823132853354177,-0.20006289756985238,-0.03405743916829427,-0.2743487548828125,-0.2207630629523542,-0.023034293619061397,-0.0895002555847168,0.2085064761609916,-0.11284091290699909,0.7854556000676742,0.31509543953664865,0.4134175612131754,0.0,2023,5790
GCGGCTCTGACGTACC-1,GSM8576305_EM1_v1,EM,v1,38,38,985.0,730,0.0,-0.16848506927490234,0.8508032608032227,0.8470394229888916,-0.060291109085083006,0.46398232493512204,0.036571078586138894,-0.16448534819715305,0.37782429854075117,0.42872646013895677,-0.20545756617517374,1.0940640292746169,-0.08254573822021484,0.17937081310164976,-0.13267319460949265,0.196731469265711,-0.2080373094233382,0.19468772474924717,-0.01233436119171881,2570,3958
GCGGTGAACTGCGCTC-1,GSM8576305_EM1_v1,EM,v1,20,94,719.0,601,0.0,0.5776158404350281,1.4344691737492878,1.6074252605438233,-0.01350955843925476,0.4120523101642911,-0.20566669587166078,-0.12519417669540062,-0.06304460525512695,0.3103397639592489,-0.1628670835973427,0.7384756667444541,0.40528675238291423,0.2612940606343219,-0.20616997102178244,0.677182389876904,0.7593644069322908,0.4433897988001505,-0.021789610385894775,5372,2384
GCGGTTCCCTATCATG-1,GSM8576305_EM1_v1,EM,v1,47,49,872.0,631,0.0,0.5854660725593567,0.8517507680257161,0.7428057622909546,-0.037847347259521484,0.47909219979974077,0.14900329145967686,-0.18886839596549967,-0.033642085393269856,0.21048232555389407,0.17392270448082933,0.22995941637234985,0.3784734614690145,0.373557396011659,0.5108576422235573,0.7067397264149947,0.8519139026718394,0.37462060578664147,-0.010174017760061448,3123,4742
GCGTAAATGGCCATAA-1,GSM8576305_EM1_v1,EM,v1,34,102,616.0,503,0.0,-0.11869050979614258,1.0072875531514485,1.456408805847168,0.0,-0.19840796735374425,-0.27412891387939453,-0.11898797974550634,-0.0284687074025472,-0.243236083984375,-0.17877118164879024,-0.3530932479168302,-0.04017062505086263,0.3193281872684219,-0.11433215313647167,0.2157933798253024,-0.18888666159333195,0.21393004258473713,-0.011479317180572017,5775,3603
GCGTCTCTGCATTGGG-1,GSM8576305_EM1_v1,EM,v1,39,41,626.0,526,0.0,-0.1427967643737793,0.31918580969174704,0.4964270448684692,-0.07410895824432373,0.33270842428324343,-0.34014154249621975,-0.1431546510012825,-0.04719514528910319,0.23431192874908446,0.3233607701766185,0.8175873212136558,-0.03775611559549968,0.319307301034889,-0.11372324166048961,0.34644712426600965,-0.16765482210395327,0.32228214295705165,-0.011418180119606757,2721,4045
GCGTGGTACTGGGTTA-1,GSM8576305_EM1_v1,EM,v1,35,95,964.0,724,0.0,-0.12454710960388184,0.603128563563029,1.3556032514572143,-0.05186656951904297,-0.11865467849782478,0.18547119413103375,-0.1354215999593711,-0.08320334116617839,-0.35291549682617185,-0.22776192247269544,-0.41197718327967964,-0.09346824645996094,0.27947821176674476,-0.23850988671482806,0.12839568549377528,-0.1267860565695874,0.16252108637491863,-0.029410658344145742,5425,3691
GCTAAGTAGTTTCTCT-1,GSM8576305_EM1_v1,EM,v1,34,80,1043.0,745,0.0,-0.1483626174926758,0.9594544617335001,1.4286848163604735,-0.023596954345703126,0.40437134372749456,-0.30425671608217303,-0.15464847727228226,-0.055059560139973956,0.17535607496897382,0.15239497836484028,0.4208830393909638,-0.04719390869140625,0.1689958074485442,-0.17058039286050453,0.18781223841929504,-0.22788981051748014,0.20836058139801028,0.0,4673,3605
GCTACAGTACGGACCG-1,GSM8576305_EM1_v1,EM,v1,40,14,613.0,514,0.0,0.24995806217193603,0.9840598074595134,1.9503357696533203,-0.028514699935913088,-0.12110089458350752,-0.17782152852704447,-0.10674254338544115,-0.038019599914550783,-0.16488468170166015,-0.14503999537847512,0.24578385924745277,-0.038019599914550783,0.3423246720708517,-0.09161349377000189,0.2382438691775915,0.35414410434837723,-0.17639895629882812,-0.011497862877384309,1368,4135
GCTACGACTTATTGGG-1,GSM8576305_EM1_v1,EM,v1,43,69,1145.0,833,0.0,0.5426639890670777,0.04053186972935996,0.2820467042922974,0.3982276153564453,0.1303194708117142,-0.06010682791608818,-0.18929749682433622,-0.09315817515055339,-0.24325218200683593,0.2746925776618779,-0.19201228794911224,-0.1386698913574219,-0.2791937096530654,-0.14378261949163842,0.8864624093801723,0.6919086859244832,0.0856860408782959,-0.027527255396689137,4124,4391
GCTAGCTTGAATAGCT-1,GSM8576305_EM1_v1,EM,v1,52,44,956.0,715,0.0,-0.15451133728027344,0.6517035182317098,1.770129280090332,-0.036583266258239745,0.16719379725397762,-0.2745802479405557,-0.16101106724942238,0.341443829536438,0.19579827467600502,0.24019859320875525,0.6311276340690004,-0.0975553830464681,-0.23189244404375314,-0.1299358965402626,0.10600351971336627,-0.26375732932202395,0.13409714349110918,0.0,2873,5178
GCTAGTAGAGCTTGTA-1,GSM8576305_EM1_v1,EM,v1,39,65,1012.0,744,0.0,0.22199030041694642,1.1023073323567707,1.4762003564834596,-0.011935285329818725,0.21903905275806268,0.0005601111644973344,-0.1575492247005453,-0.08752541859944661,0.44928460439046225,-0.1923737031560279,0.800369714543876,-0.08752541859944661,-0.31696074458968687,-0.13421203429440418,0.6905213338256224,0.35283506660822905,0.2697166996002197,-0.028875689352712324,3923,4043
GCTCAATCCGTTTATT-1,GSM8576305_EM1_v1,EM,v1,53,35,1146.0,817,0.0,0.12262884140014649,0.7508398866653443,1.6581030654907227,-0.07961811065673828,0.6745707499675262,-0.2771643669374527,0.19656849968104734,-0.06279598236083984,0.19494026501973472,-0.2075025883805393,0.3549212735074078,-0.047630627950032554,-0.2496451259138115,-0.16701536676491122,0.5144598239813971,0.18656687061390617,0.21091512362162274,-0.009172593393633443,2423,5266
GCTCCTGACATACTGG-1,GSM8576305_EM1_v1,EM,v1,56,32,1018.0,777,0.0,0.14393884301185608,0.7369984579086304,1.458357877731323,-0.05954225540161133,0.21504837839366867,-0.26346446621802544,-0.1601269753056959,-0.07938968022664387,0.16553322633107506,-0.16248066369506428,1.0532786300177208,-0.06566457112630208,0.25173134344169895,0.3398339675612239,0.4248186361823861,0.2070828567247593,0.13559162680308023,-0.0192071795463562,2273,5528
GCTCGGAATTTAAAGC-1,GSM8576305_EM1_v1,EM,v1,22,84,812.0,619,0.0,-0.13284283638000488,1.0383238124847411,1.4982131290435792,-0.08094170570373535,0.2749299904707416,-0.3032069360056231,0.26580880376928134,-0.0690376345316569,0.8529011853535969,-0.22582380109806124,0.958018662342474,-0.07766734441121419,-0.2919131359422063,-0.1066023585308029,0.37296324763393673,-0.15655526508854384,0.38861661084493004,0.0,4871,2559
GCTCTAAACCCTGACG-1,GSM8576305_EM1_v1,EM,v1,24,58,1395.0,1031,0.0,0.06967744588851929,0.8504315821329753,1.5814143943786623,-0.042005605697631836,0.18732844201750312,0.01116252275106544,-0.19860480363506422,-0.0861111577351888,-0.33033027648925783,-0.2781362118928329,0.2049389861080172,-0.08821109771728515,0.17524715561464604,-0.2647061635212726,0.49190016308623263,0.1522066901492966,0.24919479370117187,0.0,3569,2736
GCTCTATGTTACGTGC-1,GSM8576305_EM1_v1,EM,v1,26,40,299.0,261,0.0,-0.0830281925201416,1.4225064849853515,1.3915232944488525,-0.01769679307937622,0.7342257595381211,-0.09990124548635175,-0.09210685978557233,-0.03539358774820964,-0.13429999033610027,-0.17982912860985184,1.000634383059883,-0.03539358774820964,-0.08961934928434441,-0.02842858326004212,0.44415976973864274,-0.06279551783533001,0.6180359153747559,0.0,2668,2912
GCTCTCGGGTACCGAA-1,GSM8576305_EM1_v1,EM,v1,26,58,744.0,574,0.0,0.18272721529006958,1.1577629407246908,1.750682010650635,-0.026700615882873535,-0.18277855302179138,-0.29859376722766506,-0.1380252312299303,-0.08010184605916341,0.24181089083353677,-0.17956514900743364,-0.016919312336764913,-0.05340122858683268,-0.2775283261954066,-0.06433882962268998,0.7395618675772987,0.27116168834426857,0.42684517224629726,0.0,3570,2910
GCTGAATCTTCCAATC-1,GSM8576305_EM1_v1,EM,v1,59,23,830.0,664,0.0,0.2759240674972534,0.4881607604026794,0.8116280460357665,-0.012843248844146728,0.26247279992204575,0.17368448934247416,-0.1401099489446272,0.3681731383005778,0.2186851151784261,0.35708117458466837,-0.011003988899948414,-0.06849732081095378,-0.28137816770009727,-0.11610128410369995,0.6339490031103008,0.35649109577787097,0.2527096188863119,-0.01035745874527962,1823,5790
GCTGAGGCGTGAGTAT-1,GSM8576305_EM1_v1,EM,v1,40,64,1453.0,1003,0.0,0.09683449864387511,0.40543319304784137,1.1571595478057861,-0.12387726783752441,0.18953631474421573,-0.3296086095994519,-0.16164728991668625,-0.09155895233154297,0.5124273427327474,0.1416146581122442,1.5463270877473918,-0.11011313120524088,-0.2904753167945218,-0.14347860803565826,0.451518390786682,0.055214801493828625,0.13825083923339843,-0.024975257535134594,3873,4130
GCTGCACGGTTTCTTA-1,GSM8576305_EM1_v1,EM,v1,41,73,824.0,614,0.0,0.12789823055267335,0.9109113216400146,1.2744790649414062,-0.02575350761413574,-0.20429521898760844,-0.26545121592860066,-0.19450688182859494,-0.06867602030436198,-0.23104774475097656,-0.257765677461656,0.10789598977060855,-0.07726052602132162,-0.30563296275924007,-0.1861699422200521,0.6528166245594407,0.25076955722991706,0.37684682210286463,-0.010384478876667639,4324,4216
GCTGCTCTCCGGACAC-1,GSM8576305_EM1_v1,EM,v1,31,63,871.0,655,0.0,-0.1178294849395752,0.7968225002288818,1.1822674369812012,-0.07572635650634765,0.42517778612963997,0.07432435734480758,0.1720963062200331,-0.10938251495361329,0.34334098974863686,0.2498262526598264,0.6521528131741032,-0.07572635650634765,0.203040687530395,-0.14192355971738516,0.25870294941530525,-0.181410161149143,0.2454251877466837,-0.010178273723971459,3821,3346
GCTGGCATATTCACCT-1,GSM8576305_EM1_v1,EM,v1,31,31,1516.0,1080,0.0,0.34746781110763547,0.9242823791503907,1.493962354660034,-0.05069155216217041,0.26297392786678797,0.04918249081906084,0.08344671727720657,-0.12791030883789062,0.3403167184193929,-0.2084170950695025,1.3352610279310544,-0.11022551218668619,0.37026984605444485,-0.20486601863998966,0.5562713357985531,0.42975749060461754,0.39872882843017576,-0.04088028400175033,2218,3349
GCTGGTTTAGGCCATA-1,GSM8576305_EM1_v1,EM,v1,60,14,1063.0,841,0.0,0.15279747486114503,0.5249186301231384,0.7175921392440796,-0.07349489212036132,-0.17257268133769466,-0.3141517023886404,-0.16972209576676064,0.29671809514363606,0.18392719904581706,0.16067421476179142,0.5549303816105938,-0.07808369954427083,-0.2824034173804593,-0.13429342982280684,0.5257558076292874,0.20217688346786244,0.26021858278910315,-0.03778243833972562,1372,5878
GCTGTATTACTGGCCC-1,GSM8576305_EM1_v1,EM,v1,46,38,904.0,686,0.0,-0.09468859672546387,0.9353423595428467,1.3479844665527345,-0.03735083341598511,0.22929147653356444,-0.2938602816674017,-0.09492591150422443,-0.07074021657307943,0.727303269704183,-0.18759299440926133,0.758008039519672,-0.05413984934488932,-0.2905106142342809,0.30539318260897597,0.2450850637560246,-0.17738984021853443,0.3170462872187296,-0.030121639851600893,2572,4656
GCTTAATGTAACTAAC-1,GSM8576305_EM1_v1,EM,v1,42,84,1962.0,1322,0.0,-0.18339115142822265,0.36783050537109374,0.7634532976150513,-0.10854106903076172,0.05386761099997173,-0.2901619941957535,0.02852829390749298,0.17672654390335082,-0.33657869974772137,0.1924123850421629,-0.2377315021981803,-0.13869550069173178,-0.3335239149959212,0.06864904217930679,0.1988272324503322,-0.29579596375940637,0.22985707569122316,-0.02915759048154277,4875,4302
GCTTATGAAGCAGGAA-1,GSM8576305_EM1_v1,EM,v1,35,89,1552.0,1075,0.0,0.19070074081420899,0.8609312470753987,1.3246651840209962,-0.050182857513427735,0.2758124828870214,-0.05963893530006231,-0.19633824245672776,-0.12251754760742188,0.0221084944407145,0.1537530084650386,0.025534091711215567,-0.08029257456461589,-0.3274704040772465,0.16572294541630878,0.5790241019090472,0.2758124828870214,0.23218492698669435,-0.016188017783626434,5124,3691
GCTTCCGTCCCTAGAC-1,GSM8576305_EM1_v1,EM,v1,29,77,1261.0,915,0.0,-0.1753421974182129,0.608117561340332,1.2536787796020508,-0.06568320274353028,0.1715605891534982,0.018617320170600304,0.08143642178752966,0.2752106761932373,0.8070837847391763,-0.2234678236537155,1.1016908886615784,-0.08027947107950846,-0.2710816410171938,-0.1344463087947493,0.2866863170291769,-0.2006686666737432,0.2895288763046265,-0.026485164319315264,4522,3170
GCTTGGATCGATTAGG-1,GSM8576305_EM1_v1,EM,v1,31,97,367.0,309,0.0,-0.09016411781311034,1.228978878657023,1.6670644092559814,-0.06682042121887206,0.4593335896431403,-0.09702594818607453,0.42002205457304953,-0.022273473739624024,0.49783190091451,-0.1475202885758518,0.7386640451490151,-0.05793464024861654,-0.17235742898351217,-0.06980077904391002,0.3371727816696495,-0.13102521864466843,0.473951192855835,0.0,5524,3342
GCTTTCAGAGGAGGTG-1,GSM8576305_EM1_v1,EM,v1,33,95,709.0,566,0.0,0.1948153269290924,1.0260465669631957,1.466652765274048,-0.04072476387023926,0.2973313750231944,-0.21598045287593717,-0.15172447835592398,-0.10174770355224609,-0.20215142567952474,-0.21992793768943353,0.4079546230094345,-0.07239958445231119,-0.23160883892013365,-0.14174616863449893,0.5156009957237024,0.2791709792255159,0.21652487468719483,0.0,5424,3516
GGAAAGTGCCCATGCC-1,GSM8576305_EM1_v1,EM,v1,20,90,730.0,621,0.0,0.21617501616477966,0.6830439901351929,1.2456269931793214,-0.040316314697265626,0.43424916812275827,-0.2657191984115108,0.20240233991677897,-0.10751017252604167,0.41287358601888013,-0.1686634459224433,1.6264260148967844,0.8511222235361735,-0.2764513253208145,0.3595542852179592,0.7075411648326754,0.33127944325922326,0.438938871383667,-0.043350877300385504,5172,2384
GGAACCGTGTAAATTG-1,GSM8576305_EM1_v1,EM,v1,49,47,1224.0,857,0.0,0.2666515898704529,0.7639966344833373,1.372220449447632,-0.03323895454406738,0.24667727468803177,-0.38928241114462575,0.13841357528416434,-0.07598794301350911,0.18726932684580483,-0.22816844927427363,0.38809370772066676,-0.05909147262573242,0.1726233863447565,-0.14750620830489927,0.5832961445893121,0.30489965505823247,0.09819697475433348,-0.01787040502794327,3023,4916
GGAACCTTGACTCTGC-1,GSM8576305_EM1_v1,EM,v1,59,21,597.0,490,0.0,-0.15607086181640625,1.1035111776987712,1.280580816268921,-0.04314613342285156,0.3809778796656342,-0.17737240945139238,-0.15646201685855263,-0.03835212071736654,-0.158673095703125,0.2877290466823174,-0.013842718599515302,-0.07670424779256185,-0.2717438050542012,0.4251078421811023,0.3635222147563125,-0.08880353053676643,0.46866429932912196,-0.03479526888939642,1723,5790
GGAATGCGCTAGCGTG-1,GSM8576305_EM1_v1,EM,v1,32,82,866.0,644,0.0,0.14484303712844848,0.859149964650472,1.1504452991485596,-0.05059018135070801,0.38634583530085803,0.46865719254665117,-0.19079389070209704,-0.06745356877644856,0.3068980264663696,0.22836856539034125,0.9484838114654256,0.3288361835479736,0.15685676858128317,-0.1399239383069387,0.5211502631277615,0.2584967892305508,0.27830468336741127,0.0,4773,3431
GGACCTCTAGGCCGCC-1,GSM8576305_EM1_v1,EM,v1,58,30,898.0,664,0.0,-0.16155200958251953,0.08635421872138976,0.8402178573608399,-0.062404112815856935,-0.1846792036075656,-0.3124268131871377,-0.16195692095840186,-0.041602741877237955,-0.19138603210449218,-0.17740064640108957,-0.011096256205441746,-0.04992328961690267,-0.2449799809589922,-0.14034660369995608,0.15622490157712154,-0.2097243369622374,0.1260693578720093,-0.010065179678701585,2173,5702
GGAGACCATCTACATA-1,GSM8576305_EM1_v1,EM,v1,50,8,2890.0,1871,0.0,-0.21005163192749024,0.7979356050491333,1.5967386913299562,-0.1270915985107422,0.3432559087257854,-0.33956976859800275,-0.2345014490878074,-0.14836382548014324,-0.143102220694224,0.07162701565286389,0.19705413488373003,0.07515692949295044,-0.40765923189829634,-0.014559701456123564,0.18690551761911386,-0.23426655542890365,0.19214721043904626,-0.03617407814148934,1070,5007
GGAGACGACACCTTTG-1,GSM8576305_EM1_v1,EM,v1,43,67,2293.0,1418,0.0,0.07920023679733276,0.3122058121363322,0.5530136966705322,-0.08395844459533691,0.27539337013610365,0.2596891596569993,0.008489299164081282,-0.16104591369628907,-0.35651891072591146,-0.28115620182509404,-0.09411325646405244,0.19753199418385825,-0.38629079918306036,0.08110972197659044,0.47140362474501646,0.16091095005788134,0.1274286699295044,-0.04739589460434452,4024,4391
GGAGCACCAAGAACTA-1,GSM8576305_EM1_v1,EM,v1,26,82,2480.0,1550,0.0,0.0008769953250885032,0.8134568373362223,1.5927512264251709,-0.06757724285125732,0.28875635579278236,-0.1715682300005091,-0.02392579237918807,0.2542837444941203,0.014092961947123228,-0.2982246883736805,0.3422008378849728,-0.09156590143839519,0.05894139358796269,0.08451101100109668,0.38962732550066315,-0.01032441768093384,0.17624832630157472,-0.019546801044094946,4772,2908
GGAGGGCTTGGTTGGC-1,GSM8576305_EM1_v1,EM,v1,32,78,1899.0,1257,0.0,0.10408334493637084,0.8993544451395671,1.0878278160095216,-0.0642294454574585,0.09266008920095437,-0.029941721995305315,-0.009464664305361886,0.21614866336186728,0.24171077887217202,-0.25640634390024036,1.0225942184492058,0.20594776868820192,0.020153873799795163,0.13857647778997462,0.5181130638778381,0.18408949611710596,0.27624379889170325,0.34482628183980146,4573,3431
GGATCCGGAATATACT-1,GSM8576305_EM1_v1,EM,v1,34,82,957.0,695,0.0,0.19588310599327088,0.9015063762664794,0.9802122163772583,-0.055243549346923826,-0.25424643424043686,0.14079922904616676,-0.1765504803573876,0.34131024837493895,-0.2365813700358073,0.20591115566134585,-0.04917995979352896,-0.04063217163085937,-0.29672547612324296,-0.1396767949483481,0.7005385939234648,0.2704801326877164,0.39402648321787515,-0.01966072859302644,4773,3605
GGATCTTGACTCAACC-1,GSM8576305_EM1_v1,EM,v1,51,17,3251.0,2078,0.0,0.021270939111709602,1.0820507415135703,1.5862773513793944,-0.1348940658569336,0.27320833907876924,-0.13523621273480255,-0.07774915342641653,0.05058168411254885,0.5725091075897217,-0.28264896048351273,1.0516326086861747,0.08242854436238609,-0.3625185556679844,0.1900698267312414,0.536423169268578,0.09554930262209449,0.3097676738103231,-0.04192761067421206,1521,5094
GGATGACGCGAGTTTA-1,GSM8576305_EM1_v1,EM,v1,37,45,751.0,593,0.0,0.17803122520446776,0.6674477704366049,1.5017827892303468,-0.05322696685791015,-0.1382969884968123,-0.2722517751878308,-0.14835481954397714,-0.05322696685791015,0.39134116808573405,0.2709532379439576,0.9446739229639058,-0.0709692891438802,-0.25881167492234564,-0.13894588976021272,0.5056968582393788,0.31416189285159246,0.17348429616292316,-0.021462486636254094,2921,3870
GGATGCTGGCGTTCCT-1,GSM8576305_EM1_v1,EM,v1,39,19,501.0,429,0.0,-0.11318172454833984,0.818601573308309,1.7450497627258301,-0.015213098526000977,0.34865987154685274,0.4373543086689189,-0.11346538801838581,-0.030426197052001953,0.3593300755818685,-0.10623478969203987,0.597788610821222,0.45639295578002936,-0.2254451460627667,-0.08553549372048742,-0.10653419822539846,-0.15844341265317988,-0.092134521484375,-0.024537255687098348,1619,4048
GGATGTCCTTACCGCA-1,GSM8576305_EM1_v1,EM,v1,35,91,2335.0,1530,0.0,-0.23660322189331054,0.7753649552663167,0.9072879552841187,-0.09748072624206543,0.13205764259117236,-0.31832679625480403,-0.012456606541361132,-0.11689907073974609,0.013337901433308874,0.007066217088114557,0.3269730456339226,-0.1351333491007487,-0.3865312017111414,-0.2521325383320391,-0.033886804408193666,-0.2427041809694424,-0.06072336880366008,-0.0627966696216214,5224,3691
GGATTCCGCTATACCC-1,GSM8576305_EM1_v1,EM,v1,19,81,446.0,393,0.0,0.28497092008590696,-0.13889696756998698,1.2398210906982423,-0.04730483055114746,0.4600791476642009,0.3317615865013017,-0.08579809623852111,-0.06307311375935873,0.4950745248794555,-0.17100353942666963,1.2188902072399874,-0.07582386016845703,-0.17543691612151732,0.5800699728081026,0.3007791682778935,0.4600791476642009,-0.1304251708984375,-0.025432705879211426,4721,2298
GGATTTCACTTCTATA-1,GSM8576305_EM1_v1,EM,v1,31,83,983.0,718,0.0,-0.11618124961853027,1.0057446304957072,1.5868206119537354,-0.0756416654586792,0.24568788888329515,-0.2618451887561429,-0.12252128811408404,-0.058472760518391925,0.2952904287974039,0.17951490953481586,1.0235777620095106,-0.058472760518391925,-0.2605695303185398,-0.11631299214190748,0.20168654590759716,-0.1565612486772314,0.24073870213826504,-0.03892733589295418,4823,3343
GGCAAAGGCGCCAATA-1,GSM8576305_EM1_v1,EM,v1,54,34,1375.0,965,0.0,0.051997411251068104,0.6016675400733948,1.380775785446167,-0.08767259597778321,0.23135896111810486,-0.31367163504323653,0.14620326291349597,-0.10985357920328775,0.05936398506164553,0.10576893653359301,0.30109703977246627,-0.1056482187906901,-0.3000103134706796,-0.2316499426661725,0.34658099006445153,0.09584822303874035,0.03254658699035645,-0.01704003349427254,2373,5353
GGCAAATTACTTTACT-1,GSM8576305_EM1_v1,EM,v1,41,53,1023.0,765,0.0,0.29591748476028445,1.076448868115743,1.2177052688598633,-0.059431114196777345,0.2051427624828972,0.03147864231865527,-0.1718794935030447,-0.031696592966715495,0.3733544572194417,0.17515672861267223,0.8227371960685823,-0.09508978525797526,-0.3388352604754957,-0.09806457580811527,0.7631998311482733,0.4365133816581905,0.3095695400238037,-0.009585663195579283,3322,4218
GGCAAGGCGAAATAGC-1,GSM8576305_EM1_v1,EM,v1,45,69,1292.0,883,0.0,0.18698026061058046,0.46508680979410805,1.1224691677093506,-0.05419757843017578,-0.20777803759112407,-0.03286169750899215,-0.16369648027539552,-0.05992487589518229,0.4956110286712647,0.07181359599931053,0.5081049644596184,0.27460106054941813,-0.33116667720687437,0.302984047127536,0.4799408282454854,0.2541159691752133,0.14454487832387286,-0.008741545100365915,4124,4565
GGCAATAGTCAATGAG-1,GSM8576305_EM1_v1,EM,v1,30,70,1366.0,950,0.0,0.2093060064315796,0.9072718699773152,1.760664930343628,-0.06356219291687011,0.2146087112766976,-0.37299623797016757,0.3361837418754597,-0.07979103724161783,0.2738331890106201,0.0836236322736793,0.5459108455353989,-0.10593699137369791,0.1021413347328523,-0.2578046867646367,0.5750849205989892,0.27279392665578106,0.16076896031697596,0.0,4172,3258
GGCACTCCACTGGGCA-1,GSM8576305_EM1_v1,EM,v1,34,46,632.0,510,0.0,-0.11350713729858398,-0.22882568359375,0.622812373638153,-0.04234101295471191,-0.19182866074169758,0.3358563464907457,-0.11379161633943256,0.40459191958109536,0.2981338596343994,-0.14625719000264553,0.4714977109680395,-0.04704557418823242,-0.24949808388828754,-0.13869794975801644,-0.09656727962985763,-0.21070983019162182,-0.23939292907714843,0.0,2970,3609
GGCATACAGGTAGCGG-1,GSM8576305_EM1_v1,EM,v1,34,32,383.0,338,0.0,-0.10724641799926758,1.2117789793014526,1.2783520889282227,-0.08249725341796875,0.4727267577097966,-0.19959009847333353,0.30497107895693387,-0.109996337890625,0.43640632470448815,0.3799234915736527,0.8100122087564899,-0.021999268531799315,-0.12472792322855876,-0.03975771325659082,0.29515751000803314,-0.09932780186069451,0.3651878900527954,0.0,2269,3610
GGCCCTCACCCACTTA-1,GSM8576305_EM1_v1,EM,v1,37,23,959.0,755,0.0,-0.12938742637634276,1.3635565869013468,1.409836449623108,-0.09744101524353027,0.23214422101559845,-0.22800233287196006,-0.11750106046671856,0.35728368441263836,0.8024633153279622,-0.19869547304899796,1.6377233914651206,-0.08336219787597657,0.24559751571900396,-0.11021961840281046,0.6638222932815552,-0.17385996942934784,0.8153093070983887,-0.029468046080681584,1819,3873
GGCGAGCGAAACGGCA-1,GSM8576305_EM1_v1,EM,v1,51,7,772.0,641,0.0,0.2716192674636841,0.26960498213768,0.993453950881958,-0.04281908988952637,0.31148279590351524,-0.12378726467009514,-0.15349011911186658,-0.06150015513102214,-0.2606414794921875,-0.16309338827994357,0.1198696301125487,-0.13178604125976562,0.3297575094613684,0.7896577823592956,0.7287531746151112,0.39667619909331153,0.49143234729766844,-0.010627907130026048,1020,5095
GGCGCAGGACATCTTC-1,GSM8576305_EM1_v1,EM,v1,37,27,633.0,525,0.0,-0.11076873779296875,0.5867870394388834,1.049284152984619,-0.042318711280822756,0.3247570681864336,-0.22780576828987367,-0.12518794315500667,0.9027991485595703,-0.21079508463541666,-0.12931439709105222,0.04081069781295876,-0.047020788192749026,-0.2737399794490462,-0.17261701223840675,0.3047251933625229,-0.1737576487869722,0.36599777221679686,0.0,2019,3872
GGCGCATGAATTGATG-1,GSM8576305_EM1_v1,EM,v1,42,54,708.0,543,0.0,0.20029932737350464,0.8848961019515991,1.4158764171600342,-0.027163023948669433,0.29034339225411815,0.18303649326623306,-0.1395874405863291,-0.04527170817057292,0.20394598325093588,0.3086645922134552,0.842428403198505,-0.0633803939819336,-0.25105913767374183,-0.1309061471716946,0.5118509551515552,0.29942802362218746,0.1667509708404541,-0.021905664474733414,3372,4305
GGCGCGTTCGAGTTTA-1,GSM8576305_EM1_v1,EM,v1,47,59,1233.0,849,0.0,0.14761705756187438,0.32052330891291303,0.908131685256958,-0.05523514270782471,-0.2807704963811664,-0.3671382473361108,0.06197041743680051,-0.09049856821695963,0.052502134641011555,0.18789220534040776,0.5999008022617798,-0.07576919555664062,-0.2987158595318775,-0.2764215431060178,0.5060598951014543,0.19570999520279492,0.12782513904571535,0.41515445170863985,3624,4741
GGCGGAGTAATATTAG-1,GSM8576305_EM1_v1,EM,v1,32,46,608.0,501,0.0,0.2501003777980805,0.6321483198801676,1.4642640686035155,-0.04288783073425293,-0.11839923412106108,-0.22791810189524003,-0.11473301478794642,-0.02859188715616862,-0.2975152587890625,-0.14724843717339048,0.061620851429092405,-0.05718377431233724,-0.20872379594059834,-0.17490722472409168,0.26537812191640753,0.36769473366646993,-0.22609475708007812,0.0,2970,3435
GGCGGTAGGATCATTG-1,GSM8576305_EM1_v1,EM,v1,31,69,1112.0,805,0.0,-0.19173831939697267,1.005547793706258,1.5848047828674316,-0.02301865577697754,0.18462066214485978,-0.2829561233520508,0.08397618122865683,-0.061383082071940105,0.08312846501668297,0.11423791557915902,0.6167634038384322,-0.0920746103922526,-0.3538540759718562,-0.18595464928561903,0.19865627983921236,-0.17592796912560096,0.2007136468887329,-0.02784514811731154,4122,3345
GGCGTCCTATCCGCTG-1,GSM8576305_EM1_v1,EM,v1,31,33,849.0,673,0.0,0.29707209587097166,0.9703835916519166,2.0687551307678222,-0.14012730598449707,0.35580822084526814,-0.20554024173367408,-0.10969682086380501,-0.059447949727376305,-0.23177823384602864,-0.18541467468874112,-0.3830957460643059,-0.0679405148824056,-0.3015244878439539,0.3739143321791806,0.7313386859388269,0.37285014485302836,0.44927864519755045,-0.02054652475541638,2318,3349
GGCTATTAAGTTGTAT-1,GSM8576305_EM1_v1,EM,v1,33,41,495.0,405,0.0,-0.10865690231323243,0.9969228347142538,1.4859960794448852,0.0,0.421442722264208,0.2622061555836058,-0.10892922537667411,-0.050901606877644855,0.3257022492090861,-0.16125976919729176,1.0833798084683497,-0.06108193079630534,0.4009876559537098,-0.08585813438078486,0.2591896696726026,-0.10800209172992005,0.3485318848292033,-0.012314905082025835,2720,3522
GGCTCCTCCACCTGTT-1,GSM8576305_EM1_v1,EM,v1,59,35,630.0,479,0.0,0.35211095452308655,0.5800362809499104,0.9266894054412842,-0.028257155418395997,-0.1532724437904996,-0.29241900290212325,-0.13372527387805452,-0.037676207224528,-0.18418750762939454,0.3371180448776636,0.064291841420696,0.38618112246195474,-0.23086056077336692,-0.07943779206180189,0.8176081699764831,0.5070534569762623,0.29138396422068275,-0.022788028563222578,2424,5789
GGCTCGCGTTGAGGTA-1,GSM8576305_EM1_v1,EM,v1,31,93,825.0,661,0.0,0.16907612800598146,0.9450199731190999,1.3783726644515992,-0.051484603881835934,0.2961898110516228,0.11830325500207015,-0.15308535965462974,0.3410497029622396,0.7312219683329264,0.2668615126423745,0.47028189328447656,-0.0901696523030599,0.2741144969281422,0.32612941083180375,0.5006796036203816,0.2961898110516228,0.1918869222005208,0.0,5324,3342
GGCTCTGCTCCAACGC-1,GSM8576305_EM1_v1,EM,v1,26,72,1723.0,1134,0.0,0.06460422039031982,0.9206139580408732,1.254498896598816,-0.047937145233154295,0.3358110493773734,-0.3414825624035251,-0.03715885959024118,-0.07008438110351563,0.5638942654927571,-0.24759783792655204,1.429457353672704,-0.1022659174601237,0.04343887438257055,-0.22800679953701525,0.49412797634786043,0.1263299647515168,0.1948808015187582,-0.02319539362384427,4271,2909
GGGAACGGGAGGTTAG-1,GSM8576305_EM1_v1,EM,v1,39,37,939.0,728,0.0,0.14968565702438355,0.9166661437352499,1.1981735801696778,-0.05235187530517578,0.21504649270737053,0.06611291604107972,-0.15761765023520716,-0.040921236673990884,0.1794026788075765,0.19082197855946212,0.2998908115477333,-0.07798674901326498,-0.3044782891330949,-0.09135239382824266,0.8378119861498945,0.19862325135680745,0.6344534091949463,-0.00990029881077428,2520,4046
GGGACAGAGTTACTCC-1,GSM8576305_EM1_v1,EM,v1,57,19,877.0,702,0.0,-0.15353099822998048,0.5423784073193868,1.0532591581344604,-0.07879694938659668,0.29259528536993257,0.08326914453286732,0.1671320847550729,-0.06092429478963216,-0.2256298319498698,-0.1682188869718724,0.25623797719973246,-0.11967526753743489,0.23755545731050426,-0.06067225827749474,-0.13610026624619448,-0.1354755797115058,-0.28429083251953124,-0.020305635467652353,1622,5616
GGGACTGCATAGATAG-1,GSM8576305_EM1_v1,EM,v1,32,60,953.0,719,0.0,-0.10454649925231933,1.1216000525156657,1.5257018566131593,-0.08546137809753418,0.23363915122339426,-0.3427140635828818,0.4933905706071017,-0.04069589614868164,0.1844419892628988,0.5762788497218853,0.3978380126569738,-0.09983237584431966,0.17586094538370772,-0.14249754143527235,0.22592832425603893,-0.2059854233145315,0.1848651069005331,-0.019691563421680082,3671,3433
GGGAGAACTCACAGTA-1,GSM8576305_EM1_v1,EM,v1,32,64,997.0,741,0.0,0.15024372100830077,0.8541089296340942,1.5612255477905275,-0.06001567840576172,0.2787999645656301,-0.3327330620058121,-0.1682600246037457,-0.056014633178710936,0.2287687412897746,0.23690312363232258,0.859053105821904,0.2960773468017578,-0.2705496975695752,-0.14173415770013648,0.4811272026816207,0.18490180841656434,0.16822360070546472,-0.048399740649807836,3871,3433
GGGAGGATGCCCGAAA-1,GSM8576305_EM1_v1,EM,v1,37,51,1015.0,767,0.0,0.12505272150039673,1.0614268366495767,1.3666810512542724,-0.035765540599822995,0.21559025132935183,0.07471789302913828,0.09473984447636999,-0.05994180679321289,0.837252607345581,-0.1782663785494291,1.5263872981841669,-0.08742687225341797,0.6141432068912858,-0.23916480435903772,0.557809852597365,0.1916668431017311,0.37180410416920984,0.0,3221,3870
GGGAGTTAATGAGGCG-1,GSM8576305_EM1_v1,EM,v1,33,75,1567.0,1020,0.0,0.07442015349864961,0.8899949645996094,1.46689998626709,-0.06996476173400878,0.11122806687551728,-0.38653272198092553,-0.1708837332283345,-0.06663311004638672,0.24106616020202631,-0.24124444049337637,0.3304710182797883,0.22032249053319292,0.06049772620679866,-0.16959773297290726,0.4386763261860626,0.12459924421714433,0.12504708162943518,-0.016120913528626966,4423,3519
GGGATGGTCGTAACCG-1,GSM8576305_EM1_v1,EM,v1,47,43,860.0,656,0.0,-0.190201358795166,0.8078828779856364,0.6651571273803711,-0.06339773178100586,0.2734156348633527,-0.2586109099849578,-0.190678053929991,-0.11834242502848308,0.37805717150370277,0.29701429040668537,0.6240719037353779,-0.09105777740478516,-0.25172261923671246,-0.15538708177436308,0.33296778012483375,-0.15771720401419445,0.39709738190968835,-0.010225440225293559,2822,4742
GGGCAACCGCACGTGC-1,GSM8576305_EM1_v1,EM,v1,55,19,2076.0,1443,0.0,-0.19360172271728515,0.8399026981989542,0.8045867586135864,-0.12672450065612792,0.2815331498383147,-0.32424720641105403,-0.1896739567730361,-0.13122029622395834,0.1789064915974935,0.18416480847957273,0.5542295480578903,0.17993605613708494,-0.3037174332094001,-0.2886049814492344,0.16190268573241795,-0.23101158524835388,0.2009817854563395,-0.028399628977621754,1622,5442
GGGCAGACGTCACTGC-1,GSM8576305_EM1_v1,EM,v1,48,4,389.0,350,0.0,-0.07175304412841797,0.2660212643941243,2.1349353122711183,-0.06569847106933593,0.48156906051380577,-0.17219357336721114,-0.08016576743066162,-0.07664821624755859,-0.20516817728678385,0.44409994297601707,0.2947051175960259,-0.04379898071289062,-0.14004810746893825,-0.09665782576105202,-0.11874448672406653,-0.10986366399554505,-0.14453663635253905,0.6569847106933594,869,4834
GGGCCCGTCTTAAACA-1,GSM8576305_EM1_v1,EM,v1,42,52,810.0,607,0.0,0.25408569335937503,1.407603874206543,1.566305522918701,-0.05182385444641113,0.2722751823157371,-0.2515900058131064,-0.15206381432095864,-0.01727461814880371,-0.2965587870279948,0.22542859479336436,-0.32770703186341865,0.35412967363993325,0.4870917867943944,-0.1769087458231363,0.9864354427359507,0.40095841951061917,0.7887148838043213,-0.031345073253877705,3272,4305
GGGCCCTACGAAAGGG-1,GSM8576305_EM1_v1,EM,v1,38,16,263.0,237,0.0,-0.06412256240844727,0.40916301727294924,1.389231767654419,0.6561451005935668,0.5739270596201205,-0.11819827172064012,-0.07346659495418233,-0.04885528564453125,-0.12213821411132812,-0.02450934062434678,0.8191087206575569,-0.026695146560668945,-0.09102462094471636,-0.10300813238304782,-0.05249493443180292,-0.08578269218521373,-0.10259609985351563,0.0,1468,3961
GGGCCGGCCGAAGTAC-1,GSM8576305_EM1_v1,EM,v1,36,84,788.0,566,0.0,0.15429922103881835,0.2902145767211914,0.8275963497161865,-0.07850074768066406,0.32880075932080666,-0.32427144819690334,-0.15354590547413455,0.4012260437011719,0.39359081109364835,0.3776338492481738,0.6131410482369647,-0.07850074768066406,-0.30919438863853854,-0.11823111844350057,0.6723835898675344,0.22603485974978443,0.402597646077474,-0.010551175763530115,4874,3779
GGGCCTAAATGGGCTA-1,GSM8576305_EM1_v1,EM,v1,45,9,1555.0,1120,0.0,-0.2295435333251953,0.9205306545893351,1.0886832094192505,0.3008464050292969,0.37093499684945136,-0.26818844579881235,-0.256814808475045,0.21854238351186114,-0.28319961547851563,-0.2967749247981553,0.01691613296596417,0.24736260573069252,0.2150963817734316,0.5369918681531546,0.12146250532144803,-0.25113494260654,0.18819093958536787,0.37686672518330233,1119,4572
GGGCGATATGTGTGAA-1,GSM8576305_EM1_v1,EM,v1,28,58,630.0,508,0.0,-0.14791643142700195,1.1340549755096436,1.4610877513885498,0.0,0.4236019374003245,-0.2726304761825069,-0.16245112980816298,-0.056514314015706384,-0.2133205795288086,0.25696769579331347,0.0302696874992332,-0.08477146784464518,-0.21790987803754078,-0.08476362266693728,0.3614332478674913,-0.16952985425457906,0.36558359813690183,0.0,3570,3085
GGGCGGCAAATGAATT-1,GSM8576305_EM1_v1,EM,v1,49,45,823.0,614,0.0,0.31278788566589355,0.5696956626574199,1.0785572481155397,0.0,0.3943798496837467,-0.26575792989423197,0.18161330807179138,0.49335369904836024,0.4100104999542237,-0.15223177141170438,0.48960367450590875,0.35852486451466875,-0.22618008042913842,-0.2018544147292294,0.6900317296599249,0.4116137843732717,0.2748443225224813,-0.0103890021001139,2923,4916
GGGCGGGTTCCCTACG-1,GSM8576305_EM1_v1,EM,v1,43,37,1103.0,813,0.0,0.18650532603263856,0.585985407034556,1.4469496297836304,-0.05772953987121582,0.3430372071239595,-0.2912936056813886,-0.20602422728574366,-0.06371884028116861,0.13304919242858887,0.12285512665841092,1.1002822240650099,-0.07911338806152343,-0.2899669356135479,0.3108547720085665,0.1700687643279319,0.2848147395728291,-0.2981999816894531,-0.009311216492806711,2521,4394
GGGCGTACATTTATAT-1,GSM8576305_EM1_v1,EM,v1,24,54,625.0,526,0.0,-0.14452705383300782,0.8048286080360413,0.7335462760925293,-0.05666426658630371,-0.14507280942987041,-0.21417360921059886,-0.15909084998874137,-0.09444044748942057,0.7018460782368978,-0.19112883602895067,1.3560422183965832,-0.06831929524739583,0.48840471903483074,-0.1479187777722217,0.41436270810129994,-0.14507280942987041,0.48327102216084805,-0.034272739964146766,3369,2736
GGGCGTCACCACGTAA-1,GSM8576305_EM1_v1,EM,v1,48,50,725.0,554,0.0,-0.14228002548217775,0.5624386835098266,0.9205603504180908,-0.04041241645812988,0.29998572202297624,-0.24688102353003719,-0.12237977145010964,0.41310471375783286,0.31873914082845056,0.2565122071981696,0.6029291430224811,-0.0560791015625,-0.25098105128031656,-0.14065901055393448,0.18336261027521936,-0.17607287658895537,0.20412088743845624,0.0,3173,4829
GGGCTACTATTTCGTG-1,GSM8576305_EM1_v1,EM,v1,50,6,404.0,363,0.0,-0.10894495964050294,0.2608064119021098,1.3601097011566161,-0.032485308647155764,0.42827000532926385,0.33037080632926136,0.2903947461219061,-0.06497062047322591,-0.12994124094645182,-0.1108991565512973,0.3661301788116477,-0.06721575419108072,-0.21959966636565795,-0.06523154538319292,-0.15471953034059366,-0.1262691076782635,-0.13263539123535156,-0.013098914777078936,970,5008
GGGCTCATCGAACCCA-1,GSM8576305_EM1_v1,EM,v1,25,89,1372.0,954,0.0,0.07535035729408265,0.7861602449417114,1.4270625686645508,-0.04229769229888916,0.1567661311714147,-0.33194932629985197,0.06427570893650963,-0.049347305297851564,0.6212247784932454,0.2063877655643816,1.006501093068229,-0.09374809900919596,0.07560271546543845,-0.15541704782999186,0.4744655495045178,0.1355465395394775,0.19231401570638024,-0.025583282593757875,5122,2820
GGGCTGCCTAGGGCGA-1,GSM8576305_EM1_v1,EM,v1,33,69,1180.0,831,0.0,0.11952804803848266,0.6170122281710306,0.5608170700073242,-0.0787014102935791,0.09812379787066577,-0.3053238776422316,-0.16758894382562853,-0.08994447072347005,0.7162634913126626,0.2135833293166315,1.2443236353067042,-0.1274213409423828,0.10857682783440892,-0.20380450635550013,0.6223022592785024,0.08308289308877564,0.430666664759318,0.0,4122,3519
GGGCTGGTTAGTCGCG-1,GSM8576305_EM1_v1,EM,v1,31,51,478.0,399,0.0,-0.15267224311828614,0.7545336850484212,1.7129397010803222,-0.030874223709106446,-0.18359215522689565,-0.20345567887829197,-0.16853068645735433,-0.05145703951517741,0.6127612527211508,0.4244643368715692,1.418333280197768,-0.020582815806070964,-0.19722919387510982,-0.037197859890489696,-0.12769070600711854,-0.18359215522689565,-0.21417770385742188,-0.012449283753671953,3220,3347
GGGTACTTCATGAACT-1,GSM8576305_EM1_v1,EM,v1,37,39,722.0,582,0.0,0.16712608933448792,0.6616554498672486,1.4051907348632813,-0.026980278491973878,0.3055040364547185,-0.26350458206668975,-0.16214042797423245,-0.06295398712158203,0.6967990271250407,0.37548419437812464,0.8258474436237584,-0.035973704655965166,0.33152029906889513,-0.1300254423455541,0.5683434673913229,0.2784335284993269,0.1882747627894084,0.0,2620,3871
GGGTATGTATGCACTT-1,GSM8576305_EM1_v1,EM,v1,28,28,503.0,428,0.0,0.29719349861145017,0.6789062643051147,1.619646759033203,0.7263531208038331,0.49588252748534034,-0.14921043765160344,-0.09809912774795876,-0.06077651977539063,-0.14627128601074219,-0.11850774248308163,-0.3275740350311126,-0.030388259887695314,-0.15610399973919115,-0.10031935297341711,0.26656153823721374,0.38216032285488305,-0.14801675415039062,0.0,2067,3088
GGGTATTCTAGCAAAC-1,GSM8576305_EM1_v1,EM,v1,55,15,1156.0,883,0.0,0.11111582756042482,0.8739891068140666,1.1739802837371827,-0.08254513740539551,0.2719306205560265,-0.25790279142318234,-0.17837409686325187,-0.06801034927368164,0.7107536506652832,-0.18258672095461434,0.7573361852061209,-0.08312376022338867,-0.2843762439896304,-0.24084071270433297,0.4587668621096024,0.17829654846701734,0.2286534083684285,-0.04570587988822691,1421,5442
GGGTCACCGTGACGGT-1,GSM8576305_EM1_v1,EM,v1,35,47,708.0,557,0.0,0.18910143613815308,0.5893566306432088,1.4411620378494263,-0.054326047897338865,-0.13639734580764004,0.1421539662620439,-0.16442895951426417,-0.04527170817057292,0.7090566190083821,0.2755294555804403,1.3606751778103512,-0.009054341316223145,0.3225951639045195,-0.1309061471716946,0.523946146910375,0.28906586417386365,0.20879493141174316,-0.010952832237366707,3020,3696
GGGTCGTGGCAAGTGT-1,GSM8576305_EM1_v1,EM,v1,25,107,348.0,319,0.0,0.31379202246665955,0.6535996254285177,1.1575424146652222,-0.03392346143722534,-0.1497548081005696,-0.18055114438456873,-0.1275318021463571,-0.04523128191630046,0.3876793464024862,-0.13840915845788043,0.7555968667308974,-0.07010088602701824,0.6066332564296493,0.6375975894161976,0.7672421103903763,0.39294494208417746,0.37271490701039633,0.0,6024,2818
GGGTGACACCTTAACT-1,GSM8576305_EM1_v1,EM,v1,46,56,1803.0,1181,0.0,0.14472223281860352,0.6793556475639344,1.6009570884704591,-0.09394509315490723,0.20087071592060887,-0.29641535974317984,0.05817427032424094,-0.06889307022094726,0.41960392316182454,-0.2765280937271373,0.5793096469788781,0.2630462606747945,0.1961377032789361,0.12540504147250014,0.4229191531424536,0.19458674852930452,0.12890420023600263,-0.015152434187550698,3473,4654
GGGTGCATATGAAAGC-1,GSM8576305_EM1_v1,EM,v1,30,112,541.0,469,0.0,0.2612695229053497,-0.1781765111287435,0.17697691440582275,-0.059392170906066896,0.34595773943026065,-0.21163225173950195,0.2684366325836134,-0.07151470184326172,-0.1057009251912435,-0.04195847718612007,-0.24265962150228682,-0.04949347496032715,-0.21237527318747648,0.5196855554618989,0.26909418135112884,0.33602593907278644,-0.19806074523925782,-0.023948456010510846,6275,3253
GGGTTAACATTTGAGT-1,GSM8576305_EM1_v1,EM,v1,54,50,888.0,685,0.0,0.19733262062072754,0.5213044428825379,0.36308740854263305,-0.04085424423217773,-0.12869122355279317,-0.19440174102783203,-0.13510911028486744,-0.08354816436767579,-0.21859090169270834,0.2105875780749879,-0.3452056041314973,0.33419265747070315,-0.20936477232170872,-0.13085857835639433,0.5739236846352717,0.28066683293983685,0.34350564765930175,-0.03031989835923718,3174,5352
GGTAACCGGGAGGATA-1,GSM8576305_EM1_v1,EM,v1,57,27,756.0,604,0.0,0.22976570844650268,0.14921970129013062,0.9430718421936035,-0.039827663898468015,-0.14425391257805967,0.16525074743455456,0.20954600447102595,-0.04425296147664388,0.20008920987447104,0.41009439047895285,0.016152863526464112,-0.04425296147664388,0.2293996232580468,-0.17061383657187343,0.4809135376211565,0.28051531062344115,0.23018174425760907,-0.010706361263029037,2023,5616
GGTACAAACATGCTAT-1,GSM8576305_EM1_v1,EM,v1,40,54,794.0,632,0.0,-0.16197751998901366,0.5789073983828227,1.2561057806015015,-0.06524155616760254,0.2820780539060782,-0.2167542826744818,-0.16892399226214952,-0.034795497258504234,0.22914616425832116,-0.20727994529698604,0.3505021904495578,-0.08698874791463217,-0.31214972193461343,-0.10480572037907489,0.3561939746568401,-0.17032161444724603,0.39464502620697023,0.0,3372,4131
GGTACATCTGGGACGA-1,GSM8576305_EM1_v1,EM,v1,38,18,446.0,388,0.0,0.31550302267074587,1.3111576779683431,1.7524146842956543,-0.03153655529022217,0.43898445866179703,-0.12688442968553112,-0.08680507114955358,-0.04204874038696289,-0.2064471944173177,-0.13711546575744016,0.6791792093894504,-0.06307311375935873,-0.1320469561350872,-0.1266528363208694,0.8459921928394831,0.449531803162999,0.5780291550954183,-0.012716352939605713,1568,3960
GGTACCATTAAGACGG-1,GSM8576305_EM1_v1,EM,v1,29,105,428.0,375,0.0,-0.10114813804626464,0.5915675266583761,1.2343321418762208,-0.07982816219329834,-0.16243916131979647,-0.20990271722116777,-0.10940446590719964,-0.042575019200642904,0.3254736439387003,-0.1607552978107363,0.793026639331782,-0.09579379399617513,0.5006856970040195,-0.11541420963394594,-0.1075647130053501,-0.18379786819917301,-0.19545098876953124,-0.012875509838904104,5925,3167
GGTAGACCGTTGGGCG-1,GSM8576305_EM1_v1,EM,v1,53,53,1427.0,1016,0.0,0.20529662013053895,0.139737815062205,0.501449909210205,-0.07787260055541992,-0.20585188339386495,0.07261179339501164,-0.13367226010277158,-0.09643759409586589,0.14215099652608235,0.13390030084777965,-0.0994942128358774,-0.13385456085205077,-0.2960180872415443,0.18138229990579996,0.6147271596258213,0.24080576904641346,0.2925566565195719,-0.025166186594193982,3324,5264
GGTAGTGCTCGCACCA-1,GSM8576305_EM1_v1,EM,v1,34,72,1280.0,913,0.0,0.19707028508186342,1.1144628365834555,1.7606926822662352,-0.04352342128753662,0.13841687729260327,0.009303920279999434,0.17327653607330226,-0.07253903071085611,0.25052834510803224,0.11066956038990677,1.023601386158567,-0.04352342287699382,-0.39228266214271146,-0.1686023574277579,0.5055731150687253,0.23177283676704566,0.1780242732365926,-0.017549766648200252,4273,3606
GGTATTGCCGAGTTTA-1,GSM8576305_EM1_v1,EM,v1,33,53,1365.0,968,0.0,0.08895165085792542,0.9582478555043539,1.4192386627197267,-0.034946837425231934,-0.23966620199656408,-0.2975877946422946,-0.16578890386978187,-0.06358152389526367,0.017735171318054188,-0.26625507571625473,0.051390340151927116,-0.077710755666097,0.08578604368799658,0.25962173680225054,0.5333286335953327,0.0852115251281721,0.3348593238194784,-0.008545903428908317,3321,3521
GGTCAGTGGGTCCCAC-1,GSM8576305_EM1_v1,EM,v1,48,62,1095.0,821,0.0,0.18470364212989807,0.14660999258359272,0.6620191144943237,-0.034736104011535644,-0.19294181236853966,-0.34044164226901147,-0.17232733322564223,-0.09477142333984374,0.10883882999420164,-0.19800230810873484,0.4058397927048047,-0.06947221120198567,0.13838049321768275,-0.1937446900639668,0.21523737232801224,0.29450916459860743,-0.34698110961914064,0.0,3774,4827
GGTCGGATAAACGGCG-1,GSM8576305_EM1_v1,EM,v1,23,97,1073.0,786,0.0,-0.16662689208984374,1.2179417085647584,1.7397905254364014,-0.011670256853103638,0.18443082553752957,0.064202790985459,0.11886218010931088,-0.13440785725911458,0.24983046849568682,0.18292145572245588,0.06985088945376472,-0.08772682825724284,-0.31583076691531753,-0.1806845913929154,0.2566405981352131,-0.21803796570436612,0.35907524585723877,-0.012006186669872652,5523,2645
GGTCGGCCAGGAGCTT-1,GSM8576305_EM1_v1,EM,v1,32,84,1012.0,741,0.0,0.23071486592292786,0.8674452352523804,1.964324426651001,-0.07161171436309814,0.3259671075952757,-0.2605703723046087,0.14957934012986662,-0.06365485509236654,0.8766146596272786,-0.2286401448839883,1.8594537503584119,-0.06580855051676432,0.3262119203207483,-0.16297177234327936,0.4981848213255918,0.30201670304854444,0.12980881722768145,-0.01925046020938504,4873,3431
GGTCGTAAGCTCGCAC-1,GSM8576305_EM1_v1,EM,v1,49,19,1155.0,890,0.0,-0.16585067749023438,0.11974817395210269,0.5019753384590149,-0.07123356819152832,-0.23241151535391408,0.08321761645479689,-0.19468470982142858,-0.09071150461832682,0.13719634691874186,-0.20468257023737982,0.6975970689290218,-0.11552267710367839,-0.29904772287391757,-0.15954834964859438,0.25312482089572785,-0.24758063989339466,0.31031973425547277,-0.009144304260130852,1621,4919
GGTCTCTGAATGGACT-1,GSM8576305_EM1_v1,EM,v1,52,34,978.0,745,0.0,0.18241580128669738,0.8342433738708497,1.1729905033111572,-0.07254416465759278,0.3319814169287283,-0.30706839407643965,-0.20130243516506108,-0.08060462951660156,-0.2894196065266927,-0.2029852851178734,-0.07184820900867073,-0.08276323318481445,-0.36797256163325176,0.33535604400328367,0.5568553817306343,0.2657105791130193,0.09841131655375163,-0.009750560406715639,2372,5179
GGTCTGAGAATCTGGA-1,GSM8576305_EM1_v1,EM,v1,30,80,1530.0,1037,0.0,-0.20249488830566406,0.8624975919723511,1.1546007871627808,-0.08390985488891602,0.09657285059309056,-0.2911045320572392,0.05958190336263269,-0.10771649678548177,0.7716591167449951,0.04717497057473513,1.2031096193487492,-0.08078737258911133,-0.35142612074273655,0.1824269694975581,0.25405589659781036,-0.24679603704242004,0.26949444198608397,-0.024431667020243984,4673,3257
GGTGAAGTACAGGGAT-1,GSM8576305_EM1_v1,EM,v1,47,37,719.0,554,0.0,0.18411389231681824,1.1234777863820393,1.4677190351486207,-0.05403823375701904,-0.135025062688617,-0.24671066960980814,-0.16755351207608865,-0.08105735143025716,0.3936420011520385,-0.18171816924742631,0.8591611859444142,-0.03602548917134603,-0.23051201387581577,-0.15191471145813723,0.575782011265741,0.3062570444583361,0.1947739674250285,0.0,2522,4743
GGTGATAAGGAGCAGT-1,GSM8576305_EM1_v1,EM,v1,37,79,732.0,566,0.0,0.2036335813999176,0.5284415372212727,1.2117556190490721,-0.08055614471435547,-0.2079575707681203,-0.2873060780186807,-0.12561804788154468,-0.06265478134155274,0.32122224489847817,-0.1794323490614875,0.47449686470771124,-0.09170166015625,0.4072378307940012,-0.11862351137950239,0.19424304451505228,0.24855716717548862,-0.2850076293945312,-0.01082743848523786,4624,3867
GGTGCTGGTACACATT-1,GSM8576305_EM1_v1,EM,v1,42,46,589.0,468,0.0,0.17225980758666992,0.9310030746459961,1.5158563470840454,-0.04333717346191406,0.4609608760512659,-0.22629467133552797,0.19350929069041012,-0.03852193196614583,0.459023191134135,-0.16927039104959238,0.8902733392708608,-0.028891448974609376,-0.22025973155316578,-0.11602991556068022,0.592031713884676,0.3382507800524317,0.29170957438151046,0.0,2972,4306
GGTTACCACCCTCGGG-1,GSM8576305_EM1_v1,EM,v1,45,33,1132.0,880,0.0,0.12587080359458924,1.156398957570394,1.1842916822433471,-0.09784316062927247,0.33174427283913266,-0.2663303498298891,0.12547016420161217,-0.1122370147705078,0.12915067513783773,-0.2676185174131872,0.4243921038921326,-0.0783311398824056,0.27322699669374517,-0.14688114947583303,0.526632171647255,0.18454843978818045,0.31560533936818447,-0.027651263821509578,2321,4569
GGTTAGGCTTGGAGAA-1,GSM8576305_EM1_v1,EM,v1,28,36,819.0,676,0.0,-0.15094149589538575,1.106182107925415,1.2284468841552734,0.4903852605819702,0.2538962824023022,-0.2098751529570549,-0.15778840335090658,0.359154634475708,0.20616460482279458,0.26821858242336855,0.3901535651706057,-0.11184224446614584,-0.2912763725801644,0.37107995925658194,0.25530450588311027,-0.18489824888299541,0.35170785999298093,-0.031221472447918307,2468,3087
GGTTCGGATTATACTA-1,GSM8576305_EM1_v1,EM,v1,39,7,151.0,142,0.0,-0.07706924438476563,-0.04208047866821289,0.4610060739517212,-0.021040239334106446,-0.07036869342510517,-0.016967934946860035,-0.08780888148716517,-0.04208047866821289,-0.0737629508972168,-0.028147477370042067,-0.08802950681753494,-0.04208047866821289,-0.1379520615420667,-0.033799581259608746,-0.036172331233420826,-0.0422212160550631,-0.016832191467285155,-0.03393586989372007,1018,4049
GGTTTACAATCTCAAT-1,GSM8576305_EM1_v1,EM,v1,25,73,2030.0,1292,0.0,0.10101945281028749,0.980287365913391,1.307703342437744,-0.03558735370635986,0.5758083384969961,0.05089089727621471,-0.253340374556998,-0.12265786488850912,-0.03948842207590736,-0.24901287372295672,0.03819762145711292,-0.14246822357177735,0.1407103117211277,-0.2358198204193728,0.5876452010818743,0.19081550364776068,0.25939870866139736,-0.028699478795451504,4321,2822
GGTTTCAATCGGTCAG-1,GSM8576305_EM1_v1,EM,v1,33,91,1928.0,1267,0.0,-0.24352005004882812,0.836974590619405,1.3070513486862183,-0.14160336494445802,0.21876516682381347,0.012503030662712411,-0.23042809813841245,-0.09517943064371745,0.31067271868387863,-0.2625280782131846,0.42145677136587567,-0.10529921849568685,-0.030724204113205755,-0.2683708466679217,0.12777486605767194,-0.28283612305504024,0.14297877629597983,-0.014696817244252851,5224,3517
GTAAGCGGGCAGTCAG-1,GSM8576305_EM1_v1,EM,v1,23,63,597.0,499,0.0,0.3936249220371246,0.999242836634318,1.8585919857025146,-0.0575281810760498,-0.16456031161407164,0.1739552757157708,-0.12034151846902412,-0.1342324193318685,0.3227299769719442,-0.1789934292286136,0.6559630402197361,-0.03835212071736654,-0.20965159465988956,-0.12707028523027658,0.7058193912478777,0.49510931344069503,0.24433688799540204,0.0,3820,2648
GTAAGTAACAGTCTGG-1,GSM8576305_EM1_v1,EM,v1,40,82,1164.0,827,0.0,0.18899205684661866,0.8250937414169311,1.1699254894256592,-0.08232715606689453,-0.20907893866599603,-0.34171233638640375,-0.1739978455660636,-0.0602888552347819,0.07331204891204834,-0.23155988099981709,0.4123739997688507,0.2939081716537476,0.3075874198392691,-0.1478430659895441,0.6296066845044024,0.27646676991695546,0.19987828826904297,0.0,4775,4128
GTAAGTAGGGTATACC-1,GSM8576305_EM1_v1,EM,v1,26,36,252.0,228,0.0,-0.06485148429870606,0.37448697408040366,1.4741251373291016,-0.05558698654174805,0.565780418506567,-0.12228698884287188,-0.046438585247909815,-0.037057991027832034,-0.18528995513916016,-0.11154579239146765,0.2652693705343122,-0.07411598205566407,-0.18406084359410296,-0.07441363660207236,-0.06371001322836452,-0.0642467422230188,-0.12130869293212891,0.0,2468,2913
GTAATAAAGGGCTCCC-1,GSM8576305_EM1_v1,EM,v1,31,103,472.0,398,0.0,-0.11785561561584473,-0.16167757670084634,0.656898217201233,-0.030994813442230224,-0.1311198333434038,-0.15267793593868131,-0.1026147541246916,0.4442589934666952,-0.15358047485351561,-0.10947581517656511,0.6506691365813662,-0.04132641792297363,-0.16989682668662934,-0.0746862955361485,-0.11233475693317402,-0.1518521388637581,-0.15145651245117187,-0.012497908646060575,5825,3341
GTAATCTGATTCTTCG-1,GSM8576305_EM1_v1,EM,v1,50,44,801.0,605,0.0,0.160147442817688,1.2383411184946695,1.1171562385559082,-0.026015329360961913,-0.14710086324940558,-0.2581370261407668,-0.17849809842599662,-0.11491761525472005,-0.24874237060546875,-0.22551793637483017,-0.03872829157931296,-0.05203065872192383,-0.22857797768221322,-0.15671882476193838,0.6396467999947447,0.28648795943329297,0.36257447528839115,-0.010490052161678191,2873,5004
GTACACTTACCTGAAG-1,GSM8576305_EM1_v1,EM,v1,36,64,1118.0,802,0.0,-0.19059873580932618,0.6066347614924112,1.7366733646392822,-0.05742559909820557,-0.20736139354897185,-0.319427244124874,-0.185319465503358,-0.0535972277323405,-0.26417945861816405,0.1876891862056992,-0.4447919759319056,-0.06891071955362955,0.16063287133672627,-0.15017648107076745,0.10496222708150105,-0.21504374730547135,0.04758928839365645,-0.018524387190418858,3872,3781
GTACAGAGGCAAGGGT-1,GSM8576305_EM1_v1,EM,v1,37,83,691.0,533,0.0,0.2115327847003937,0.5102951900164286,0.8233920478820801,0.4930231904983521,-0.16588212335388797,0.1278964440394107,-0.131172361828032,-0.027390178044637045,0.49699729601542153,-0.15965306719011288,1.141953241029234,-0.03652023633321126,0.3048822136767897,-0.04400028473880875,0.522789883579429,0.31810261161298126,0.18426223150889082,-0.033133279892706105,4824,3866
GTACGCTTCATTGCAC-1,GSM8576305_EM1_v1,EM,v1,46,72,3872.0,2116,0.0,-0.012453460097312935,0.03032233039538068,-0.17171737194061276,-0.16511476516723633,-0.21872754559469063,-0.2815865547426285,-0.18991360389499137,-0.15664774576822918,-0.11250813722610473,0.092561356000677,-0.06839421303770304,-0.18966597239176433,-0.28556673593789217,0.02054302922214374,-0.04146992899797708,-0.037097888181573724,-0.06665032370885213,-0.04116455585725846,4275,4652
GTACGTTTGCCCGTCA-1,GSM8576305_EM1_v1,EM,v1,44,68,1644.0,1102,0.0,0.14084706902503968,0.6247220754623413,1.1466010665893553,-0.08140604019165039,0.09435248720473138,0.17981379812214232,0.06290040398600108,-0.10854138692220051,-0.3501715342203776,0.5569136001859089,-0.24314397440826135,0.3231243975957235,-0.33531743551353854,-0.20611789810609626,0.5287442398617808,0.1866540141993409,0.2588819526036581,0.3678503974791496,4074,4478
GTACTAAGATTTGGAG-1,GSM8576305_EM1_v1,EM,v1,27,55,599.0,487,0.0,-0.15295801162719727,0.28233202258745826,0.6461015748977661,0.6644484329223633,-0.14120064929974915,-0.2787841981457126,0.34554238882578703,0.4096180375417074,0.5236661593119304,0.3231960398164747,1.5064239351336937,-0.05746506373087565,0.37976751404114995,-0.06923501654322367,0.28333245452632194,-0.17002928615812474,0.32456178315480555,0.0,3420,2998
GTACTCCCTTATCGCT-1,GSM8576305_EM1_v1,EM,v1,36,28,824.0,654,0.0,-0.13782224655151368,0.683394288221995,1.396046085357666,-0.02575350761413574,0.5313790089044816,0.13340213661369638,-0.15753121244578733,-0.05150701522827148,0.9717604955037435,-0.26480079574329796,1.376594350394463,-0.12454532623291016,-0.30778206208623554,-0.14391475508969473,0.22768946124352835,-0.20385191033915134,0.22750025812784833,0.0,2069,3785
GTACTCCTGGGTATGC-1,GSM8576305_EM1_v1,EM,v1,26,102,698.0,568,0.0,0.24177380442619323,1.1071347761154176,1.1468250417709351,-0.04424379825592041,-0.14606515380451113,0.21952310795058852,-0.0996745116728589,-0.07498908360799153,-0.1863727060953776,0.2486055831579593,0.6304976017630879,-0.045493218104044594,-0.3158183270190136,0.4362963954128894,0.6970289282949059,0.3271251555403472,0.5059238910675049,-0.022012847085152904,5774,2906
GTACTGGAGTTAGACC-1,GSM8576305_EM1_v1,EM,v1,33,81,1329.0,924,0.0,0.10348305940628053,1.1963769976298013,1.4780951595306395,-0.0321440863609314,0.24976541073691755,0.02174835161130001,-0.17016708641721492,-0.10714694976806641,0.19259520530700686,0.1381805421516648,0.17765809680092526,-0.06639717737833659,0.20187947414965035,-0.2167122775771053,0.504164450489689,0.14219903866184197,0.2163294502894083,-0.008640883430357902,4723,3518
GTAGAGGGAGACAAGT-1,GSM8576305_EM1_v1,EM,v1,51,31,1055.0,794,0.0,0.23107037663459778,0.7454290692011516,1.2600889587402344,-0.0971949577331543,-0.19269837344370558,-0.3297321258052703,-0.14348801156333216,-0.07477529525756836,0.22938278357187908,-0.2390660314655623,0.39859828106893197,-0.07831140518188477,-0.2778652758004675,-0.13985363450873808,0.5116802826310297,0.30838920905305656,0.02687327162424724,-0.009473153660374304,2222,5092
GTAGCGGCTATACACT-1,GSM8576305_EM1_v1,EM,v1,39,69,1412.0,983,0.0,-0.18916475296020507,0.7350526531537374,1.099062557220459,-0.09403462409973144,0.39845568333714043,-0.30993707718387725,-0.17392711591601073,-0.11144845326741537,0.5353809165954589,0.14945130603369264,1.027665466177147,-0.06965527852376302,0.12984908498434655,-0.1619790778102645,0.1805134983493127,-0.20572252815782427,0.1540584472020467,-0.025278124117082166,4123,4042
GTAGCTTCCTCTTGTT-1,GSM8576305_EM1_v1,EM,v1,31,89,1078.0,795,0.0,0.13177981734275818,0.7335313193003337,1.3336999082565308,-0.046597075462341306,0.25022928597802174,0.012250664047381843,0.13721942879203566,-0.06985635121663411,0.08793776671091713,0.09362089368146131,0.2566214836679255,-0.046597077051798504,0.30817499333117376,0.2830239405114967,0.4412482268147619,0.14086644240180515,0.18681891600290934,-0.018789143331589236,5124,3343
GTATCTCAGTCTTGAC-1,GSM8576305_EM1_v1,EM,v1,58,22,906.0,690,0.0,0.14866681814193725,0.4500461784998576,1.1859029579162597,0.4445916080474853,-0.15589386802851954,-0.2929967757194273,-0.18145065498830082,-0.07464087168375651,-0.2015942891438802,-0.2479590221392271,-0.46709384630672895,-0.0912277348836263,0.29078055557955707,-0.16248670830784073,0.15616259311878236,0.24213530759481813,-0.28070071411132813,-0.010032375012674639,1772,5703
GTATCTTTCATAACCA-1,GSM8576305_EM1_v1,EM,v1,46,66,898.0,701,0.0,0.14358801007270813,0.5813502836227418,1.5856722927093505,-0.074884934425354,-0.19675117671290368,-0.3044465587985131,0.11814168872391073,-0.04992328961690267,-0.2565554555257161,0.21434510950260738,-0.38603651343877593,-0.0748849360148112,-0.2790265064162902,-0.1503713676728398,0.17929764437812107,0.1858827601308408,-0.302010986328125,0.0,3974,4653
GTATGAAATTTCACTC-1,GSM8576305_EM1_v1,EM,v1,52,22,1870.0,1262,0.0,0.15788158535957336,0.5642187245686849,1.3501217842102051,0.3686550235748291,0.28014896652238686,-0.3605750299269153,-0.16841735457417958,-0.09647780100504558,0.503573226928711,0.021443431127563084,0.7177068897912764,-0.13140230814615886,-0.35966390586761104,0.17915693602887503,0.4330092617297241,0.1367864836019816,0.16041475931803384,0.0,1771,5180
GTATGTGGGTCTAGTT-1,GSM8576305_EM1_v1,EM,v1,38,92,1894.0,1203,0.0,0.03256814420223236,0.6017942380905151,1.082960557937622,-0.055120291709899905,0.06414214032416626,-0.36658416255827875,-0.202198630885074,-0.14493080139160155,-0.358116455078125,0.017988181898293598,-0.09763892485953374,-0.06124476750691732,0.2736920297385219,-0.20165313965824233,0.43571972522489666,0.057997160598452946,0.15977312946319577,-0.02222592407657254,5275,3953
GTATTCTGAGAAACGA-1,GSM8576305_EM1_v1,EM,v1,48,38,839.0,644,0.0,-0.13936304092407226,0.6515635975201924,0.8690804481506348,-0.05117390632629395,-0.18407898204382447,0.0326253939334149,0.1544734976046665,-0.09381882349650066,-0.2812079111735026,-0.2556005624624399,-0.11459771660875262,-0.06188180923461914,-0.32386424359547566,-0.149112808656501,0.2546200038368859,-0.20119402320887333,0.2256254005432129,-0.010317319823849586,2572,4830
GTCAAAGAAGTGGTGT-1,GSM8576305_EM1_v1,EM,v1,56,18,1945.0,1438,0.0,0.060908931493759144,0.39486574014027914,0.9660796737670898,-0.1361769390106201,0.2126766146890562,-0.011415383782804323,0.04684600054769589,0.2909216594696045,0.009069015185038276,-0.2671824426555315,0.36175130479898887,0.1572722800572713,-0.3339105322657819,-0.29507348240618725,0.06254369404732668,0.06677850313409914,-0.2758028869628906,-0.02927501355448077,1572,5529
GTCAAGCGGACTCGGG-1,GSM8576305_EM1_v1,EM,v1,39,77,809.0,606,0.0,-0.19017642974853516,0.3824750399589539,0.9061731672286988,0.46662038326263433,0.3311279685202251,0.04926539675980668,-0.17765888414884867,-0.0432055918375651,0.36833288987477625,-0.2185479103522157,0.44617752094364643,0.3370036172866821,0.15125262919199994,-0.1483843393593907,0.15846546801250097,-0.2036163176979907,0.10318683083852132,-0.031358895763274164,4524,4041
GTCAGAATAGTCTATG-1,GSM8576305_EM1_v1,EM,v1,30,32,1406.0,1030,0.0,0.10253508210182191,1.0785295454661052,1.76076096534729,-0.09003094673156738,0.18070237519616136,-0.29834218179025956,-0.15953759979783444,0.2190981245040894,-0.2381725819905599,-0.2072980364030819,0.14889460472605337,0.2512068700790405,0.11470130801679618,0.2925702468458428,0.19631446108093917,0.1877036842879909,0.21337934048970542,-0.02532327559686476,2268,3262
GTCATGCACCTCCGTT-1,GSM8576305_EM1_v1,EM,v1,29,61,428.0,360,0.0,0.30166598200798034,0.5702800281842549,0.6179159927368164,-0.015965632200241088,0.36749970620558275,-0.27381936965450165,0.3094245079615361,-0.03193126360575358,0.3538353459040323,-0.10904239412135504,0.08625720219909927,0.0,-0.29149220171702434,-0.10259040771239254,0.7265293623793091,0.3568203527658945,0.26055892531077063,0.0,3721,3171
GTCATGGACATGACTA-1,GSM8576305_EM1_v1,EM,v1,26,62,633.0,511,0.0,-0.12818962097167969,1.0371929947535197,1.3455720233917237,-0.056424946784973146,0.4794542883816637,-0.24094495465678553,-0.12851089821722275,-0.06582910537719727,0.3931780624389648,-0.1727025979338681,0.6103291453343026,-0.08463741938273112,-0.29689096351225214,-0.13862608331274315,0.333713371552164,-0.1895162524985629,0.41882806364695224,-0.02275199467136014,3770,2910
GTCATTAGAGCGAACG-1,GSM8576305_EM1_v1,EM,v1,37,67,1422.0,974,0.0,0.10234659194946288,0.4594634469350179,1.1230637741088867,-0.052086925506591795,0.33094894912596395,-0.2608628426828692,0.09672862485536657,0.29863170623779295,0.5219606272379558,-0.27612217931843125,0.7980604048521505,-0.078490416208903,-0.3056951928808986,-0.23933778326195407,0.4874755024568399,0.15890328780464505,0.3115159387588501,-0.008401117017192225,4023,3868
GTCCCAACGTAAAGTA-1,GSM8576305_EM1_v1,EM,v1,33,73,1699.0,1125,0.0,-0.0010217469930648704,1.142409904797872,1.5978319454193115,-0.06753122329711914,0.24272879974764994,0.45573299821071367,-0.24764746950383773,-0.1371216328938802,0.22497493426005044,-0.27089267590372856,0.5098040002931046,0.22510405937830608,-0.38729671493591555,-0.22441068902073136,0.4255173168756217,0.04745256960591343,0.17291357262929286,-0.007780094781229573,4322,3519
GTCCGGCTGAATTGCG-1,GSM8576305_EM1_v1,EM,v1,28,52,449.0,380,0.0,-0.08471197128295899,0.16638384024302164,1.117474822998047,-0.047208580970764163,-0.1646249828529996,0.29647343279579264,-0.10069992906766428,-0.010490795771280925,0.39508507410685223,-0.1682020589260752,0.1585012882284697,-0.010490795771280925,-0.18234619079344722,-0.07583707786468138,-0.09595034798783354,-0.18567672780524927,-0.1267291488647461,0.0,3270,3085
GTCGCCGTTGTGTGTT-1,GSM8576305_EM1_v1,EM,v1,57,43,1717.0,1156,0.0,-0.12677902221679688,-0.014194385409355137,0.06855809211730957,-0.06396321296691894,0.13551480521592277,-0.21406635161369078,-0.15597588675362722,-0.09868441899617512,0.23338969707489013,0.24504068716446822,0.1766462182279807,-0.1405322519938151,-0.24577049653692898,0.312428970988017,-0.1609270921067727,-0.21231775698454483,-0.21235382080078125,-0.03871899650942895,2824,5614
GTCGCGTAACCCGTTG-1,GSM8576305_EM1_v1,EM,v1,39,75,720.0,553,0.0,0.18060418248176574,0.6864206099510193,0.9049303817749024,-0.054012303352355955,-0.15822422703771688,-0.19927423231063351,0.18021076715978465,-0.045010251998901366,0.5034261449178059,-0.1817439918135321,0.9108549071487899,-0.027006152470906576,-0.12705101258304702,-0.1327966590483026,0.6907470260445231,0.2828461439447392,0.42788962300618494,-0.010889577288781442,4424,4042
GTCGGATATCTCAGAC-1,GSM8576305_EM1_v1,EM,v1,32,36,467.0,403,0.0,-0.10776960372924804,0.2918457098801931,0.29833629846572873,-0.031096534729003908,0.35778737360551344,-0.20493093613655336,-0.10803970298671484,-0.04146204630533854,-0.21628832499186199,-0.164098580146713,0.6039198706326345,-0.02073102315266927,-0.2785076463078878,-0.12488568164258597,0.3706750793750785,-0.17088838405035012,0.46406432310740153,-0.012538925293953188,2469,3436
GTCGTACCATCTCGGG-1,GSM8576305_EM1_v1,EM,v1,46,62,1039.0,753,0.0,0.06960946679115296,0.45967534542083743,0.8151130962371826,-0.07089526653289795,0.3068727221643114,-0.3578844378071447,-0.21450784630643993,-0.03150900840759277,0.13386916637420654,-0.272092098376424,0.3406002163801446,-0.07089527130126953,0.158160246615429,-0.11647813482935648,0.3912669650804689,0.20512873552316008,0.038841242790222164,-0.04764466900979319,3774,4653
GTCGTACCTACGATTG-1,GSM8576305_EM1_v1,EM,v1,37,9,509.0,447,0.0,-0.08827206611633301,1.2115496540069581,2.522745952606201,-0.10930703163146972,0.39097261322514804,-0.16139773399599136,-0.08849329936474487,-0.05045898755391439,0.3411740255355835,-0.10934643442415473,1.2481912166543427,-0.05045898755391439,-0.2512316416545087,0.41884570523916953,0.2830185415410039,-0.14399390077112512,0.38081378300984703,0.0,1117,3874
GTCGTATTGGCGTACA-1,GSM8576305_EM1_v1,EM,v1,19,95,902.0,725,0.0,-0.14180235862731932,0.4408541202545166,0.9422668647766114,-0.04984174251556397,-0.17272918599106396,0.10171972771394089,0.15686146694615968,0.338415576616923,-0.23904886881510418,-0.1977334166051552,0.5403183853549232,0.7454564762115479,0.48193405737359835,0.33305521643305397,0.2314692794593494,-0.17272918599106396,0.2815409065882365,-0.01004873841039596,5422,2296
GTCTACTCAATTACAA-1,GSM8576305_EM1_v1,EM,v1,37,13,326.0,303,0.0,-0.096719970703125,0.9657611735661824,1.9258341598510742,-0.051832842826843264,1.0686773926916728,-0.2144650028597924,-0.09696237664473684,-0.05759204864501953,0.48377318859100343,-0.09245545888026821,0.26790840969784,-0.05759204864501953,-0.15809326478276386,-0.09986302938806005,-0.08115019702638118,-0.08316353252500196,-0.18510508728027344,-0.01393355957923397,1318,3874
GTCTATCTGAGTTTCT-1,GSM8576305_EM1_v1,EM,v1,40,42,826.0,629,0.0,0.12608659029006958,1.224997394879659,1.267583212852478,-0.03859666585922241,-0.20005678412906303,0.019409722446845967,-0.202491301342957,-0.0514622179667155,-0.2678558349609375,0.22474947661460443,-0.07727541687329387,-0.07719333012898763,0.31960316738450384,-0.12663285895045023,0.4957579886674198,0.228795058751186,0.10404459190368653,-0.010375447811618928,2771,4132
GTCTCCTGCCAGTATG-1,GSM8576305_EM1_v1,EM,v1,59,13,951.0,752,0.0,0.16316197276115418,0.3822557743390401,0.7339390850067139,-0.039898858070373536,0.3044930463916349,-0.15953091652162613,-0.16715162081228463,-0.04072786649068197,0.6599295361836751,-0.17679280820100204,1.1071927069933056,-0.12218359629313151,0.2411205044711929,0.2758635415609582,0.42291090396208886,0.21054295592483468,0.2685733652114868,-0.029560546721181562,1322,5791
GTCTCGATCTGCTTTC-1,GSM8576305_EM1_v1,EM,v1,20,80,717.0,585,0.0,-0.10289691925048829,1.0552994187672933,1.4130349111557008,-0.05409021377563476,0.3922382799146433,-0.24102269449541647,-0.11671122691983866,-0.09234742482503255,0.7160830879211426,0.3049390483460698,1.4218756661343215,-0.045075178146362305,0.3739575956719946,-0.241599822140123,0.2588210372323635,-0.1615266193912978,0.2998750940958658,-0.010905285035410234,4671,2385
GTCTGCCGACTCGACG-1,GSM8576305_EM1_v1,EM,v1,73,87,393.0,364,0.0,-0.06718670845031738,1.1058213520050049,1.5955005073547364,-0.016375391483306884,-0.0789284466899757,-0.18760142787810294,-0.059146881103515625,0.46942789395650225,-0.10049921035766601,-0.09858095047864626,-0.2633228589541948,-0.032750784556070965,0.5191768481549488,-0.10522339142948749,0.25537514020515373,-0.08988188421447142,0.359745766321818,-0.013205960873634584,5031,7004
GTCTGGGCGGTCGAGA-1,GSM8576305_EM1_v1,EM,v1,46,44,1203.0,887,0.0,0.22755557298660278,0.7410211054484049,1.4000055408477783,-0.10041133880615234,0.785444691827066,0.005453220710227025,-0.17058526901971727,-0.06694089253743489,0.10526280562082924,-0.26408730701459293,-0.21645592633375393,-0.12325909932454428,0.1426237816791458,-0.17694050432687783,0.4758970710131364,0.27821257680554856,0.0700128920873006,-0.01799486337169524,2872,4655
GTGAAACGGCGCCACC-1,GSM8576305_EM1_v1,EM,v1,24,88,1205.0,870,0.0,0.1429309618473053,1.2029766257603964,1.1366851806640625,-0.08123520851135253,0.3440739575569978,-0.27084489022531816,-0.15291048590103187,-0.08919523239135742,0.7522592290242514,0.08817841974787888,0.5865553597794619,-0.11574656168619792,-0.2853378847420934,-0.2047028445814508,0.5167572207983722,0.16248765079472774,0.3004302352269491,-0.017982907833591584,5072,2733
GTGAACTCCCATTCGA-1,GSM8576305_EM1_v1,EM,v1,30,104,379.0,340,0.0,-0.11194684028625489,0.19512060284614563,0.3129224705696106,-0.04965005397796631,-0.1617532302703347,-0.09886880843870101,-0.11222740880827557,-0.033100035985310874,0.41555810292561846,-0.13079905430210076,0.8757720613171537,-0.05516672770182292,0.3836946696162703,-0.1489347741307025,0.28097090586208684,-0.17282348173517845,0.4403493820826212,0.0,5875,3254
GTGAAGTCACGACTCG-1,GSM8576305_EM1_v1,EM,v1,49,7,1086.0,881,0.0,-0.14621944427490235,0.6099753665924073,0.8486473417282104,-0.046463637351989745,0.2105737642832557,-0.22739125836280086,-0.12911838158628994,0.31750152428944906,0.1487749147415161,-0.23184326580136916,-0.059930681412115605,-0.09292726516723633,-0.30792199559958583,-0.2010950448522606,0.4143963719165769,-0.1999327235397288,0.532808079401652,-0.028103005501531785,1019,4920
GTGACCGCACACTACG-1,GSM8576305_EM1_v1,EM,v1,39,91,1979.0,1303,0.0,-0.23269281387329102,0.8156489610671998,0.7293394041061402,-0.06605438709259033,0.07128515204989921,-0.057135606691035234,-0.012718253752641517,-0.10803380330403646,0.006700456142425537,-0.30582109023894755,0.2138713479298786,-0.09532437006632487,0.010920726534832004,0.12863370491318915,0.23313024443678323,-0.2408526366370976,0.2621898593902588,-0.007260336510596737,5225,4040
GTGACTTCAGTAGTGC-1,GSM8576305_EM1_v1,EM,v1,46,50,693.0,538,0.0,0.18391424059867859,0.6277211411794027,0.9252188873291016,-0.04104471683502197,0.3234049368861527,-0.33499622344970703,-0.14480552577733397,0.4286892779668172,-0.31991424560546877,-0.20059451610348297,0.05157298470091154,-0.07516907374064127,0.18790561702835512,0.37143549765927725,0.7158293047743746,0.30510184079109626,0.3464805634816488,-0.011033526351374964,3173,4654
GTGAGCGTGCTGCACT-1,GSM8576305_EM1_v1,EM,v1,33,25,961.0,720,0.0,-0.13630206108093262,1.0493619012832642,1.4976034736633301,-0.04868248462677002,0.3330382608383927,-0.2515321085529943,-0.13054310887080983,0.3364552577336629,0.3119855578740438,0.18847700411925217,0.628822632000246,-0.10547871271769206,0.22363117191207454,-0.14663399079717307,0.3154896537861373,-0.19915253502070704,0.4050898218154907,-0.009815017061848794,1918,3524
GTGAGGACACTTAAGG-1,GSM8576305_EM1_v1,EM,v1,41,77,852.0,636,0.0,0.20241237044334412,0.667854102452596,1.3380805826187134,-0.03816777229309082,0.27067764533669125,-0.2880486826742849,-0.12869673803037868,-0.016963454882303875,0.20869564533233645,0.14786194864589902,0.314500907643271,0.3392691024144491,0.2163633988085521,-0.15328421841663528,0.6070868699120245,0.27067764533669125,0.24719216060638427,-0.010260154162683794,4524,4216
GTGAGTCGACTAATAG-1,GSM8576305_EM1_v1,EM,v1,71,113,32.0,30,0.0,-0.014369498491287231,-0.019159331321716308,0.8049188256263733,0.0,0.0,0.0,-0.014405512271967149,0.0,-0.019159331321716308,-0.038446818705785236,0.0,0.0,-0.04616706342582243,0.0,-0.03492020057743805,0.0,0.0,0.0,6333,6827
GTGAGTGGTACAACGC-1,GSM8576305_EM1_v1,EM,v1,52,56,2030.0,1364,0.0,0.08609825372695923,0.29866713682810464,0.6366495990753174,-0.10276157379150391,-0.24067652265363712,-0.33687733065697456,-0.02127509435316674,-0.12265786488850912,0.40469695409139,0.06876248725946402,0.14028838993573656,0.1344014883041382,0.012084072564979176,0.48614341130697103,0.3537216066972574,0.1170843572520891,0.09879992485046385,-0.021524610057953867,3474,5177
GTGATCATAGATCTGC-1,GSM8576305_EM1_v1,EM,v1,45,57,1713.0,1144,0.0,-0.18366607666015625,0.474797948996226,0.3770711994171143,-0.038449063301086425,0.23809188305334902,-0.3840083460653982,-0.1744900275591322,-0.10253082911173503,0.20514833291371665,-0.2571191181705947,0.8162309101649694,-0.13457174936930338,0.022534783489732868,-0.23381525062652955,0.1681977185103135,-0.23868673063042173,0.128546617825826,-0.007751827278444844,3523,4566
GTGATTCGCCGCTCAA-1,GSM8576305_EM1_v1,EM,v1,48,40,908.0,674,0.0,-0.14419864654541015,0.09709769765535992,0.6934604358673095,-0.0870102596282959,0.3521540729762984,0.0803396218383367,-0.1258682690766222,-0.08503569920857747,-0.2891315205891927,-0.26423772601379597,0.01992309923575919,0.35632773558298747,-0.24844838337725902,-0.24222819010416666,-0.18291180454899042,-0.19773896641555838,-0.29249392700195315,0.0,2672,4830
GTGCCATCACACGGTG-1,GSM8576305_EM1_v1,EM,v1,42,34,1095.0,831,0.0,-0.1683653450012207,0.7248123359680176,1.0053091859817505,-0.08105091094970703,0.23642255244579335,0.0530684038241338,-0.1629834282667117,-0.08491048177083334,0.17968297163645425,0.2631741695712375,0.7060926112868509,-0.09691322962443034,-0.2810543320743913,0.4960742393171931,0.16351992566469406,-0.2587733954490228,0.23604326661427816,-0.028012987106077133,2371,4307
GTGCCCGTTCGGATTC-1,GSM8576305_EM1_v1,EM,v1,39,85,1088.0,827,0.0,-0.1744413185119629,0.003901725610097273,0.7509675693511962,-0.08125327110290527,-0.19407454780910327,-0.32776737213134766,-0.19233355605811403,-0.08726528167724609,-0.3311311340332031,-0.2902316090255278,0.19978695025310528,-0.03869203567504883,0.13803810862652272,-0.12378565470377605,-0.16383009858664263,-0.19407456056728808,-0.33443130493164064,-0.00936097675754178,4925,4041
GTGCCGCTTCAAAGGT-1,GSM8576305_EM1_v1,EM,v1,44,44,774.0,619,0.0,0.1823851466178894,0.510485561688741,1.2587857103347777,-0.03949979066848755,-0.16022736412226954,-0.3088864049603862,-0.14054784559665767,-0.02852174758911133,-0.21723121643066406,-0.21842627381800012,-0.3844185450568271,-0.09655504862467448,-0.2854361170267006,-0.08724146004182746,0.4882195955702774,0.26104503198876694,0.14300451342264814,0.0,2872,4481
GTGCGAAATCGAACAC-1,GSM8576305_EM1_v1,EM,v1,45,43,1078.0,809,0.0,0.2088521707057953,0.5843520991007487,1.1716699314117431,-0.011649268865585326,0.29348832295756944,-0.31362721227830453,-0.16903535465250039,-0.0798060162862142,0.11109521706899006,-0.18350626712658732,0.6951089367452321,-0.06427366256713868,0.22380986558385643,0.4262013130877391,0.5915113492818138,0.28569617226238103,0.314248150507609,0.0,2822,4568
GTGCGACAGGGAGTGT-1,GSM8576305_EM1_v1,EM,v1,36,100,887.0,677,0.0,0.4414361476898193,0.6412202946345011,0.9472909259796143,-0.07522439002990723,0.3507891872123199,-0.3083528395622007,-0.1733296903452479,-0.06686612447102865,0.16861177444458006,-0.19143180464422424,-0.06729800942469566,-0.08358266194661458,-0.23167275424941955,-0.12764692498019423,0.6218909983307037,0.649544171532128,0.26576179567972813,-0.02022161022309334,5675,3777
GTGCGTGTATATGAGC-1,GSM8576305_EM1_v1,EM,v1,41,83,1170.0,837,0.0,-0.17698692321777343,0.5036111164093018,0.7700440216064454,-0.07896797180175781,0.14636428406671803,-0.29841869108138547,0.0763244740945056,0.3158719221750895,0.10294859886169433,-0.15315096035450199,0.06381581793221647,-0.08485953013102214,-0.296743553805064,-0.1540396663558531,0.24097884273460737,-0.2296737109538305,0.2600689821243286,-0.018195386855832992,4825,4215
GTGCTCAAGTACTGTC-1,GSM8576305_EM1_v1,EM,v1,34,52,1040.0,766,0.0,-0.1637488555908203,0.46910210768381755,1.0311001586914061,-0.0859051513671875,0.3648289636093105,0.045787510234639395,-0.17600037997826598,-0.09449217478434245,0.725569674173991,0.10398970771925636,0.8157458034934367,-0.08661782582600912,-0.29199813168690386,-0.1595645429618866,0.24364254211627992,-0.2362404507538148,0.21184971173604333,0.0,3271,3608
GTGCTGCAGATAAGGA-1,GSM8576305_EM1_v1,EM,v1,37,7,379.0,342,0.0,-0.08124500274658203,0.39204319953918454,0.7409708976745606,0.0,-0.09307514305497491,-0.09342751964446037,-0.08974436709755346,-0.0441333802541097,0.6476948134104411,-0.08108358478865098,2.060065197585216,-0.033100035985310874,-0.09576203066661176,-0.11963868045423882,-0.08535825625531653,-0.12628588469132132,-0.07944008636474609,-0.026693576766598608,1017,3874
GTGGACCAACCCGATT-1,GSM8576305_EM1_v1,EM,v1,45,29,1443.0,1032,0.0,0.178499196767807,0.8249286079406739,0.9527413320541381,-0.08282615661621094,0.30416279001246593,0.2270790267100532,-0.2020107068513569,-0.0663064193725586,0.041489779154459616,0.09533643882011489,0.03128506618699667,-0.07801737467447917,0.100111185403234,-0.19378741773735567,0.6658332703106724,0.2764616832552413,0.28845873133341465,-0.016698821898429625,2121,4569
GTGGAGCGTTTACCGA-1,GSM8576305_EM1_v1,EM,v1,58,16,685.0,554,0.0,0.2741497802734375,0.5663501739501953,1.2594088888168335,-0.027471773624420166,-0.20369411710911373,-0.22511213056502805,-0.14531374097169192,0.40071745713551843,-0.19640945434570312,-0.16414074594759223,1.3172450972733016,-0.09157257715861003,-0.3075329271186308,-0.12666700738500877,0.6279776772660307,0.384848468146861,0.23455166021982832,-0.03323198518445415,1472,5704
GTGGAGTCGGCGGTTG-1,GSM8576305_EM1_v1,EM,v1,54,38,852.0,643,0.0,0.2740971291065216,0.1196420172850291,1.2417194652557373,-0.03816777229309082,0.3243887914861724,0.08537344668867403,0.19852200464198463,0.3647142775853475,0.14756901264190675,-0.1649003427562905,0.42989863342975254,0.31382392088572186,0.2289225771723981,0.8747420203733636,0.25249276846049507,0.2903484233645691,-0.33792355346679687,0.0,2573,5353
GTGGCAAACAGCGGCA-1,GSM8576305_EM1_v1,EM,v1,50,20,1618.0,1132,0.0,-0.18609764099121093,0.48283710797627766,0.8311071825027466,-0.10842506408691406,0.30919696774371097,-0.25811158457110006,0.054915786723146454,-0.16438360850016276,0.2511584059397379,0.09866035987966704,0.3142540117689627,-0.11792036692301432,0.0475042740503947,0.2298513534078636,0.1578520237545571,-0.25607376353796507,0.22360494422912597,-0.0317962073510693,1671,5006
GTGGCGGTCCCAGCGT-1,GSM8576305_EM1_v1,EM,v1,40,20,1204.0,915,0.0,0.19792892813682555,0.7053038199742635,1.4386094093322754,-0.02230621576309204,0.3427345857705294,0.016032169491464632,0.11219594584670581,0.28254540284474694,0.3059614276885987,0.29387133961404316,0.9934955406599737,0.28254540284474694,-0.31439190600291794,-0.1574152751141284,0.6207727193832397,0.22269429397689328,0.34266599337259923,0.0,1669,4135
GTGGGAAGACTGAATC-1,GSM8576305_EM1_v1,EM,v1,45,15,1256.0,911,0.0,0.08507319927215576,1.0022339646021525,1.6961462211608886,-0.03289453983306885,0.12998963943957753,-0.3276124769641507,0.051622398216324056,0.2756569862365723,-0.33861083984375,0.23005075545082393,0.2682622966369278,-0.11695838928222656,-0.32380317779908696,0.1978479676457294,0.5336119380584761,0.12998963943957753,0.31947415065765383,-0.02652785470408778,1419,4571
GTGGGCTTAGACACAC-1,GSM8576305_EM1_v1,EM,v1,29,39,328.0,288,0.0,-0.04481285572052002,1.353049480120341,1.4848403167724609,-0.051744003295898434,0.5642868180737448,-0.21410597524335306,-0.044925168642125334,-0.022997334798177085,-0.16912160237630208,-0.149982618248981,0.31605057671869397,-0.057493336995442706,0.548662447642131,-0.05541526457392068,0.4348284533850443,-0.17191651513345266,0.5029938144683838,0.0,2619,3174
GTGGTATAGTCTGCCG-1,GSM8576305_EM1_v1,EM,v1,57,41,944.0,703,0.0,0.25674765467643734,0.43676386833190917,0.8191902875900269,-0.03675630569458008,-0.2168563281413305,-0.33223487484839653,-0.11873224205839306,-0.05717647552490234,-0.17084765116373699,0.18167733667686234,-0.34268821064551275,-0.10618488311767578,-0.3618824051087161,-0.09841045701360128,0.5338200832847879,0.27730847959933075,0.09842979431152343,-0.009880727337252709,2724,5614
GTGGTTACTTCTTTCG-1,GSM8576305_EM1_v1,EM,v1,31,105,535.0,441,0.0,-0.10718277931213378,0.1921024521191915,0.3080175566673279,-0.02980191707611084,-0.13118894443065426,-0.20125109149563697,-0.12238972408132147,-0.029801915486653646,-0.1564608637491862,0.39123535395465964,0.09534295959089267,-0.05960383733113607,-0.17172555272358966,-0.1316550534413043,0.2270737539731329,-0.1511233403132512,0.30897828102111813,0.0,5925,3341
GTGGTTTCCGCCTTTC-1,GSM8576305_EM1_v1,EM,v1,42,32,685.0,543,0.0,-0.11131595611572266,0.9138014221191406,1.1233127212524414,-0.06867943286895752,-0.1444991504069555,-0.22128135927261844,-0.11848009917371553,-0.05714543660481771,0.49183584849039713,-0.130566561899855,0.48398810945991466,-0.05494354883829752,-0.21586227416992188,-0.09929556635967698,0.3228083831874552,-0.1628749171228313,0.35943516031901035,-0.01107732807436297,2270,4308
GTGTACCTTGGCTACG-1,GSM8576305_EM1_v1,EM,v1,26,78,1413.0,1009,0.0,0.13475724458694457,0.9875780057907104,1.1737814521789551,-0.0626711368560791,0.4059193005397035,-0.2986892269503686,-0.22648475283668154,-0.04874421755472819,0.5761532783508301,0.2490371124135744,0.7572010605778526,0.26461145401000974,0.12178452809651691,-0.19801754932326965,0.4782443200278077,0.24303426896715113,0.1567474829355876,-0.016847079800021265,4572,2908
GTGTGAATAACTTAGG-1,GSM8576305_EM1_v1,EM,v1,33,83,1152.0,800,0.0,0.19770467042922973,1.299035193125407,1.696141014099121,-0.034051787853240964,0.1886601174289699,-0.2900096216509419,-0.17218044347930372,-0.052969443003336586,0.31321001529693604,-0.20777409531201008,0.4930327197072837,-0.052969443003336586,-0.315008661354402,-0.14189564655104794,0.8403727454920553,0.29748692267980337,0.6493073285420736,-0.0183074128243231,4823,3518
GTGTTACTATGCGTCC-1,GSM8576305_EM1_v1,EM,v1,41,75,945.0,688,0.0,0.23353431582450868,0.5540535497665405,1.121431131362915,-0.0857308578491211,0.1789491026430757,-0.027869100394886215,0.14588277329478347,-0.04898906389872233,-0.2690533701578776,0.1762928995931959,-0.10031672321629026,-0.0898132832845052,0.22814438888825567,0.8099430187638983,0.6825556136817167,0.27290496871357117,0.20669500859578455,-0.019753654156961748,4424,4216
GTTACAATTGGTGACG-1,GSM8576305_EM1_v1,EM,v1,37,33,853.0,675,0.0,-0.17600873947143555,0.2523984928925832,0.7713992595672607,-0.025434372425079347,0.5152212754805616,0.16774839080423803,-0.16370082080812381,0.38151558717091877,-0.2500010935465495,-0.2144322730227059,-0.5146110956393295,-0.04239061991373698,0.3834473472043693,0.29418067874678644,-0.13692519179729473,-0.18827972922436767,-0.1940349884033203,-0.030767386959445094,2320,3872
GTTACCTACAACTTGC-1,GSM8576305_EM1_v1,EM,v1,47,67,1234.0,908,0.0,-0.1479201316833496,0.3181006336212158,0.618751630783081,-0.09484894752502442,-0.17575796631267637,-0.27495861053466797,-0.1870397314391937,-0.18306126912434895,0.1168027051289876,0.1754510506339695,-0.1705408726162989,-0.14936777750651042,0.15219964712977885,-0.22841895536246548,-0.15127890294465773,-0.18314486602477006,-0.28159368896484377,0.0,4025,4740
GTTACTTTGGGCCTAG-1,GSM8576305_EM1_v1,EM,v1,43,51,965.0,711,0.0,0.1501687788963318,0.4750981632868449,0.43356123447418216,-0.03969576120376587,-0.18983335718263353,-0.3123576256536668,0.15587482610740758,-0.05886831919352214,0.14310722033182782,0.12191155948234911,0.2337933428751336,-0.10747502644856771,-0.248105566185641,-0.09760384004278834,0.5108067562381996,0.1908379337327802,0.21294278812408446,0.0,3222,4393
GTTAGCCGTAAATCAA-1,GSM8576305_EM1_v1,EM,v1,30,110,1141.0,919,0.0,0.1363479256629944,0.6033617822329203,1.4676449298858643,-0.11393634796142578,0.2921835499064978,-0.23165416717529297,0.11884248510637976,-0.10301538467407227,0.16618483543395998,-0.2709603708324624,0.6149748646776537,-0.13126314798990885,0.2023674275501665,-0.16072099371607523,0.43717329174194774,0.15279283996675594,0.17733165041605634,-0.009188415542725594,6175,3253
GTTAGGCTACCCGTTT-1,GSM8576305_EM1_v1,EM,v1,54,14,3477.0,2219,0.0,-0.20303897857666015,0.7457598304748535,1.2861919498443604,-0.1441347885131836,0.18731176295009344,-0.2662193852086221,-0.23210308486058898,-0.21794133504231772,0.0835229253768921,0.07524399779977875,0.4035226783560748,0.022810548941294362,-0.31457801420525855,0.370485156032455,-0.06916258546035406,-0.2421469544885948,-0.04370643917719522,-0.04916666015501945,1371,5355
GTTATATTATCTCCCT-1,GSM8576305_EM1_v1,EM,v1,48,56,781.0,594,0.0,-0.12615415573120117,0.9921401770909627,1.332272539138794,-0.052499308586120605,0.28408960687409807,-0.32705116271972656,-0.12647033156010143,-0.0524993101755778,0.20920614719390868,0.28467986429548314,0.1307824075607114,-0.09843624750773113,-0.2362041703189712,0.37476911257548506,0.3358421403391655,-0.17974209227290838,0.2879115381240845,0.0,3474,4828
GTTCACAGGAGTCTAG-1,GSM8576305_EM1_v1,EM,v1,32,34,380.0,345,0.0,-0.13835671424865723,0.705593155225118,0.7355529499053954,-0.03307464838027954,0.5717718843100728,-0.13608597170922063,0.2581508523390108,-0.05512441635131836,-0.14782129923502604,-0.14605925952311744,-0.3598219521680669,-0.03307464917500814,0.4579352369270172,-0.07969794981929672,0.38211038136550557,-0.19523314409032713,0.5419222672780355,0.0,2369,3436
GTTCATCGTTTGGCTG-1,GSM8576305_EM1_v1,EM,v1,33,105,702.0,566,0.0,-0.144500732421875,0.674423631032308,0.7505473566055297,-0.013621262311935424,0.31628597181377605,-0.23051446483981225,0.21615177594629445,-0.06356588999430339,-0.24099678039550781,0.2719573524085973,-0.10266782273855984,-0.08172757466634115,0.8394863967435906,-0.1531708039433123,0.3017834498410922,-0.14686731191781852,0.44801283836364747,-0.010984888961238245,5925,3515
GTTCGCCATAAGTGCC-1,GSM8576305_EM1_v1,EM,v1,37,53,931.0,706,0.0,-0.15897683143615723,0.8156822045644124,1.092424988746643,-0.049261975288391116,0.8727083365654068,-0.24820247773201234,-0.17789480261934132,-0.04926197369893392,0.1602179479598999,-0.20644200047521688,0.8950582135947419,-0.10068937937418619,-0.24724581921435743,-0.19055627723295526,0.36123389483864465,-0.19750119212479098,0.4404825814565023,-0.009931849856530466,3321,3870
GTTCGGGCGTACCATT-1,GSM8576305_EM1_v1,EM,v1,32,108,851.0,690,0.0,0.1395632529258728,0.7150817330678304,1.0650595998764039,-0.07636801719665527,-0.16612942800872701,-0.2003832632495511,-0.1663246250391604,-0.1294571812947591,-0.23598798116048178,-0.19014622614933893,-0.4021531301527167,-0.1294571812947591,-0.24466812562751003,0.3659939436548685,0.1710059135554513,0.28367844101045714,-0.1987801971435547,-0.020529035599000992,6075,3428
GTTGAACCGGTTCCAT-1,GSM8576305_EM1_v1,EM,v1,42,40,775.0,601,0.0,0.3036567974090576,0.6003209559122722,0.94578866481781,-0.07896362781524659,0.3312562908748853,-0.23040162363360006,-0.16353169300203635,-0.05264241854349772,0.3674332412083944,-0.14433904794546273,1.0366365483401065,-0.05483082453409831,0.4200287828483734,-0.0951368952371988,0.7418902241398065,0.3980625454531599,0.30902020867665614,-0.010613390514927526,2671,4307
GTTGCACGGAGTTTCG-1,GSM8576305_EM1_v1,EM,v1,24,48,806.0,655,0.0,-0.11502576828002929,0.6127962001164754,1.4323064756393433,-0.042212295532226565,0.4544866628604324,-0.20943646277150801,-0.1218197566823553,-0.10819852193196615,-0.2056432596842448,-0.1894021177770302,0.36773394751018185,0.8133422025044759,-0.20973744832847013,-0.18248361181542577,-0.12388285114976944,-0.10688629277972474,-0.18699479675292968,-0.010466826538885794,3069,2737
GTTGGATTGAGAACAC-1,GSM8576305_EM1_v1,EM,v1,32,88,2753.0,1604,0.0,0.15273627758026123,0.8281057373682659,1.6912829971313477,-0.07665376663208008,0.37522513930215484,-0.18808730077084307,-0.20923765560140586,0.13922751108805337,0.08896241346995032,-0.30160433153643657,0.7129636759049416,-0.11821482340494792,-0.08763496827887723,0.3600218041354873,0.5692303795527592,0.2204515596430171,0.14802082093556723,0.0,5074,3430
GTTGGATTTGCGTTGG-1,GSM8576305_EM1_v1,EM,v1,36,50,977.0,714,0.0,-0.15067304611206056,0.8821866544087728,1.5307830905914308,-0.024190707206726073,-0.21211471047289795,-0.3022958078692036,-0.15105067279404566,0.3284475803375244,0.09237660408020021,0.18198985399609824,0.21295081191326504,-0.06666730244954427,-0.32402645248964607,-0.16584592459192238,0.21580639370532978,-0.22020522407863452,0.23059099706014002,-0.009754317422066965,3171,3783
GTTTACGTTCCATCTG-1,GSM8576305_EM1_v1,EM,v1,48,64,1461.0,1026,0.0,-0.12150232315063476,0.53039484500885,0.7127617454528808,0.3295726013183594,-0.20757932886232103,-0.2994117736816406,0.1217564750733531,0.24299753189086915,0.4701648076375326,0.23560967147682554,0.7560842285375329,-0.12427154541015625,-0.33893689381549635,0.19354252872696845,0.09368623874248952,-0.21656633460003397,0.03804899470011397,0.38704846828214584,3874,4827
GTTTCATATCGTCGCT-1,GSM8576305_EM1_v1,EM,v1,39,27,828.0,610,0.0,0.19052475214004516,0.9617757829030354,1.2714719772338867,-0.06427193641662597,-0.16483134649270353,0.1628939413255261,-0.13498387539894657,0.3770620441436768,-0.2337121073404948,0.22757436306846052,0.02908767972673687,-0.04284795761108398,-0.3271108726899787,-0.16432841044353194,0.6202104853354075,0.27224649660031797,0.34395800495147705,-0.020732883484132828,2019,4047
GTTTCCTGGAGGGTGA-1,GSM8576305_EM1_v1,EM,v1,25,49,756.0,611,0.0,-0.15228545188903808,0.9574202156066894,1.4605793476104736,-0.09293122291564941,0.2903370206039752,0.2774390592003748,-0.15932170131750273,-0.03540236790974935,0.6878101412455241,0.3037915726834981,1.181744896586816,-0.026551775932312012,0.2834540826728545,-0.12257710039376254,0.17220367521132984,-0.17883314815253318,0.23769286791483563,-0.010706361263029037,3119,2824
GTTTCTGCAGTCTCCC-1,GSM8576305_EM1_v1,EM,v1,40,72,866.0,659,0.0,-0.16415855407714844,0.1196230435371399,0.5074201774597168,-0.028557500839233398,0.24974153592036322,-0.18931605738978233,-0.1645699790247102,-0.025295090675354005,0.31560119152069094,-0.21961625523391776,0.1333263755614862,-0.09274866104125977,-0.26719126260902987,-0.10158670570955698,0.13602623095826638,-0.17184330866887018,0.23378331565856933,-0.020399266673672582,4274,4129
GTTTGACCAAATCCTA-1,GSM8576305_EM1_v1,EM,v1,30,58,1104.0,788,0.0,0.12044740915298463,1.0107474501927693,1.7223372745513916,-0.05770913124084473,0.296362305697523,-0.2948512415732107,-0.18587568469513627,-0.03847275416056315,0.7762806797027588,0.25448562880955145,0.37469000621228793,0.2846984004974365,-0.3560487371850684,-0.13236654810158602,0.5195163379084415,0.144406375810587,0.26390699323018396,-0.046539621968423164,3571,3259
GTTTGGCCCAAGTTAT-1,GSM8576305_EM1_v1,EM,v1,42,80,1168.0,845,0.0,-0.17065353393554689,0.5362157940864563,0.5564752388000488,-0.05644398689270019,0.3178565685565655,0.007000828668269121,-0.17673976200266292,-0.06773278554280598,-0.31539820353190107,-0.2355709267300507,0.346533912938016,-0.060206915537516274,-0.31982308506486884,0.27670505056419525,0.2872960102933867,-0.16714832216600908,0.29877820587158205,0.4515519142150879,4675,4303
TAAACCCAGGAGGGCA-1,GSM8576305_EM1_v1,EM,v1,54,36,882.0,679,0.0,-0.17110033035278321,0.492915776570638,0.5842639017105102,-0.03769009590148926,-0.16702802524120114,-0.2751935835807554,-0.17782657785821976,-0.041877886454264324,0.31292306900024414,0.25325347760582184,0.9062738493887195,-0.07538019180297852,-0.24929492444877166,-0.17154796247980203,0.18281304247058225,-0.19223878535139918,0.1658882163365682,-0.020263493061065674,2473,5353
TAAAGCGTTAGGAGAA-1,GSM8576305_EM1_v1,EM,v1,28,88,1373.0,1000,0.0,0.15126916766166687,0.9507659037907918,1.6086214637756346,-0.06342732429504394,0.2568449613907133,-0.3438454904863911,-0.20824958208509556,-0.06553027470906575,0.4586734962463379,-0.25614791410822535,0.4067263411517119,-0.07752228418986003,0.1284733580776965,-0.20631618576356206,0.5814152853536743,0.23563182540030253,0.20576782162984214,0.4057984421330113,5073,3081
TAACATACAATGTGGG-1,GSM8576305_EM1_v1,EM,v1,38,70,1412.0,980,0.0,0.08184330701828002,0.5905587204297383,0.49141857147216794,-0.08358633995056153,0.2787008484869099,-0.3218740647838962,-0.1798135092981477,-0.06268974939982096,0.23813900311787922,-0.26072672457998014,0.9978407019774689,-0.07662080764770508,-0.312688559413435,-0.24509065313990336,0.4637922844435902,0.11354922530643119,0.2060900478363037,-0.03370416548944289,4173,3955
TAACATACACGCGATC-1,GSM8576305_EM1_v1,EM,v1,55,25,1789.0,1241,0.0,-0.20994821548461914,0.9537998755772908,1.6951790428161622,-0.09427550315856933,-0.2239556966418008,0.23650706748259231,-0.21992557688165726,-0.11313060760498046,-0.2746947987874349,0.0908726799979789,-0.5657811763897613,-0.1528882598876953,0.2657269498909333,0.1752878025353673,0.14437237894295962,-0.2365678002603078,0.23291237036387125,-0.030411453016342654,1922,5441
TAACCTACCGTCCGAG-1,GSM8576305_EM1_v1,EM,v1,33,101,676.0,536,0.0,0.2787654674053192,0.7248168722788493,1.5102874851226806,-0.08278681755065918,-0.14331400434309025,0.08403529329783355,0.20268680905937253,-0.05519121170043945,0.22809336980183922,0.2733525618528708,0.3615412701827882,-0.07579152425130209,-0.2534660124874498,-0.14407342504784765,0.7007687718615491,0.43821520324269003,0.2513449157079061,-0.011127260423475695,5725,3516
TAACGCTTTGAGAGCG-1,GSM8576305_EM1_v1,EM,v1,27,29,688.0,571,0.0,-0.13887259483337402,0.7664393822352091,1.5348262691497803,-0.05486176013946533,0.35405625029152454,-0.16017781534502584,-0.15297045026506698,-0.10057989120483399,-0.17822127024332682,-0.12377207574238347,0.07003850570618464,-0.05486176172892253,0.536227986707266,-0.12118059181305299,0.34600210966899947,-0.13064770395540473,0.4193293491999308,0.0,2117,3001
TAACTATTACGCCAAA-1,GSM8576305_EM1_v1,EM,v1,29,107,810.0,685,0.0,-0.18348880767822265,0.9924741172790528,1.5798474025726317,-0.08428540229797363,0.3533422455208224,0.11329842712472665,-0.18394866025537476,-0.09501039505004882,-0.24970230102539062,-0.19744765878122386,-0.10893614995590833,-0.08637308756510417,-0.27919419989528427,0.3386994346557372,0.29702629776602146,-0.1985402697304818,0.33088017654418944,-0.020896715502585133,6025,3167
TAACTCATCCGCGCGG-1,GSM8576305_EM1_v1,EM,v1,43,49,1071.0,772,0.0,0.1025681734085083,0.10317863225936891,1.1919450426101683,-0.04671472549438477,-0.21545211128566577,0.052805373196228356,-0.18987354479337992,0.3192172940572103,0.2224339771270752,0.14456682779318514,0.010198846791001082,-0.0389289379119873,-0.3131249669086502,-0.18856730327069998,0.0997989597839749,0.1972727520410034,-0.278624267578125,-0.01883658286063902,3122,4393
TAAGAGGGACAGGGAC-1,GSM8576305_EM1_v1,EM,v1,63,19,6809.0,3263,0.0,-0.10688887178897857,-0.07962430119514463,-0.369459581375122,-0.13138222694396973,-0.21612436556098452,-0.24222760046682051,-0.12918716082746223,-0.22939585367838541,-0.28150929768880206,0.056787454164945156,-0.2575737959347606,-0.10134247541427613,-0.32432182342651855,0.33795450624213164,-0.12016733246922151,-0.2528511991468959,-0.08606355492273965,-0.07852360510057019,1623,6139
TAAGCAGGCGACACGC-1,GSM8576305_EM1_v1,EM,v1,35,19,372.0,330,0.0,-0.138181734085083,1.2146877495447794,1.2251920557022093,0.7839646780490874,0.5847426898769178,-0.19059133529663086,-0.1301872712328918,-0.04437294960021973,-0.1744802983601888,-0.06678202957612615,0.7178680480852969,-0.04437294960021973,0.4426909425651213,-0.12299916064404101,0.38968201950832904,-0.13146452122308738,0.5207397047678629,0.0,1618,3699
TAAGGCAACATAAGAT-1,GSM8576305_EM1_v1,EM,v1,25,71,1911.0,1289,0.0,0.0277564036846161,1.0529662895202636,1.1936418724060058,-0.10064096450805664,0.06927193141435431,-0.3293253990911668,0.02725271182251454,-0.11588539123535156,0.6030599625905355,0.08235840986139131,0.6350734358799175,-0.12605252583821613,0.058142080460207524,0.059621416995803034,0.39928597194759075,0.03255285480482256,0.14984921805063883,-0.007378369569778442,4221,2822
TAAGGGCTGGGAGAGG-1,GSM8576305_EM1_v1,EM,v1,34,18,304.0,280,0.0,-0.09688963890075683,0.7751171191533407,1.2960225105285645,0.651803035736084,-0.08248434417622544,-0.11638856703235258,-0.08830224900018602,-0.0587209955851237,-0.09621454874674479,-0.08248434417622544,-0.212457858138348,-0.03523259480794271,-0.14149637490391254,-0.11319710451915083,-0.05047650050297166,-0.08248434417622544,-0.10136441802978516,-0.014206692095725768,1568,3612
TAAGTAACATCTTGAC-1,GSM8576305_EM1_v1,EM,v1,46,40,1142.0,820,0.0,-0.1670011329650879,0.9083224519093831,1.471904878616333,-0.08293062210083008,0.28586814262662313,-0.37121948119132747,0.10590464197902152,-0.07593135197957357,-0.24357192993164062,0.14030881563290837,0.33508650621577124,-0.11389703114827474,-0.31204128648382595,-0.17381873379749466,0.2602083319237717,-0.2124483752808842,0.21261039161682127,-0.0367409759952176,2672,4655
TAAGTCGCCGAGTATC-1,GSM8576305_EM1_v1,EM,v1,54,32,1410.0,1039,0.0,0.07369445800781249,0.9402831999460857,1.397787914276123,-0.09409051895141601,0.3005398878684411,0.043715512148246205,0.052262723296507246,-0.1205822499593099,-0.3722490437825521,-0.2343265188976275,-0.22471037273858835,0.345457599957784,0.1037774541770598,-0.2368344686117517,0.4655689018162069,0.15857542371803035,0.21716061305999756,-0.025293150255756992,2273,5354
TAATAGAACAGAGTTA-1,GSM8576305_EM1_v1,EM,v1,50,38,1141.0,823,0.0,0.2631245303153992,0.5617463302612304,1.0659619617462157,0.4101708698272705,0.453257386368121,-0.26886137070194366,0.14692460370243043,-0.05317029317220052,0.48646746953328457,-0.20213041018482833,0.17601954877077036,-0.08568859736124675,0.18092677602806245,0.8839096804699266,0.6298561232820965,0.3248231586405266,0.2843928737640381,-0.009188415542725594,2572,5004
TAATAGGTCACCAGAA-1,GSM8576305_EM1_v1,EM,v1,61,21,908.0,690,0.0,0.14987654566764833,0.1462147057056427,0.8030763101577758,-0.062150187492370605,0.19258987212526626,0.06058976507406627,0.13538147759318053,-0.08503570556640624,-0.24449432373046875,-0.19439314520079953,-0.37944176448649497,-0.08633864084879557,-0.31093462595499183,-0.16653924964996705,0.5426973599759077,0.19258987212526626,0.22063205877939857,-0.04009689438727594,1723,5965
TAATAGTGACGACCAG-1,GSM8576305_EM1_v1,EM,v1,27,83,2165.0,1366,0.0,-0.19084623336791992,0.8200291665395101,1.1405828285217285,-0.09475265502929688,0.2005230963163684,-0.09483636579205912,0.020117113240679413,0.45830487251281743,-0.07906889756520585,-0.2658091516399065,-0.0825390004461306,-0.1248296610514323,0.09926036735136345,-0.21278788861500691,0.17868834195984126,-0.2582449514331626,0.2054442860285441,-0.04176151752471924,4822,2995
TAATCGATCCGTACGT-1,GSM8576305_EM1_v1,EM,v1,25,93,902.0,691,0.0,-0.16227434158325196,0.4914560031890869,1.2842179203033448,-0.06230217933654785,0.2048575159166436,-0.2959015753961379,-0.18141851210056392,-0.11629739125569662,0.41684016704559324,-0.16177812148894755,0.9908268237747226,-0.11629739125569662,0.3352762499966296,-0.08006705624990196,0.284011853885514,-0.23549453071925952,0.2954592262903849,0.0,5323,2819
TACAACGCACAACTCA-1,GSM8576305_EM1_v1,EM,v1,41,49,913.0,687,0.0,0.312993061542511,0.9063186454772949,1.2906310415267943,-0.03721461296081543,-0.17897745598120035,-0.2579759167086694,0.201175254090388,-0.11184499104817708,0.3521318165461222,-0.21892675189270225,0.5567447634284135,0.33906647364298503,-0.28481712494509287,-0.1394925098342589,0.6632618381505709,0.42813276394022215,0.25606235980987546,-0.02000785643054593,3122,4219
TACAAGTCTCGTGCAT-1,GSM8576305_EM1_v1,EM,v1,31,27,710.0,566,0.0,0.17381319642066956,0.4713317608833313,1.3131060600280762,-0.06784170150756835,0.27172759265006585,-0.22147540123231949,-0.17261101667743578,0.5238041241963705,0.19908005555470787,0.22583554700066813,0.039861945222798456,-0.06551705678304036,-0.2895442549004612,-0.17702061296945595,0.5464030885081578,0.27172759265006585,0.24342911052703858,-0.03282663129991101,2018,3349
TACACCTCTTCGAATC-1,GSM8576305_EM1_v1,EM,v1,71,91,74.0,71,0.0,-0.08598884582519531,-0.0678135363260905,0.5896377754211426,0.0,-0.06804033745092691,-0.06221940440516318,-0.08620435671698778,-0.032757654190063476,-0.04913647969563802,-0.0821680304996146,-0.0246916991382388,0.0,-0.059200577946551834,-0.019733526620520168,-0.028158441997189233,-0.051606730075185514,-0.06172164916992187,-0.019813097292377103,5231,6829
TACATAGGCATACACC-1,GSM8576305_EM1_v1,EM,v1,40,60,1386.0,943,0.0,0.08857705950736999,0.18428964734077452,0.4544003820419311,-0.06948239803314209,0.36978725765062415,-0.10411010579579438,0.16693329699057385,-0.08844085057576498,0.40090669631958004,0.1985857713980021,1.221073485413474,-0.06528004964192709,-0.29576092455760544,-0.16575898319841867,0.5307706010375801,0.08698774061872805,0.23413052018483482,-0.01698356866836548,3673,4130
TACATCCCTATCCCTG-1,GSM8576305_EM1_v1,EM,v1,44,14,582.0,475,0.0,-0.1516745948791504,0.655534192721049,1.6015852546691893,-0.04350658893585205,0.34840064383669445,-0.19138233123287077,0.21776944981481797,-0.06767691294352214,0.39570618470509844,-0.2227156010758518,0.5719977582177069,-0.03867252349853516,0.9556723736376168,-0.12813186645507812,-0.14286552800831617,-0.13500589989499504,-0.18985127258300782,-0.011695319606411842,1369,4484
TACATTTCTAACGTGC-1,GSM8576305_EM1_v1,EM,v1,39,55,940.0,692,0.0,0.10128078103065491,0.967181970278422,1.142775583267212,-0.036814517974853515,0.3033370386929549,0.09366215978349957,-0.19371965833773888,-0.06544802983601888,0.36199404557545983,0.16920034316604085,1.3717355906150361,-0.05726702372233073,-0.23922545651355423,-0.15567157546200427,0.4895186248344815,0.1601262883331996,0.16397071870168048,0.0,3422,4044
TACCAGAAGTAGGTTC-1,GSM8576305_EM1_v1,EM,v1,49,51,750.0,570,0.0,0.21041646838188172,0.10811589439709982,0.5752081012725829,-0.026625878810882568,-0.15421931799438884,-0.27112034828432147,0.18341708071249768,-0.0621270497639974,-0.22183308919270833,-0.2296333950897523,0.8901349565406027,-0.1086956532796224,-0.2803977751827623,-0.07485186718553903,0.5255060761227649,0.2806403582444292,0.17481326134999592,-0.010736241456001036,3223,4916
TACCGCGGACTTGCAG-1,GSM8576305_EM1_v1,EM,v1,33,97,641.0,500,0.0,0.3248738539218903,0.8570232343673706,0.9963794326782227,-0.028094403743743897,-0.15019351104430131,0.18255380221775602,-0.1589065016361705,-0.03745920499165853,0.32698178450266524,-0.20037331469481606,0.45799430393950175,-0.04682400703430176,0.2522750193814197,0.4716249303166646,0.6951392629426667,0.4884583589889798,0.2511955982844035,-0.011328388606348345,5525,3516
TACCGGCTCACTGCCC-1,GSM8576305_EM1_v1,EM,v1,47,65,1002.0,739,0.0,-0.21044071197509764,0.5615513118108113,0.8000950717926025,-0.011980395317077636,-0.22240830743591922,0.09617234155329693,0.09292658737727574,-0.10383010864257812,0.2616800053914389,-0.22117971975269127,0.8906547165738534,-0.12994604746500651,-0.31509240085341367,0.8099289537912392,0.26739874823728743,-0.2143946618938127,0.3470219373703003,-0.02898482738002654,3924,4740
TACCGGTCGTTTCCAT-1,GSM8576305_EM1_v1,EM,v1,44,34,449.0,336,0.0,-0.08990621566772461,1.0822322066624959,1.5381402730941773,-0.015736193656921388,0.46833329907760707,-0.1436522699171497,-0.08224372576950188,-0.048677460352579756,0.4278845278422038,-0.13978405700479463,0.20924912608106275,-0.0419631830851237,-0.15141950553679562,-0.06589406178179515,0.3433269931798678,-0.07725825357596611,0.38203673680623373,-0.028088327377073227,2371,4482
TACCTTAAGATTTCCC-1,GSM8576305_EM1_v1,EM,v1,49,29,1505.0,1083,0.0,0.08962060928344726,1.0964840650558472,1.6219259834289552,-0.061019668579101564,0.2855339862298274,-0.3342124262163716,0.08411029108186116,0.22634872436523434,-0.2870618693033854,-0.24247884590888902,0.050121118760502625,-0.09491948445638021,0.0876760582368537,-0.2010712527845758,0.3130569184748696,0.10746815744185259,0.023731374104817682,-0.016403136714812246,2121,4918
TACGAACACGACTTCA-1,GSM8576305_EM1_v1,EM,v1,31,53,588.0,488,0.0,0.2541902852058411,0.5412728484471638,1.3944067478179931,-0.043361244201660154,-0.14334901280227713,0.18335925598847702,-0.12191193085864074,-0.048179155985514324,0.4562535270055136,-0.14561914042086904,0.6939694657226475,-0.08672248204549153,-0.2885843912760417,0.44777547269461143,0.24872013371448462,0.338442562947438,-0.23933111572265625,0.0,3320,3347
TACGACGCTTGCTGCG-1,GSM8576305_EM1_v1,EM,v1,46,54,948.0,711,0.0,0.17013155698776244,0.9593116124471028,1.199877758026123,-0.036698362827301025,-0.19411691774093986,0.06474008208595661,0.16365975739065566,0.38113105614980064,0.17545375506083172,-0.2409949669471154,0.2531527014661845,0.3180524730682373,0.2519726536838884,0.332102988905696,0.5708782333016054,0.2136426819872564,0.28867531712849936,-0.029595453892984697,3373,4654
TACGACTGCCTCTTAG-1,GSM8576305_EM1_v1,EM,v1,44,66,1540.0,1044,0.0,0.14930135250091553,0.36953079064687094,0.6832349348068237,-0.0968725872039795,0.2822634627587819,0.01179664805188152,-0.19101254264812423,-0.10070182800292969,-0.3122325388590495,-0.2051433703572455,0.16415865782431704,-0.10741528828938803,-0.2984837911215173,-0.17179564204081954,0.5765805288850407,0.2039587457841854,0.18698744360605873,-0.024363348560948527,3974,4478
TACGAGAACTTCACGT-1,GSM8576305_EM1_v1,EM,v1,35,39,536.0,444,0.0,-0.1539263343811035,0.755855360031128,1.1225593614578249,-0.044676284790039066,-0.13396058353691995,-0.19251025107599073,-0.16177681753211154,-0.049640318552652996,0.2657507880528768,-0.16413814327788592,0.5330677142009748,-0.029784189860026043,0.36548472695561296,-0.13425698337784733,0.3305101281933935,-0.14392185530136262,0.42857694371541344,0.0,2620,3697
TACGATGTTGATCATC-1,GSM8576305_EM1_v1,EM,v1,35,35,592.0,491,0.0,0.2490564239025116,0.667368471622467,0.6496927928924561,-0.02884347677230835,0.38203470749466983,-0.24760807714154642,-0.09730857715272066,-0.04807246208190918,0.2900817855199178,-0.19705114715474106,0.8992713673544376,-0.04807246208190918,0.3615959196205599,-0.06950235175320423,0.5654751651608159,0.38203470749466983,0.2350974003473918,0.0,2419,3697
TACGCAGTTCTTTCCT-1,GSM8576305_EM1_v1,EM,v1,41,51,829.0,627,0.0,0.26672023415565493,0.09327554901440938,0.8194170665740966,-0.08036348342895508,0.4424085090790305,0.19031783292919813,-0.18574300206693492,-0.06852701187133789,-0.2606825256347656,-0.21576550333794942,0.08657294901172119,-0.025697628657023113,-0.2327524974164235,0.3797882614365543,0.6054175702753586,0.3860515807916223,0.19105624485015868,-0.020723894719154604,3222,4218
TACGCCATATTCTAAT-1,GSM8576305_EM1_v1,EM,v1,40,58,1101.0,782,0.0,0.1283789372444153,0.5144610929489135,1.1726312732696533,-0.026319589614868164,-0.20910592222692176,-0.3051366190756521,0.13955978567438915,0.3059678936004639,0.3157862838109334,-0.2550215960346337,0.901944530840324,-0.053919041951497396,-0.2794527720256024,-0.1814862753014009,0.4964073073214993,0.16830163841927998,0.18948811022440593,-0.009317807612880584,3572,4131
TACGCCGAGGGTACCC-1,GSM8576305_EM1_v1,EM,v1,56,34,3121.0,1961,0.0,0.19118532180786132,0.7289409526189168,1.9181693553924561,-0.12621538162231447,0.4169032964419362,-0.34795250431183844,-0.052537942179163605,-0.1544354248046875,-0.13072775761286418,-0.03168244671529216,0.22494940097094096,-0.11576324462890625,0.060492358150252334,-0.0547972854361477,0.4270547983639561,0.3253492676427665,0.19036659272511802,-0.04053396947922245,2373,5528
TACGCTATAGAAACCT-1,GSM8576305_EM1_v1,EM,v1,34,104,636.0,529,0.0,0.24850407600402832,1.0043371597925823,1.3391907978057862,-0.0704200267791748,0.2887604510372166,0.2716705458504813,-0.11091533460115131,-0.07511469523111979,-0.20159469604492186,-0.17202146396190426,0.360173186379547,-0.08450403213500976,-0.21400327567594596,0.39101157896968736,0.6691240097868408,0.2887604510372166,0.3675885423024496,-0.02271613767070155,5875,3603
TACGGGATGCTAGCAG-1,GSM8576305_EM1_v1,EM,v1,21,83,804.0,655,0.0,-0.20610864639282225,1.1132264264424643,1.2514929962158203,0.4546626949310303,0.39251802079254966,-0.27896764201502644,-0.20662520941636317,-0.07794217427571615,0.27935734907786053,-0.24183111286482284,0.6968971808352064,-0.1299036153157552,-0.29374327142554596,-0.16957584059382058,0.40172184760386076,-0.16057949002371186,0.4038936354319254,-0.02095219781321864,4821,2472
TACGGGTAATAACATA-1,GSM8576305_EM1_v1,EM,v1,72,88,265.0,244,0.0,-0.06399339199066162,0.9594889831542969,1.9273397636413574,-0.03656765460968017,-0.053469472904269115,-0.16768035581034998,-0.06415377643174097,-0.03656765619913737,1.2812569777170817,-0.07565467094497935,1.00648950144103,-0.0487568728129069,-0.1686177694175138,-0.04405741710739442,0.39227978974836947,-0.053469472904269115,0.4284949372609457,0.0,5081,6916
TACGTTTACCGGCAAT-1,GSM8576305_EM1_v1,EM,v1,40,32,681.0,541,0.0,-0.11510147094726562,0.8983968925476075,1.9090880584716796,-0.02752659559249878,0.4091805795097564,-0.2782555857012349,-0.10159216668073993,-0.06643121719360351,-0.23118426005045573,0.2608935613695993,-0.43295886169126885,-0.03670212745666504,0.24274531502321545,-0.13265828818202496,0.24963839416175995,-0.17113690073274848,0.25983988698323573,-0.022198867413305467,2270,4133
TACTCGGCACGCCGGG-1,GSM8576305_EM1_v1,EM,v1,36,16,429.0,374,0.0,-0.09720124244689941,0.3530299691359202,0.8424477481842041,0.756696321964264,-0.055608060447667355,-0.18555310464674427,-0.11343927789750255,-0.05542270024617513,-0.14408241271972655,-0.12417089660032138,-0.2152074497548779,-0.010636296272277832,-0.1389902720010903,-0.13084840583035265,-0.10556718886410951,-0.06627993121194999,-0.15854158020019532,0.0,1468,3786
TACTCTCCGAACAAAT-1,GSM8576305_EM1_v1,EM,v1,21,81,1497.0,1067,0.0,0.3258326458930969,1.2596888128916421,1.5565256309509277,-0.050965576171875,0.2556679732557656,-0.07022776911335604,0.45645704723539804,0.28332114696502686,0.6472764460245768,-0.2683905151775449,0.807230978155855,-0.10610335032145182,0.600810537376557,-0.20970777335415883,0.7946022625980541,0.4036457947929833,0.2857974580128988,-0.024660764201994863,4721,2472
TACTGAACAGATTTAG-1,GSM8576305_EM1_v1,EM,v1,56,44,4905.0,2527,0.0,-0.20413438796997072,-0.06370470662911731,-0.2619315528869629,-0.1328941535949707,-0.2015833137027396,-0.2677410187259797,-0.25070857762692866,-0.17325024922688803,-0.050871598720550526,0.027906813416858467,-0.037633877218154754,-0.18994672139485677,-0.33308533205085966,0.31545075144633716,-0.02580188581970838,-0.24531838407484585,0.02743196980158491,-0.05584948293624386,2874,5527
TACTGGACAGCTCGGC-1,GSM8576305_EM1_v1,EM,v1,35,25,595.0,493,0.0,0.24863954663276672,1.1587939310073851,1.545062894821167,0.6767293381690979,0.49736193682969354,-0.19917964935302734,-0.12602036937436364,0.36474628607432047,0.2828971115748088,0.3489607301444114,0.6293937634497517,-0.04799293200174967,0.44672241000286544,-0.1272101804434535,0.3901264283240354,0.336207814439882,0.5292568734486898,-0.011611193418502808,1918,3698
TACTTGTTAGTAGTCC-1,GSM8576305_EM1_v1,EM,v1,37,87,926.0,688,0.0,0.12495622277259827,0.4846170512835185,1.3044707584381103,-0.061700658798217775,-0.19565296492050324,0.06930731738217966,0.236654737165996,-0.07620695114135742,0.15888511180877685,-0.18786240899841922,0.7220483767584085,-0.08226755142211914,0.24769773004524204,-0.17371944442810303,0.5675082406546803,0.2156847811064194,0.23864383220672608,-0.009951719353275915,5024,3866
TACTTTACTGAGCCGG-1,GSM8576305_EM1_v1,EM,v1,30,96,714.0,562,0.0,0.1980444049835205,0.69152334690094,0.4850893306732178,-0.027084236145019532,0.4152692964377345,-0.30367309816422,-0.14086068901501803,-0.0812527084350586,0.6177052815755208,0.20572523501937337,1.1963462952821269,-0.06759160359700521,-0.2683892920314069,-0.14669888661089672,0.8067745004479044,0.3031880326627223,0.46505289332071936,-0.010921062961701424,5474,3255
TACTTTCCGCACGCCA-1,GSM8576305_EM1_v1,EM,v1,47,19,1132.0,879,0.0,0.11159836173057555,0.8962140242258707,1.356442379951477,-0.08000432968139648,0.21132450159576824,-0.3491832056353169,-0.17456779384374022,0.2666810909907023,0.245635355313619,-0.24643546522261706,0.4086456723291927,-0.09143350601196289,0.13097952475030739,0.3076138574914281,0.43488595393462304,0.15780995083493135,0.07115666675567628,0.0,1620,4745
TAGAAAGGTGGCGCTA-1,GSM8576305_EM1_v1,EM,v1,31,81,1117.0,811,0.0,0.11305380940437318,0.6190626827875774,1.0239556264877319,-0.034467434883117674,-0.18094666905227713,-0.2957179777083858,-0.16309339480292528,-0.08639240264892578,0.7795451291402182,0.18458617663835333,1.0343931743076868,-0.06893486658732097,0.33997449128024554,0.27086756928378797,0.5810996085661531,0.20202481640355374,0.33470155016581216,-0.009265439164253974,4723,3344
TAGAAATTCACGTATA-1,GSM8576305_EM1_v1,EM,v1,36,10,780.0,664,0.0,-0.13976712226867677,1.521479779879252,1.2855232620239259,-0.013130769729614258,0.392058367314546,0.22003730870611657,-0.15986291029698269,0.3129508336385091,0.192159538269043,0.3037504953152626,1.0820676689942108,-0.13349535624186198,0.33487230936686196,-0.20566074723699485,0.3126836270520885,-0.16599510983878554,0.4796771176656087,0.0,1167,3787
TAGACGCCCGTACCGG-1,GSM8576305_EM1_v1,EM,v1,32,90,2289.0,1464,0.0,0.3015672397613526,0.8605377515157064,1.2556675243377686,0.27729727745056154,0.4224944792463628,-0.17295547729263655,0.00816226547075094,-0.12324321746826172,-0.09586731672286986,-0.29970037658079013,0.13405383377732427,-0.14401837666829428,0.15372350723389155,0.008323916756963146,0.4546138604937447,0.36510332186219424,0.09650031725565594,-0.0338828525235576,5174,3430
TAGAGATCATGCAACT-1,GSM8576305_EM1_v1,EM,v1,44,26,894.0,703,0.0,0.14748582124710083,0.4342331409454346,1.0144954776763915,-0.0375039267539978,0.3128154587453291,0.15742623201713032,-0.17962537493024552,0.31669983228047693,-0.29050331115722655,-0.17245382608777304,-0.42624656638907427,-0.09167626063028972,-0.3033565842961691,0.33677749212487157,0.4596163963520083,0.20209576081538547,0.18855113283793135,-0.02016340148064398,1970,4483
TAGAGTCTAAGCGAAC-1,GSM8576305_EM1_v1,EM,v1,29,55,900.0,683,0.0,0.18873656153678894,0.5765590739250184,0.7942347192764283,-0.012470616102218628,0.34197706283135554,0.10225098583555442,-0.14208997759902686,-0.09145118713378907,0.32958696365356444,-0.21986452951080424,0.21447749319302462,-0.07482369740804036,0.2836974268457497,-0.14284622621344753,0.5819203710146141,0.2313021142347202,0.2422355709075928,-0.010056948469531151,3420,3172
TAGATATGGACTGGAA-1,GSM8576305_EM1_v1,EM,v1,49,53,710.0,569,0.0,0.1621112883090973,-0.2010853068033854,0.4686314249038696,-0.054273362159729006,-0.13822715019302623,-0.2578467399843277,0.16846861060998194,-0.09950117111206054,-0.1978644053141276,0.2915717116167713,0.4147205212436301,-0.08141004562377929,0.24734681313296392,-0.14167745812350965,0.19644769838341328,0.32312668326706395,-0.2666386413574219,-0.010942210112848589,3324,4916
TAGATTCCTGGTTATT-1,GSM8576305_EM1_v1,EM,v1,32,20,418.0,375,0.0,-0.10209850311279296,1.1309957440694174,1.7438068866729737,0.5466875076293946,0.4086590281032533,-0.20535750542917558,-0.10235438908550673,-0.03215808868408203,-0.11300823211669922,-0.10980257780655571,-0.22623780983776304,-0.021438725789388022,0.44994302159811117,-0.07748937032308924,0.3098325879662631,-0.13806433023816367,0.31939026387532554,-0.012966971243581465,1667,3437
TAGCCGGCGGTCAGCG-1,GSM8576305_EM1_v1,EM,v1,33,85,1170.0,782,0.0,0.21682233214378357,1.332413763999939,1.2802424097061156,-0.011281139850616455,0.3570875037075285,-0.0439396014411329,0.09371408230081238,-0.08912189483642578,0.07603870709737143,-0.20155821835316942,0.3433869345446584,-0.05264531453450521,-0.3315864777469252,-0.0815504066436645,0.6073152882321857,0.4228599043594156,0.1282939872741699,0.0,4924,3518
TAGCGTTGGGTCTTAC-1,GSM8576305_EM1_v1,EM,v1,38,68,988.0,709,0.0,0.2272671353816986,0.8060027503967285,1.9640024089813233,-0.06022191047668457,0.3172367187912514,-0.27430875839725616,0.22687932639791256,-0.0562071164449056,0.5360682932535807,-0.2769421988905074,0.711308072645375,-0.0917814572652181,-0.29672222826854294,0.3630858654956741,0.6459263286481273,0.24293558480614663,0.30216446367899574,-0.00971321136720719,4073,3955
TAGCTAAGTCCGGGAG-1,GSM8576305_EM1_v1,EM,v1,29,57,508.0,408,0.0,-0.08764512062072755,1.0878643067677816,1.3249933242797851,-0.04544116020202637,0.4756891085551335,0.36553632389015867,-0.08786478257717047,-0.07068625132242838,0.32954071839650473,0.31882244169114027,0.5911019192440254,-0.04394498189290365,0.34325308225241047,-0.06083153720840393,0.33014122403112045,-0.14289542105684314,0.4427705106735229,-0.012215365325250933,3520,3172
TAGCTAGAAGGCATGA-1,GSM8576305_EM1_v1,EM,v1,51,51,620.0,486,0.0,0.22310444951057434,0.17075762867927552,0.45060678482055666,-0.03172535896301269,0.3170094797045092,-0.3066084154190556,-0.13232320532165373,-0.06628474553426107,0.30100231329600013,-0.16226205219791884,0.374754459671382,-0.08522324244181315,-0.2693624841161521,-0.11408733842842071,0.5650401014653181,0.31479034655070226,0.18067001247406006,-0.022909473988317674,3224,5090
TAGCTCGCCTGATAAC-1,GSM8576305_EM1_v1,EM,v1,50,58,1128.0,809,0.0,0.21062743186950683,0.7348008235295613,1.857642774581909,-0.045780363082885744,-0.18143743814831992,-0.3089780807495117,0.13743924213232553,-0.09156073252360027,-0.24622037251790366,-0.27148146613385765,-0.0953688155980052,0.31832542101542155,-0.2552968680140484,-0.15636627932628952,0.5759151371297317,0.30692136460456293,0.18185255940755207,-0.009229911911872125,3574,5002
TAGCTGATGTGAAGCG-1,GSM8576305_EM1_v1,EM,v1,42,10,324.0,281,0.0,-0.090924072265625,1.5633562978108724,1.7525407218933107,-0.03461483001708984,0.47843001120066564,-0.13111219098491053,-0.09115195214598998,-0.046153106689453126,0.482349853515625,-0.10872244436206627,0.6830795600272218,-0.03461483001708984,-0.14878296756361384,-0.06950769079736917,0.3434207705850246,-0.1332144210968528,0.4606964721679687,0.0,1168,4310
TAGGCATGTTACGCCA-1,GSM8576305_EM1_v1,EM,v1,23,85,1322.0,934,0.0,0.10223403930664063,0.7127298196156819,0.8947921323776246,-0.08590408325195313,0.2444726808148217,0.0191148415139194,0.20748424096812582,-0.10949007670084636,0.22983033816019688,-0.28417682966659696,0.7238397475035176,-0.10233140309651692,0.09230577399931755,-0.17758243055228728,0.5811813591544471,0.14403968777013332,0.3792925351460775,-0.02597905743506647,4922,2646
TAGGCGATGAGGTCTC-1,GSM8576305_EM1_v1,EM,v1,55,11,2209.0,1447,0.0,0.12585817098617555,1.1848320436477662,1.5153261184692384,-0.07693350791931153,0.2157463354942126,0.17047403375124598,-0.23255274110569393,0.11245195786158246,-0.30787445068359376,-0.21961903651821174,0.1692799857770122,-0.12394762674967448,-0.02110453255205269,0.05286934145961897,0.48432336649443836,0.2157463354942126,0.21850896072387693,-0.041362101031887914,1221,5443
TAGGGAGCTTGGGATG-1,GSM8576305_EM1_v1,EM,v1,36,96,1040.0,757,0.0,0.17996281862258912,0.7420180924733479,1.3667327404022216,-0.059057607650756835,-0.20287209450201846,-0.25618636223577684,0.0870180800743868,-0.041521402994791665,0.2248720200856527,-0.21285184011810201,0.39695460626912993,-0.10451618830362956,-0.32362540371446724,0.351873274883592,0.5036828422273127,0.2925848240570613,0.13958048184712724,0.0,5475,3778
TAGGGTGTTTCAAGAG-1,GSM8576305_EM1_v1,EM,v1,22,54,525.0,472,0.0,0.23650936365127564,0.22263195594151816,0.9971161079406738,-0.044971656799316403,-0.11253211490286633,-0.13836691456456338,-0.10854467712249373,-0.019987401962280275,0.2540606339772542,-0.11253211490286633,0.9462433628101445,-0.03997480392456055,-0.17284474506914377,-0.13244664142409482,0.27835375138886675,0.37712580463958023,-0.1252675323486328,-0.02417830882533904,3369,2562
TAGGTCCAAGTAAGGA-1,GSM8576305_EM1_v1,EM,v1,29,23,913.0,727,0.0,-0.14318946838378907,1.5768204275767008,1.3927869939804078,-0.09923896789550782,0.5571281415562964,0.18649412849531746,-0.12489439311780427,-0.11184499104817708,-0.20589057922363282,0.22264338443377613,0.16275309848853864,-0.09313711166381836,-0.21660993951391502,0.27281070234306365,0.2358260939490146,-0.15140280835205894,0.35531107807159423,-0.02000785643054593,1817,3176
TAGGTCGCCGGAACTG-1,GSM8576305_EM1_v1,EM,v1,32,100,481.0,387,0.0,0.30448839664459226,1.0338697465260824,1.1237628555297852,-0.030814521312713623,0.3383895041817672,-0.22915544817524572,-0.16484693178258145,-0.05135753631591797,-0.14022891998291015,-0.11925748997308737,-0.3655392057332561,-0.06162904103597005,-0.19958523669874811,-0.08662716356147246,0.7735128942396716,0.4522856767626776,0.27392734495798743,0.0,5675,3429
TAGGTGAGCCCTACTC-1,GSM8576305_EM1_v1,EM,v1,29,33,911.0,717,0.0,-0.16033918380737305,0.9314873774846395,2.149911403656006,-0.09015695571899414,0.4970991358974971,0.14874537968965168,-0.14829499858961367,-0.07882620493570963,-0.28739390055338543,0.31815830388063837,-0.048217896155462125,-0.14720745086669923,0.17430025525839932,-0.16738655672494665,0.21049695848393918,-0.17860098746309314,0.3179290873209635,-0.040048126251466816,2318,3174
TAGGTGCTCGCCTAGC-1,GSM8576305_EM1_v1,EM,v1,40,86,1192.0,820,0.0,-0.19721256256103514,0.8473345343271892,1.5171810722351076,-0.03359350204467773,-0.1835419390113856,-0.028113633256903414,-0.23138450679922462,-0.08211744944254558,0.08471356709798178,0.1695880166928771,-0.22282069275384314,-0.06718700408935546,-0.23756678324626632,0.2693308665570485,0.26905370902878506,-0.19852231896441916,0.254126184463501,-0.009030511302332725,4975,4128
TAGGTTCGAGTTCGTC-1,GSM8576305_EM1_v1,EM,v1,35,67,960.0,731,0.0,0.16584223985671998,0.16743914445241292,1.1339410495758058,-0.06411867141723633,0.25444698307160685,-0.3400050747779108,0.2542683728655478,0.34091041247049964,-0.28724833170572917,0.20494624656711266,0.010697164898370581,0.39810831069946295,0.33515560272707046,0.29860211146404464,0.5262455398851957,0.21372669729234914,0.1863615811665853,0.0,4022,3694
TAGTCCGCAGAGAATG-1,GSM8576305_EM1_v1,EM,v1,39,53,591.0,485,0.0,-0.0958785629272461,0.2714476970831553,0.16559650897979739,-0.07214859962463378,0.35627250208902517,-0.2764827666744109,-0.11058474662608671,-0.019239625930786132,0.5412545267740885,-0.18527790694731136,0.794526168620595,-0.019239625930786132,-0.24787879851927241,-0.1506717789125251,0.3181921082273937,-0.14402212187597982,0.3406155366897583,-0.011636870522652902,3322,4044
TAGTCTAACAACGAGA-1,GSM8576305_EM1_v1,EM,v1,40,34,961.0,740,0.0,-0.14363319396972657,0.039958990017573026,0.8225192785263061,0.4470713806152343,0.20562399177912755,-0.281502200711158,-0.13789261552624235,-0.04272980372111002,-0.2590098571777344,-0.2014060259662743,-0.38187665316327735,-0.08113747278849284,0.23476670219237544,-0.14663399079717307,-0.17763557543385677,-0.21634513319136706,-0.25977716064453127,-0.02944505214691162,2370,4133
TAGTCTGTGACGTTGC-1,GSM8576305_EM1_v1,EM,v1,23,103,2496.0,1674,0.0,0.06728189349174499,1.2316571140289307,1.5083512687683105,-0.1046967601776123,0.23636396486756525,0.14747632813343803,0.1960839809929219,-0.17209664662679036,-0.28669069925944013,-0.009387863386700668,-0.6051113569556769,-0.12863390604654948,0.504983299898814,-0.22001346143852754,0.48100633761261113,0.112063499996096,0.2641320950190226,-0.045463854266751196,5823,2644
TAGTGCCCTCCAGAGT-1,GSM8576305_EM1_v1,EM,v1,32,52,496.0,412,0.0,-0.09925097465515137,1.0836058680216472,1.1124746990203858,-0.015260868072509766,0.49102485020423814,-0.22365143991285755,-0.1147988398272292,-0.030521736145019532,0.5003049103418986,0.3992112874984741,0.14012683678768734,-0.02034782409667969,-0.1904219968251914,-0.02451545071889119,0.2921492909975243,-0.14165618028927807,0.2990420684814453,-0.024614303342757687,3270,3434
TATACACAGACGCCTT-1,GSM8576305_EM1_v1,EM,v1,50,60,1349.0,965,0.0,-0.16981151580810547,0.6104138406117757,0.5556138038635254,-0.11713713645935059,-0.16918815179014685,0.0032745462408812487,-0.19692591616981908,-0.09068373998006185,0.3163226636250814,0.3763373525379228,-0.01778218597280662,0.2200758330027262,-0.2735610103990179,0.4189537820088337,0.10996493347053199,-0.17130144304256376,0.06491015561421709,-0.008587766078210646,3674,5002
TATAGCGCACGTTATC-1,GSM8576305_EM1_v1,EM,v1,47,7,707.0,611,0.0,0.20582634687423706,0.1340246589978536,0.8082199048995972,-0.06794055938720703,-0.15183180231713134,-0.2094738560338174,0.18505757748333732,0.3985845979054769,0.36472341696421307,-0.14983646048351276,1.1164189747401647,-0.10184473673502605,0.3351447488409448,-0.19083825842922472,0.5684993133845507,0.31019427731151433,0.2342684981028239,-0.010958154355326006,1019,4746
TATAGGGTACTCATGA-1,GSM8576305_EM1_v1,EM,v1,36,20,294.0,271,0.0,-0.09778275489807128,1.3189020093282064,1.331583490371704,-0.03555736541748047,0.6440195553544639,-0.09149979006859564,-0.08911620405383576,-0.07111473083496093,-0.11852455139160156,-0.0498384966898124,-0.2927101173592572,-0.011852455139160157,-0.17681271962851405,-0.09996046502906156,0.34063861568199527,-0.08778489792227347,0.501854965209961,0.0,1668,3786
TATATATCGAGAAATG-1,GSM8576305_EM1_v1,EM,v1,60,28,791.0,613,0.0,0.1711212396621704,0.5987491949399313,0.8857725858688354,-0.06860828399658203,-0.16000865055964544,0.09818177289127755,0.17073144321154832,-0.06968452453613282,-0.3073357645670573,-0.2089064735233983,-0.3159085182688344,-0.043552827835083005,0.31477325546693613,-0.19153760427451996,0.48027744607460876,0.24930053730074778,0.18350644302368163,-0.02107394895245952,2073,5877
TATATCCCTGGGAGGA-1,GSM8576305_EM1_v1,EM,v1,36,98,1347.0,963,0.0,-0.17575759887695314,-0.0032125004132588786,0.15974117279052735,-0.056436624526977536,0.16519483010239955,9.018375027564085e-05,-0.17085705902940945,0.2628324031829834,-0.28241668701171874,0.06694247943236009,-0.3161618769468375,0.2983502928415934,-0.2816101748301801,-0.19938411482845445,0.09245876818468374,-0.2113660984613425,0.05326481946309408,-0.008593038205177553,5575,3778
TATCACCCAACCGACC-1,GSM8576305_EM1_v1,EM,v1,24,100,1405.0,1027,0.0,0.022374999523162853,0.8663473955790202,1.5480000019073485,-0.04188029289245605,0.39643821960840475,-0.33061741244408394,-0.18749521967761199,-0.1228579839070638,0.5538424523671468,-0.27225596450244305,1.3339763711188564,-0.09772069295247396,-0.3578485082909764,0.19509400632008014,0.4041819579280208,0.11733944812081462,0.14522915554046628,-0.016887214875990344,5673,2732
TATCAGTGGCGTAGTC-1,GSM8576305_EM1_v1,EM,v1,54,8,430.0,383,0.0,-0.0830780029296875,1.1595272318522136,0.8666177701950073,-0.04782984733581543,-0.14930162461705032,-0.1184283225767074,-0.0832862184758772,0.5101850128173828,0.4251541805267334,-0.09114485520582932,0.8541204735946928,0.6009803406397503,0.4321020168472964,0.49686693589850117,0.8449251221380808,-0.1279728229229267,1.1111070098876954,-0.051429940808203914,1070,5356
TATCCATCTCGGTTAG-1,GSM8576305_EM1_v1,EM,v1,61,17,861.0,661,0.0,-0.14770843505859374,0.573831601937612,0.8260484218597413,-0.02534839153289795,-0.14866578220125026,-0.21242135570895287,0.2440111618442344,-0.054177837371826174,-0.22559600830078125,-0.19144952576295987,-0.37691892690994033,-0.10705029805501302,0.1501539479297807,0.4085318044486295,0.3389774294500706,-0.14866578220125026,0.37566432571411135,0.0,1523,5965
TATCGATCTATGCATA-1,GSM8576305_EM1_v1,EM,v1,22,88,1166.0,872,0.0,-0.20531099319458007,0.5968388001124064,1.285907711982727,-0.04518588542938232,-0.15415280957684468,0.2412327357700893,0.44460077692094,0.3163011980056763,0.476005703608195,-0.19571582449718464,1.1368423716592342,-0.06777882893880208,-0.29145776220114833,-0.19311122051683297,0.25539817381383356,-0.20704597294529944,0.40323541291554776,-0.02733017167737407,5072,2558
TATCGATGATTAAACG-1,GSM8576305_EM1_v1,EM,v1,23,49,641.0,541,0.0,0.2609399497509003,0.6652645858128865,1.564538402557373,-0.028094403743743897,0.3475175245416869,-0.2232542807056058,0.26775498863748437,-0.08649176279703776,-0.21386271158854167,-0.11718533110857807,-0.36078900667890235,-0.04682400703430176,0.9761512415476112,-0.16594322235229983,0.4201897644040236,0.3287252796400617,0.45887786293029786,-0.011328388606348345,3118,2650
TATCTACAGAGGTAAT-1,GSM8576305_EM1_v1,EM,v1,30,24,1216.0,944,0.0,0.11202668905258178,1.2092925453186036,1.4638570022583006,0.38881054878234866,0.377852350705975,0.08411500201247252,0.111611413029501,0.37812984943389893,-0.2397563680013021,-0.2430094588161711,0.023841810842597566,-0.08358978271484375,0.8694734573364258,-0.2498381128272857,0.5968157871063254,0.1741080005033359,0.40088618342081705,-0.008958768460058397,1867,3263
TATCTACCACAGCGGG-1,GSM8576305_EM1_v1,EM,v1,42,60,826.0,620,0.0,0.16955219507217406,0.7645244447390238,1.0961420249938965,-0.07719332695007325,0.26221232988363924,-0.23969585664810672,-0.16536565412554824,-0.07937416712443034,0.1578129482269287,0.14769704445548681,0.7225591518514377,0.4864315541585286,-0.2685405011157913,-0.14730042913352628,0.5350056162536315,0.23639516049005516,0.2116584529876709,0.0,3673,4305
TATCTAGCCTAAAGGA-1,GSM8576305_EM1_v1,EM,v1,34,12,183.0,173,0.0,-0.07204260826110839,0.44878706137339275,2.090913496017456,-0.020094943046569825,-0.026882866951932875,-0.1296448092306814,-0.06215051063021323,0.0,-0.08037977854410808,-0.12097290447324414,0.4327697569059111,-0.013396628697713216,-0.13187161794149252,-0.11298362701293455,-0.06909436551069462,-0.026882866951932875,-0.11253169250488282,0.0,1267,3612
TATCTTGCAATACAAC-1,GSM8576305_EM1_v1,EM,v1,56,16,977.0,762,0.0,-0.17274196624755858,0.6099029723803202,1.197408242225647,-0.048381414413452145,0.3568417633922071,-0.3388728480185232,-0.17923774814844728,-0.05644498825073242,0.10993458747863771,-0.21525923304733224,-0.05610854422027739,-0.08279444376627604,0.18034728597924415,0.32577093001829094,0.21936455573940003,-0.29552837359067985,0.26895258108774817,-0.029262952266200896,1472,5530
TATGAAGACAGGTGCG-1,GSM8576305_EM1_v1,EM,v1,29,21,284.0,255,0.0,-0.093130464553833,0.37688387314478555,1.4492143154144288,-0.05384055137634278,0.5622146283769553,-0.08957849010344475,-0.09336387423943159,0.5742992401123046,-0.05012241363525391,-0.09830838461783419,-0.18719693284537925,-0.011964567502339681,-0.1523350635206843,-0.028830283138167906,-0.06365462907064269,-0.036013746740028614,-0.08886186218261719,-0.014473267139927033,1717,3176
TATGCTCCCTACTTAC-1,GSM8576305_EM1_v1,EM,v1,25,61,815.0,639,0.0,-0.12223892211914063,1.0671048704783122,1.3079156589508056,-0.038782517910003665,0.18293043894645494,-0.2533451511013892,-0.11606532888006148,-0.043091684977213544,0.3316950368881226,-0.20129829585352868,0.8633380035488021,-0.10996743520100911,-0.2058317958111744,-0.13498600419745388,0.29450806608172747,-0.2479864267202524,0.24735377375284828,-0.04170163216129426,3720,2823
TATGGATGTGCTACGC-1,GSM8576305_EM1_v1,EM,v1,26,54,901.0,707,0.0,-0.13805270195007324,0.5135666561126709,0.7160245513916015,-0.0780478572845459,0.4736212319222049,-0.2982027607579385,-0.1321503201821693,0.3407243076960246,0.1456816085179647,0.18485497910043466,1.497269474338989,-0.09972419102986653,-0.25971730550130206,-0.17021196051295023,0.18950491400707759,-0.1833782259835846,0.1396451349258423,-0.01005284151723308,3369,2911
TATGGCCCGGCCTCGC-1,GSM8576305_EM1_v1,EM,v1,30,30,1347.0,973,0.0,-0.16310333251953124,0.8354991499582927,1.7922430229187012,-0.04578125953674316,0.28476782121520117,-0.3038858598278415,-0.19021728821565634,0.40367658774058024,0.44537199020385737,0.25485210926370605,0.4694410616429008,0.2444121964772542,0.14879363990691769,-0.22411511892295746,0.1787668008858973,-0.26455254698278113,0.23160930760701504,0.0,2168,3262
TATGGGACCGAGCAGG-1,GSM8576305_EM1_v1,EM,v1,36,56,1053.0,809,0.0,0.40866971731185914,0.9249470392862955,1.3675158786773682,-0.023510587215423585,-0.21566729083109062,-0.23556687754969444,0.09076900417942152,0.27997923374176026,0.3703223371505738,0.1859572873333492,0.5181424667402214,0.3134744946161906,0.190877243218173,-0.19660321584188314,0.57550538098573,0.5758820231277143,0.33973060607910155,-0.028440225508905227,3471,3782
TATGGGTACGTATCGT-1,GSM8576305_EM1_v1,EM,v1,32,58,1298.0,901,0.0,0.09013679385185241,1.0470863660176595,1.2270384645462036,-0.07573303699493408,0.2847640842631243,0.059496366483275276,0.08426175268371602,-0.05048869132995606,0.17969332218170164,-0.2334839173383936,0.5883734833826202,-0.09799129486083985,-0.3571066492532631,-0.18758147212874937,0.5563615065249468,0.15526879312202682,0.2753383057912191,-0.008725003850075507,3571,3433
TATGGTCTGAGTAACA-1,GSM8576305_EM1_v1,EM,v1,36,58,1447.0,1017,0.0,0.16422223925590515,0.9494724384943645,1.1451783752441407,0.38262350559234615,0.2601447783186284,-0.08303981882086547,0.0801234801759696,-0.09861050287882488,0.11369997501373291,-0.24522060534627144,-0.06145536155043452,0.2736718289057414,-0.2904535316559206,-0.17947246750674573,0.5566358036844642,0.18816115212945506,0.13766122627258298,-0.00833965789887213,3572,3782
TATGTCAAGACCGACT-1,GSM8576305_EM1_v1,EM,v1,20,92,811.0,677,0.0,0.22716540217399597,0.9561229085922242,1.7293384075164795,-0.07770154476165772,0.38086924212699214,0.1594305950375746,-0.10981581264868714,-0.11223556518554688,0.1115433994928996,-0.1756610806570404,0.7615081522846427,-0.053984088897705076,0.27676691242968704,0.9225019723057267,0.6038819254298606,0.26086359186183117,0.3422962118784586,-0.02088751139179353,5272,2384
TATGTCTCATTGTGCC-1,GSM8576305_EM1_v1,EM,v1,30,82,1088.0,803,0.0,-0.1986766815185547,0.8987711636225383,1.3566256713867189,-0.05803805351257324,0.31842354866971934,-0.31113135430120653,-0.193356258229803,-0.05416884740193685,0.7367302894592285,-0.18871478332723662,0.839191183458535,-0.09286088307698567,-0.2690032284901324,0.26851342480824175,0.2808509305076818,-0.1933154996023529,0.28730073356628416,0.46430444717407227,4773,3256
TATTAACACCAAAGCA-1,GSM8576305_EM1_v1,EM,v1,54,10,1407.0,1040,0.0,-0.2051336097717285,0.8942632865905762,1.5134052371978761,-0.11510221481323242,0.3892499926098214,-0.2927300237840222,-0.23187286453438283,-0.0788331158955892,-0.31297762552897135,0.14199038692142651,-0.5061249469392862,0.29882280190785726,-0.28694903515428904,-0.25637630477966555,0.250127733180721,-0.2067237011963707,0.28164791202545164,-0.016877157072867115,1171,5356
TATTACCATCCTGCTT-1,GSM8576305_EM1_v1,EM,v1,38,96,3409.0,1962,0.0,0.17070649981498717,0.6785098807017009,1.0191671085357665,-0.08217042922973633,0.14989458345117646,-0.19289555252971738,-0.05950406989208737,0.053774422804514554,-0.36970059712727865,-0.32269149320978785,-0.5086519780641653,0.2862543026606241,0.40510760196241513,0.2832089487328586,0.5618434925817145,0.20257264462070185,0.18580459467569982,0.0,5475,3952
TATTATGTTTGCCTGC-1,GSM8576305_EM1_v1,EM,v1,57,17,658.0,552,0.0,-0.12985846519470215,0.9488698848088583,1.0008697128295898,-0.01392430543899536,0.30105411966508844,-0.23190767534317508,-0.13716353031626918,-0.05569721857706706,-0.23120478312174478,-0.164976636701603,0.06931771670668052,-0.05569721857706706,-0.1873733643068367,-0.17307831484629926,0.37570974888296044,-0.21897291100543478,0.443606559753418,-0.03368783766223538,1522,5617
TATTCAATTCTAATCC-1,GSM8576305_EM1_v1,EM,v1,34,74,1531.0,1001,0.0,0.2286555528640747,1.1655677191416423,1.3938453960418702,-0.09086030006408691,0.13000458485572502,-0.03939158575875418,0.06801950169685192,-0.10095588048299153,0.30125651359558103,0.059074614226087174,0.9008408496470564,-0.12114707946777344,0.04853810574634965,-0.2158472911421075,0.8309840548004326,0.34785707180316633,0.5074038944244385,-0.016283208324063207,4373,3606
TATTCCACTCAGCTCG-1,GSM8576305_EM1_v1,EM,v1,49,57,926.0,665,0.0,0.1200910723209381,0.9944454113642375,1.5755977535247803,-0.07729002475738525,-0.22082180163533394,-0.33633296720443234,-0.17651338505565672,0.34552369594573973,-0.22049975077311199,-0.2599314303701139,0.2951233511936382,-0.07837310791015625,-0.3145449841357618,-0.15389594878537588,0.6206005176363838,0.17400735078448037,0.2879267120361328,0.0,3524,4915
TATTCCTCCGCCCACT-1,GSM8576305_EM1_v1,EM,v1,48,32,1439.0,1033,0.0,0.16607457041740417,1.0045079151789347,1.5516929817199707,-0.06847423553466797,0.22416948408320328,0.18178557470646878,0.08192595204613859,-0.08020082473754883,0.007801195780436199,-0.23915485394838262,0.32054076157109135,-0.08983346939086914,0.21228126751849924,-0.18568656339224085,0.5378939299323839,0.19643594602012843,0.11507028452555335,-0.008359193801879883,2272,4831
TATTCGTGCCAGAATA-1,GSM8576305_EM1_v1,EM,v1,34,64,1283.0,901,0.0,0.23542098760604857,0.6883836317062377,1.5133945751190185,-0.03261144161224365,-0.26469656137319714,-0.034126053208030305,-0.1533260871294447,-0.09761007944742839,0.10563975811004639,-0.2631690239029186,0.29292567924724067,-0.06522288004557292,-0.36828110782975654,-0.19000161412250566,0.5535921596182793,0.27829761914452045,0.143557152112325,-0.02629954968729327,3872,3607
TATTTGTTACCCTTTA-1,GSM8576305_EM1_v1,EM,v1,24,46,497.0,441,0.0,-0.14166041374206542,0.7263532551129659,1.5622004556655884,0.698134937286377,0.398317385942508,-0.18458738634663244,-0.14201545237299792,0.45753822326660154,-0.20210533142089843,-0.14862641044284985,0.6978030321158185,-0.08134012858072917,-0.1609418325156093,-0.1374377208541196,-0.11254961511125537,-0.11005841768704928,-0.18311068725585938,-0.012299414603940902,2968,2737
TCAAACAACCGCGTCG-1,GSM8576305_EM1_v1,EM,v1,24,60,837.0,693,0.0,-0.17443683624267578,0.49938589334487915,1.1782583045959472,-0.05121794700622559,0.2891616239196879,-0.23477266680809758,-0.1556191695363898,-0.06829060236612956,0.41182146072387693,0.21314374021064478,0.8738688313524584,-0.09389957427978515,-0.23262644388589515,-0.12341674743407223,-0.11134558079235875,-0.17191409107833402,-0.2328944854736328,0.0,3670,2736
TCAAACTTAGATTGTT-1,GSM8576305_EM1_v1,EM,v1,31,65,1198.0,857,0.0,-0.13445952415466308,0.8939433749516805,0.8117452907562256,-0.033526225090026854,0.3154421699219856,-0.2674090785364951,-0.14039822150591322,-0.13623213450113933,0.39003587563832604,-0.18689371829846232,0.5381597223165476,-0.11175406138102213,-0.27071561392052584,0.27390500493796477,0.5571725833040254,-0.21631767757760242,0.7058068008422851,-0.027037278298408754,3921,3345
TCAAAGAGCTATCTGT-1,GSM8576305_EM1_v1,EM,v1,49,5,405.0,356,0.0,0.33648171901702884,0.7744547192255656,0.7957869100570678,-0.0324615478515625,-0.07824941781850961,-0.14398267192225303,-0.07759700861192287,-0.07798858642578126,0.4328206380208333,-0.10900515297982206,0.6998707428307134,-0.064923095703125,-0.20096107084588352,0.5683055709164784,0.3876416871062664,0.4410629697733765,0.5234285036722819,0.0,919,4921
TCAACAAAGATAATTC-1,GSM8576305_EM1_v1,EM,v1,53,29,1842.0,1250,0.0,0.06525929689407348,0.6595063797632853,1.5212446594238282,-0.08373602867126465,0.5237195401420296,-0.09517084673253073,-0.007211009026470039,-0.15090468088785808,0.8176215902964274,-0.2351542188969743,1.672027523536436,-0.10748597462972005,-0.28752742905214607,-0.1892859370832941,0.4303513334951975,0.15572358426973304,0.1317639191945394,-0.037516140168712984,2122,5267
TCAACATCGACCGAGA-1,GSM8576305_EM1_v1,EM,v1,44,16,1136.0,851,0.0,-0.1805124282836914,0.9541452725728353,1.4808804035186767,-0.045653395652770996,0.23503647374203104,0.08085756367802072,-0.18668579636958607,-0.07275204976399739,0.3522784360249837,0.5350263464278069,0.912630064061282,0.3119648726781209,0.16583420071735916,-0.1701592135142131,0.20600603935028558,-0.1377741325659098,0.24396783510843914,-0.018408627279343143,1469,4484
TCAACCATGTTCGGGC-1,GSM8576305_EM1_v1,EM,v1,25,51,1302.0,968,0.0,-0.13527976989746093,1.1938842137654622,1.3634235954284668,-0.07880684375762939,0.1489548370856771,-0.2714260778119487,0.39923449760690366,-0.09787218729654948,0.9398313077290853,0.12144829264718424,0.7570933035955272,-0.15252283732096353,0.5926151394365303,-0.18225963240167703,0.16964793495599043,-0.22568024600229933,0.22249484570821124,0.42350161787002316,3219,2824
TCAACGAGGAGACAAA-1,GSM8576305_EM1_v1,EM,v1,42,56,702.0,553,0.0,0.5475489115715027,0.5751787638664245,0.9295336961746216,-0.013621262311935424,0.26505281414874027,-0.2585629493959488,0.20668273170789084,-0.054485047658284505,0.18858321984608967,0.7805096789480185,0.37587902927604067,-0.054485047658284505,-0.2691192626953125,-0.1312892714657458,0.594448414607171,0.7282060978803347,0.30751422723134364,-0.02196977792247649,3473,4305
TCAACGCAGGAAATAA-1,GSM8576305_EM1_v1,EM,v1,49,31,1386.0,970,0.0,0.1514794909954071,0.8247849750518799,1.1704950094223023,-0.08423850059509277,0.15439372198238818,-0.2764718455653037,0.24408387121998876,-0.07229992548624674,0.07850242455800377,-0.2370171435301918,0.7009698507688239,0.28079500039418537,-0.30952968367611067,-0.26132499357782696,0.5297430325032647,0.2615605927630013,0.1902162103652954,-0.01698356866836548,2222,4918
TCAACGCGACCGGCAG-1,GSM8576305_EM1_v1,EM,v1,39,23,594.0,490,0.0,0.23655524849891663,0.5865776944160461,1.4811664962768556,-0.028811638355255128,0.3868006276446441,-0.23648738861083984,-0.13112093511978187,-0.019207758903503416,0.3782192881902059,-0.15120935599540786,0.5418205812348793,-0.06722716013590495,0.49120525547778277,-0.08099657847699392,0.23391149592262966,0.3771646258025664,-0.23459548950195314,0.0,1819,4047
TCAACTAACGTATAAC-1,GSM8576305_EM1_v1,EM,v1,31,19,292.0,267,0.0,-0.1102653694152832,1.3594310283660889,0.9368393945693969,0.0,0.6212009878594474,-0.10055072076859013,-0.11776855774690632,-0.07124736785888672,0.41334674835205076,-0.07148565337012046,0.32307355350842176,0.5462298202514648,-0.11717994720581545,0.5550999515027886,0.5189915043235167,-0.09985507212354985,0.6739012317657471,0.0,1617,3350
TCACAGCAAACTCGAA-1,GSM8576305_EM1_v1,EM,v1,51,49,691.0,526,0.0,-0.1452806282043457,0.5932232634226481,1.116876244544983,-0.08217053413391114,-0.20577784764726822,-0.2403170524104949,-0.13878003457435092,-0.10263163884480794,-0.19838757832845053,0.2759450014884124,-0.3471574639555198,-0.0639104143778483,-0.21728746958047032,0.4268027648389579,0.17958872613729243,-0.19661725404669209,0.20715238348642986,-0.02208885262089391,3124,5090
TCACAGGAGAATAAGA-1,GSM8576305_EM1_v1,EM,v1,55,49,1439.0,991,0.0,-0.13635780334472655,0.06670397758483887,0.20431861877441404,-0.0932886028289795,0.19696602135597663,-0.2198953628540039,-0.1428546953320802,-0.1147521718343099,-0.26321459452311197,0.3971829591121695,-0.3730324213229232,0.23976539611816405,-0.22319640500478477,-0.23413260586290474,-0.177075099125291,-0.1533797656413305,-0.2098438720703125,-0.044328966448383945,3124,5439
TCACAGGTTATTGGGC-1,GSM8576305_EM1_v1,EM,v1,32,48,220.0,194,0.0,-0.10208388328552247,0.9297550106048584,1.200286979675293,0.0,-0.08986394620659359,0.3682243395510906,-0.09271948678152901,-0.02558982849121094,0.5629762268066406,-0.14484071253135453,0.9142307957897747,-0.02558982849121094,-0.20862306648468876,-0.06166223732821913,0.4932437914831932,-0.10270165280753553,0.5901324876149496,0.0,3070,3434
TCACCCTCTTAAGATT-1,GSM8576305_EM1_v1,EM,v1,45,59,1921.0,1274,0.0,0.2328363513946533,0.3080473725001017,0.39184203147888186,-0.08214550018310547,0.2547206107855109,-0.3188126779371692,0.20241540461255794,-0.09938809712727864,0.2637806495030721,-0.27938133418360683,0.6579566197008514,-0.06693336486816406,-0.3314383633165474,-0.2556689618581749,0.3848545759660125,0.36098258551147866,0.20486312103271487,-0.022082124986956195,3623,4566
TCACCGCTCGGCACTC-1,GSM8576305_EM1_v1,EM,v1,30,92,1515.0,1069,0.0,0.37295639991760254,1.1795686276753743,0.7736071825027466,-0.05070587158203125,0.1406413344635214,-0.2756429487659085,0.029024339708170505,-0.13729934692382811,0.5643680000305176,-0.24011250881845736,1.0762364277288543,-0.12326798756917318,0.2664194905614279,-0.29513503844479483,0.5222308493958503,0.5713876843319555,0.17689761638641355,-0.016356733537489367,5274,3255
TCACGATGTCCGTGGA-1,GSM8576305_EM1_v1,EM,v1,52,28,1262.0,924,0.0,0.0680931305885315,1.091758559544881,1.4088298177719116,-0.05471840858459473,0.13541413496436353,0.10604341568485381,-0.2060139782745438,0.27512166659037274,0.16135137557983398,-0.2768523557529003,0.700035888003687,0.2699441687266032,0.1260649504910511,-0.16332621746752635,0.564058885191778,0.14273434764432538,0.3223375838597616,-0.026476650468764767,2072,5180
TCACGCATTGTAGATC-1,GSM8576305_EM1_v1,EM,v1,33,49,527.0,435,0.0,0.24930884718894958,0.8860662762324015,1.128573751449585,-0.08154043197631836,-0.11914080361458769,-0.24437018363706528,-0.1253166867975603,-0.05988995869954427,0.29277180194854735,0.32183934547164894,0.6633325441227658,-0.06987161636352539,-0.23514065110539817,-0.1322870522617815,0.7441780351977635,0.38995724630727946,0.4460905132293701,-0.024149177535887686,3120,3521
TCACGGTCATCGCACA-1,GSM8576305_EM1_v1,EM,v1,23,45,658.0,557,0.0,-0.06530083179473876,1.331274267832438,1.8477660083770753,0.6754062724113464,0.31158711120835114,0.2459300058777981,-0.07244409355603364,-0.11139443715413412,0.7218909009297689,-0.17429055816752456,0.5130785067819128,-0.06498008728027344,-0.2242245961384601,-0.1592363411164188,0.209013564709606,-0.17118423359848584,0.21966612815856934,0.0,2918,2650
TCACGTGCCCGATTCA-1,GSM8576305_EM1_v1,EM,v1,38,62,1525.0,1032,0.0,0.46711561679840086,0.7242593320210775,1.4180131912231446,-0.03346134185791016,0.2823332678381283,-0.0605748534751927,0.02823497470757716,0.19342830816904702,0.13571515401204426,0.08497168879578076,0.38344545494457505,0.24944464524586996,0.196522040922479,-0.2314736852684174,0.8416246773520308,0.6527325934258059,0.16617700926462803,-0.008155339187191378,3772,3956
TCAGAACCTCCACAGG-1,GSM8576305_EM1_v1,EM,v1,30,106,662.0,541,0.0,0.531976671218872,1.0008665625254314,0.553925313949585,-0.08337527275085449,-0.14606174736916022,-0.18042175231441374,-0.14232928053777022,-0.027791757583618164,-0.19267870585123698,0.31354848623541554,0.06441935342759941,-0.048524964650472006,0.5078471919140184,-0.19239998629772997,1.3945984427088653,0.7896250838552963,1.386665885925293,-0.011206353864362162,5975,3254
TCAGCAAATGCATCTC-1,GSM8576305_EM1_v1,EM,v1,31,73,1981.0,1303,0.0,0.209835022687912,0.9827826976776123,1.517266607284546,-0.06602449417114258,0.24838465791083497,-0.34909168366462956,-0.2035828019144541,0.17794916470845543,0.1990835460027059,0.006715025258569318,0.6699798375860188,-0.10818665822347005,-0.3686998053248149,0.14546373014947978,0.5733868131323325,0.30688873833770075,0.1554380248387655,-0.02177080992729433,4322,3345
TCAGGGTGTAACGTAA-1,GSM8576305_EM1_v1,EM,v1,28,72,1773.0,1143,0.0,0.003547704815864555,1.1964374574025471,1.526604413986206,0.2872874116897583,0.28446502868945783,-0.10654953383080967,0.1318092359636063,-0.08108432133992513,0.21188394864400228,0.044076587244818444,0.5399968646365109,0.31072189331054684,0.006548701232695686,0.24196892828347694,0.6338018518805846,0.04382961430278509,0.4528219248453776,-0.015267223119735718,4271,3083
TCAGGTTCTTTGAGAA-1,GSM8576305_EM1_v1,EM,v1,30,42,635.0,517,0.0,-0.15853965759277344,1.2676631832122802,1.729610471725464,-0.04227420806884766,0.4483588288061595,-0.1871699979228358,-0.15893700009300596,-0.056365617116292316,0.32217105547587077,-0.15746154274828858,0.5359981130201528,-0.07515415827433268,-0.19900676620054436,-0.09054717864377432,0.32427342991774266,-0.1246188237116887,0.4829191617965698,-0.022728070136039488,2769,3261
TCAGTACTGACCCGCG-1,GSM8576305_EM1_v1,EM,v1,26,34,279.0,257,0.0,-0.09016616821289063,0.41554462671279907,0.542059953212738,-0.03606646537780762,0.5166712057098762,-0.08999743000153572,-0.0994313653549156,-0.06237571716308594,0.5169526608784993,-0.1228961498043609,0.3849537617340416,-0.04808862050374349,-0.1765431476884099,0.6344221544074246,-0.07428656198233793,-0.12062363640520485,-0.07485086059570313,-0.014542929587825652,2368,2913
TCAGTAGGGACTATAA-1,GSM8576305_EM1_v1,EM,v1,46,48,1273.0,894,0.0,0.05572027206420899,0.3756430792808533,0.8661583042144776,-0.05452585220336914,-0.2133546529406289,-0.034686787337202096,-0.21745262050389647,-0.07997124989827474,-0.3389300791422526,0.09621499826012381,-0.13736495643062552,0.3126148859659831,0.11212009598452405,-0.16021543142785988,0.3304184446362165,0.14802718614389,0.040001103719075504,-0.01758898458173198,3073,4655
TCAGTGTATACGTCAT-1,GSM8576305_EM1_v1,EM,v1,58,36,1046.0,751,0.0,0.2662759470939636,0.4857236750920614,0.7075911808013916,-0.023570950031280517,-0.19408734426849264,-0.36511285843387725,-0.16383847497160872,-0.04714189847310384,-0.18913312276204428,-0.2662111365276834,-0.3809765763019198,-0.09643261591593424,-0.2891433593259758,-0.12306119926483276,0.6448181307418299,0.3586851226844915,0.20289080238342283,-0.009504415335193757,2474,5702
TCATCGATGGTCCCAA-1,GSM8576305_EM1_v1,EM,v1,57,29,821.0,616,0.0,0.2614807224273682,0.8793555434544882,1.171431770324707,-0.012893604040145874,-0.22860306959885818,0.09538366278195715,-0.1559520329449111,-0.042978680928548174,0.21621787230173747,-0.18824655794379702,-0.08318451729423265,-0.05157441775004069,-0.23226156579442772,-0.11654779518464482,0.7011451063661658,0.33832498484497747,0.38025048510233556,-0.041592271097244754,2123,5615
TCATTTAAGTCTCCGA-1,GSM8576305_EM1_v1,EM,v1,35,99,910.0,678,0.0,-0.1481974983215332,0.6291514126459757,0.5911316776275635,-0.10261235237121583,-0.15417372024178905,-0.273918459492345,-0.1423433920494596,0.3643185949325562,0.10157963275909426,0.350757314209954,-0.022445004190032813,-0.06623974482218424,-0.2735684253125784,-0.16958970525657316,0.3305893957956473,-0.17078904882322585,0.3158379526138306,-0.01001609044690286,5625,3690
TCCAACTTTAAATTCT-1,GSM8576305_EM1_v1,EM,v1,40,40,1169.0,883,0.0,0.23012011408805846,0.759518609046936,1.2684294557571412,-0.02256993532180786,0.36455004364085974,-0.31672474645799203,0.19262074102136426,0.2783625237147013,0.10893488089243569,0.16348141664379548,-0.14642755384506806,0.3385490306218465,0.14843468359675271,-0.16572399216004643,0.6991905091826759,0.3246691953909969,0.21496564324696865,-0.018201560743393436,2671,4132
TCCACAATGGTTTACG-1,GSM8576305_EM1_v1,EM,v1,30,36,670.0,539,0.0,-0.14072799682617188,1.0294812568028768,2.34277325630188,0.5120640134811402,0.576367220883917,-0.2520315724034463,-0.14108069857260339,0.39673428058624266,0.22358783562978107,-0.17069422999353312,0.38358008698944723,0.3875079011917114,-0.22808531489238204,-0.12758853253590535,0.32554230811261176,-0.17758340739884904,0.3436547962824503,0.0,2469,3261
TCCACTTTATCTAGGT-1,GSM8576305_EM1_v1,EM,v1,31,79,1512.0,1034,0.0,0.5553864574432373,1.0185228459040325,1.494794864654541,-0.08355290412902833,0.42017729598675824,0.07391805033529958,0.34229588822314616,-0.08119826634724935,0.6315165456136067,-0.23291949524129912,0.9649353917348495,0.2550437593460083,0.2605207016190371,-0.18437544121799698,0.7238557058624006,0.37643603297778994,0.3228031361897787,-0.00818530878713054,4623,3344
TCCAGAGCACCGGTTC-1,GSM8576305_EM1_v1,EM,v1,40,70,1328.0,948,0.0,0.16062419176101683,0.5047784225145976,0.973902883529663,-0.042872071266174316,-0.215553998149757,-0.31538471098869075,-0.20300365629650297,0.3001044988632202,0.06901454448699951,0.13263261995985354,0.14046918755371796,-0.10847141265869141,-0.308787855278536,0.2565437081348465,0.6258347685152617,0.24928664921916846,0.2515416666666666,-0.01728712551055416,4173,4129
TCCAGGCGAGTACGGT-1,GSM8576305_EM1_v1,EM,v1,31,57,813.0,618,0.0,-0.14187556266784668,1.045794709523519,1.111398367881775,-0.03881659984588623,0.2695876406453791,0.14778280917400588,-0.14058995067625119,-0.10351092020670573,0.39949127674102786,-0.20978451732010348,0.5597314396438544,-0.0711900520324707,-0.3082454941837663,-0.18193495417215738,0.31513074262435936,-0.20498169863901808,0.4271072867711385,0.0,3521,3346
TCCCAAAGACGAAGGA-1,GSM8576305_EM1_v1,EM,v1,26,60,1207.0,876,0.0,0.41320696353912356,0.2036405841509501,0.4172495317459106,-0.06685202598571777,0.21002752804835903,-0.3132837664696478,0.1215278368844723,0.2674080753326416,0.23357778867085774,0.09352305023167845,1.043761706574735,-0.1039920425415039,0.23573492693613818,-0.16621204360900635,0.6041305741471342,0.5739748119111843,0.28710474967956545,0.0,3670,2910
TCCCACTCTCTTCCGG-1,GSM8576305_EM1_v1,EM,v1,31,107,576.0,498,0.0,0.22674984216690064,0.28600185275077816,0.20278260469436643,-0.05820469856262207,-0.14204166884406355,-0.1974051075596963,-0.1519606071606017,-0.058204695383707684,-0.20071610768636067,-0.1832004534360956,0.04263997505828787,-0.08730704625447591,0.3083721471120076,-0.08181382757592871,0.7087785835594024,0.3429974858444537,0.37685442447662354,-0.01173481825859316,6025,3341
TCCCAGCTTTAGTCTG-1,GSM8576305_EM1_v1,EM,v1,34,56,2957.0,1812,0.0,-0.20595781326293947,0.5665414031346638,0.9725109004974365,-0.1108095645904541,0.1687690338562165,0.08673420040288826,-0.03290013322854102,-0.12210375467936198,-0.028575862248738593,-0.03122014903703263,0.5305433975049941,0.3222051747639974,0.15165084835037168,-0.2787223417596166,0.11984042708033477,-0.29606761103091034,0.21474545987447108,0.2597471514055806,3471,3608
TCCCAGGCTTAGCTAA-1,GSM8576305_EM1_v1,EM,v1,30,48,305.0,264,0.0,-0.10899337768554687,0.8546741994222005,1.8461746215820312,-0.0528010892868042,-0.09871926196044105,-0.15886709767003213,-0.09162206817091557,-0.0352007261912028,-0.17242014567057293,-0.19063344846999764,0.35211539011761517,-0.0704014523824056,-0.1342874549957643,-0.09895786607121847,-0.0806893455264903,-0.11049208114777122,-0.15759616088867187,0.0,3070,3260
TCCCGCGTACTCCTGG-1,GSM8576305_EM1_v1,EM,v1,27,69,1713.0,1179,0.0,0.05371477246284484,1.1811106554667155,1.6909562873840334,-0.051147384643554686,0.1713824730653029,-0.3438812994187878,-0.20787912622131502,0.21582065741221113,0.352588742574056,0.1396695806031243,0.38139960788088745,0.2393959951400757,0.063833186329608,-0.22513713606868882,0.4796397498138996,0.06001997299683404,0.2716241467793783,-0.02325548279669977,4121,2996
TCCCGGGTGTGCTGCT-1,GSM8576305_EM1_v1,EM,v1,34,34,505.0,408,0.0,-0.11390791893005371,0.26052182118097944,1.2768856954574586,-0.09105144500732422,0.3230042102743551,-0.1565494075898201,-0.12180003307218241,-0.04269670168558756,1.0453128242492677,-0.1377608130209422,1.3949694260366512,-0.030350481669108073,-0.22476681935260573,-0.13407842796969127,0.3312915233964565,-0.18283716412292275,0.44987371126810705,-0.012238097767676077,2369,3610
TCCCGTCAGTCCCGCA-1,GSM8576305_EM1_v1,EM,v1,23,75,1448.0,1005,0.0,0.19580502629280092,1.015611081123352,1.2895412731170655,-0.06202895164489746,0.1436551619267118,-0.03021528094594933,-0.179073477149906,-0.09648946126302084,0.19194884141286211,0.06405239413547409,0.6235671916285266,-0.07101378122965495,-0.3232076254235693,-0.24837254903402672,0.6162160259263222,0.2947093825143582,0.24432672850290932,-0.008337224683453959,4421,2647
TCCCTGGCGTATTAAC-1,GSM8576305_EM1_v1,EM,v1,58,18,1177.0,865,0.0,-0.19451648712158204,0.8659831889470418,0.9429343032836914,-0.06752667427062989,0.28750010451079744,-0.31514232389388547,-0.17243865737341402,-0.09429594675699869,0.02808591524759929,0.1017837192169666,-0.17405683191577392,0.2851126511891683,0.4091100204421813,0.7012689375973131,0.4446069201972218,-0.24146339646151233,0.5441848545074464,0.0,1572,5704
TCCCTGGCTCGCTGGA-1,GSM8576305_EM1_v1,EM,v1,33,27,957.0,744,0.0,-0.14576422691345214,0.9100878683725993,1.3809440374374389,-0.03656895637512207,0.2253605363892605,-0.22279739379882812,-0.17056993374549656,-0.06501147588094075,0.13685606161753333,-0.19258847443953805,0.31361277806870136,-0.09155242919921874,0.32394612687658597,-0.12728151834633455,0.2505484131994766,-0.2054220473885935,0.30314082304636636,-0.00983036429651322,2018,3524
TCCGAACTTGGCTTAC-1,GSM8576305_EM1_v1,EM,v1,33,19,786.0,646,0.0,0.22256126523017883,1.0960315195719401,1.5702449321746825,-0.039285712242126465,0.43604535083706963,0.23941298344168244,-0.12477445482908932,0.895052744547526,-0.22184781392415365,-0.18104738216336355,-0.2883617266937716,0.3492063220342,0.319560140778262,-0.1498903481357069,0.6852859012718528,0.24021703915186682,0.47765101432800294,-0.010560675013449884,1618,3525
TCCGATGACTGAGCTC-1,GSM8576305_EM1_v1,EM,v1,22,76,1203.0,881,0.0,-0.13653873443603515,1.1025580390294394,1.7454699897766113,-0.0669408941268921,0.46891154187711725,-0.25549547133907197,0.136447051488666,0.2539460865656535,0.2605421225229899,0.12923653561667586,0.3844189168049634,-0.08394318262736003,0.2727945323928772,-0.16642752038427147,0.2915515258353214,-0.16879681998670698,0.3444227196375529,-0.00899743168584762,4471,2560
TCCGATGGTGCGACAT-1,GSM8576305_EM1_v1,EM,v1,25,53,1070.0,810,0.0,0.09407628893852235,0.74533722559611,1.553520040512085,-0.035048699378967284,0.30061840692092745,0.0922735286747805,0.2108684194117859,-0.0623088010152181,0.2612457307179769,-0.20710540057026025,0.13158875408569687,-0.07009740193684896,0.3292624366331292,0.26767028728163383,0.5228258975938944,0.1990118777605735,0.340531888961792,-0.018843387403795795,3319,2824
TCCGATTACATTGCCG-1,GSM8576305_EM1_v1,EM,v1,32,32,564.0,463,0.0,-0.09293338775634766,0.8923623021443685,1.5482083129882813,0.0,0.3302225433996024,-0.13802399173859628,-0.10785378668840069,-0.029301528930664063,0.3818406804402669,-0.11580679647898594,1.084066935947963,-0.03906870524088542,0.5913625837808631,-0.15565493786670118,0.2868892948402033,-0.1679361145631924,0.3397184041341146,-0.011815132633332283,2269,3436
TCCGCGGCAGCATCTG-1,GSM8576305_EM1_v1,EM,v1,34,84,750.0,573,0.0,0.36339283823966984,0.8918279918034872,1.1899915218353272,-0.013312939405441284,0.24538058833267906,-0.3258264910790228,-0.13634025363396285,-0.053251759211222334,-0.24381851196289062,0.26465602396855514,-0.17975085173591127,-0.035501171747843424,-0.26098819717345945,-0.14970373437107806,0.6558007884845352,0.4808339228731069,0.14184542687733964,-0.021472482912002072,4874,3605
TCCGGCCTAGCGTACA-1,GSM8576305_EM1_v1,EM,v1,28,98,454.0,376,0.0,-0.08444511413574218,0.21580749948819478,1.719835057258606,-0.01568321347236633,0.35640184682614295,0.236118684715939,-0.0846567560258067,-0.031366427739461265,0.3392292801539103,-0.09890357945675037,0.24482864094396675,-0.020910951296488445,-0.18157569854613767,-0.11606818509389119,-0.12186605677563686,-0.16637193558606814,-0.21027734375,-0.01264775280029543,5574,3080
TCCGGTTCGTCCGGTC-1,GSM8576305_EM1_v1,EM,v1,51,53,958.0,697,0.0,0.1337470817565918,0.5432949765523275,0.9461373472213745,-0.07310932159423827,-0.2070795524877848,0.028126057391891834,-0.18962651685365758,-0.06498606363932291,-0.2246129353841146,-0.2015408289472395,0.16250737416855487,-0.08935583750406902,-0.3007259751898218,-0.16637998220910988,0.1600523172613543,0.20723377129970455,0.08870943705240886,-0.019653043439311367,3324,5090
TCCGTTTAGCCTTGAA-1,GSM8576305_EM1_v1,EM,v1,29,89,966.0,745,0.0,-0.12949834823608397,0.39879178524017334,1.7522674942016603,-0.06397528648376465,0.18748674158800138,-0.26917832897555444,-0.135911592564786,-0.08907765706380208,0.2142416620254517,0.25968007034016827,0.817079895276948,-0.05204812049865723,-0.2934178731527673,-0.1391950553679562,-0.14245147486470833,-0.24991199404100908,-0.2573073425292969,0.0,5123,3168
TCCTAGCAAAGAAGCT-1,GSM8576305_EM1_v1,EM,v1,41,41,1031.0,771,0.0,0.19937460780143737,0.828161784807841,1.3850330448150636,-0.0743318510055542,0.1857714619790697,-0.37909910755772747,0.12420889541021266,-0.07900601069132487,-0.23541920979817707,0.16019898181243353,-0.42015094852926743,-0.06320480982462565,-0.3090472546925985,-0.16266682636306948,0.6816803652440921,0.29547760943771073,0.22841939767201747,-0.019114357809866627,2721,4220
TCCTCCTAAGACATTC-1,GSM8576305_EM1_v1,EM,v1,47,21,1041.0,800,0.0,-0.16242477416992188,0.9810878149668376,1.2319761037826538,-0.08265018463134766,0.41810260834369634,-0.210743288840017,-0.17628480916035205,-0.051527729034423826,0.315520354906718,0.27256456598921897,0.7687436635769791,-0.11449932098388672,-0.3547982824854104,0.5057295364548404,0.24621298584692117,-0.20658462422348584,0.3756886466344198,-0.031165965141788605,1720,4745
TCCTCGGGCTGGGCTT-1,GSM8576305_EM1_v1,EM,v1,40,76,822.0,622,0.0,0.19274713158607482,0.6924226442972818,0.7028402423858643,-0.051551918983459476,0.21959988316033066,0.03596546133542394,0.2871465743484354,0.3479085810979208,0.4348636420567831,-0.23358830480671247,0.5825816662467305,-0.034367945988972984,-0.23620372603696035,-0.11386970918341334,0.8208895453750916,0.2282206014114346,0.46485870933532714,-0.031180597120715726,4474,4129
TCCTCTCCAGTTGTCC-1,GSM8576305_EM1_v1,EM,v1,30,20,289.0,258,0.0,-0.07314558029174804,0.3216079886754354,0.9024728965759277,-0.053586058616638184,0.6894464564562641,-0.16119130965202086,-0.08228230297117305,-0.047632052103678386,-0.083356081644694,-0.14564497574515964,0.28608434078766987,0.5358605893452962,-0.08880894059636986,-0.04304101093705878,-0.05312614113007029,-0.11341253172195077,-0.1599017791748047,0.0,1667,3263
TCCTGCGTTGATACTC-1,GSM8576305_EM1_v1,EM,v1,38,30,1042.0,789,0.0,-0.19175275802612304,0.9503877782821655,1.6236693382263183,-0.047211284637451174,0.41433287424387344,0.0391114230529504,-0.19223332225828244,-0.07296630859375,-0.22068105061848958,0.2176443103165132,-0.15348907314609983,-0.08655403137207031,0.41694912412559176,-0.15168287284881715,0.1931969555025456,-0.21019526708086197,0.21461150201161705,-0.009518404160776445,2169,3959
TCCTTTCTTACGCTTA-1,GSM8576305_EM1_v1,EM,v1,30,62,799.0,607,0.0,0.2630380392074585,0.8123687998453776,1.7542372798919676,-0.042334976196289065,0.3595400085151528,-0.2582327935003465,-0.14473621110270793,-0.09765925725301107,0.7531571420033772,0.29972046301383504,0.8911758526913656,-0.06943593978881836,-0.25182783747293863,-0.18822997066390562,0.6239671427062726,0.34212296835687783,0.2870496152242025,0.0,3771,3259
TCGAAATTTAGGACCA-1,GSM8576305_EM1_v1,EM,v1,29,45,383.0,329,0.0,-0.0941196346282959,0.5140199081103007,1.2494985580444335,-0.016499451398849486,0.4815072211932179,0.23272161329946212,-0.09435552343688812,-0.021999268531799315,0.47948702971140544,-0.15024135423743207,0.6534156080466419,-0.010999634265899658,-0.20072079087835717,-0.06626285415097892,-0.09956202466030176,-0.0795109152395191,-0.2103826141357422,-0.026612018385241108,2919,3173
TCGAATATCCCGCAGG-1,GSM8576305_EM1_v1,EM,v1,58,32,665.0,512,0.0,-0.11390352249145508,0.8938948980967204,1.6646909141540527,-0.02774935483932495,0.2787355096842533,-0.2595528325726909,0.22572321200131773,-0.036999139785766605,-0.25635892232259117,0.2737741067656705,0.061542647396670924,-0.036999139785766605,-0.2255923566090534,-0.08915454604060774,0.2848614409010868,-0.21159591164477295,0.32635828876495365,0.0,2273,5702
TCGACAACTGAACCCG-1,GSM8576305_EM1_v1,EM,v1,57,15,817.0,644,0.0,-0.1419866466522217,1.0835786056518555,1.577654209136963,-0.03874852895736694,0.2636447763496152,-0.2644549954322077,-0.1488167803389088,-0.07749705632527669,-0.29510281880696615,-0.15788271594605716,0.13052411175253403,-0.13134394327799478,-0.24941511039274283,-0.2283797206648861,0.4010408433597204,-0.20145278471369407,0.44671773147583005,0.0,1422,5617
TCGACTGACGATGGCT-1,GSM8576305_EM1_v1,EM,v1,75,119,32.0,32,0.0,-0.014369498491287231,0.0,0.0,0.0,0.0,-0.06952983333218482,0.0,0.0,-0.019159331321716308,0.0,0.0,-0.019159331321716308,-0.04616706342582243,0.0,0.0,0.0,-0.06897359466552734,0.0,6634,7175
TCGAGACCAACACCGT-1,GSM8576305_EM1_v1,EM,v1,37,55,2502.0,1538,0.0,0.07625985026359558,0.7386363426844279,0.931237998008728,-0.11228754997253418,0.28326907604434415,-0.1407537031832928,-0.2270259235735824,-0.10580866495768229,0.20450069904327395,-0.27150037376378294,0.8744719807227054,0.11427932262420654,0.04538279901067893,-0.0046284187270934085,0.5485653694516267,0.12308588594098555,0.24074536355336512,-0.032435447938980594,3422,3869
TCGAGCCAGGCAGGCC-1,GSM8576305_EM1_v1,EM,v1,57,37,1035.0,753,0.0,0.37328309416770933,0.9334868876139323,0.9966967868804931,-0.059166765213012694,-0.22115147313146688,0.058098313995220696,0.17563598496573313,-0.08892830530802409,0.17017141977945965,0.16480974156986777,0.2598208463714008,-0.05522231419881185,-0.2886261231449234,0.2970678689489403,1.040490455818723,0.4415706946299626,0.6834732475280761,-0.019086053294520223,2524,5614
TCGCCGAAGTTGCGTC-1,GSM8576305_EM1_v1,EM,v1,45,37,723.0,580,0.0,0.37055222630500795,0.6585646200180053,1.0450034904479981,-0.05393474102020264,-0.15743177790306884,-0.25398509733138547,-0.09836336484827791,-0.02696736971537272,0.3256965716679891,0.39266186533963,0.1933144740894041,-0.06292386372884115,-0.22551652226582108,-0.19759083943194652,0.8684627681885203,0.4619624057873968,0.4091163094838461,-0.010873939721815048,2521,4569
TCGCCGCACCGCGTGA-1,GSM8576305_EM1_v1,EM,v1,46,6,241.0,223,0.0,-0.06731703281402587,-0.06248929341634114,0.41637479305267333,0.0,-0.03761897198731285,-0.07559188719718687,-0.08627952250621672,-0.04999143282572428,-0.13974749247233073,-0.0752379439746257,-0.3014559338440248,-0.03749357541402181,-0.10813981174943917,-0.12046128391740792,-0.04297257836022145,-0.03761897198731285,-0.07498715209960938,0.0,969,4659
TCGCGTCCAGAAGGTC-1,GSM8576305_EM1_v1,EM,v1,31,29,1046.0,782,0.0,0.1247338831424713,1.4096883296966554,1.9581427955627442,-0.08249832153320312,0.32054191581913194,-0.23570899040468277,-0.17623633669133773,0.32999330043792724,-0.28041160583496094,0.3139800368875697,-0.37018197984551665,-0.1021407953898112,0.23078797371033208,-0.11359495139983763,0.5221498343869403,0.19517904393781918,0.3595445957183838,-0.009504415335193757,2118,3349
TCGCTAAACCGCTATC-1,GSM8576305_EM1_v1,EM,v1,19,89,479.0,418,0.0,-0.14051931381225585,0.8593590084711711,0.8610912132263184,-0.046281418800354,0.4465113798511467,-0.21580619196737966,-0.1408714925436149,0.4422446807225545,0.37383586724599205,-0.1408717050201518,1.0210037361522928,-0.0925628407796224,-0.14975839637848268,-0.12391277297912352,0.38296603362334836,-0.10900325201028167,0.43651281325022373,-0.012441241933453468,5121,2297
TCGCTCGATATATTCC-1,GSM8576305_EM1_v1,EM,v1,29,63,436.0,364,0.0,-0.081064453125,0.3199175723393758,0.7048922300338745,-0.031753745079040524,0.4065818597906276,-0.14798288960610667,-0.08126762218045112,-0.09526123682657878,-0.1345065689086914,-0.16829017970872961,0.055155263559816536,-0.021169163386027017,-0.17662006975656533,-0.10471901644664595,-0.08769302586771356,-0.10844742892976589,-0.1467990264892578,-0.029923844722009475,3821,3171
TCGCTGGGCGGATTGT-1,GSM8576305_EM1_v1,EM,v1,28,74,1354.0,942,0.0,0.0527351677417755,0.8906677754720052,1.2397317600250244,-0.07442774295806885,0.401106244079777,-0.271353998491841,-0.21894182477678573,-0.0942542012532552,0.6050776036580403,-0.18475003704976875,0.6281986222879884,-0.08506027857462566,0.10660490032180725,-0.15372339884440103,0.345952263021879,0.1303059072664616,0.09374071661631267,-0.0171492503535363,4372,3083
TCGCTTTAAACGTTTG-1,GSM8576305_EM1_v1,EM,v1,25,87,1314.0,920,0.0,0.07246180176734923,0.8224985758463541,1.1500550127029419,0.35207258224487303,0.24409373494959463,-0.2693666642712009,-0.21333940166578555,0.308591628074646,0.29317423025767003,-0.20454052060742842,0.7663281147033296,-0.050235843658447264,0.21890488207100867,-0.17191285589133878,0.5503474829190098,0.09110022906874332,0.6921389122009277,0.0,5022,2820
TCGGAATGCGCTCTGA-1,GSM8576305_EM1_v1,EM,v1,30,28,733.0,613,0.0,-0.133212194442749,1.3385975201924643,1.5774445247650146,-0.05367865562438965,0.256353945237737,-0.158409180179719,0.215398837599838,0.3668041451772054,0.3380634148915609,-0.163776563561481,0.2093180819372436,0.8499120457967122,0.4943033976727222,-0.1561922280185194,0.3725976424777405,-0.1999445503770707,0.46551586914062504,-0.010822309601691461,2068,3262
TCGGACGCCCAGCCCA-1,GSM8576305_EM1_v1,EM,v1,33,79,1835.0,1204,0.0,0.016446272134780893,1.1030607652664184,1.8621202087402344,-0.037280335426330566,0.2935497738180086,0.17547364169002128,-0.01679852589927519,-0.06417540232340495,0.18141357898712163,0.027716167661524405,0.6789065468508139,0.1905735476811727,0.006145775461771419,-0.19955560768464484,0.46960352450865384,0.05394482679058743,0.28615372816721596,-0.015032393317068777,4623,3518
TCGGAGAGTATCGGGA-1,GSM8576305_EM1_v1,EM,v1,45,23,784.0,636,0.0,-0.12550667762756348,1.23748854637146,1.2169628047943115,-0.04260174751281738,0.40349346937543173,-0.28277452530399444,-0.13896113230769797,-0.06990427017211914,0.39850406487782797,0.2438811312285288,0.5340107762377123,-0.054615262349446615,0.39844590382403644,-0.11580526206388052,0.251947143016367,-0.22927267017173128,0.25525699742635094,0.503141576243985,1820,4570
TCGGAGTACATGAGTA-1,GSM8576305_EM1_v1,EM,v1,32,74,1664.0,1109,0.0,-0.21409467697143555,0.7308522033691407,1.5129370498657226,-0.09072344779968261,0.301397240680197,0.06777126887976304,0.019018287347970453,-0.09087319691975912,-0.001522305806477886,0.08581753372481565,0.7407832744732574,-0.08438225428263346,0.07989899202522982,-0.20830376559950742,0.11709011770934294,-0.25262157733623797,0.13126757462819416,-0.0157038934769169,4372,3432
TCGGCGTACTGCACAA-1,GSM8576305_EM1_v1,EM,v1,49,13,1494.0,1018,0.0,-0.1471787738800049,0.07259961644808449,0.33718194246292116,-0.08292819976806641,-0.1644515736047241,-0.1884738552954889,-0.13311693961160226,-0.06329753875732422,-0.17927440643310547,0.1440690268109342,-0.2689466811903757,-0.09467542012532552,-0.26953661202426893,0.46646359263653736,-0.14163969854229158,-0.17809951424997386,-0.16248165893554686,-0.0411364532286121,1320,4920
TCGGGAACGTGCCTAG-1,GSM8576305_EM1_v1,EM,v1,31,109,897.0,718,0.0,-0.1750226402282715,1.5707924683888752,1.4702961921691895,-0.06242967128753662,-0.20437665448140938,-0.24726221638341103,-0.18797849114974938,-0.052114130655924476,-0.2422455088297526,0.19215937030222371,0.7396557500528417,-0.0832395617167155,-0.3008131157442269,-0.1704906785344503,0.7413372187354845,-0.2021990109446854,0.9924026438395184,-0.022764080955136205,6125,3341
TCGGGATTCAAACATA-1,GSM8576305_EM1_v1,EM,v1,39,15,524.0,459,0.0,-0.08849967956542969,0.7518347104390463,1.2388598823547363,-0.0449988317489624,-0.12486602630104907,-0.13306105521417433,0.2862687713669655,-0.039998960494995114,-0.1489434051513672,0.382878925888036,0.27600496344145303,0.4299888245264689,-0.16694466464490776,-0.09638303733733763,0.26606406634379937,-0.1449324056057627,0.37999012660980225,-0.024192919654230916,1418,4048
TCGGGCCGTCGTGGTA-1,GSM8576305_EM1_v1,EM,v1,40,88,928.0,714,0.0,-0.13737906455993654,0.40486177523930866,0.6785210180282593,-0.061651296615600586,0.26463093234012225,0.12913909485812564,-0.15171300558219278,0.7315953795115153,-0.23900843302408853,0.2611515712046969,-0.050028243513305815,-0.082201722462972,-0.24422676974989804,0.8378633931937467,0.17102060063520613,-0.1546253599849433,0.16991142241160076,-0.019887514652744416,5075,4127
TCGGTCCCGACAATAG-1,GSM8576305_EM1_v1,EM,v1,57,23,1522.0,1099,0.0,0.1686893117427826,0.7756867694854737,1.0180174016952515,0.2833926391601563,0.26049560115754666,-0.348130133844191,-0.18314218162593984,-0.1100418217976888,0.24418375651041668,0.10426282125173206,0.402873358278076,-0.12820144653320312,-0.3078224764291541,-0.21889364097013053,0.8716976861215936,0.20238767379901082,0.6417873675028483,-0.03264892101287842,1822,5616
TCGTAAGACGACATTG-1,GSM8576305_EM1_v1,EM,v1,27,77,1585.0,1086,0.0,0.16937498211860658,1.0680069510142007,1.700894889831543,-0.07956507682800293,0.22025880460090594,-0.28878864165275325,0.07125431056458847,-0.11271718343098959,0.2700432713826498,0.21742870749172688,0.7460261027931055,0.20675599177678428,-0.3502967558711408,-0.19922054244811277,0.48831824245288924,0.20695359983305997,0.21220464324951172,-0.008020672586656386,4522,2995
TCGTATTACCCATTGC-1,GSM8576305_EM1_v1,EM,v1,37,25,575.0,484,0.0,-0.17615293502807616,0.6821890036265055,1.092254123687744,-0.029118778705596923,0.375380586089365,-0.21199135626516036,0.19468827795862853,-0.03882503827412923,0.7698449357350667,-0.14657100307502874,0.48991331708405567,-0.04104365030924479,0.3850684776842355,-0.17808733407752103,0.30152919768945535,-0.11967112308361857,0.4092432781855265,0.5823755741119385,1919,3873
TCGTCAAGTACGCGCA-1,GSM8576305_EM1_v1,EM,v1,56,38,859.0,633,0.0,0.347664680480957,0.6205736502011617,0.9176907825469971,-0.038054709434509275,-0.14597328211551525,-0.28041698086646294,-0.1628729072131011,-0.04228301048278808,0.16011571884155273,-0.22054329046038879,0.7117263707683315,-0.07610941569010417,-0.2721693659403238,-0.16826211400778898,0.6680755263413263,0.5393646712287214,0.1446564292907715,-0.03068928180202361,2574,5527
TCGTGTCACGCTGACA-1,GSM8576305_EM1_v1,EM,v1,43,23,437.0,374,0.0,-0.17331182479858398,1.5241241836547852,1.6170706415176392,0.0,0.4137469971326149,-0.16437948903729838,-0.15784052798622533,-0.04230905850728353,0.3913587935765584,-0.13184660334252196,0.11413782770823677,-0.07404085159301758,-0.26531982421875,-0.03823107600690849,0.32198431046097875,-0.11511623420842913,0.3784914967219034,-0.012795078177605905,1820,4396
TCGTTAGGAGTCCCTA-1,GSM8576305_EM1_v1,EM,v1,52,54,906.0,667,0.0,0.2332065212726593,0.47802735805511476,0.7456850719451904,-0.03732043504714966,-0.24796170135804244,-0.2899033023465064,-0.15330068449627487,-0.07464087168375651,0.31387489000956215,-0.20872864994316995,0.1739931623454754,-0.0912277348836263,-0.299313250315716,-0.1598733649196395,0.6837218402108354,0.3023034921590833,0.290741543451945,-0.030097125038023916,3374,5177
TCGTTGCTATCCGGTC-1,GSM8576305_EM1_v1,EM,v1,54,46,946.0,674,0.0,0.17260473489761352,0.5637180042266846,0.7979409408569336,-0.061212167739868165,-0.1556473288647706,-0.2534137695066391,0.1722702584171056,-0.06529297510782878,0.20242426872253416,-0.22012709295470578,-0.08148728765691687,0.3835962661107381,-0.2884761703062249,-0.11867703204174118,0.4889095919180053,0.2559096196556304,0.15669467480977373,-0.014063534236723376,2974,5352
TCTAAAGAACAGTCTC-1,GSM8576305_EM1_v1,EM,v1,52,10,4233.0,2380,0.0,0.08902034759521485,-0.06588974396387737,0.5120718765258789,-0.1093825912475586,0.21776213547590714,-0.315705084031628,-0.26805179758478226,-0.23407145182291667,-0.23718714396158855,0.3946411859497444,-0.30336523090261225,-0.20860867818196616,-0.10493381760685319,0.8784366347224837,0.08796821829241122,0.14403744232960236,-0.07489474741617838,-0.029338359832763672,1170,5182
TCTAATACTGCCTCAG-1,GSM8576305_EM1_v1,EM,v1,57,25,978.0,726,0.0,0.09615199327468871,0.9820510355631511,1.2633431339263916,-0.03950998783111572,0.21244953813627282,-0.2819967269897461,-0.20057146650806704,-0.05642323811848959,0.14428392092386882,-0.1898433340831744,0.7234907314577124,-0.05858184178670248,0.18312053029316977,-0.1605838790954835,0.5505982377809235,0.21244953813627282,0.2961797399520874,-0.019501120813431277,1923,5616
TCTACCGTCCACAAGC-1,GSM8576305_EM1_v1,EM,v1,27,67,1381.0,991,0.0,0.0841332769393921,1.268393702507019,1.4708092498779297,-0.09491119384765626,0.22390653975432534,-0.3334367198328818,-0.19053093472817786,-0.11248736063639322,0.03780028661092122,-0.258827847381898,0.2794489562725387,0.22990326563517252,0.0855882322931864,-0.12705650482790537,0.502765911014852,0.09554285508733129,0.24433628463745116,-0.00850458683506135,4021,2997
TCTAGCAATCTCCGCC-1,GSM8576305_EM1_v1,EM,v1,46,30,1341.0,985,0.0,-0.18229597091674804,0.9022746642430624,1.3137096357345581,-0.12058652877807617,0.34190131336816043,-0.29378211113714403,0.15244717981881067,0.21218815485636391,0.2965556669235229,-0.21964822724511393,0.4831117392442078,-0.10885780334472656,0.23566710441466793,0.24789815619288677,0.2764527035989187,-0.1867502652681791,0.27997469965616856,-0.03443562599920457,2171,4656
TCTAGGTGGCGACGCT-1,GSM8576305_EM1_v1,EM,v1,29,99,364.0,318,0.0,0.34657293200492856,1.2152353700002034,1.9213272380828856,-0.06697879314422607,0.4886948444372834,-0.12425761838113109,-0.07222508786614974,-0.08039336522420247,-0.15628382364908855,-0.10306317511210872,0.42345044395517983,-0.03348939577738444,-0.23146829260400978,-0.05379822742508118,0.7489372425229638,0.4886948444372834,0.42149729251861573,0.0,5624,3167
TCTAGTTATCAGAAGA-1,GSM8576305_EM1_v1,EM,v1,34,54,2705.0,1660,0.0,-0.02356974303722381,0.6919554805755614,1.0503007984161377,-0.08798210144042969,0.361199070644485,0.5449141159584994,0.2835629165620732,0.07991610606511432,0.30595559438069664,-0.2593456510716059,0.41289924462750416,0.10956826925277707,0.4611016744590668,-0.2748285010157819,0.36395477155559725,0.0007251815386573046,0.17582312679290774,-0.04989980113121771,3371,3608
TCTATCGGTCGCAACA-1,GSM8576305_EM1_v1,EM,v1,22,64,1011.0,798,0.0,0.2991600370407105,0.9140727106730143,1.2795826292037964,-0.015170531272888184,0.1854143529432673,-0.24725914001464844,-0.0998779813149818,0.3039726273218791,-0.19945106506347657,0.1709447724364673,-0.5154385974059752,-0.08971218109130859,-0.27833958514722956,-0.11068195511538341,0.5026527308461317,0.29526728212235365,0.1718150625228882,-0.009628850606180007,3870,2561
TCTATTACTAGAGGAT-1,GSM8576305_EM1_v1,EM,v1,41,15,1273.0,950,0.0,-0.16086679458618164,1.333536524772644,1.6519956398010254,-0.03589065313339233,0.6727054212138539,0.1560162575014176,0.645685330966959,-0.10214614868164062,0.5606456979115804,-0.2183896067947847,0.8706455353944316,-0.12055534362792969,0.10134720706556694,-0.2065616132743866,0.3128787904209257,-0.24965920336669106,0.3267730865478516,-0.00879449229086599,1419,4222
TCTCCAACGTAGGTTA-1,GSM8576305_EM1_v1,EM,v1,20,78,725.0,594,0.0,-0.14458950042724608,0.2680516115824382,1.5294069051742554,-0.057177042961120604,0.31547884066633824,-0.29431112350956085,-0.13819959826935502,0.39514364083607995,-0.2196319071451823,-0.14397145912400058,0.11440724378340722,-0.05388322194417318,-0.17455308600123148,-0.20822419315935617,-0.12590987634522183,-0.16057974518740856,-0.2596266784667969,-0.010863553131780317,4571,2385
TCTCGTGTTACGAGGA-1,GSM8576305_EM1_v1,EM,v1,45,5,225.0,215,0.0,-0.05724735736846924,-0.07632980982462566,0.8963398265838622,0.0,-0.06382091228778546,-0.14125201009934948,-0.08608625407206982,-0.012721635500590007,-0.17810288747151692,-0.07658509346952407,0.3726078476395782,-0.012721635500590007,-0.12535746317790694,-0.0919636262947297,-0.043742013182544434,-0.06382091228778546,-0.15538795471191405,-0.015389075202326621,918,4572
TCTGAATTCCGTACAA-1,GSM8576305_EM1_v1,EM,v1,34,94,1152.0,846,0.0,0.10775869607925415,0.5917593383789063,1.0010947704315185,-0.06810357093811036,0.4261590960033761,-0.33657264709472656,-0.19351588275498316,0.2875484371185303,-0.2622839101155599,-0.2298301518162756,-0.18922359996447874,-0.13077379862467448,0.20792754491170248,-0.2174019564586471,0.6027334419567469,0.18140627282651903,0.27116257572174074,-0.00915370641216155,5375,3604
TCTGCCAGAAACTGCA-1,GSM8576305_EM1_v1,EM,v1,41,79,896.0,668,0.0,0.14936636805534362,0.6518107660611471,0.4299041938781738,-0.04996421337127686,0.27311177570019807,-0.3514511969781691,-0.16957941270412358,-0.05829158147176107,0.783646380106608,-0.2043781599472199,1.0581459201503296,-0.06046212514241536,-0.29178178166768637,-0.16052759316072884,0.5070053581521983,0.25640133485081734,0.20623438835144042,0.48956870359759175,4624,4215
TCTGGGTAGCGCTCAT-1,GSM8576305_EM1_v1,EM,v1,40,36,995.0,753,0.0,0.1305843198299408,0.64982337474823,0.9022315692901611,-0.10811038970947266,-0.17257673844047214,-0.2443452342864006,-0.18821123548617638,-0.05605724334716797,0.15417768319447836,0.18901198005995223,-0.113166335839123,-0.06622156143188476,0.16000618436729097,-0.1306248094183374,0.5711321755603255,0.22999547995053804,0.3307492745717367,-0.02198286210336993,2470,4133
TCTGTGCCATCATAGT-1,GSM8576305_EM1_v1,EM,v1,32,80,1089.0,785,0.0,0.15150282740592957,0.8591990677515666,1.195798463821411,-0.04641387462615967,0.37574566792750697,-0.01653428561127135,-0.14474749266354361,-0.03867822964986165,0.29611950079600013,-0.2054562265657661,0.3229100336210384,-0.0696208127339681,-0.3493803706035078,0.3243379200318731,0.5895738161054245,0.19056974964397008,0.3444667447408041,-0.037430544053354574,4673,3431
TCTGTTACCCAGCATA-1,GSM8576305_EM1_v1,EM,v1,51,35,1225.0,854,0.0,0.1281748354434967,0.8678383048375448,1.106143455505371,-0.06645607471466064,0.3241262639246657,-0.3355769495810232,-0.24558298211348684,-0.08860809961954752,-0.23008694966634113,-0.2518243949150162,-0.18584142977268847,0.2953603442509969,-0.30412522281508847,-0.19982943860402547,0.560438145368352,0.23626917461089067,0.14248081493377684,-0.01786453685452861,2422,5092
TCTTACCGGAACTCGT-1,GSM8576305_EM1_v1,EM,v1,21,91,384.0,341,0.0,-0.0593903398513794,0.3065061422189077,2.006426658630371,-0.016486893892288208,0.5802694120534686,0.3326558945915117,-0.059539187820931726,-0.04396505037943522,-0.13772225697835286,-0.1699319412078347,0.1758110156952693,-0.010991262594858804,0.5689120482249432,-0.07945491223928919,-0.06248632064863057,-0.11704763201965536,-0.12410150909423828,0.0,5222,2471
TCTTCCCATGGGCACA-1,GSM8576305_EM1_v1,EM,v1,32,96,668.0,520,0.0,-0.11776180267333984,1.0117945861816406,1.0475257110595702,-0.027707157135009767,-0.1412195058969351,0.1542748833581599,-0.11111280015835487,-0.055414314270019534,0.3353215996424357,-0.21888403748987512,0.5872834237119917,-0.05761877695719401,-0.23485027451113047,-0.11127372343377416,0.24313229407826947,-0.18755253820514997,0.24434234873453778,-0.011172240780245873,5474,3429
TCTTCGAATAGACGTT-1,GSM8576305_EM1_v1,EM,v1,39,71,981.0,746,0.0,0.2954932653903961,-0.2497596232096354,0.9535797452926635,-0.02415349245071411,0.20850991604718874,0.06864815703185473,0.13650032235566237,0.30594422817230227,0.14474738597869874,-0.22485178051186247,0.45425669340803226,-0.05635814666748047,-0.28437287357437563,-0.1869039420621941,0.29393103274711563,0.42432669346680746,-0.27419052124023435,-0.009739311472062142,4223,4042
TCTTCGATACCAATAA-1,GSM8576305_EM1_v1,EM,v1,32,66,1391.0,966,0.0,-0.19969133377075196,0.9629353539148966,1.6476546955108642,0.33329736709594726,-0.2153291479002273,0.04108214927708498,0.1256160715170074,-0.06308401743570964,0.6488965511322021,0.1636330386335103,1.2428351187996958,0.2250065883000692,0.11963737537583197,-0.2396777509206749,0.185599838423524,-0.2153291479002273,0.22737378056844082,-0.01695806941678447,3972,3432
TCTTGATGCGTAGCGA-1,GSM8576305_EM1_v1,EM,v1,32,68,1049.0,790,0.0,0.09532592296600342,0.47465725978215534,0.9180093002319336,-0.07063508033752441,0.27959275006450535,0.0356697662634784,-0.20538662788563206,-0.07848342895507812,0.19062906901041665,-0.2384029885996943,0.7669534874920869,-0.09418011983235677,-0.3189082624443085,-0.13755850428079505,0.5494879379996598,0.17001832315621437,0.2569212716420492,-0.009493962410957582,4072,3432
TCTTGGTAACACCAAA-1,GSM8576305_EM1_v1,EM,v1,21,65,796.0,641,0.0,0.206502788066864,1.1530139462153117,1.3893987941741943,-0.026073317527770996,0.2914156283821948,0.18849450542080787,0.18659949915152146,-0.06952885309855143,0.6330450630187988,-0.15832643285642897,0.9073381868952569,0.35415005683898926,0.8690403697002365,-0.1256545499625455,0.6782239740420891,0.2914156283821948,0.333841449101766,-0.021026868974008867,3920,2474
TCTTTAAGACTATGAA-1,GSM8576305_EM1_v1,EM,v1,34,98,771.0,591,0.0,0.2550914180278778,0.6412661822636923,0.9767359399795532,-0.03955386400222778,-0.16447706445802415,-0.23178398993707472,0.17922019495402364,-0.043948739369710284,0.29097156365712484,-0.19087525434717287,1.0883785112248163,-0.026369242668151854,0.23074611947239643,-0.20384844431436686,0.7989099206760483,0.3690184043801349,0.519028912226359,0.0,5575,3603
TGAAAGGACCTGACTC-1,GSM8576305_EM1_v1,EM,v1,35,83,768.0,564,0.0,0.18612364530563355,0.613652651309967,1.4507872104644775,-0.052810888290405276,-0.19696687934390678,-0.2927086430211221,-0.1376872624370986,-0.04400907516479492,0.319449782371521,0.24671467304761324,0.5579784061954933,-0.05281089146931966,-0.2655136537360379,-0.10604596425251789,0.47289250812421213,0.2519551102267194,0.1497237618764241,-0.021294713020324707,4824,3692
TGACAGGACAAGTCCA-1,GSM8576305_EM1_v1,EM,v1,55,9,568.0,469,0.0,-0.12359764099121094,0.7227637704213461,1.1726841354370117,0.5554582166671753,-0.12178389125045726,-0.15861632747034873,-0.12390740951499843,-0.03897952397664388,-0.24634073893229166,-0.23511545953144597,0.10645509262523117,-0.029234644571940104,-0.21831420530755835,-0.1553049968428401,0.33978588789445285,-0.12178389125045726,0.5303049284617105,-0.011788162492936658,1121,5443
TGACATCGAGCGGACC-1,GSM8576305_EM1_v1,EM,v1,35,101,523.0,432,0.0,0.245449435710907,0.9319916280110677,0.9247376823425293,-0.06003474235534668,-0.14411114848975753,0.2853654243979037,0.23760103716288594,-0.01000579039255778,0.49577995459238683,0.2778738889938746,0.7138885554870256,-0.1000579071044922,-0.17700322469075522,1.2257949338859344,0.6048021777653079,0.38629612050859163,0.21529247983296718,-0.036311334179293726,5725,3690
TGACCCACGTTAGACA-1,GSM8576305_EM1_v1,EM,v1,33,47,530.0,430,0.0,-0.11494856834411621,1.0247648366292317,1.4824516487121582,-0.029891066551208496,-0.18020826358858957,-0.2566259445682649,-0.12272815178510241,-0.049818445841471354,0.39901784578959154,0.35376033575638477,0.2011345656587336,-0.029891064961751302,0.347712696412481,-0.09603556284464028,0.2982081039928775,-0.1702112433902396,0.24361150550842287,-0.012052849415809877,3020,3522
TGACGAATATTTCCCT-1,GSM8576305_EM1_v1,EM,v1,44,22,1306.0,987,0.0,0.2009301507472992,0.775833438237508,1.0584043312072753,-0.021583645343780516,0.1598327182474211,-0.27296321622786984,-0.16467174252770597,-0.1244195048014323,0.29263788223266596,-0.23349353700975908,-0.09786349171284536,0.23022555828094485,-0.3024688475582016,-0.21924807077430816,0.5315507392487075,0.2386866818569443,0.19455705992380778,0.0,1770,4483
TGACGATGCACTAGAA-1,GSM8576305_EM1_v1,EM,v1,37,95,1783.0,1174,0.0,-0.19020463943481444,0.5000203069051107,0.6182019996643067,0.30543475151062016,0.19957878212200492,-0.038862942550588864,0.27194332329551674,-0.08812349955240885,-0.32177594502766926,-0.24744203497334866,-0.32527293015621755,0.1825415388743083,-0.001226520538330056,-0.207049235761405,0.21585463427199333,-0.23224624582756323,0.2195390030543009,-0.022843070568576936,5425,3865
TGACTATAATCCTTTC-1,GSM8576305_EM1_v1,EM,v1,46,68,1402.0,966,0.0,0.08799798488616944,0.6766730658213298,1.2046584701538086,-0.04506626129150391,-0.2159968347453752,-0.284454591812626,0.08230907666055778,-0.09990715662638347,0.5140849653879802,-0.20900781178554165,0.677547714989218,-0.08593456268310547,0.14457740247488976,-0.17340231899276795,0.5519904922960822,0.10527937654135885,0.28205927530924474,-0.016902331382997574,4074,4652
TGACTCCGAATCATAC-1,GSM8576305_EM1_v1,EM,v1,62,16,1401.0,1063,0.0,0.10985626697540282,0.4544353763262431,0.6634665775299072,-0.08386058807373047,-0.20896289021673808,-0.25022742056077524,-0.1473351194147478,-0.06499457041422527,-0.2584142049153646,0.13927471677595157,-0.10557174614155285,-0.09084898630777995,0.1284991919276226,0.6340030762086432,0.5166259392626307,0.14045621399895403,0.33289963245391846,-0.01690737662776824,1473,6053
TGAGCCATACAGTCTC-1,GSM8576305_EM1_v1,EM,v1,42,38,726.0,584,0.0,-0.1493932819366455,1.0062905995051066,1.0060512018203736,-0.0456553316116333,0.37866754741838804,-0.2358954183516964,0.1733436819754149,-0.035905014673868814,0.33159591197967525,-0.1731843342350478,0.4855328314781873,-0.09873879750569661,0.3578355990260481,-0.12425331514044459,0.3572432465402991,-0.19114082872269544,0.400982359568278,-0.021716742746291623,2571,4307
TGAGCTTTAATGACGC-1,GSM8576305_EM1_v1,EM,v1,19,85,213.0,199,0.0,-0.051802878379821775,0.9367604621251424,1.8850630474090577,0.0,0.5932465212268042,-0.07802670232711299,-0.04223314921061198,-0.05160166104634603,-0.10547887166341145,-0.07766136118400854,0.3000527347323711,-0.025800830523173016,-0.14262564785509224,-0.04662800601208545,-0.08871345738626825,-0.0517742418525211,-0.09288298797607422,-0.04681602216535999,4921,2297
TGAGTAAATTAGCGTA-1,GSM8576305_EM1_v1,EM,v1,47,57,1060.0,754,0.0,0.12682329177856444,0.48753689289093016,1.1059043931961061,-0.09380264282226562,0.31098880177756216,-0.28077894641507056,-0.17848152026795505,-0.07816886901855469,0.10790102640787763,-0.2082492101152605,-0.20629372634394771,-0.07816886901855469,-0.29585168064837475,-0.1344376223154336,0.12275304083837821,0.19365169691002887,-0.2597721862792969,-0.009455911574825164,3524,4741
TGAGTGCCTCTTAAAT-1,GSM8576305_EM1_v1,EM,v1,45,41,759.0,580,0.0,0.32329734444618224,0.7363947478930155,1.352308669090271,0.4507543516159058,0.5052416480105857,-0.29288611873503656,-0.1331487861193511,-0.03535328229268392,0.21717629273732506,-0.14979550671019284,0.5092880262031199,-0.07070656458536784,0.34349603710404364,-0.08518863203056366,0.7409047043767563,0.43964874079926497,0.33705229218800864,0.0,2722,4568
TGAGTGGTCCGTGACG-1,GSM8576305_EM1_v1,EM,v1,30,84,1374.0,962,0.0,0.1840640711784363,0.7407389799753825,1.6334236145019532,-0.03170405864715576,0.14820335368514728,-0.2939337453534526,-0.15939054752053475,-0.07255627950032552,0.39943900744120275,-0.15866475440187996,0.9606699077499401,-0.08664697011311849,-0.322415822959808,0.2582546741608156,0.49564790418291504,0.25049504229057595,0.17428032112121583,-0.028111519352082285,4873,3256
TGATACATTTAGCCGT-1,GSM8576305_EM1_v1,EM,v1,55,43,1118.0,818,0.0,0.12356473088264466,-0.00971342921257018,0.7838590812683105,-0.05742559909820557,-0.25942245534431174,-0.36438148252425656,-0.16397320357779213,-0.038283732732137046,0.18204875310262042,-0.3115532661361439,0.015348298209054145,-0.08850128173828126,-0.2907692170047377,-0.2163083333088212,0.07960628412856072,0.12341487992434469,-0.3522784423828125,-0.009262193595209429,2824,5440
TGATCAGGGAACTGCT-1,GSM8576305_EM1_v1,EM,v1,42,24,597.0,480,0.0,-0.11608590126037598,0.6288036394119263,1.118264765739441,-0.04314613342285156,0.33277694703211624,-0.27636761819162675,-0.12358588503118147,-0.021391309102376303,0.5380143292744954,-0.17987644871740438,0.8522325448654404,-0.047940152486165365,0.3799155679572538,-0.15017396857939572,-0.10204030996065769,-0.15624466707873902,-0.26265103149414065,-0.023196847208084598,1870,4308
TGATCCCAGCATTAGT-1,GSM8576305_EM1_v1,EM,v1,27,107,640.0,537,0.0,-0.0859837532043457,0.999442146619161,0.6464083862304688,0.5059633684158326,0.43347201698201154,-0.1456201614872102,0.2581193135645157,-0.08653593063354492,0.3062090826034546,-0.15970739154113975,0.026390727269760772,-0.05621815363566081,0.3430507248185246,0.4213939132460629,0.7314596949812334,-0.14766371608976536,0.9800386130015056,-0.011334304848024923,6024,2992
TGATCGGTTTGACCCT-1,GSM8576305_EM1_v1,EM,v1,28,54,557.0,467,0.0,-0.15645281791687013,0.999774497350057,1.921292142868042,1.2806543469429017,-0.16771504073637386,-0.19677772829609533,-0.1568449398031211,-0.019613194465637206,1.043631286621094,-0.1359242595557784,1.1581655715920474,-0.06864617665608724,0.34167840394629057,-0.09452141145146994,0.32078387120733287,-0.16771504073637386,0.41796299457550046,-0.011862819233248311,3370,3085
TGATCTATCACACTCT-1,GSM8576305_EM1_v1,EM,v1,72,92,126.0,122,0.0,-0.021932899951934814,-0.08773159662882488,0.5749432468414306,-0.021932899951934814,0.6577424862180133,-0.0884391107866841,-0.010993934812999907,-0.05848773320515951,-0.08773159662882488,-0.05868334435300285,-0.06612934898491481,-0.014621933301289877,-0.08808393363493035,-0.08808393363493035,-0.06284498416933426,-0.13203752957857573,-0.07018527984619141,0.0,5281,6916
TGATCTCCGGCGCCAG-1,GSM8576305_EM1_v1,EM,v1,28,50,615.0,510,0.0,-0.14363184928894043,0.9985309346516927,1.542698392868042,-0.0854520320892334,-0.12451934814453125,-0.26317737948509956,-0.1368529718920103,-0.02120184262593587,-0.20801738739013673,-0.13499108764240175,1.1194820938055583,-0.04019118309020996,-0.21233176419055128,-0.10295425169917953,0.354880878525682,-0.14357219172959343,0.32428669897715245,-0.022970976368073496,3169,3085
TGATTCAGGTCCCGCG-1,GSM8576305_EM1_v1,EM,v1,48,8,1780.0,1255,0.0,-0.20876579284667968,0.24390924453735352,0.9810660171508789,-0.1164603328704834,0.40709827323688175,-0.06864731982007,-0.20774868078399122,0.20787688096364337,0.41220932006835936,0.044009523779785065,0.45488402728801647,-0.1026840082804362,0.12590348845026106,-0.2121368316282709,0.13618690082883425,-0.2106217476835219,0.0890472532908122,-0.02286036168375323,1069,4833
TGATTCGTCTATCACT-1,GSM8576305_EM1_v1,EM,v1,31,41,682.0,550,0.0,-0.09794676780700684,0.621401580174764,1.2443702411651612,-0.04126928806304932,-0.1713677728455202,0.19358130534123716,-0.11198315345553826,-0.06639901479085286,0.35677985032399495,-0.1872514322848623,0.735369274621376,-0.04585476239522298,-0.2113429915952874,-0.1378989468616654,0.21209787135479444,-0.16437585377772915,0.26068380133310953,-0.02218778864029915,2719,3348
TGATTCTGTCGCCGGT-1,GSM8576305_EM1_v1,EM,v1,48,44,1005.0,744,0.0,0.23171321392059327,0.8930317894617716,1.3074449110031128,-0.03590043544769287,0.3333400712496993,-0.30181371012041647,-0.1606268058145853,-0.10371236165364583,0.21309237798055014,0.18089585997986554,0.3090463331596336,-0.07395556767781576,-0.26301096720867845,-0.16859429907128515,0.6529861374365907,0.31733094782069116,0.29127448622385654,-0.00965065436978494,2873,4829
TGATTTATTAGCTGTG-1,GSM8576305_EM1_v1,EM,v1,38,34,673.0,532,0.0,0.18253607749938966,1.0676783847808837,1.1180549621582032,-0.05527454376220703,0.48592802486823694,0.18413323960545977,-0.1564115557754249,0.4329839261372884,0.6260285949707031,-0.21174473587087164,0.4395108876772605,-0.05527454376220703,-0.24956484875047064,-0.16914462660211158,0.6611075823149913,0.24923586021431843,0.361806973139445,0.0,2370,3959
TGCAAGAATGACGTAA-1,GSM8576305_EM1_v1,EM,v1,30,60,584.0,479,0.0,-0.12257383346557617,0.6474855629603068,1.1791952514648438,-0.03229783058166504,-0.1497936695315766,0.20654259519093598,-0.12288103605571546,-0.03862930297851563,-0.20127269744873047,-0.2155625971663357,0.5111386175217256,-0.03862930297851563,-0.2286446199838416,-0.10471799000200019,-0.11286496706200193,-0.14010405779682275,-0.2172728271484375,-0.011682248884631742,3671,3259
TGCAGAACTATATCGT-1,GSM8576305_EM1_v1,EM,v1,42,22,831.0,665,0.0,-0.14591171264648437,0.6813667742411296,0.5616388893127442,-0.02567537784576416,0.3326178689465475,-0.20499001779863912,-0.15271234153804922,0.7659011395772298,0.41725846290588375,-0.19542553751763692,0.6371284020691574,0.359455296198527,-0.3011705329619258,-0.1366747814009946,0.3787600780626423,-0.22367162289826767,0.44574440447489416,0.0,1769,4309
TGCAGAGTACCGAGCA-1,GSM8576305_EM1_v1,EM,v1,38,46,633.0,519,0.0,0.26371588826179504,0.3603624725341797,0.7582369232177735,-0.14106236457824706,-0.15096975728420908,-0.2250731529728059,-0.10330452596334587,-0.028212474187215168,0.5141638310750325,-0.15172445494993075,0.8134569392645865,-0.09404157638549805,0.4086716249764684,-0.06798186551136186,0.27383798693859135,0.3192381325905671,-0.22327256774902343,0.0,2971,3958
TGCAGATCGTCCTAGG-1,GSM8576305_EM1_v1,EM,v1,42,18,610.0,500,0.0,-0.13449291229248048,0.6814496119817098,1.6480588340759277,-0.014280465841293334,-0.1808690865302963,0.13266141623395927,-0.13482998726063206,-0.028560930887858074,-0.19331826527913412,-0.15967724395037494,0.07945611796957591,0.418893666267395,0.35210233079381736,-0.1147025311328321,0.21728894763484724,-0.1808690865302963,0.2028664496739705,0.0,1569,4309
TGCAGCTACGTACTTC-1,GSM8576305_EM1_v1,EM,v1,42,16,892.0,692,0.0,0.10975076794624328,1.0662766965230306,2.128949022293091,-0.06255794048309327,0.47951078002933933,0.07934960461981289,-0.22236222193055882,-0.033364235560099285,0.6531642278035481,0.2643467344700825,0.39576130912873864,-0.06672847112019857,-0.2987866382522277,-0.22150212789635104,0.5884640701862325,0.2127572151862392,0.33491691335042323,-0.01008999059277196,1469,4309
TGCAGGATCGGCAAAG-1,GSM8576305_EM1_v1,EM,v1,24,74,1953.0,1236,0.0,-0.21138628005981444,1.1075454664230346,1.6350695228576662,-0.0452903938293457,0.4176014253792821,-0.10294503660245974,-0.2209968662500979,0.19522491931915287,0.08051694552103678,0.15125208541568175,0.230542600539975,-0.13889052073160807,-0.3366420087086628,0.04387104903837763,0.1593631194280007,-0.2230929371505278,0.18132974720001221,-0.007304902038266582,4371,2734
TGCAGTTTCCTCCCAT-1,GSM8576305_EM1_v1,EM,v1,40,90,4584.0,2527,0.0,0.00015553176403046431,-0.04902238567670186,0.16504452466964725,-0.2041024971008301,-0.04211787748230475,-0.260505860851657,-0.23960031303845553,-0.19043074289957682,-0.00781282186508181,0.09505850893996631,-0.005481604270086149,-0.18717581431070965,-0.40165869777939883,-0.017752938193968504,-0.005808327848726841,0.025556879099396135,-0.24199282836914063,-0.05133421190323368,5175,4127
TGCATATGTCTGTCAC-1,GSM8576305_EM1_v1,EM,v1,35,85,701.0,543,0.0,0.3372589576244354,1.3896759096781413,1.78084415435791,-0.027255845069885255,-0.15040542449440844,0.0863015772560225,-0.1491847791169819,-0.06359696706136067,0.3055440266927083,0.2868911672462455,0.9173258509639349,-0.07268224716186523,-0.3155117417913843,-0.16419184734543643,0.6687849531201032,0.4648119710892472,0.15362098757425946,0.0,4924,3692
TGCATGTGGTAATCTA-1,GSM8576305_EM1_v1,EM,v1,29,81,1206.0,849,0.0,-0.19150840759277343,0.7058810297648113,1.6072137355804443,0.40920177936553953,0.38323023167740944,-0.26133949525894656,-0.1919883976604108,-0.06900032043457031,0.23728914737701418,0.0775887591384326,0.4794695738486394,-0.11570926666259766,0.23255031175881502,0.2143340413350178,0.2846908292661082,-0.23203647575250835,0.40415714391072594,0.0,4722,3169
TGCCAAAGTCAGACTT-1,GSM8576305_EM1_v1,EM,v1,43,19,656.0,525,0.0,-0.12517311096191405,0.2732293701171875,1.105013508796692,-0.08694093704223632,-0.12120510343723871,-0.21733228621944303,-0.11850004267871828,-0.018584783871968588,0.3280014801025391,-0.13274222791792956,0.7161724613625116,-0.06504674275716146,0.319826565593122,-0.1567391238538137,-0.1376522905847063,-0.14917549720177284,-0.2155936279296875,-0.011240796696755194,1619,4396
TGCCAATGGGTACTCT-1,GSM8576305_EM1_v1,EM,v1,54,52,1582.0,1121,0.0,-0.16761089324951173,-0.012884340484937029,0.12212805271148686,0.28554850101470947,-0.1993273987020537,-0.2800205599877142,-0.16803097067620223,-0.13905287424723306,0.09989348729451497,-0.21712356108088157,0.2559801688403084,-0.1459892145792643,-0.24258568392221228,-0.28995866277610444,0.05368728389200303,-0.2459338389112798,0.07790245962142944,-0.04013633728027344,3274,5351
TGCCACCTGGCGAAAC-1,GSM8576305_EM1_v1,EM,v1,20,76,1024.0,798,0.0,-0.1506396484375,0.40930954853693646,0.7010843706130981,-0.09828227996826172,0.3363145451614823,0.13091777656484854,-0.15697298551860608,0.3067746114730835,0.9116396395365398,-0.17348464914787573,0.5398390161332174,-0.07921194076538086,0.1642913743674037,-0.17437767120729009,0.11758284283572418,-0.16950264104632629,0.11668779404958085,0.4465253837646977,4470,2385
TGCCATTACTAAAGAA-1,GSM8576305_EM1_v1,EM,v1,21,87,860.0,691,0.0,0.09577313184738159,0.8870278517405192,1.0890418243408204,-0.012679545879364014,0.26992273729381755,0.09348892396496189,-0.22176993998668545,0.3550272782643636,0.689928830464681,0.23418545404006805,1.2193594013112787,0.3381212202707926,0.26980757923968823,0.3593576435104431,0.5588342921440103,0.2614414277284042,0.3503676878611246,0.0,5022,2471
TGCCCGTACCGTTAAA-1,GSM8576305_EM1_v1,EM,v1,45,75,1958.0,1314,0.0,-0.18432140350341797,0.2906262230873108,0.5026018571853638,-0.1689302444458008,-0.2305500961865071,-0.01902774566878923,0.0157142163144616,-0.09650543848673503,0.13214952786763506,0.0600632544079486,0.19900782332519623,-0.13872660319010416,0.1874034960107152,0.10930804909472486,0.1508882685342969,-0.2305500961865071,0.1348016169865926,-0.0510739472604567,4425,4565
TGCCTGATCAAACGAT-1,GSM8576305_EM1_v1,EM,v1,20,70,649.0,559,0.0,-0.11356701850891113,0.5984069546063742,1.7350252723693846,0.5036019086837769,-0.1447866943767637,-0.20786579193607455,-0.12787566029637082,-0.06528172810872396,0.48533328533172604,-0.13503233485397287,0.736388154450887,0.3615051507949829,0.3295418028850632,-0.19633254085678653,-0.07897315804118071,-0.1447866943767637,-0.1950116729736328,-0.02256280952884305,4170,2386
TGCGAATATGGGATTT-1,GSM8576305_EM1_v1,EM,v1,45,13,1516.0,1049,0.0,-0.1426658248901367,1.2187758239110311,1.190245442390442,-0.06082986354827881,0.17096175597264215,-0.27949542383993825,-0.16335084384545348,-0.1305021031697591,0.49444194793701174,0.09449446520279084,0.4113167176037834,-0.056154518127441405,-0.3357998644970507,0.2107075302476385,0.1843393142722056,-0.1737633899701479,0.2284772084554037,-0.024528168862865816,1319,4571
TGCGACACCCTAGTGC-1,GSM8576305_EM1_v1,EM,v1,46,46,1481.0,1003,0.0,0.032666103839874255,0.7529718049367269,1.5464122009277343,-0.02047976016998291,0.30418743271227006,-0.33985510180073397,-0.22389062484702968,-0.0771807034810384,0.26411046504974367,0.21533667762143954,0.580872809210871,0.2662368869781494,-0.3041511137322728,-0.1670120576299338,0.39720996744653214,0.09265042068966256,0.17230817445119223,-0.01651593562095396,2972,4655
TGCGACGGCCGAACGT-1,GSM8576305_EM1_v1,EM,v1,60,32,587.0,488,0.0,0.24876631975173952,0.1475731110572815,0.627587742805481,-0.03224873781204224,-0.20501374719932328,-0.2794875790995936,-0.12031001614448719,-0.08677071889241536,-0.18899747212727866,-0.17412778924540134,0.12492229539716487,-0.07712952295939128,-0.18923772482508158,-0.08131124504119995,0.6288862518731366,0.2867192453896853,0.2163773072560628,-0.02332546249512703,2274,5876
TGCGAGAATATTACCC-1,GSM8576305_EM1_v1,EM,v1,50,40,1334.0,945,0.0,0.1251460874080658,0.8527588764826457,1.4330612564086915,-0.05349062919616699,0.3255996649613482,-0.34450318736414753,-0.23801116178507792,0.24038252194722493,0.16302269458770752,0.21387354865122002,0.9897471809250283,0.31170335451761877,0.3108573185870925,-0.1794778754912227,0.5330956658524565,0.22031308934840071,0.19289827601114906,-0.03451008181418142,2673,5004
TGCGCAAAGCATTTGG-1,GSM8576305_EM1_v1,EM,v1,31,67,1030.0,739,0.0,-0.12609682083129883,0.7655850442250569,1.2787363290786744,0.40308022022247314,0.1832846979898221,-0.24727166083551222,0.24469355189411862,-0.04957230885823568,0.73028226852417,0.1401985471729717,0.9488249427537992,0.33770084857940674,-0.29960687476468373,-0.14801831226272277,0.10461200128995246,-0.2436118747877038,0.1593674389521281,0.4646513002534066,4022,3345
TGCGCGATTAACGGAG-1,GSM8576305_EM1_v1,EM,v1,27,41,586.0,493,0.0,-0.14344139099121095,1.1377863836288453,2.3113687896728514,-0.04673491001129151,0.46290107873769903,-0.1469907452983241,0.254210355810653,-0.019293119112650553,0.23612774689992272,-0.15407970517774092,0.23664299567141128,-0.04823279698689779,1.0896448832439132,-0.14213932757396774,0.3778168436961734,-0.16153417223672006,0.5133481391270955,-0.01166922526974832,2718,2999
TGCGGAGTAAAGGTGC-1,GSM8576305_EM1_v1,EM,v1,22,70,1658.0,1175,0.0,0.07760933041572571,0.4844251950581868,1.305136032104492,0.3120608949661255,0.37481510493003145,-0.3053824517034715,-0.17149291839217184,0.2319810628890991,0.5788735135396321,-0.2329906859126777,0.5095952541299288,-0.1255887222290039,-0.3589303809476186,-0.17596441674902735,0.045156424656980026,0.11916773228873906,-0.29513790893554687,-0.007864437756999847,4170,2560
TGCGTAAGAACCTGAT-1,GSM8576305_EM1_v1,EM,v1,43,43,786.0,620,0.0,-0.09004777908325196,1.0321200211842854,1.770201063156128,-0.0916666603088379,-0.17587691086989182,-0.3193968496014995,0.2502355186413404,-0.06111110687255859,0.7592399533589681,-0.1306041475123785,0.8961773966168296,-0.11567882537841796,0.3478672780186297,-0.13673740984445595,0.27685824728285346,-0.18463627231559626,0.2394809042612711,-0.021121350026899768,2822,4394
TGCGTCATGACTGAGC-1,GSM8576305_EM1_v1,EM,v1,53,21,1857.0,1292,0.0,0.21462082624435425,0.5814225316047669,0.8470427513122558,-0.11429537773132324,0.2944309828406327,-0.3174412019791142,0.04722213748851814,0.2224747331937154,0.10558143774668377,-0.2435585200587244,0.12927625098848028,-0.1441114552815755,0.06537365808065637,-0.22393728355806036,0.6428660089443612,0.25102728080324244,0.2696828966140747,-0.007475629448890686,1721,5268
TGCGTTTGTTGACACT-1,GSM8576305_EM1_v1,EM,v1,42,76,775.0,592,0.0,0.3473224353790283,0.6791561762491862,0.908103756904602,-0.026321208477020262,-0.18396301014367553,-0.30129001986595894,-0.1263534144351357,-0.05264241854349772,-0.27018842061360676,-0.20988311257250733,-0.0253827797793178,-0.07018988927205404,0.27319440784224547,-0.15062736603150884,0.8020286232147654,0.44194917030291947,0.314719472249349,-0.021226781029855053,4474,4303
TGCTGTTGAAGAACTC-1,GSM8576305_EM1_v1,EM,v1,38,66,1408.0,985,0.0,0.20056801199913024,0.5723914845784506,1.3282719469070434,-0.06276434421539306,-0.24073156146301475,0.38903469973445487,0.12153682829742146,-0.1485482915242513,0.28455610911051427,-0.2459342471731945,0.42026090313869674,0.27685446898142496,-0.2949711749831357,-0.1638789349291698,0.4574864633103838,0.2219698863683337,0.06917476622263591,-0.03374426980172434,3973,3955
TGCTTAGAGAGAATGC-1,GSM8576305_EM1_v1,EM,v1,62,26,735.0,578,0.0,0.2728855109214783,-0.22010823567708335,0.3344729375839234,-0.05362788200378418,-0.1849728970224642,-0.2364782364137711,-0.16510116844846492,-0.13845845540364585,0.27165347735087075,-0.19388406810951872,-0.025592166917065617,-0.13626407623291015,-0.22118365429491404,-0.145280125629471,0.3338461098151767,0.39178253336494984,-0.24531198120117187,-0.021624145969267813,1974,6051
TGGAACCACTGACACA-1,GSM8576305_EM1_v1,EM,v1,24,102,1678.0,1150,0.0,0.004557521939277637,1.2521231587727866,0.8399081945419311,-0.11949919700622559,0.6413280995793167,0.04056891647901406,-0.02035094640756907,-0.08407117207845052,0.01930362462997437,-0.24730748715608017,0.3876366683757314,0.24368455648422238,0.5306543534060558,-0.19727388251737418,0.594531637378955,0.114655196400922,0.3540289866129557,-0.02346900201612903,5773,2731
TGGAAGAAGGGAACGT-1,GSM8576305_EM1_v1,EM,v1,39,35,1001.0,754,0.0,-0.1573674488067627,0.8312176831563314,1.6228235435485838,-0.04793973445892334,0.3516917515757889,-0.2306687754969443,0.2166769824231179,-0.039949779510498044,0.15663165251413982,-0.1950443995038801,0.333639377667933,0.2636685355504354,0.16554341814125395,-0.14699350686437154,0.14938171809928807,-0.17376585229982103,0.18985026518503828,0.0,2420,4046
TGGAAGGATAAAGATG-1,GSM8576305_EM1_v1,EM,v1,20,68,1300.0,1012,0.0,-0.15186975479125978,0.9824380191167196,1.3696687936782836,-0.08966705322265625,0.2987571246382119,-0.23380908658427577,-0.17392897068109728,-0.08649752298990886,0.5267034339904786,-0.24890197958037208,1.4115591548966233,0.2717958641052246,-0.2890014342036113,-0.21861095505067143,0.19203144841344447,-0.19323687090921562,0.24276827748616533,-0.034878038590954195,4070,2386
TGGACGCAATCCAGCC-1,GSM8576305_EM1_v1,EM,v1,58,20,833.0,653,0.0,-0.1343242645263672,0.7444541001319885,0.6456974840164185,-0.03847977876663208,0.22632159065110496,-0.2752532958984375,-0.14109027833866894,-0.09624149322509766,-0.2530310821533203,0.23592042790075876,-0.0011167392744405036,-0.14117661794026692,-0.3086481056060178,-0.19069726783108998,0.372181511369339,-0.21839083158052885,0.45235232098897304,0.0,1672,5703
TGGACTGTTCGCTCAA-1,GSM8576305_EM1_v1,EM,v1,37,73,979.0,724,0.0,0.12762230038642883,0.5453502607345582,0.8485228061676026,-0.07251623630523682,-0.2359582141888979,-0.32215164553734565,0.11506856526049755,0.3443080155054728,0.36467104911804193,0.24731476543473296,0.9546294154148691,0.32013593196868895,-0.31733473812241153,0.3423331971149368,0.573613288067815,0.1830783537531909,0.2561811148325602,-0.019493612550920057,4323,3867
TGGAGTGATGCGATGA-1,GSM8576305_EM1_v1,EM,v1,29,41,366.0,315,0.0,-0.08627830505371094,0.6816052484512329,1.4462936210632324,-0.03343653202056885,0.4359997626531084,-0.15969802487281062,0.3314621088498816,-0.05572755177815755,0.4881513500213623,0.43067024782748525,0.23363821402095844,-0.0445820426940918,-0.12902678830556602,-0.053713304450713005,0.33173063781678164,-0.12127577102303903,0.3854804744720459,-0.01348247258893905,2719,3174
TGGCAACTCGCGCGCC-1,GSM8576305_EM1_v1,EM,v1,22,86,1042.0,793,0.0,-0.1399720001220703,1.0760013024012247,2.000251350402832,-0.050435357093811035,0.4657613320759972,0.06470222736833281,0.13108292707524502,0.25179351170857744,0.5139004135131836,-0.22823905306914977,1.0123124920200806,-0.09442258199055989,-0.3199630185782191,-0.1921931806817112,0.20187499828871477,-0.12708009445547658,0.24943985589345302,-0.009518404160776445,4972,2559
TGGCAGATTACGATCA-1,GSM8576305_EM1_v1,EM,v1,44,58,917.0,672,0.0,0.3794903898239136,0.0506615714232127,0.14568373918533328,-0.012384845018386841,-0.23279842006721624,0.0494825114852272,-0.13533839366788553,-0.0908221944173177,0.18640022436777748,-0.2762620855733304,0.7171805341382379,-0.0682199732462565,-0.2860693261326556,-0.05234974167911882,0.6833217058618977,0.43354163122017647,0.12080076249440508,0.0,3573,4479
TGGCAGCAGTAATAGT-1,GSM8576305_EM1_v1,EM,v1,39,61,1666.0,1096,0.0,-0.1967558479309082,0.6771548589070637,1.0140608978271484,-0.097312650680542,0.2692197558606083,-0.34560034351964153,-0.18261546658394032,-0.07785011927286783,0.4548010889689128,0.03388679824943924,0.9301435973091428,-0.07785011927286783,0.011966543121031459,-0.1431792079205494,0.20449499841405874,-0.2976179091029343,0.2451301886240641,-0.007847794601994177,3722,4043
TGGCATGAAGTTTGGG-1,GSM8576305_EM1_v1,EM,v1,56,12,2801.0,1715,0.0,-0.04165582001209259,1.031664447784424,1.1540668106079102,-0.06366827487945556,0.14108979821603834,-0.18028603116488126,-0.051299894177226496,-0.1355426025390625,0.12030076821645103,0.37938082390937256,0.25597123250803844,0.48045776367187504,0.31189951149814105,0.03137146775502281,0.3592082303028052,-0.041138809460860015,0.20900359408060704,-0.03676322967775406,1271,5530
TGGCCAAACTGAAGTA-1,GSM8576305_EM1_v1,EM,v1,28,76,2364.0,1528,0.0,-0.20202867507934572,0.6052051480611165,1.262112808227539,-0.04136085033416748,0.2771004862344119,0.14813116179083896,-0.2288990833406759,0.4151721795399984,0.3938151995340983,-0.2733433445959187,0.37394702614252295,0.16700708866119385,0.005217293850389382,0.39800265170484184,-0.03712419905088693,-0.27928360648777173,-0.05284648545583087,-0.020013313139638594,4472,3083
TGGCCAATTTGGTACT-1,GSM8576305_EM1_v1,EM,v1,49,11,3387.0,2096,0.0,-0.2178587532043457,-0.011350055932998648,-0.020411202907562265,-0.1338389301300049,0.18209579424182976,-0.08877623410818211,-0.20183045045475015,0.29884758472442624,0.33367004076639806,0.033354595021127725,0.03984395189415352,0.061301793257395404,-0.060308598610291975,0.532148957156752,-0.05669857715296539,-0.26132592548893446,-0.05600458033879599,-0.056866238194127235,1220,4920
TGGCGACTGCTCCAAA-1,GSM8576305_EM1_v1,EM,v1,55,47,1848.0,1237,0.0,0.13878074884414673,-0.25730641682942706,-0.13632478356361388,-0.12066255569458008,0.0755052896114762,-0.04878053797005505,-0.21230694763642505,-0.15068424224853516,0.4816549682617188,0.17213542086623584,0.5990422417256613,-0.1250525410970052,0.06679091242901297,0.48666303397182487,0.09590393851343063,0.1505934299035216,-0.25478208923339846,-0.059937261766003024,3024,5439
TGGCGATCAAGTTATG-1,GSM8576305_EM1_v1,EM,v1,51,55,973.0,708,0.0,-0.14066883087158202,0.6726096018155416,1.091363558769226,-0.012114044427871704,0.18796098498064806,0.07244972699248842,-0.14102138433241307,-0.06676756540934245,-0.270230712890625,-0.2241615627122962,-0.10622722111583527,-0.09907169342041015,-0.25956116335459023,0.9501292033367847,0.42180986305362517,-0.23204658023489758,0.4531598300933838,-0.029308172964280652,3424,5090
TGGCTCTTGTCGCGTA-1,GSM8576305_EM1_v1,EM,v1,42,12,774.0,622,0.0,-0.1303127098083496,0.5867663844426473,0.9557597398757934,-0.08228241920471191,0.44039748996130734,-0.26603526453818044,-0.11743971936983572,0.38622017224629723,0.2006539885203044,-0.1853343491570208,0.28740581572697643,-0.07022185643513998,0.23062452408204592,0.36539335097653797,0.21482829087784777,-0.1453410247496538,0.16444631640116375,0.0,1269,4310
TGGTAAGCAGGATTGA-1,GSM8576305_EM1_v1,EM,v1,41,11,692.0,571,0.0,-0.12970054626464844,0.5629928207397461,1.0867281341552735,-0.05805456161499024,0.40967093675564503,-0.16412225846321352,-0.13688692174160988,-0.08212995529174805,0.3554398075739543,-0.17590388167263274,1.0786579177264934,-0.08212995529174805,-0.19492808882012425,-0.1539249343565669,0.2244529239086162,-0.17716883018264004,0.2715669428507487,-0.011038972485450006,1218,4223
TGGTCTGTTGGGCGTA-1,GSM8576305_EM1_v1,EM,v1,37,29,808.0,650,0.0,-0.16912681579589844,1.4575523789723714,1.4503193759918214,-0.03890219688415528,-0.1293187476320809,-0.27263607517365485,-0.15655077788465305,0.9369051806131999,0.7040659332275391,-0.2174590758256689,0.9790446061670395,-0.16643721262613934,-0.19600847543004046,-0.0833246545140523,0.375178400715306,-0.14666643429759355,0.7789935251871746,0.0,2119,3872
TGGTTCGTAGCAAAGG-1,GSM8576305_EM1_v1,EM,v1,23,55,625.0,531,0.0,-0.1367740535736084,0.7846913862228393,1.1588112211227417,-0.07083033561706543,-0.12036269325077734,-0.22941181736607705,-0.1584192146932272,-0.09444044748942057,0.3909101899464925,0.32784939476744657,0.04971813282689341,-0.07555236180623372,-0.22216951607700333,-0.0709340352131181,0.3571662773033951,-0.12036269325077734,0.36650762176513674,-0.011424247295625748,3419,2649
TGTAATGACCACAATA-1,GSM8576305_EM1_v1,EM,v1,36,14,424.0,386,0.0,-0.08441262245178223,1.231498238245646,2.1054630947113036,-0.0480319881439209,0.4100527229117709,-0.1162064306197628,-0.10870037222267094,0.4696461264292399,-0.07695843378702799,-0.13076319104452994,-0.25012922047370645,0.5817460918426514,-0.15702085992897372,-0.03857991015575976,0.4181881803154604,-0.13434553624794235,0.5433204949696859,-0.025823650821562735,1368,3787
TGTACGAACAAATCCG-1,GSM8576305_EM1_v1,EM,v1,38,58,1142.0,821,0.0,0.2130239987373352,0.7328747351964315,1.2705466842651367,-0.07972792148590088,-0.2049567819040356,-0.32469054191343244,0.12686697709231748,-0.10843902587890625,0.10145245711008705,-0.18372626926587976,0.5631673474664408,0.2560314671198527,0.12612345419734355,-0.18811197548985004,0.6237800148633285,0.30645445623791207,0.22886966896057132,-0.0367409759952176,3572,3956
TGTAGGAGAAATTTCC-1,GSM8576305_EM1_v1,EM,v1,34,86,1579.0,1049,0.0,0.0717834198474884,0.9557817268371582,1.3419054222106932,-0.06973404407501221,-0.2879196218024927,-0.3182014649914157,0.06634565575379775,-0.07305471420288086,0.02568254788716634,0.11353018491164499,0.2750610418655165,-0.0950538190205892,0.03457672107650572,-0.26855214436848956,0.547706444488897,0.03748372286857171,0.2869627046585083,-0.008033876457521993,4974,3605
TGTAGTGATCTATAAT-1,GSM8576305_EM1_v1,EM,v1,35,33,659.0,546,0.0,-0.11529199600219726,0.6021824200948079,1.433844928741455,-0.055668725967407226,-0.19856934563372047,-0.31803072652509135,-0.11558094837313009,-0.0742249615987142,0.699080384572347,-0.15690633206064486,0.8792197219947218,-0.027834364573160807,0.41431814906108805,-0.1479775761983481,0.36644215869015473,-0.20787849553851379,0.3356402699152628,0.0,2319,3697
TGTATAACAGATCCTG-1,GSM8576305_EM1_v1,EM,v1,29,79,1294.0,904,0.0,0.11431804180145264,0.928393440246582,1.6704856872558593,-0.09749401092529297,0.19570031320238063,0.02690028704805858,0.12478562674128024,-0.07221778869628906,0.7895803165435792,0.21672348659838592,1.0505843973810178,-0.12488407135009766,0.07653157107801323,-0.17041142781575522,0.5309559772895879,0.18845437867452736,0.28815335305531825,0.0,4622,3170
TGTCCTAAGTCACCGC-1,GSM8576305_EM1_v1,EM,v1,34,30,594.0,488,0.0,-0.15790822982788086,1.1405301570892334,1.9287292098999023,-0.04321745872497559,0.47788954831020225,-0.27293617494644656,-0.12942013465671012,-0.05762327829996745,0.27571850617726645,-0.13845087772229045,0.48398981518824147,-0.048019396464029945,0.3699286382361109,0.4809957245746291,0.3049357720466603,-0.15385688347959997,0.34327592881520597,0.0,2169,3611
TGTCGTTATCACATAT-1,GSM8576305_EM1_v1,EM,v1,61,15,1499.0,1073,0.0,-0.1595908546447754,0.5049777793884278,0.8763244342803955,-0.0846272087097168,0.11183315375975542,-0.30193224260883944,-0.1702036654441279,-0.08567012151082357,0.36307273228963216,0.08115864996128658,0.380955840218264,-0.13321088155110677,-0.3195907715333992,1.0153995992668183,0.3257183688759462,-0.2209295572644492,0.37857540957132974,-0.04929343346626528,1422,5965
TGTGACTACGCCAGTC-1,GSM8576305_EM1_v1,EM,v1,21,73,771.0,591,0.0,-0.11368573188781739,0.9781731875737508,0.6702299880981446,-0.03955386400222778,0.2927078421963763,-0.2102989073722593,-0.11397065853415277,0.39553863843282067,0.7475772539774577,-0.18694054083680628,1.0367000597634077,-0.04613773981730143,-0.2165506968057778,-0.11117527666819622,0.622073442341605,-0.15559868190599524,0.8009036598205567,-0.021265518280767625,4320,2473
TGTGCTTTACGTAAGA-1,GSM8576305_EM1_v1,EM,v1,36,18,270.0,249,0.0,-0.09436358451843262,0.8346024862925212,1.2542657804489137,0.7095192575454712,0.6710694824971483,-0.07771665819229619,-0.06724249091662261,-0.024257068634033204,0.4815382703145345,0.5419660762799623,0.3281036241398556,-0.04851413726806641,-0.13424480392272214,-0.0876761593493113,0.4215948325515135,-0.06311945452737967,0.5293317909240722,0.0,1568,3786
TGTGGCAAAGCGTATG-1,GSM8576305_EM1_v1,EM,v1,29,87,1439.0,1027,0.0,-0.18624345779418947,0.6058552503585816,1.3524064302444458,-0.051827001571655276,0.29910797432247743,0.00460079738071989,0.3315597823389192,0.25840225219726565,0.11021900177001953,-0.24993758695978782,0.19063777471735416,-0.09402135848999023,-0.3622412317727943,-0.13573278097742533,-0.15852550517522163,-0.19480378013789454,-0.25605178833007813,-0.016718387603759766,5023,3169
TGTGTTCGTATCCAAG-1,GSM8576305_EM1_v1,EM,v1,31,21,236.0,216,0.0,-0.08652514457702637,0.4661886644363403,1.15189359664917,-0.03769834280014038,-0.0905364301292394,-0.14505307905135617,-0.08674199957596629,-0.037698342005411785,-0.07766852696736654,-0.07792828792712361,0.42145952267862447,-0.037698342005411785,0.6273733696305609,-0.030279793413767374,-0.07756558940198838,-0.10314456595226275,-0.12881332397460937,0.0,1717,3350
TGTTCCGCTTCCATGA-1,GSM8576305_EM1_v1,EM,v1,36,44,1162.0,855,0.0,0.11972216367721558,1.0645365492502847,1.0962816715240478,-0.04524744987487793,0.3636303128738999,0.10523765207985031,0.40778012054605894,0.35443835735321044,0.08604012489318846,-0.24553402291492474,0.16636532087250738,0.3145998414357503,-0.28422776187758847,-0.1777689217563614,0.6283461400294372,0.18151606923361685,0.40989863204956056,-0.009122469732838293,2870,3783
TGTTCGTATTGCGGTG-1,GSM8576305_EM1_v1,EM,v1,49,61,822.0,636,0.0,0.25951842188835145,0.09169643680254619,0.26744138717651367,-0.04193608283996582,-0.17092889128720082,0.10552538924502891,-0.1513069458772664,-0.05155191739400228,-0.2378502400716146,0.3030858213952021,-0.3516186661456698,-0.08591986974080404,-0.27229937204874183,0.357614086143463,0.5388893415046626,0.3613099388720067,0.18192645804087323,0.0,3724,4915
TGTTCTTCCATTGACT-1,GSM8576305_EM1_v1,EM,v1,33,43,586.0,481,0.0,-0.12438915252685546,0.9578245830535889,1.2798710393905641,0.53538405418396,0.4518980884233047,-0.20171293135612242,0.23704507857337034,-0.04823279698689779,0.46776918411254886,0.4280906393376481,0.44413254266151486,-0.04823279698689779,0.3217981999178967,-0.1394683347648406,0.24900193892440686,-0.1531795386885321,0.28222874991099045,-0.02333845053949664,2820,3522
TGTTGTCAAGAAGTCT-1,GSM8576305_EM1_v1,EM,v1,24,82,2131.0,1352,0.0,-0.22620077133178712,0.9067075697580973,1.4181515407562255,-0.13913379669189452,0.4498968173561819,-0.11575631556972382,-0.23984414772282267,-0.11215165456136068,0.2119098440806071,0.04931623168879398,0.11960338125619108,0.15127462943394981,-0.012013459205627464,-0.20281320594879518,0.2221929835726675,-0.24033021448447953,0.1924355799357096,-0.021038380361372424,4772,2733
TTAAACTCGAATTCAT-1,GSM8576305_EM1_v1,EM,v1,31,95,708.0,560,0.0,-0.17880252838134766,0.23476373354593913,0.6808767604827881,-0.05762369155883789,0.27905298555176394,-0.2820905254733178,0.16709489705867336,-0.047470137278238934,0.32964974562327065,-0.16016789822275423,0.04110917562387523,-0.08588593165079753,0.3136891173550403,-0.11173716319133958,0.3117877576276019,-0.1827486988692778,0.3484719518025717,0.5323076467360219,5424,3342
TTAACTTCAGGTAGGA-1,GSM8576305_EM1_v1,EM,v1,46,26,1563.0,1128,0.0,-0.21949821472167969,0.727431689898173,1.1983374977111816,-0.08004813194274903,0.46987909856049914,-0.035877314580750386,0.03511762925257958,-0.12422663370768229,0.36585914293924965,-0.22964753115854933,0.3835211238327082,0.2401443910598755,0.2367312584536142,-0.25415111066825896,0.16712668042811418,-0.21057464446511157,0.1817070220311483,0.3921712915743551,1971,4657
TTAAGCGCCTGACCCA-1,GSM8576305_EM1_v1,EM,v1,30,44,405.0,366,0.0,0.2367266845703125,0.6641370519002279,0.36255765914916993,-0.04869232177734375,-0.1261812165429361,0.2881436677572365,-0.16133060311912595,-0.054102579752604164,0.3697381464640299,0.4410629697733765,0.76096505564233,-0.04328206380208333,0.47071164295855294,-0.10429412964357429,0.6662020751603354,0.43655799091726105,0.3928070475260416,-0.013089333811113912,2869,3260
TTAAGGCCCGTACTTT-1,GSM8576305_EM1_v1,EM,v1,59,25,968.0,705,0.0,-0.1856085205078125,0.855375591913859,1.373809494972229,-0.024275052547454833,0.18691592458365622,-0.2614115438153667,0.11128047840637073,-0.05664178848266602,0.18572671095530194,0.25046095414836805,0.02555094241069017,-0.05880184173583984,-0.26187480022629583,0.3490148136414677,0.20662706432848058,-0.22578703200936717,0.2629765475591024,-0.029364981958943027,1923,5790
TTAATGTAGACCAGGT-1,GSM8576305_EM1_v1,EM,v1,30,68,1281.0,902,0.0,0.0869859266281128,0.8014332548777263,0.9205063915252686,-0.05756044864654541,0.2574158354081969,0.13601651279607674,-0.1963171134317728,-0.09638641357421875,0.7080592854817708,-0.2373788891029996,1.2025502274041542,-0.045625228881835934,0.27965814272562667,-0.1849331836623839,0.3778363578982203,0.16406232616973163,0.09056453323364255,-0.02631627744243991,4071,3258
TTACAACTACGCATCC-1,GSM8576305_EM1_v1,EM,v1,24,52,769.0,633,0.0,-0.15469295501708985,0.8001368347803752,1.5650670194625855,0.4882771348953247,-0.14123536432068484,-0.13617621698687155,-0.16169553293022595,-0.08797786076863606,0.19670091152191163,-0.18001464537553563,0.8164595886690533,0.3695070219039917,-0.16059670199352097,0.5187908207077577,0.35112049116787736,-0.1500625737933411,0.46921785513559977,-0.010642483349769347,3269,2737
TTACAGACCTAAATGA-1,GSM8576305_EM1_v1,EM,v1,26,96,863.0,666,0.0,-0.13038516998291017,0.9257743803660075,1.2821942949295044,-0.05065406322479248,0.19238918375144964,0.16983693755716772,0.16048543502513626,-0.04221172014872233,-0.2041650390625,-0.28527684036305917,0.33635964465500723,-0.016884687741597494,-0.31456361334007904,-0.1322294794412023,0.3462394683443031,-0.24666914413605245,0.3701316169102987,0.5065406322479248,5473,2906
TTACCATTGATTACCC-1,GSM8576305_EM1_v1,EM,v1,34,28,1138.0,873,0.0,-0.18153064727783202,1.0334182119369506,1.6765534019470216,-0.02281090497970581,0.32683548374452454,-0.23544603778469947,0.11458471581750646,1.2071763134002687,-0.25927090962727867,-0.265169787965092,0.06337122684404822,0.31935266971588133,0.30231384330963995,0.2953347284631078,0.39830857224997274,-0.20041935898388508,0.4647867685953776,0.0,2069,3611
TTACGGATGGTTCGAG-1,GSM8576305_EM1_v1,EM,v1,33,93,1683.0,1128,0.0,-0.23550024032592773,1.0587193520863851,1.5281477737426759,-0.0805942440032959,0.10666564841201343,-0.045167842218952814,0.015816264993564838,-0.0989391581217448,0.2913357893625896,0.18502880418579715,0.7162201752015693,-0.10952030181884766,-0.013995196924630915,-0.22565924403179122,0.28190128065453557,-0.24866113056705946,0.35090937423706053,-0.007812729285609337,5324,3517
TTACTATCGGCTTCTC-1,GSM8576305_EM1_v1,EM,v1,34,16,436.0,401,0.0,0.27516937017440796,0.7794550585746765,1.7233517360687256,1.2225191879272461,-0.1061998195074075,-0.11794519424438477,0.27486422620620343,-0.09526123682657878,-0.216171875,-0.09782745208229907,-0.19147986023869346,-0.021169163386027017,-0.14297652340318304,-0.07921398882885056,0.6846617009373313,0.43364924836982716,0.41222745196024574,-0.0256078589347101,1467,3612
TTACTCCGGCCGGGAA-1,GSM8576305_EM1_v1,EM,v1,34,78,1302.0,886,0.0,0.09400469183921814,0.23490176598230997,1.0350630569458008,-0.07563774108886719,0.2804658466092453,-0.03286800626236169,0.09356326305477841,-0.08644311904907226,0.45850922584533693,0.5011552390180437,0.7057793539201964,-0.05042516072591146,-0.2687439516366246,-0.16540462999458772,0.04828061885000301,0.1727091738478662,-0.3388607177734375,0.0,4573,3605
TTACTCTGGTACGTAC-1,GSM8576305_EM1_v1,EM,v1,43,31,538.0,456,0.0,0.26708747148513795,0.4828039725621541,2.0106262493133547,-0.02974884510040283,-0.2319414272754886,-0.15289332789759483,-0.11994738088813342,-0.049581406911214196,0.2792314942677816,0.36749378016162476,0.1331520871301392,-0.07933024724324544,-0.1709900668347217,0.48209120087834245,0.2456515561202194,0.2837715475854268,-0.15167018127441406,-0.011995502056614045,2220,4395
TTACTGGGATATTTCA-1,GSM8576305_EM1_v1,EM,v1,44,54,916.0,672,0.0,0.14932142376899718,0.35524320205052695,0.8421726608276368,-0.061949210166931154,0.2163370321426902,0.14825537347573842,-0.17324756440662203,0.5430350255966186,0.2723201322555542,-0.19835012174370298,0.5123183722129762,-0.09085884094238281,0.196974347777156,0.41598024655537436,0.47374002930086456,0.2080495066467336,0.1266577672958374,-0.01998361656742711,3373,4480
TTAGCTAATACGATCT-1,GSM8576305_EM1_v1,EM,v1,22,98,911.0,697,0.0,-0.125873384475708,1.1407832050323488,1.3861492300033569,-0.024829838275909424,0.40074317232023515,-0.27984899090182397,0.19040713595567194,-0.10759597778320312,0.17851279735565184,-0.20173636088801866,0.7904586203219817,-0.07448951721191406,0.2697866625575177,-0.1721334342496941,0.32151877000543655,-0.1984312893156224,0.3097772436141968,-0.010012031562866704,5573,2557
TTAGCTGATTTGCCGT-1,GSM8576305_EM1_v1,EM,v1,38,94,2109.0,1351,0.0,0.1318018651008606,0.689447561899821,0.6741790914535523,-0.07864808082580567,0.3090428583066466,0.12649269697303595,0.11805335307181031,-0.15166495005289712,-0.06723169883092245,0.2706594651890971,0.16009318871371458,-0.14765137990315755,-0.02054953814510363,-0.1991846934858575,0.5830152883570652,0.21959047492929923,0.22885690561930333,-0.007047319123821874,5375,3952
TTAGGTCATAACCGAC-1,GSM8576305_EM1_v1,EM,v1,58,38,732.0,574,0.0,0.2201690924167633,0.9454904047648112,0.7991985034942627,-0.04357031345367432,-0.12854962045931098,-0.1773420303098617,-0.10904109448119811,-0.04475341161092122,0.23482596874237063,-0.21914034942320756,0.029245742686943244,-0.07160546620686849,-0.25247224554958114,-0.10783955371044726,1.025894490217411,0.33694574412959344,0.8837498785654705,-0.01082743848523786,2574,5702
TTAGTAGGGCGGCGGG-1,GSM8576305_EM1_v1,EM,v1,34,26,618.0,513,0.0,-0.11976683616638184,0.6355996910730998,1.4871541213989259,-0.02843817472457886,0.35317810841627345,-0.13308323583295267,-0.12719436874963286,-0.06856778462727865,0.23314377307891845,-0.1545963095980743,0.47946660910590644,-0.06635573705037436,0.46513995913616624,-0.11420953130147543,0.20744576896500794,-0.16834695363124477,0.34195100879669194,-0.011467005937330185,1968,3611
TTATATACGCTGTCAC-1,GSM8576305_EM1_v1,EM,v1,38,74,686.0,532,0.0,0.22487819075584412,0.67539901415507,1.0315459442138672,-0.12356154441833496,0.31759468780845035,-0.2201297821537141,-0.11864494381094337,-0.09152706782023112,0.4698665237426758,0.41087459268644366,1.4037770533510359,-0.07322165171305338,-0.24767481179601217,-0.08821885748560648,0.6020708637456156,0.2992280559529163,0.3493537356058756,0.0,4373,3955
TTATATTTGGCAATCC-1,GSM8576305_EM1_v1,EM,v1,26,64,1263.0,862,0.0,-0.14730549812316895,1.070610146522522,1.0387557411193846,-0.07658115863800048,-0.19980317693091554,0.07140281343240343,-0.15864227409649612,0.2823261451721191,0.6466231409708659,0.08846835228910416,0.7985735637886611,0.24891606012980144,0.12959696375222568,-0.21599876066767068,0.21450392026614323,-0.19248533727333297,0.2955802946090698,-0.0264681423864057,3870,2910
TTATCCTCAAGGAATA-1,GSM8576305_EM1_v1,EM,v1,52,18,2158.0,1481,0.0,0.036371288299560545,1.0064113521575928,1.7538236236572264,-0.10994551658630371,0.29889711953591613,-0.28317965230634135,-0.22350829466243735,-0.1500692367553711,0.06089504877726237,-0.26096453714530204,0.7946121663561162,-0.15583193461100261,-0.3604492432621109,0.4267659872889997,0.3925767716842258,0.09328091131271993,0.2213747727076213,-0.020912970266034527,1571,5181
TTATCTGACATTAGGA-1,GSM8576305_EM1_v1,EM,v1,46,8,479.0,421,0.0,0.3316835105419159,0.26002795418103536,1.2025149059295654,-0.046281418800354,-0.11575161732957515,-0.14495881911247008,-0.054130315183099346,-0.07199331919352213,-0.19091796875,-0.19960906114865307,0.12598503825481389,0.45252944151560465,-0.20792995590761484,0.4656994155133106,0.6898702405243685,0.41912469218008497,0.37043885135650634,-0.012441241933453468,1069,4659
TTATCTGTATCATAAC-1,GSM8576305_EM1_v1,EM,v1,22,60,332.0,296,0.0,-0.06554744720458984,1.140225626627604,1.3398648309707641,-0.034378662109375,0.46949677908566745,-0.1386236375378024,-0.07432793256334194,-0.048094717661539714,-0.17548316955566406,-0.09424709077662848,-0.13820567682160803,-0.04583821614583333,-0.1340227088775022,-0.08284014966114457,0.3410777007269654,-0.12647668334552675,0.43546305338541663,0.0,3669,2561
TTATGAATGAAAGGGA-1,GSM8576305_EM1_v1,EM,v1,41,63,1354.0,962,0.0,0.1836487054824829,0.40204328854878746,1.3318687248229981,-0.04253014087677002,0.26840425521102107,-0.3067057209630166,-0.18817507712763354,-0.06379521052042643,0.2934585094451905,0.13396605188099706,0.3535864057082199,-0.06590077718098958,0.11033377455899035,0.36298326948081633,0.531406290210079,0.2399559908753122,0.22796707916259767,-0.0171492503535363,3823,4217
TTATGACAAACTGGAT-1,GSM8576305_EM1_v1,EM,v1,27,35,483.0,422,0.0,0.22715093493461608,1.1522362740834553,1.3232685565948485,-0.04616240024566651,0.36749108273581654,-0.17913138481878466,0.2344691204397302,-0.0718081792195638,0.3157748651504517,-0.09939267085148738,0.1289807367222136,-0.061549866994222005,0.3816758517759392,-0.09887529089747663,0.6547389390817002,0.36749108273581654,0.33521723779042567,0.0,2418,3000
TTATGATCTTAACGAA-1,GSM8576305_EM1_v1,EM,v1,38,82,1003.0,706,0.0,0.2188138484954834,0.37287395079930624,0.932994875907898,0.45508274793624875,-0.20264289371146008,-0.3916448162448022,0.11958833199395871,-0.0798390769958496,-0.2647712198893229,0.27920535309790506,-0.06679053368195303,-0.05804234822591146,0.24125055692282066,0.28848119701247615,0.47228230787894787,0.3224855048733545,0.03942580064137774,-0.028973860125387867,4774,3954
TTATTAGAGCGTGTTC-1,GSM8576305_EM1_v1,EM,v1,46,70,1701.0,1197,0.0,-0.14200472831726074,0.32688705762227377,-0.14764255046844488,-0.1733616065979004,-0.13660341600909282,-0.24579938765495055,-0.15202709188437402,-0.13499207814534506,-0.31301132202148435,-0.24819139971780937,-0.45728275164886933,0.1866689348220825,-0.2818712900920087,0.06880221137081283,0.39319795250551065,-0.1559525046460206,0.48650598907470705,-0.007776040223336989,4175,4652
TTCAAAGTCTCTAGCC-1,GSM8576305_EM1_v1,EM,v1,35,75,1266.0,874,0.0,0.10807934165000915,0.8802995872497559,1.234643955230713,-0.06875442028045654,0.2662300817676744,0.24470674936672504,0.10766540292211643,-0.08743707656860351,0.6651033719380697,0.4635473847256323,0.7737275162619476,-0.058291390736897784,-0.3287567383792984,0.3318395551428738,0.47761528232377715,0.1289753963051565,0.1751271301905314,-0.008814222389651884,4423,3693
TTCAATACTCTGAATC-1,GSM8576305_EM1_v1,EM,v1,38,86,1273.0,877,0.0,0.08437051773071289,0.5413129925727844,0.7560077285766602,-0.08724136352539062,-0.1914764710493311,0.06532113782821164,-0.18485586983816965,-0.08724136352539062,0.03129041035970048,-0.2516328435279055,0.10379808786012934,-0.09147488911946615,0.25834010748499364,-0.2215296427408854,0.5973240941506743,0.15744036628782682,0.3627515265146891,-0.00879449229086599,4975,3953
TTCACGAAAGGATCAC-1,GSM8576305_EM1_v1,EM,v1,38,54,952.0,695,0.0,0.11561089277267456,0.9476121282577514,1.4334061813354493,-0.04885424613952637,-0.19648285932764162,-0.24279422144736013,-0.19795158214138864,-0.07328137079874675,0.772331600189209,0.7433300640272058,0.7852520733879182,0.34197971661885584,-0.33500156632388933,-0.11772108269503796,0.42999125722486176,0.21880546009527269,0.13695431963602706,-0.009849646399098059,3372,3957
TTCAGGCGTCAAAGCC-1,GSM8576305_EM1_v1,EM,v1,40,16,833.0,666,0.0,0.18475324392318726,0.9447142712275187,1.6864294242858886,-0.09305585861206055,0.5404069802434149,-0.15547115572037234,-0.1426815902977659,-0.10261274973551432,0.20750810941060385,0.22998858641089673,0.8763372355541221,-0.09624149322509766,0.2936994127480381,-0.13393230514832768,0.2320784879448079,0.2890812962616035,0.3720546820958456,-0.020688053100339828,1469,4135
TTCATGGCGCAACAGG-1,GSM8576305_EM1_v1,EM,v1,19,75,1014.0,815,0.0,-0.13853476524353028,1.0610310888290404,1.4758752155303956,0.39033847808837896,0.5078344338447885,0.10568416283427293,0.1652541582596332,-0.11346572875976563,0.24500251611073814,-0.19409109517483408,0.09306625744805264,-0.1465667724609375,0.20337217150921805,0.2569599356517256,0.23380078106350066,-0.1371635641142676,0.2911091394424439,-0.019236001276200818,4420,2298
TTCCAATCAGAGCTAG-1,GSM8576305_EM1_v1,EM,v1,23,95,1042.0,788,0.0,-0.1614035987854004,0.9125056982040405,1.3969954442977905,-0.0654622507095337,0.24188432565899598,-0.3020122897240423,0.13326240990096166,-0.033623571395874026,0.7310751024881998,0.1893913227578868,0.7061547938646041,-0.08655403137207031,0.13472422940664025,-0.13101116624701933,0.09579502853076574,-0.17522764684364547,0.12215793228149413,0.0,5423,2645
TTCCAATCTGGCTATC-1,GSM8576305_EM1_v1,EM,v1,48,46,1311.0,916,0.0,0.15010326385498046,0.5073441418011984,1.0787093019485474,-0.053874635696411134,0.4005128551885037,-0.029886421520039785,0.05962299583549785,-0.07394433975219726,0.13177101135253905,0.14471216425050462,0.8847306738290013,0.24212019602457682,0.09629594580715439,-0.19294423176102848,0.5070432619242409,0.2735669126478725,0.1555591583251953,-0.017378914740777785,2973,4829
TTCCACACAGATTTGA-1,GSM8576305_EM1_v1,EM,v1,50,46,846.0,624,0.0,0.31496319770812986,0.673412537574768,0.8875343465805053,-0.01275516152381897,0.22788978912094096,0.07831295624306672,0.1711874787221875,-0.06802752812703451,0.09647507508595782,-0.2533574949538827,0.3862878528329339,-0.08503441492716471,-0.29563848656344127,-0.17679081192935805,0.7629356228861222,0.39705536437273825,0.39884162966410314,-0.010286420583724976,2973,5003
TTCCCGGCGCCAATAG-1,GSM8576305_EM1_v1,EM,v1,46,12,1911.0,1327,0.0,0.2538201117515564,0.7279739554723104,1.3425057792663573,0.2622785377502441,0.17732495076148674,-0.31968910463394656,0.007766855763911007,0.13825984795888263,-0.013540676434834809,-0.309234619140625,-0.0872620403210379,-0.13621968587239583,-0.3297373147374655,0.12101599739258545,0.21881173657824454,0.06757876718854955,0.002479688962300608,-0.05164858987254481,1269,4658
TTCCGCAGAGAAATAT-1,GSM8576305_EM1_v1,EM,v1,21,101,1136.0,921,0.0,0.08423699736595153,1.1677471288045247,1.3744039154052734,-0.05706674575805664,0.3477815244774622,-0.22089361375378025,-0.19587975217584977,0.2663114849726359,0.0817731396357218,-0.20331800582018186,0.2649990189272298,-0.10318764368693034,-0.26539909025751446,-0.1833469590030042,0.5038497751968296,0.19303323765396405,0.2681175848642985,0.4289210165700605,5723,2470
TTCCGCGTGAGGCGAT-1,GSM8576305_EM1_v1,EM,v1,46,64,1127.0,820,0.0,0.28437767267227176,0.42553898334503176,0.4103029561042786,-0.034347231388092044,-0.23165416398574676,-0.34728207126740485,0.14972426792732754,-0.07632718404134115,-0.30996190388997397,-0.2348943091555184,-0.47919464111328125,-0.058995291392008466,0.1841902594968497,-0.22070505532873683,0.6541863283660145,0.3172140990611303,0.15315422375996907,-0.009233126717229043,3874,4653
TTCCGGCCTTGAGGCT-1,GSM8576305_EM1_v1,EM,v1,54,44,933.0,664,0.0,0.1354355049133301,0.22220745007197062,0.5082017707824708,0.46761581420898435,-0.2101348953502234,-0.3132518029982044,-0.18497459392499804,-0.04318406740824381,-0.23185651143391928,-0.2199149753736413,-0.4178284304824906,-0.08203786214192708,0.2553737226738987,-0.1383771168659011,0.6421131406267597,0.19182317897494688,0.34900229454040527,-0.019847869873046875,2874,5352
TTCCTCTGCCCGAATA-1,GSM8576305_EM1_v1,EM,v1,35,15,458.0,396,0.0,-0.06691503524780273,0.7974201091130575,1.8607254314422608,0.0,-0.07681188934224106,-0.11352532140670284,-0.07492297753355556,-0.06480175654093424,-0.17119566599527994,-0.11866142757760242,-0.09969095968121859,-0.08565678278605143,-0.1396084674390923,-0.08794286643644893,0.281547272529848,-0.08727427709062761,0.433784441947937,-0.01261392428028968,1418,3699
TTCGACGGGAAGGGCG-1,GSM8576305_EM1_v1,EM,v1,24,44,416.0,364,0.0,-0.14753973007202148,0.9407914241154989,2.058822469711304,0.5796743774414063,0.5474611411791049,-0.09089875990344633,-0.14790950383160048,-0.06440826416015626,-0.14669540405273437,-0.04758395957308868,-0.16521158649693782,-0.05367355346679688,0.5195740251656038,-0.11640047739787274,-0.0499943183964508,-0.13599962215359793,-0.0772899169921875,0.0,2868,2737
TTCGCACTCGCGTGCT-1,GSM8576305_EM1_v1,EM,v1,25,45,431.0,382,0.0,-0.12023977279663085,0.6655812128384908,1.7119318437576294,-0.03186429262161255,-0.09949346051168283,-0.18258982319985667,-0.11255508078668351,-0.05310715357462565,-0.16380325317382813,-0.157275005327818,0.6968693712676761,-0.06596949259440105,0.5385930829258808,-0.08957833745872161,0.3495849566507476,-0.14212126715924828,0.37543386363983156,0.637285852432251,2918,2825
TTCGGGACTAATCGCG-1,GSM8576305_EM1_v1,EM,v1,36,72,788.0,603,0.0,0.20010900497436523,0.8950579706827799,1.0568594932556152,-0.03925037384033203,0.35587263240197564,0.08796538955055622,0.1670001539072596,-0.04361152648925781,0.35872007846832277,-0.14353095727620716,1.1123428728113223,-0.0697784423828125,-0.2864985025551424,0.4182503022343279,0.6670046918371687,0.23560377905600047,0.32733611138661706,-0.01319610111175045,4273,3780
TTCGGGCGCTAGTCTT-1,GSM8576305_EM1_v1,EM,v1,55,37,807.0,636,0.0,0.2672678351402283,0.8147086715698242,1.5958967304229736,-0.02922173500061035,-0.21493308281021373,0.04375067394449966,-0.12628988395059915,-0.060541267395019534,0.27318238735198974,-0.180708486499595,0.508656915964536,-0.0800224240620931,-0.3136853750451023,-0.12504219913099665,0.577652155840636,0.32020037176882804,0.11852126725514728,0.0,2523,5440
TTCGTACTCCAGAACG-1,GSM8576305_EM1_v1,EM,v1,29,29,916.0,727,0.0,-0.15277982711791993,1.2189472834269206,2.3021800804138186,0.4212546396255493,-0.14713141910208508,-0.2586874192760837,-0.1469522920766271,-0.0991187349955241,0.32541675090789796,-0.17904392612419,0.08825288619912963,-0.12606605529785156,-0.22241059268813534,-0.15449839519209652,0.29379316976555436,-0.1719939955899548,0.3423972260157267,-0.01998361656742711,2118,3175
TTCTAACCGAAGCTTA-1,GSM8576305_EM1_v1,EM,v1,34,90,1633.0,1103,0.0,0.058090923428535474,0.68099893728892,1.372742328643799,-0.06871995449066162,0.07156646843073489,-0.2599963218935074,-0.1828861475588385,-0.10471610387166341,0.08288391113281252,0.057496895293062456,0.1129191970962119,-0.0892176628112793,-0.38736651317182796,-0.1734755182840738,0.37578041454440886,0.06499983069622928,0.14915606689453126,0.3610172567829009,5174,3604
TTCTGCGAGCGCCCTT-1,GSM8576305_EM1_v1,EM,v1,33,17,430.0,381,0.0,0.28529828310012817,0.318706883986791,1.7680883121490478,-0.04782984733581543,-0.17512754612543113,-0.1795977007958197,-0.10557605867696586,-0.0425154177347819,0.4313009103139242,-0.12180554189012202,0.7579800961091204,-0.010628854433695475,0.4615549114334535,-0.07683508846175718,0.299154055665079,0.39897277894759,-0.16271701049804688,-0.038572457528883414,1517,3525
TTCTGCGGGTTAGCGG-1,GSM8576305_EM1_v1,EM,v1,40,80,847.0,636,0.0,-0.17263471603393554,0.1287991726398468,0.35217760562896727,-0.038249144554138186,0.24212563290378053,-0.3219591571438697,-0.16667655237336507,-0.05949867248535156,0.32981551647186286,-0.22624076409483435,-0.0020169145497844765,-0.06799847920735677,-0.2538697422747631,-0.14599404086070847,0.22769670064606434,-0.20844957740809208,0.2348934647242228,-0.010282028105951125,4674,4128
TTCTGCTAGACTCCAA-1,GSM8576305_EM1_v1,EM,v1,28,106,1310.0,976,0.0,0.13593364477157593,0.8484269189834595,1.6139890670776367,0.3880188274383545,-0.1712430998633139,-0.24158059397051412,-0.15006650002080396,-0.07185534159342448,0.1284966214497884,0.22264193159547804,0.6838774239512031,-0.11496854146321614,0.33724711793493556,-0.2413786616191328,0.5472451438193335,0.19524315315212562,0.36303918266296387,-0.03476871213605327,5975,3080
TTCTTGAGCCGCGCTA-1,GSM8576305_EM1_v1,EM,v1,47,41,1033.0,773,0.0,-0.1626399803161621,0.8527033122380574,1.6647746467590332,-0.04736846923828125,-0.21897423785665762,-0.3160186582995999,0.12113355574452489,-0.07894744873046874,0.36801780700683595,-0.28062933982415345,0.8746176375302152,0.32368453979492184,-0.3212345230531501,-0.1763936850919302,0.22321851205689175,-0.22689538655871133,0.27255422465006507,-0.028650283813476562,2722,4742
TTCTTGGACGATCTGC-1,GSM8576305_EM1_v1,EM,v1,52,32,986.0,723,0.0,-0.19194490432739258,0.9016104491551717,1.4089629650115967,-0.06026801586151123,-0.18517470599018213,0.10340230146311397,0.2019021631332866,-0.08035735448201498,0.20170047601064045,0.18079670788585275,0.33184565422950846,-0.048214413324991864,0.15491534141172847,-0.10201475610694732,0.19130680648167017,-0.18517470599018213,0.17887832991282143,-0.019441295054651076,2272,5179
TTCTTGGAGTAATGAG-1,GSM8576305_EM1_v1,EM,v1,21,79,1346.0,977,0.0,-0.11186817169189453,1.1334737491607667,1.711621322631836,0.35173510551452636,0.3308585829027786,-0.28715016764979207,-0.11749122256324404,0.24159584522247313,0.656183697382609,-0.22302337952680812,1.2599505727785745,-0.11290637969970703,0.13765824463472787,-0.23539773718899035,0.2698741702944638,-0.2114574343065753,0.3220553153355917,-0.008595677152756722,4621,2472
TTCTTTGGTCGCGACG-1,GSM8576305_EM1_v1,EM,v1,24,104,734.0,590,0.0,-0.12546367645263673,1.1569501272837321,0.9277556133270264,-0.06706656455993652,0.3941870445391805,-0.21242298618439706,-0.1257781217570293,-0.08047987620035807,-0.1799920654296875,-0.21059777505421717,0.4547358846287888,-0.06259546279907227,-0.24911742612540003,-0.14005869363685208,0.20030086754386267,-0.20074013802518811,0.24711746406555177,-0.01081718744770173,5874,2731
TTGAAGAATTCCCAGG-1,GSM8576305_EM1_v1,EM,v1,32,50,352.0,318,0.0,-0.07876854419708251,0.27613981564839685,0.8131009101867676,-0.033813037872314454,-0.10177837486649835,0.28943754451066117,-0.08744040467685327,-0.05635506312052409,0.4621115175882975,-0.17415233599302363,0.667040754374376,-0.06762607574462891,-0.1792487638542451,-0.09505673297437799,0.3742202257358584,-0.11308708318499817,0.3579684168497721,0.0,3170,3434
TTGAAGGATGGGCGCC-1,GSM8576305_EM1_v1,EM,v1,62,12,1360.0,1046,0.0,-0.11378289222717285,0.25941264867782593,0.7673860502243042,-0.10059479713439941,-0.2524419420937631,-0.14867545712378719,-0.13534739023461975,-0.12238616943359375,0.11101351261138917,0.32313490006968865,-0.09755778791916431,0.2209226083755493,-0.18301198568688817,-0.2333239053626616,0.06500810154187986,-0.24534290530609845,0.16573365116119385,-0.10270711683457898,1272,6053
TTGAATATGGACTTTC-1,GSM8576305_EM1_v1,EM,v1,34,76,1463.0,1000,0.0,0.20845702171325683,0.883687006632487,1.15777419090271,-0.020586352348327636,0.6091108101533275,-0.36557120661581716,-0.19616012764455082,0.2538983376820882,0.5017224375406901,0.06672207381547224,0.40418271374890724,-0.0912982177734375,0.06233978233184201,-0.23078221393876286,0.6555988723705697,0.25911988116958606,0.27681346352895103,-0.016601897055102934,4473,3606
TTGAATCGTTGTATAA-1,GSM8576305_EM1_v1,EM,v1,48,10,2537.0,1690,0.0,-0.2245646286010742,0.9654104836781819,1.4068673038482666,-0.07482896327972412,0.16757836163774914,-0.009155140494421288,-0.05744881976517219,0.1061661783854167,-0.07045059204101561,0.3546432647418019,-0.05391222422532016,-0.16081902821858723,0.17745901992522084,0.3079452133561712,0.188165959194943,-0.26618732975478154,0.21551847108205163,-0.03865408128307712,1170,4833
TTGACATGAACGTGGA-1,GSM8576305_EM1_v1,EM,v1,44,32,1172.0,874,0.0,0.15244864106178282,0.8252787415186564,1.0591820287704468,-0.0482903242111206,0.44044265818835104,-0.24384820076727098,-0.12245995657784599,-0.1127349599202474,0.31865051905314135,-0.26223127180118627,0.5262048643266907,-0.07941843032836914,-0.2935381663372239,-0.21083274136585403,0.5552768495499576,0.1741819773762255,0.351277042388916,0.0,2271,4482
TTGACCATGTTCTCCG-1,GSM8576305_EM1_v1,EM,v1,24,78,1501.0,1042,0.0,0.1380614745616913,0.328069372177124,0.6998252153396607,-0.06108907699584961,0.3907529944958894,-0.32948983100152784,0.04915832517141089,-0.08353765487670899,0.2272760629653931,-0.274644602899966,0.27125002476951665,-0.07466442743937174,0.11145166757116354,0.203452268853245,0.4728657664747156,0.25586868488668996,0.1168074197769165,-0.016421794891357422,4571,2734
TTGACCGTGTTAATGA-1,GSM8576305_EM1_v1,EM,v1,50,34,997.0,723,0.0,-0.1800265884399414,0.9544118754069011,1.7376810264587403,-0.07201881408691406,-0.18705100120110654,-0.3092014866490518,0.11960060913162424,-0.03416421890258789,0.10675712585449221,-0.24445478254337374,0.9502057337709577,-0.08802299499511719,-0.2951063899151293,-0.13757244554389433,0.2544170173157252,-0.18705101395929138,0.22997701867421472,-0.029039844389884703,2372,5005
TTGACTACCATATGGT-1,GSM8576305_EM1_v1,EM,v1,43,41,820.0,648,0.0,0.18909292101860045,1.00834898630778,1.3853236389160157,-0.06449617862701416,-0.19563924987180575,-0.30168025724349484,0.18229283732280396,-0.09459439595540364,0.6700721708933512,-0.20182657401298598,0.7135722584118539,-0.11179337819417318,-0.267916974293659,-0.13731938863853854,0.6598880950222725,0.23433526636100266,0.3361272077560425,-0.020805218527393955,2721,4394
TTGAGAGTACTGCTAA-1,GSM8576305_EM1_v1,EM,v1,44,38,1079.0,786,0.0,0.19211301922798157,0.46720162947972615,0.7935199642181396,-0.0381513786315918,-0.2378348666289977,0.20613079356707736,0.39071292506722277,-0.031053555806477864,0.36759040037790935,0.22641208365875212,0.46916746014925703,-0.09316068013509114,0.1648220682718668,-0.14288547623109626,0.6114992161193344,0.25190082747269105,0.17477565161387126,-0.009391196312442902,2571,4481
TTGATCTAACTTTGTC-1,GSM8576305_EM1_v1,EM,v1,29,47,319.0,288,0.0,-0.11737629890441895,0.3048367754618327,1.130237431526184,-0.017382755279541015,0.4980343485888563,-0.1359753454885175,-0.13509679617439596,0.0,-0.1274735387166341,-0.1346982235095174,0.23844918431092404,-0.01158850351969401,-0.17187308499133253,-0.027924104866732555,-0.0796917147486121,-0.0930180884523934,-0.13488754272460937,0.0,3019,3173
TTGATGTGTAGTCCCG-1,GSM8576305_EM1_v1,EM,v1,24,90,1075.0,831,0.0,0.1403777253627777,0.8864113807678222,1.5499197006225587,-0.0466473913192749,0.3715956961962425,-0.28885850598735197,-0.1457017979825051,-0.08552021026611328,0.7628832308451335,-0.24694331752815374,1.5044472975775396,-0.06997108459472656,0.17149483305383395,-0.1967058909465989,0.5287386112363427,0.1331593388299081,0.29279183673858644,-0.009404715991789294,5172,2733
TTGATTAGCTGTTTCT-1,GSM8576305_EM1_v1,EM,v1,48,34,1003.0,731,0.0,0.34168796896934506,0.9948622369766236,1.7431430053710937,-0.04790344715118408,0.16112064690627115,-0.2966057562058972,-0.16180354909490524,0.7345195229848226,0.6906552950541178,-0.23797671212799174,1.1687195285651981,-0.03193563143412272,0.34115646392944826,0.2936739498352908,0.6334654304564511,0.41385893797794715,0.085801105817159,-0.00965795305467421,2372,4830
TTGATTATGCAGATGA-1,GSM8576305_EM1_v1,EM,v1,27,33,709.0,585,0.0,0.23347134232521055,0.8982009935379028,1.822519121170044,-0.013574920892715454,0.2767076544139696,0.16624532097495645,-0.1129715711550605,-0.11764931996663411,0.23497078736623128,-0.21342825490894127,0.8002353553196893,-0.16044394175211588,0.3592557066415687,-0.12258759464126036,0.5767066856168402,0.2676274373778531,0.2435206174850464,-0.010947516848964075,2318,3000
TTGCACAATTCAGAAA-1,GSM8576305_EM1_v1,EM,v1,43,57,998.0,728,0.0,0.2755630695819855,0.5056718826293946,1.26150541305542,-0.09598861694335938,0.42320081262684184,-0.30639463855374244,-0.16634194892749452,-0.04799430847167969,0.2539265982309978,-0.16647758611468566,-0.07464841177201664,-0.055993359883626304,0.10429277841345852,-0.178667888105155,0.559948833760696,0.38369138942514375,0.09600908915201822,-0.029028815607870777,3523,4392
TTGCACGGAGCAGCAC-1,GSM8576305_EM1_v1,EM,v1,21,59,355.0,317,0.0,0.317065863609314,0.6948558966318766,1.7451741218566894,-0.050596604347229006,0.4471111515559746,-0.17139056421095325,0.3168037866888787,-0.022487379709879556,0.3417958005269368,-0.022562588337671798,0.28322225394047,-0.011243689854939778,-0.14089470982072821,-0.17610600482986635,0.7640196812528594,0.4471111515559746,0.39216505304972327,-0.013601237727749732,3619,2474
TTGCATGCTGATCACG-1,GSM8576305_EM1_v1,EM,v1,41,35,1064.0,797,0.0,0.2376981794834137,0.678577659924825,1.2134965896606444,-0.07024983882904053,0.3731243197070051,-0.31284055402201993,-0.14008777780939163,-0.06459053039550781,0.20709684530893957,0.18647267441021292,0.7412193500987079,-0.07805537541707357,0.21149890987748604,0.41842507147884755,0.4614251995496559,0.31490934267224807,0.09867228539784745,-0.02832654599220522,2420,4220
TTGCCATAGCCCGCTC-1,GSM8576305_EM1_v1,EM,v1,54,24,1635.0,1202,0.0,-0.15885961532592774,0.6595871766408284,1.3329855728149416,-0.07178459167480469,0.5191570043298048,0.06281376214620704,0.08448448355185956,-0.0871039072672526,0.20827458540598554,-0.24036560568921142,0.9261538374791962,-0.13289265950520834,0.4479032223483166,-0.1783648264934739,0.10659719875514678,-0.23386184028957202,0.023372596581776928,-0.01582560520018301,1872,5354
TTGCCCTGATCACGGG-1,GSM8576305_EM1_v1,EM,v1,36,34,547.0,454,0.0,0.27512612104415896,0.583839004834493,0.6143526124954224,-0.04438721656799317,0.5292722352239466,-0.21679882849416426,-0.09500488243007421,0.44387218793233235,0.7968985684712727,-0.1762348800199885,0.4684172648794772,-0.0690467898050944,-0.1981806927416698,-0.09507303352815559,0.6215558950402333,0.405999494369745,0.2781268838246663,-0.023864096210848902,2369,3784
TTGCCGCAGACCTACA-1,GSM8576305_EM1_v1,EM,v1,62,18,1269.0,959,0.0,0.12725066184997558,0.6697484493255615,0.7664074754714966,-0.054595661163330075,-0.19283149234427258,-0.2609051119896673,-0.17345912235422542,0.2817801221211751,-0.27609789530436196,0.11207883148023251,0.47793690009846246,-0.0821909523010254,-0.24974292923647715,0.2722486411711298,0.4556853730220849,0.1565320473185085,0.21975434525807697,-0.01761150360107422,1573,6052
TTGCGGCATCAGAAAG-1,GSM8576305_EM1_v1,EM,v1,53,45,903.0,669,0.0,0.30301158666610717,0.45985871235529585,0.41895628929138184,0.4359373807907105,-0.22842001516284752,-0.3021766601070281,-0.14518981589410537,-0.04151784578959147,-0.21094460805257162,-0.22007366167661738,-0.5112140598009579,-0.08303568522135417,-0.29370595173663405,-0.11266117019346919,0.6003901796217976,0.3805413466765065,0.11541921106974284,-0.010044640110385033,2924,5265
TTGCGTCGGCCAACCG-1,GSM8576305_EM1_v1,EM,v1,51,41,1181.0,830,0.0,0.17789459943771363,0.6470460796356201,1.0349871301651001,-0.05619636058807373,0.17527552658365989,-0.32736319880331716,0.09757498862749353,0.34467101891835533,0.3829667774836222,0.15713932030442834,0.6972520531122409,-0.09740702311197917,-0.25987730830548755,-0.10833033213174965,0.4575791727847561,0.29141162656488495,0.05888951269785564,-0.009063929319381714,2723,5091
TTGCTCCCATACCGGA-1,GSM8576305_EM1_v1,EM,v1,22,72,1598.0,1154,0.0,0.056814319491386406,1.021776803334554,1.2358498430252074,-0.1189247989654541,0.7171255938849985,0.015303574948816234,-0.16658612779507362,0.8985428428649902,0.47100989023844403,0.18712662401273766,0.6393642175651162,-0.11439041137695312,-0.28317787752572793,-0.2871558867305158,0.48488857462617935,0.1462698307723106,0.3350099147160848,-0.031969030057230306,4270,2560
TTGCTGATCATGTTCG-1,GSM8576305_EM1_v1,EM,v1,33,57,2225.0,1478,0.0,0.05934501886367799,0.7684357674916585,1.1165526723861694,-0.1107421875,0.3209498246245028,0.011919045777914195,-0.025982157105491288,-0.1553278096516927,0.050894931157430046,0.005653957991031189,0.302697101601233,-0.12846906026204427,0.1933735297865657,-0.3095639393511546,0.46054907890308894,0.14721148814113114,0.22527101866404214,-0.020609590315049695,3521,3521
TTGGAAGAATACAGTC-1,GSM8576305_EM1_v1,EM,v1,50,24,1904.0,1300,0.0,0.03417550265789032,0.6273956831296286,1.0714954710006714,-0.06415211200714112,0.22357578965998282,0.009879320997246976,0.10531750015148841,0.21463125467300415,0.27650016466776534,0.37373203537535904,0.7102146449914017,-0.133623046875,0.23007538672910632,0.10501361400726805,0.3191634942603999,0.04370877316165528,0.07075177447001141,0.33702032758343603,1871,5006
TTGGACATGTGGCTTA-1,GSM8576305_EM1_v1,EM,v1,41,29,1068.0,795,0.0,0.4763192844390869,0.9410696951548259,1.1871046209335328,-0.046765408515930175,0.44089159558847996,-0.2742697500413464,0.08551937169897228,-0.0545596440633138,0.2327749745051066,0.7582769526818658,0.5141347620184269,-0.0978221321105957,-0.34342496940888556,-0.14085967282214798,0.557972968649386,0.7014847471562516,0.24362518405914307,-0.018857019562875072,2120,4221
TTGGATATCGTCTACG-1,GSM8576305_EM1_v1,EM,v1,48,52,756.0,593,0.0,0.2777643382549286,0.5235614856084188,0.5685236978530883,-0.06637944221496582,-0.2053878044204967,-0.2749906662971743,-0.13664594569003075,-0.05310355504353841,0.20592615445454918,-0.16907230747184626,0.3065135658685885,-0.03540236790974935,0.23652069788860025,-0.13060041986794835,0.6068426158844913,0.34890232131366883,0.18035955492655437,-0.010706361263029037,3273,4828
TTGGGACACTGCCCGC-1,GSM8576305_EM1_v1,EM,v1,28,70,1309.0,912,0.0,0.08375452756881713,0.7246330507596334,1.7339323806762694,-0.046294360160827636,0.3797205036699174,-0.28785579435286984,0.16788458689711147,-0.07906563440958658,0.3183469295501709,-0.2826700880375993,0.9834179313424158,0.2689122740427653,0.07439374617304667,0.20356325624458282,0.4203464609162514,0.13062688286354976,0.1966753851572673,0.0,4171,3083
TTGGGCGGCGGTTGCC-1,GSM8576305_EM1_v1,EM,v1,30,76,1707.0,1096,0.0,0.19560392022132875,0.9219889577229818,1.371254768371582,-0.031968982219696046,0.45689373178492687,-0.005026519023877685,-0.190896457299254,-0.10910881042480469,0.22833292166392005,0.035187499778326525,0.7165790682461992,0.20562496900558472,0.03850960721931307,0.15588133105312488,0.565135481364406,0.29239742878155833,0.29062595558166504,0.0,4472,3257
TTGGTCACACTCGTAA-1,GSM8576305_EM1_v1,EM,v1,48,48,1023.0,753,0.0,0.14749417066574097,0.9638392861684164,1.6617319011688232,-0.059431114196777345,0.37844200556892216,-0.3377641247164819,0.2516552031338962,-0.08931774775187175,-0.27984006245930987,-0.17155040626143134,-0.40289344979290986,-0.057621148427327476,0.32644061257082774,-0.18658196016487827,0.6825418035075452,0.18662252208195135,0.32603647327423096,-0.019171326391158566,3073,4829
TTGGTTGCGGTGCGCG-1,GSM8576305_EM1_v1,EM,v1,53,23,1167.0,878,0.0,-0.19160438537597657,1.0301164706548054,1.4040139770507811,-0.033877897262573245,0.2092366661116431,-0.24438048947242,0.10721264962564436,-0.09247264862060547,0.20945269584655762,0.1406173813701872,0.26969591936274384,-0.09786947250366211,0.2816342461061286,-0.12048322225670259,0.23347453333245308,-0.18984520953634512,0.3321641082763672,-0.01821392390035814,1822,5267
TTGTAAGGACCTAAGT-1,GSM8576305_EM1_v1,EM,v1,46,32,1010.0,769,0.0,0.46257269382476807,0.9994398689270019,1.2950954246520996,-0.07166560173034668,0.2981601459126807,-0.25662442176572736,0.16362855473257845,-0.09770811716715495,0.1766531276702881,-0.21240211410267298,0.6647999281516969,-0.09770811716715495,-0.3247636848664188,-0.14106687675996957,0.6262036664438111,0.5944315842295703,0.3627394949595133,-0.019264947983526414,2271,4656
TTGTAAGGCCAGTTGG-1,GSM8576305_EM1_v1,EM,v1,27,81,1229.0,863,0.0,0.4697275924682617,0.491667439142863,0.8536662197113037,-0.055307474136352536,0.29932239847704184,-0.2511347955273044,0.22993997082973183,0.302347510655721,0.25914137999216713,-0.2611947968652017,0.5017771741424801,-0.09586629231770834,-0.27975313730507967,-0.1421557660083694,0.6213441134182294,0.6246151004480811,0.345213651974996,-0.03568223984010758,4722,2995
TTGTAATCCGTACTCG-1,GSM8576305_EM1_v1,EM,v1,35,55,1441.0,990,0.0,0.191477552652359,0.7858627398808797,1.6480303478240965,-0.0725153112411499,0.15999811602010905,-0.018369112146614852,-0.16715498615924576,-0.08978084564208984,0.15566441377003992,0.12296286607399964,0.24717199314607619,-0.0780620829264323,-0.30020693124058734,0.23207005037361358,0.5289871433061311,0.259853047139137,0.19367328198750816,-0.008354298530086395,3421,3695
TTGTCACCGCGGTATC-1,GSM8576305_EM1_v1,EM,v1,53,5,333.0,301,0.0,-0.06790078163146973,0.7899641370773316,2.1874024868011475,0.5667676353454589,0.49900908308018543,-0.09695438415773454,-0.07667987029952812,-0.057249253590901696,-0.1785167948404948,-0.05744072266645655,0.3698803341311683,-0.057249253590901696,-0.14885616685491967,-0.13795000865277515,0.43136490569756847,-0.0849716224797992,0.575391077041626,0.0,920,5269
TTGTCGTTCAGTTACC-1,GSM8576305_EM1_v1,EM,v1,22,58,269.0,245,0.0,-0.05633251190185547,0.81115220785141,1.4338038063049316,-0.01821086764335632,-0.0753612199355926,-0.1321756455206102,-0.06560195119757402,-0.060702889760335284,-0.10165771484375,-0.0753612199355926,0.3521721821762381,-0.02428115685780843,0.547446715688131,-0.10239041952723002,0.4135275818727761,-0.09972358627064172,0.5050480635960897,0.0,3569,2562
TTGTGAGGCATGACGC-1,GSM8576305_EM1_v1,EM,v1,43,13,770.0,609,0.0,-0.12197166442871094,0.8699539391199748,1.6519786643981935,-0.06595323085784913,0.35287669337579897,-0.24885325278005294,-0.13550106803874923,-0.0527625846862793,-0.21015597025553384,-0.19306412508655152,-0.4268235633121663,-0.09892056783040365,-0.2706220695771367,-0.17215590879141565,0.19072616646829513,-0.19846551952553435,0.18227325820922852,-0.010637617880298246,1319,4397
TTGTGGTAGGAGGGAT-1,GSM8576305_EM1_v1,EM,v1,50,28,1454.0,1024,0.0,0.4809087705612183,0.7796972529093424,1.4199124813079833,-0.06505847930908203,0.12981211700567036,-0.25759124755859375,0.18502083532792285,0.2799909178415934,0.4446880976359049,0.057964552206339226,0.9635115792575024,-0.10178014755249024,-0.2871966074748212,-0.3042618165533227,0.6051325774124495,0.28774902015226744,0.25683744621276855,-0.0416133173050419,2072,5005
TTGTGTTTCCCGAAAG-1,GSM8576305_EM1_v1,EM,v1,51,59,2272.0,1464,0.0,-0.1920458984375,0.11707945386568708,0.23566411733627324,-0.11857300758361816,-0.1872179930824101,-0.2892194563342679,-0.2121695229284148,-0.1256750742594401,0.018719023863474515,-0.016975853820575426,0.014506708009586977,-0.15989545186360676,-0.29214183393731175,0.35206801115748393,0.0026171690328073427,-0.20414102356569425,-0.005795751730600984,-0.03400523431839481,3625,5089
TTGTTCAGTGTGCTAC-1,GSM8576305_EM1_v1,EM,v1,24,64,1098.0,802,0.0,0.2025297224521637,1.0108285570144653,1.7334283351898194,-0.04626549243927002,0.205433665177761,0.1416344082300564,-0.15414419150292724,0.32942798773447673,0.3397690264383951,-0.2768370459310985,0.3888890724428592,-0.11780511220296223,-0.296896907699156,-0.21212561733751412,0.707912698003829,0.306914347470006,0.3709337695439657,0.0,3870,2735
TTGTTGTGTGTCAAGA-1,GSM8576305_EM1_v1,EM,v1,31,77,1829.0,1218,0.0,0.39665443658828736,0.8880282592773437,1.495938491821289,-0.03733569622039795,0.17530174226133588,-0.011455095308716912,0.0048556513804242085,0.1970814371109009,0.4511454836527507,0.013220806850105904,0.9728444243880885,-0.14924699147542317,0.21959039868121166,-0.18485218645578408,0.8179937416639573,0.5720256592251918,0.15889695707956947,0.0,4522,3344
TTGTTTCACATCCAGG-1,GSM8576305_EM1_v1,EM,v1,58,42,2192.0,1350,0.0,-0.1508834171295166,0.17452063282330832,-0.16095088601112367,-0.12706867218017578,-0.16647787955293689,-0.2141199727212229,-0.1656647110941416,-0.08750638326009115,-0.24851544698079428,0.21631685799712452,-0.3195726020851327,-0.14590014139811197,-0.28367348176887236,0.11198614754351269,0.2531256654371846,-0.18943393669000835,0.39629664834340417,-0.03459608170293992,2774,5701
TTGTTTCATTAGTCTA-1,GSM8576305_EM1_v1,EM,v1,60,30,639.0,530,0.0,-0.09735991477966309,0.16416941285133363,0.5428940153121948,0.0,-0.17859847410068067,-0.20867792252571352,-0.12041041247527999,-0.093745911916097,-0.1927540079752604,0.3303975898153673,-0.27975559713852466,-0.07499673207600911,-0.27187215659513053,0.4329113337888296,0.21501803270042114,-0.17859847410068067,0.2504715401331584,-0.011340230703353882,2174,5877
TTGTTTCCATACAACT-1,GSM8576305_EM1_v1,EM,v1,45,27,1780.0,1247,0.0,-0.2096048927307129,0.5239253369967143,1.0604673433303833,-0.0755915880203247,0.22717480064102907,-0.25987720489501953,0.24810826375072165,-0.12898728688557942,0.15664912382761637,-0.2363509621508544,0.5541032471420606,0.5980275599161784,0.055164317433613885,-0.22768552236288905,0.18828639661343527,-0.2049178821984741,0.2757283856074015,-0.038100600242614746,2021,4570
