,sample_id,site,version,array_row,array_col,total_counts,n_genes_by_counts,pct_counts_mt,HSPC_primitive_score,Myeloid_granulocytic_score,Monocyte_macrophage_score,Erythroid_score,B_cell_score,T_NK_score,MSC_stromal_score,Endothelial_vascular_score,Osteolineage_endosteal_score,Adipocytic_score,ECM_matrix_score,Inflammatory_score,CXCL12_CXCR4_axis_score,Hypoxia_stress_score,AML_blast_like_score,Primitive_like_AML_score,Committed_like_AML_score,Immune_suppression_score,spatial_x,spatial_y
AACAATCCGAGTGGAC-1,GSM8576303_BM2,BM,v2,103,47,16835.0,5902,1.6632017,0.03567965626716614,3.1853189277648926,1.6087391553606307,1.521717211405436,0.020961129042996907,-0.09841801910925652,0.1429618120193481,-0.006158655215812603,-0.285502639225551,0.1599349429808467,-0.3485591647037496,0.02245558159691946,0.3679143142700195,0.20165641307830806,1.9444072189331054,0.05855813503265381,2.7041412607828774,-0.10119517008463541,759,2238
AACACCATTCGCATAC-1,GSM8576303_BM2,BM,v2,53,139,24797.0,7324,1.2945114,-0.11110856562852858,2.4958306121826173,1.8289442225864956,2.2043219375610352,0.8421775184003224,-0.04715574916176457,-0.06935307690075465,-0.2545006025340095,-0.3880461158752442,-0.07692298975335549,-0.6745864595228508,-0.009857537876725303,0.1301882553100585,0.23229015827178956,1.2168790607452393,-0.14728331247965495,1.932079823811849,0.059357638359069834,1746,1308
AACACGCAGATAACAA-1,GSM8576303_BM2,BM,v2,56,142,2023.0,1490,1.4335146,0.12173045158386231,3.005089340209961,1.2260846873692102,1.76762570699056,0.4241954179173972,0.4715821566557104,0.1495722334725516,-0.03422033049949991,0.3760218789236886,-0.23783877575732618,0.3078728142772173,-0.0777487210779382,0.27611446380615234,-0.4873902130126953,1.951287218093872,0.1544607671101888,2.4545962142944338,-0.09505279541015625,1779,1364
AACAGACCGCGATCTG-1,GSM8576303_BM2,BM,v2,111,31,18563.0,6452,1.7831169,-0.13741755485534668,2.3339434623718263,1.7932390049525668,1.8210699717203775,0.19976869835911032,0.02136711477891373,0.19838806492941718,-0.15069647514571236,-0.4399650674547468,-0.00598911061344376,-0.673295290563845,0.05144462580877432,0.628242359161377,0.47051771163940426,1.3460503873825074,-0.1444179407755534,2.106749623616537,0.03162388165791831,587,2386
AACATAGAAGGTGAGT-1,GSM8576303_BM2,BM,v2,61,137,736.0,577,1.4945652,-0.08874981880187988,0.8348343372344971,0.1984551783970424,0.4007295767466227,-0.12104286438968766,-0.16938441632741905,0.2471710787500654,-0.17730253815309366,2.9747344948904857,-0.1076356512475684,2.55265883997097,-0.0561712636243577,0.3711327362060547,-0.31676515579223635,0.6317568283081054,-0.06253631591796875,0.6442249043782551,-0.055796788533528645,1725,1456
AACATAGGTTCCGCAC-1,GSM8576303_BM2,BM,v2,55,143,3280.0,2076,2.1341465,-0.10768784523010254,2.5570938968658448,1.3887662669590544,1.1320538902282715,0.6995667875052456,0.12709387717955561,0.2377685366358076,-0.2637744236812209,0.8467217614310127,0.007277273030644904,0.38885123114800757,-0.0957370860464621,0.5424003028869628,-0.11390148043632509,1.7001280670166015,-0.1025505002339681,2.305311482747396,-0.07458218256632487,1789,1345
AACATCAAGGCTGGCT-1,GSM8576303_BM2,BM,v2,94,64,7671.0,3853,1.2905749,-0.003519546985626218,2.4479160976409915,1.4451612091064454,2.0467370223999026,-0.06009176457263382,-0.15617814853283024,0.11617919683456424,-0.21519314710887982,-0.5657763671875,-0.25340860723012903,-0.6539947243687748,0.12345256878568478,0.4620165634155273,0.4527364253997803,1.5012045993804932,-0.02287713686625162,2.0662535730997718,0.040020888646443695,941,2070
AACCAAGACCAACTGA-1,GSM8576303_BM2,BM,v2,96,80,2995.0,1829,2.2036726,-0.08805723190307617,2.387529678344727,1.936684134347098,2.20139279683431,-0.016791072715238387,0.08867523428084728,-0.04667890940393721,-0.07239025101718286,-0.48288525390625,-0.2511046382796812,-0.7518392985299129,-0.059098813357769245,0.07788920402526855,0.06519236087799074,1.5182782335281373,-0.065499267578125,2.1676785659790037,0.20057479937871298,1113,2107
AACCAATCCGATCGCT-1,GSM8576303_BM2,BM,v2,97,47,6827.0,3506,1.5087154,-0.09479730606079101,2.8855190467834473,1.8339430563790455,1.7251461537679038,0.46566960036036475,0.32575816199893043,0.13860746281487601,-0.07588822257064962,-0.38994439615522114,-0.24048826828539135,-0.6325543708563537,-0.004530916049405004,0.34167257308959964,-0.29129110455512996,1.6203409385681153,-0.1354174041748047,2.32953488667806,0.0585852034886678,759,2126
AACCATACCATAGACG-1,GSM8576303_BM2,BM,v2,98,22,7255.0,4047,1.9986216,-0.002043862938880925,2.4064359378814695,1.6526459503173827,1.7927876027425131,0.035875488955333046,-0.33746172714288114,0.1950066757202148,-0.18847364731319022,-0.25308416039603093,0.40677895220407995,-0.26894514124094016,-0.135107962077096,0.4253994369506836,0.22979252338409428,1.4100957908630372,-0.03633638461430869,2.065138511657715,-0.09410048802693685,490,2145
AACCATAGATTCTGGC-1,GSM8576303_BM2,BM,v2,34,188,758.0,678,2.2427442,-0.046422629356384276,1.0698038005828856,1.2311100333077567,0.5616464678446452,0.3196523979485753,-0.12246787595940402,0.1553905485357557,0.5489288805158618,0.21190956033979144,0.8206918392794199,0.10308514322553364,-0.053410501288087574,0.3263377094268799,0.4059193444252014,0.5915299763679505,-0.11495127360026042,0.6130197429656983,-0.046402966181437175,2272,955
AACCGAAGTAGCCTGC-1,GSM8576303_BM2,BM,v2,45,171,1550.0,1274,1.6129031,0.3649793338775635,1.1892090129852295,1.0959594018118721,0.22891277949015298,0.6363839298845774,-0.2253200883367454,1.000470311301095,0.34979304884771223,0.9579328242710657,-0.22455411550989113,1.4191767015027406,-0.1078351936084312,0.3161634540557861,-0.33982952117919923,0.28572251892089845,0.1866407140096029,0.24111824671427406,-0.08033721923828124,2090,1159
AACCTACAAGTTAAGA-1,GSM8576303_BM2,BM,v2,111,25,11348.0,4883,1.4451885,0.1138143527507782,2.832706928253174,1.6734259469168529,1.5306288401285806,0.5035891925474727,-0.035117576947105544,0.27406510829925534,-0.19065139726005617,0.04309726606096542,0.7894167105356851,-0.006159439068626926,0.057021194656423274,0.8690908813476562,0.10228266954421994,1.7627036380767822,0.06970048348108926,2.465963045756022,0.033975919485092154,523,2386
AACCTGTCCTGCGAGC-1,GSM8576303_BM2,BM,v2,82,82,11165.0,5006,1.6032243,-0.04461819410324097,2.6130847549438476,1.785729740687779,1.8482659276326499,1.0461339816510917,-0.06957576278975414,0.011988530499594585,-0.05934819324163931,-0.3733062079293388,0.005237737333918191,-0.7366535533308869,-0.15737140578711592,0.44460166931152356,0.24147994518280025,1.5085866012573241,-0.006896867752075195,2.030326067606608,0.03997244834899902,1134,1847
AACCTGTCTACCTATC-1,GSM8576303_BM2,BM,v2,112,8,13042.0,5386,1.6868578,-0.13863101959228516,2.611635112762451,1.7246814945765903,2.018799845377604,0.6891550673059671,0.005868383474344485,0.16279859985624046,-0.1089915823263074,-0.3345895099639893,0.24224329473503148,-0.1266585260429638,0.026139121613360794,0.44801599502563483,-0.2559744834899902,1.3879547872543334,-0.15120262145996094,2.016239446004232,-0.009102395772933952,340,2405
AACCTTCTGTGCTGAA-1,GSM8576303_BM2,BM,v2,117,11,4002.0,2355,2.2488756,-0.07514433860778809,2.9851865577697754,2.1084151458740235,1.7144500223795571,0.4140626589457194,-0.07968160905033711,0.3706281634739467,-0.12469206049556478,-0.17340235301426482,-0.3962080315892476,-0.4266842584253387,0.09667217948635609,0.5651915740966796,-0.37542086839675903,1.6358213214874269,-0.08349371592203776,2.546619987487793,-0.06203852335611979,372,2498
AACCTTGTCCGTAATT-1,GSM8576303_BM2,BM,v2,111,9,11601.0,5089,1.4395311,-0.10181831359863282,2.274918394088745,1.6617147173200335,1.7825508880615235,0.7209609569794682,-0.15662617561670805,0.14811072894505095,-0.1110640796441989,-0.3427789410182408,0.27084334882866423,-0.4920078430285504,-0.05024547019146547,0.393709659576416,-0.07618718147277836,1.2734131050109863,-0.13331926981608072,1.783358154296875,0.013576790491739918,351,2386
AACGAGCGGTTGTAGG-1,GSM8576303_BM2,BM,v2,102,10,8941.0,4224,1.7447712,-0.022189473807811735,2.7972552299499513,1.628557161603655,1.9388566335042319,-0.20035351280227723,-0.008946902438681903,0.11376638787133353,-0.17474282524696005,-0.4530450087274824,-0.050213832453072815,-0.7965319279513445,0.012161093784544413,0.4840714645385741,-0.08118041276931764,1.7151117992401124,0.0018543883164723746,2.295556958516439,0.04047765771547954,361,2219
AACGAGCTGTAATATT-1,GSM8576303_BM2,BM,v2,50,182,323.0,290,3.405573,-0.060628352165222166,-0.02790698170661926,0.27121580260140554,0.11644623915354407,0.41800187821369095,-0.08984318315743442,-0.09898506164550781,0.5519862657094948,0.2945782369886126,0.4606635757239468,1.3872236780329381,-0.011625762753838661,-0.23735248565673828,-0.2893196487426758,-0.07562590026855469,-0.01154825766881307,-0.18906475067138673,-0.01154825766881307,2208,1252
AACGAGGAATCTAGAA-1,GSM8576303_BM2,BM,v2,87,59,899.0,687,1.8909899,-0.04366500377655029,3.2521832752227784,1.7734566606794084,1.671192881266276,-0.16607912668741373,-0.16346457301373463,-0.24275488717215402,-0.17195643121670173,-0.2652205200195312,-0.23570424581627292,-0.06919282211896216,-0.05861074332422858,-0.20025821685791015,0.8037612009048463,1.7421386241912842,-0.06653715133666992,2.5499519729614257,-0.04990286191304525,887,1940
AACGCACGTAACATGC-1,GSM8576303_BM2,BM,v2,58,142,1397.0,1122,2.1474588,0.45128995656967164,3.1404496955871584,1.1693067223685127,2.028498026529948,-0.18432483902896743,0.25440154811533033,-0.0057680165767669545,-0.18050322218405826,0.37163327080862857,-0.16859621407995262,0.3700949032491828,-0.08452442988453296,0.13013751029968262,0.18576258897781373,2.1018973121643065,0.6416007518768311,2.240841102600098,-0.07696418762207032,1779,1401
AACGCTCAGGAGTCAG-1,GSM8576303_BM2,BM,v2,90,92,21382.0,7109,1.4732018,0.01847209870815278,1.8112111473083496,1.8648822130475724,1.4911426289876304,0.28735277930416736,0.07875829965850772,0.03796616043363299,0.08188531460256493,-0.5523257200377327,-0.3539517447651629,-0.80960482581807,0.11865410331568804,0.5833901023864746,0.23217008113861082,0.96590718460083,0.0759157427151998,1.4240778477986655,0.054103940327962244,1242,1996
AACGGCCGTACTTCCT-1,GSM8576303_BM2,BM,v2,86,92,12337.0,5537,1.5481883,-0.017766939401626575,1.6545394134521485,1.7515287889753068,2.0513973108927406,0.2399231497063694,-0.28380583909757506,-0.12785357270921982,0.05543130565460619,0.06463504300798684,-0.31150263954836677,-0.4035138480386707,0.025104751065730596,0.19246631622314458,0.1677425336837769,0.9014461460113525,0.056180335680643706,1.0253582255045575,-0.00374691406885784,1242,1921
AACTAGGCACAGGCTG-1,GSM8576303_BM2,BM,v2,86,72,4459.0,2837,1.5474322,0.15255457878112794,1.7099460411071776,1.5651130676269531,1.6782861200968422,-0.1673499053740597,-0.05615211942041326,-0.17779954092843192,-0.1091405916936174,-0.4569440612792969,-0.2823339868262111,-0.5530606715128268,-0.10574677486547687,0.2785680389404297,0.38133046627044676,1.0329985399246215,0.04004664738972982,1.4988524373372396,-0.08193069458007812,1027,1922
AACTATAACAATAACC-1,GSM8576303_BM2,BM,v2,62,116,1724.0,1017,3.4802783,-0.12606943130493165,1.7702575874328614,0.32741112845284603,0.5605581951141357,-0.20421212744042577,-0.1721640743883738,0.588281021118164,0.10578969990772838,3.550964852469308,-0.21929530254808297,3.200196226856967,0.21596014065344749,0.1880331993103027,-0.3317230224609375,0.5347939720153809,-0.06595562616984049,0.7134118938446045,-0.054437872568766275,1499,1475
AACTCAACTAATAGGT-1,GSM8576303_BM2,BM,v2,51,149,767.0,669,2.2164276,0.2575710546970367,1.757422685623169,1.2022789709908621,1.9667606353759766,0.5065525760612334,-0.16177990158877698,0.4755361226626805,-0.1986891082501343,0.6874940359933036,0.3103408751238781,0.14690484136543017,0.32199950986260534,0.35999243736267095,-0.1980603790283203,0.9831778640747071,0.3148209396998088,1.1148280715942382,-0.0902480697631836,1854,1271
AACTCATGATCCAACG-1,GSM8576303_BM2,BM,v2,90,94,16777.0,6245,1.8120044,-0.015784229338169087,1.809311227798462,1.6198296683175222,1.5560869344075523,0.5987366366099163,0.18615447332718144,0.10194518021174837,-0.02288608740354925,-0.4021467895507812,0.0019277975741159858,-0.5904299266500647,-0.06392513302691487,0.43523796081542976,0.18308151245117188,1.029515730857849,0.01675954937934876,1.405408624013265,-0.028936159809430442,1263,1996
AACTGAAGTGGATGGT-1,GSM8576303_BM2,BM,v2,87,67,6347.0,3666,1.2131716,-0.13489940643310547,2.632044095993042,1.4505205644880022,2.1447247060139976,0.19717836571505748,-0.09170329078339462,-0.07768543566976277,-0.1981228083994269,-0.1340683789934431,-0.23918840109583842,-0.6447823305943783,0.11984029826587592,0.4969833183288574,0.2211337351799011,1.7164067516326904,-0.14622095743815103,2.220587361653646,0.049845568339029964,973,1940
AACTGCCTGACAATCC-1,GSM8576303_BM2,BM,v2,43,187,2532.0,1837,1.6982622,0.32789561748504636,-0.8122276675701141,-0.23551102502005444,-0.7455911747614543,0.2020760362885563,-0.044611617196105485,0.9592868171419416,0.6260735167863668,0.6922136688232422,0.11514328809148339,1.9907224733786064,0.2278375979923676,0.5420657730102539,-0.4647857666015625,0.011701221227645886,0.4638487307230631,-0.47716804504394533,-0.0998675537109375,2262,1122
AAGAATGTAGGTATTG-1,GSM8576303_BM2,BM,v2,62,142,15028.0,4336,1.3108864,-0.05662471681833267,2.2078545761108397,0.9291842215401787,-0.2077706782023112,0.058613172975409966,-0.12589217011981907,-0.0330089487348284,-0.10981094593207366,3.8218564235142303,-0.15656723243644435,3.060528476309113,-0.10310105829430907,-0.11880704402923581,0.10868793964385987,1.416239242553711,-0.026804426908493037,1.6129394467671714,-0.06764927546183268,1779,1475
AAGAGCACCTAAGTCT-1,GSM8576303_BM2,BM,v2,90,78,8191.0,4046,1.3063118,-0.03739159196615219,1.9853688049316407,1.6357288360595703,2.4576302337646485,0.04216546275050764,0.055104049676051425,-0.006690175533294651,-0.03059786145822757,-0.19050979614257812,-0.26966899860814875,-0.41966204035202126,-0.007101671979159896,0.2462684440612793,0.003901090621948211,1.0492695741653442,-0.0017211226622263487,1.4545223744710287,-0.09454753875732422,1092,1996
AAGAGCTAAGCAGTCT-1,GSM8576303_BM2,BM,v2,69,129,1832.0,934,1.4737991,0.17254944384098053,-0.0019154679775237882,0.6019869041442871,0.47505267143249513,-0.2257394445947854,-0.1639238227323356,0.4700428557395935,-0.19792546925367122,1.7147347586495536,-0.17370921062178402,4.014372621720955,-0.09121245185800847,-0.24383993148803712,0.3721803116798401,-0.14333360290527344,0.2175965126355489,-0.40265735626220706,-0.06998618443806966,1639,1605
AAGATACAGACCAGTA-1,GSM8576303_BM2,BM,v2,46,178,555.0,486,1.4414415,-0.0809981346130371,-0.48459197998046877,0.1945973369053432,0.1173899380366007,-0.17790304896343184,0.28370654794996114,-0.07958440508161273,0.2903200689027703,1.3137847137451173,-0.1091364895004824,2.844246355022017,0.38123416077713496,-0.22155452728271485,-0.2657353591918945,-0.1482962951660156,-0.049089781443278,-0.2195071792602539,-0.039271825154622395,2165,1178
AAGATGTTAGTGCTTA-1,GSM8576303_BM2,BM,v2,56,144,13157.0,5724,1.7785211,0.2465628707408905,2.474286518096924,1.3847242409842357,1.538902244567871,0.0908886457542818,0.17172197124702243,0.20023172174181258,0.003667709137443853,-0.09035938916887554,-0.11491725004341707,-0.43673789124017937,-0.047902720543705035,0.47129827499389654,0.08184513330459597,1.704317388534546,0.2701590124766032,2.1323347981770837,-0.14790387471516928,1800,1364
AAGATTATACGAATGC-1,GSM8576303_BM2,BM,v2,106,26,18357.0,6588,1.2256905,-0.009979426264762878,2.3918900775909426,1.6832854461669922,1.8816632715861001,0.34450213497422305,-0.03901204895986887,-0.014523922886167218,-0.17032872210552202,-0.5443358333451408,-0.24127866824467975,-0.5681357072846658,-0.06307788177510351,0.12402648925781246,0.12590947628021243,1.4818271980285644,-0.013376740614573168,1.9784190114339193,-0.03013618270556133,533,2294
AAGATTATGTCTAAGT-1,GSM8576303_BM2,BM,v2,89,87,8202.0,4240,1.4142892,0.1356551969051361,2.4957623767852786,1.7427205875941683,1.7052586364746094,0.11042067468405731,-0.06404552922054602,0.15774866751262118,0.08164489078951137,-0.11732028361729213,0.18149197293093883,-0.5955063431512133,0.10169249904464325,0.6694598579406739,0.031814808845520015,1.6894650726318359,0.07219119946161906,2.0986661402384437,0.028141399621963506,1188,1977
AAGCACTAAGTTAATA-1,GSM8576303_BM2,BM,v2,26,210,10310.0,4446,3.4820564,0.06379628241062164,3.218867034912109,1.62089966910226,0.6723830413818359,0.9052768299378544,-0.11852281721446684,0.5535391855239868,0.7047285264601144,-0.2657216211046492,0.5738597471551244,-0.18467166485516695,-0.10350530099548749,0.5760987663269043,0.1595509481430054,2.0964081172943114,0.08105807065963744,2.8523119735717772,0.14926703850428263,2508,806
AAGCAGACGTCGAGTA-1,GSM8576303_BM2,BM,v2,34,186,1792.0,1367,1.8973215,-0.08949423789978027,2.1996253967285155,1.549197229657854,-0.520329213142395,0.5181208757990334,0.649085988139395,0.6225006147793362,0.4905946472361592,-0.0411761691229684,0.6800142770790192,0.36076137454946344,-0.10115913416715276,0.7170443344116211,0.5781584858894349,1.4028814496994018,-0.12137273152669271,2.0805486679077148,-0.07945770263671875,2251,955
AAGCAGTACAATACGT-1,GSM8576303_BM2,BM,v2,71,129,697.0,399,3.0129125,-0.01365466594696045,0.15688078880310063,0.4924359403337751,0.15200155258178716,-0.10866330617881682,-0.1465126252078627,-0.16201292855398997,-0.11956965274318924,1.611872517177037,-0.06580561902149613,4.15369456612138,-0.053952972360905384,-0.20845346450805663,0.5343153667449951,0.23913500499725343,-0.06592185974121094,0.12765412012736005,-0.06311354955037435,1639,1642
AAGCCACTCAGGCAGA-1,GSM8576303_BM2,BM,v2,32,192,3907.0,1889,1.8684413,0.22582314133644105,1.3931794929504395,1.9982925742013111,0.6971038945515949,0.6821530870644443,-0.031942316874374405,0.9798162453515189,0.14758522823800624,0.5945628765651157,0.08858537937263888,0.7153998107032373,0.09252896599207264,0.5330326461791992,0.019818373918533305,0.27673816204071044,0.3059706958134969,0.4716120847066244,-0.05078490257263184,2315,917
AAGCGACGCTCACGCA-1,GSM8576303_BM2,BM,v2,86,78,2012.0,1414,1.5407555,-0.07449949264526368,2.77190242767334,1.681104627336775,0.7648900604248048,-0.33924544001200113,-0.036071799024383844,0.23060024670192175,0.002210086113207166,-0.4093595275878906,-0.3230329766330949,-0.6338504048801908,-0.06798734600912004,0.16085596084594722,0.11623533725738527,1.6402372550964355,-0.05168525695800781,2.412807820638021,-0.06551515579223632,1091,1922
AAGCGAGCTATCACGG-1,GSM8576303_BM2,BM,v2,107,19,4294.0,2719,1.9795063,-0.08851601600646973,3.0667159080505373,1.4622730582101002,0.22701409657796212,0.21211759153618864,0.04609075963189396,0.2044919749668666,-0.14083412256681963,-0.07741950307573592,0.041241424629487156,-0.4059540944268582,0.25304210997496446,0.423330078125,0.25061475992202764,2.031765510559082,-0.1598766835530599,3.0644393412272133,-0.1019864018758138,458,2312
AAGGACCAGATAACTG-1,GSM8576303_BM2,BM,v2,110,24,6976.0,3745,1.4621559,-0.017786623239517213,3.0056471633911133,1.4928555951799667,1.6100554275512695,0.18947827433007786,0.10197530706518354,0.027871281760079525,0.1983836549156961,-0.09615195846557623,0.11072895086433993,-0.4956849528867698,-0.09978851856001271,0.2617144775390625,0.17977318763732908,1.8352703475952148,-1.6053517659653238e-07,2.4391033299764,-0.06379655838012695,512,2368
AAGGCCTCACTGGTTA-1,GSM8576303_BM2,BM,v2,46,166,982.0,739,1.3238289,-0.10864896774291992,0.2549323916435242,0.6780714171273368,-0.2480720996856689,0.5763040986884549,-0.16170728446010604,0.16971469044685364,0.17280178815675376,1.4750557883126396,-0.15774356888001223,2.2508974047886676,-0.08102085446351326,0.30683028221130376,-0.31760761260986325,0.45220261859893796,-0.09068681081136068,0.5688475608825684,-0.08048071543375651,2036,1178
AAGGCGCTACCGTTGT-1,GSM8576303_BM2,BM,v2,64,138,7704.0,3135,0.98650056,-0.017276212573051453,2.7720904541015625,1.6813217272077288,-0.4073622830708822,0.25951370177977534,-0.061947547903843325,0.02687644856316701,-0.165571718639494,3.651625760759626,-0.04061810031952151,3.278230957879773,0.05963866296916315,0.6136617851257323,-0.32237942099571226,1.7409634399414062,0.002350041866302499,2.4813902282714846,0.057198242346445716,1736,1512
AAGGCGGAGCTCATAG-1,GSM8576303_BM2,BM,v2,60,148,707.0,615,1.8387552,-0.033970279693603514,2.3066867351531983,1.6577076775687083,1.0376595815022784,-0.09822731324467793,-0.0763990256681021,-0.18348133632114955,-0.1976909473495702,1.1176037641252792,-0.09822731324467793,0.4802116355639976,-0.07516964649994101,-0.1799433135986328,-0.2647698402404785,1.2132726354599,-0.0656097666422526,1.2323634147644043,-0.08372725168863933,1843,1438
AAGGTTACTTGTGGAA-1,GSM8576303_BM2,BM,v2,92,42,14911.0,5699,1.0931528,-0.06737055778503417,2.37073034286499,1.3722672489711216,2.3153846486409506,-0.04551486700892926,-0.0023443417103209963,0.10590635878699162,-0.25768145410145005,-0.480708230154855,-0.24906281869574246,-0.6115590947700713,0.03716713675830874,0.6052504730224609,0.5610098218917847,1.4485780963897705,-0.03887485504150391,2.0744602966308596,0.13615251859029134,705,2033
AAGGTTATAAGTACAA-1,GSM8576303_BM2,BM,v2,96,48,5847.0,3295,1.4366342,-0.12780205726623536,2.6563603115081786,1.9113665008544922,1.4718757502237954,0.42136585664557646,-0.2491177381008299,-0.04853134444781715,-0.001204095607012734,-0.3680991518838065,-0.25736013294223803,-0.5310282814651299,0.05112650164707509,0.2114674949645996,0.1639557218551636,1.504364778518677,-0.13281604766845703,2.1518309275309244,-0.06979360580444335,769,2108
AAGGTTGGCGAGGTTC-1,GSM8576303_BM2,BM,v2,49,175,468.0,424,1.0683761,-0.0621522045135498,0.118475376367569,0.4908810452052525,0.24795912583669033,-0.1290941966106614,-0.1166138323435343,-0.1470304216657366,0.26977958017521786,0.398727402823312,0.9110663760618034,0.7829808832243557,-0.07524768138091836,-0.17762393951416017,-0.19316198348999022,-0.11614737701416016,-0.09322830200195313,-0.2592923545837402,-0.041434799830118815,2133,1233
AAGTCGCACGCCTTCG-1,GSM8576303_BM2,BM,v2,46,156,5843.0,3198,2.070854,-0.12699052810668945,3.2870016860961915,1.9124703216552734,0.8231392669677735,0.8163233339547153,-0.17644592669936207,0.35053536721638273,-0.18225845354187944,0.3894004244123187,0.1394322555227931,0.4103523713401729,-0.135405777284763,0.38736476898193356,0.18207950115203853,1.899333427429199,-0.1211404546101888,2.715482037862142,-0.09073814392089843,1929,1178
AAGTCGCAGTTACCGA-1,GSM8576303_BM2,BM,v2,111,7,12145.0,5309,1.5150268,0.18064159274101257,2.551280326843262,1.7987703704833984,1.525495516459147,0.7678578981912758,-0.19590047454943416,0.29537541389465327,-0.2228533990110865,-0.35822131947108676,0.05360772619285742,-0.7297602486176092,0.04562188726372138,0.7204212570190429,0.1806054663658142,1.5740024471282958,0.2871629317601522,2.016049041748047,-0.12787713368733725,329,2386
AAGTCGGTCGGTCCAT-1,GSM8576303_BM2,BM,v2,108,20,7121.0,3725,1.6149416,0.001979395151138305,3.1709120750427244,1.4954970441545758,1.0998290061950684,0.5316352231435507,-0.05246304426122106,-0.04731203351702007,-0.10281096449456545,-0.146436298097883,0.15407794402785097,-0.030504199253861275,-0.12302993928026033,0.40992427825927735,-0.13543516159057623,2.2929722957611083,0.033271975517272956,2.8974486033121742,0.19856005668640136,469,2331
AAGTCTGTCAGAATCT-1,GSM8576303_BM2,BM,v2,63,133,1808.0,1445,1.6039822,-0.10465418815612793,0.16950587272644047,0.6692276109967912,-0.2200976228713989,-0.2621349656438253,0.17887907485064597,-0.0927864957707269,0.006788170684130568,2.37500999886649,0.48522868788385964,2.527500591479235,0.26550314776163664,0.034111027717590336,0.032217508554458596,0.07254497003555299,-0.16593799591064454,-0.05100216865539553,-0.08355923334757487,1682,1494
AAGTTCAGTCCGCCGA-1,GSM8576303_BM2,BM,v2,53,171,540.0,469,5.0,-0.051998863220214846,0.5671704149246215,1.315889630998884,1.0096322631835937,1.4332047351392876,0.28467041490000006,-0.12925042288643973,0.32586719489126875,-0.18679269409179688,-0.13394456120379958,0.20511811508771216,-0.02991305741687749,-0.2794139862060547,-0.3239844512939453,-0.11547996520996094,-0.02971363703409831,-0.3980274200439453,-0.0495227305094401,2090,1308
AATAACTCACCTGTCG-1,GSM8576303_BM2,BM,v2,30,194,1243.0,980,2.8962188,-0.08808870315551758,1.4986200714111328,1.1482649067470008,1.74357354482015,0.4898456674981787,-0.2328273359551487,0.3654544346673148,0.07627256776385752,0.2978663455418178,0.18349136262533652,0.3102847247430028,0.24809261364996263,0.27637979507446286,0.2151899600028992,0.5699246697425843,-0.051385084788004555,0.25427203178405766,-0.05872580846150716,2337,880
AATACGATGTTGCCAA-1,GSM8576303_BM2,BM,v2,109,11,10039.0,4668,1.4642892,0.12495533943176271,2.1302047634124754,1.842357918875558,1.8747363154093424,0.299667735655145,-0.06802116340422726,-0.22316295538629805,-0.011874334176836865,-0.46215890073776245,0.041471978746743576,-0.8133386697545147,-0.15718863314430184,0.20549910545349115,0.048776996135711626,1.3185517530441284,0.20999502817789711,1.6698210589090983,0.04664005398750305,372,2349
AATACGCAGCGTAATC-1,GSM8576303_BM2,BM,v2,47,139,13365.0,5572,1.4814814,-0.1281150245666504,2.9425234413146972,1.5877839551653181,1.7584752655029297,0.5254209750148666,0.09455823953029963,0.27393161841801233,0.09961062398934728,-0.29190499605451314,0.11430063879633523,-0.38815544344206215,0.04622078650521182,0.27629108428955074,0.24675757408142085,1.7597189903259278,-0.15026175181070964,2.5907561111450197,0.010468389987945553,1746,1196
AATAGCGAGTAGATAC-1,GSM8576303_BM2,BM,v2,68,130,2023.0,966,1.7301037,0.16931279182434084,0.09592189311981203,0.36810710906982425,0.26966128667195643,-0.2634482019876381,-0.21180669945406627,0.22006025314331054,-0.1839635242363785,0.7773064008440291,-0.21972405000862827,3.5711360796071654,-0.07520068891896498,0.10536071777343747,0.4696360158920288,-0.13966986083984376,-0.07657259623209635,-0.4128602600097656,-0.08161792119344076,1650,1587
AATAGTGCCAACGGTC-1,GSM8576303_BM2,BM,v2,88,64,2639.0,1879,1.2883668,-0.09789919853210449,3.039067897796631,0.9392583792550223,1.6610321935017904,0.5647779085549964,-0.09413477229579592,-0.04461261034011843,-0.27565107372906966,0.23956458827427451,0.2713774868762158,0.1712181588718783,-0.07884499210639288,0.20817785263061522,0.2689769124984741,1.8929419822692872,-0.09920452117919921,2.546931037902832,0.17035963058471681,941,1959
AATAGTTCTGCAAGTG-1,GSM8576303_BM2,BM,v2,47,185,1890.0,1387,3.5978835,-0.10420332908630371,-0.7900400543212891,-0.05404835292271204,-0.7900400543212891,-0.2514414806442567,-0.008416867365593661,0.5783165781838553,0.12947481741341132,0.2925496188572475,0.3312373041627876,1.6051287006440351,-0.06171547166453112,-0.06205575466156005,0.3284223008155823,-0.2749465026855469,-0.14181476593017578,-0.400650634765625,-0.04494726181030274,2240,1196
AATATCATGGCTTCAT-1,GSM8576303_BM2,BM,v2,75,83,8862.0,4355,1.7264726,-0.05087826728820802,2.519677972793579,2.0775336892264233,1.7236699422200523,0.425256179518489,0.21888399643933576,0.07352300303322928,-0.24716137571018637,-0.5185006103515625,-0.26130277181724954,-0.7317029728071116,0.1623177953557337,0.7693040084838868,0.30034777641296384,1.2780169496536256,-0.03006885528564454,2.011404596964518,0.03571507771809895,1145,1717
AATCAAGGAATGGTCG-1,GSM8576303_BM2,BM,v2,83,107,10409.0,4690,3.890864,0.042498213052749645,2.8384822082519534,1.525156805855887,1.5314528020222984,0.5445230409323452,-0.19955171112075865,0.04114986555916922,-0.22285655732531556,-0.5250047725949969,-0.11520832465834407,-0.6802669021792974,-0.13435463617312027,0.19303689956665038,0.03513978958129882,1.9344907760620118,-0.05413702249526976,2.4242403411865237,0.2693765131632487,1403,1865
AATCGGCGCATGTCAC-1,GSM8576303_BM2,BM,v2,105,5,5485.0,3071,1.7319964,-0.10617299079895019,3.0614234352111813,1.796995184762137,1.5827509307861327,0.48109265982386573,-0.15831340802379265,0.3217974557195391,0.24356662314591038,0.08713208498273584,0.04503324615907478,-0.2803317103838531,-0.11395218868383625,0.556123275756836,0.10139143466949463,1.8915723285675048,-0.1452996571858724,2.8154028956095374,0.07168448527654013,308,2275
AATCTGCCAGTAATTG-1,GSM8576303_BM2,BM,v2,52,152,3851.0,2305,2.8304336,0.04896635532379151,3.1213360977172853,1.4731539045061384,2.271737848917643,-0.36409823865775603,0.11485076648232856,-0.2537808520453317,-0.09349617858524453,0.3095593632289341,0.2273371645724438,0.0914886288080553,-0.11962282577617056,-0.21956111907958986,-0.4920490264892578,1.820306209564209,0.12011256535847982,2.451981391906738,-0.11701377868652343,1886,1289
AATGGAGGACCGACCA-1,GSM8576303_BM2,BM,v2,50,170,1094.0,887,0.9140768,-0.10166687965393066,0.40086956024169923,-0.23250369889395578,-0.0817479372024536,-0.2811302889781783,-0.2546838047992752,0.37978612457002914,0.12253267014558519,0.8067758336748396,0.16892243149768876,2.378639049292296,-0.038868520083843464,0.16961522102355958,0.4049151182174683,0.3507043614387512,-0.1123902130126953,0.4224388027191162,-0.04633127530415853,2079,1252
AATGGCAAGACATATT-1,GSM8576303_BM2,BM,v2,105,9,7607.0,4169,1.9587222,-0.10115968704223632,2.2392987060546874,1.3054603576660155,1.1559588559468588,0.08382221398104628,0.18261044612234517,0.0122240911211286,0.2671621293744444,-0.43517722647530693,0.048962713724159335,-0.6856349147749085,-0.11456214341541264,0.3326606750488281,0.048635663986206,1.2761028938293457,-0.14716641743977865,1.826652399698893,0.10103504816691079,351,2275
AATGGTATGTGGCTTC-1,GSM8576303_BM2,BM,v2,76,92,14993.0,6077,3.048089,0.09969233155250548,2.5085241317749025,1.4585987418038502,1.5692191441853842,0.5750759614998079,-0.24779452664785118,0.009073695114680702,-0.2244433746736068,-0.5918623678343636,-0.25743019149964114,-0.7854106106785548,-0.07385323437382596,0.11332548141479493,-0.08715149164199831,1.7959906044006346,0.18622680187225343,2.2072944386800133,-0.032875755230585724,1242,1736
AATGGTATTGCTTATT-1,GSM8576303_BM2,BM,v2,76,106,732.0,600,4.7814207,-0.06713012218475342,3.431022758483887,2.1590154211861745,1.6164647293090821,0.9426766667500079,-0.1423369871085906,0.17726520912987845,-0.1317784875033578,0.15327270535060336,-0.15361974325524755,-0.2883441080182991,1.6618680140201794,0.3029357719421387,0.26193602800369264,1.7695776071548461,-0.04475341161092122,2.9444439697265627,-0.035802729924519855,1392,1736
AATGGTTAGACTGTAA-1,GSM8576303_BM2,BM,v2,29,215,21973.0,7251,2.398398,0.02821821033954619,2.0411913871765135,1.6753486197335377,1.2838584264119468,0.4661508104408601,-0.021987700284519074,0.36415403195789886,0.03292112764256244,-0.5346848915645054,0.0497351611953184,-0.7433610288203049,0.14870089949720317,0.8183987045288086,0.1706828022003174,1.0016200485229492,0.06310449997584025,1.561244913736979,-0.06774516979853314,2562,861
AATGGTTGTCACATGA-1,GSM8576303_BM2,BM,v2,60,138,339.0,306,2.0648968,0.3844888138771057,2.3744217014312743,1.4245352063860213,1.2270860926310223,-0.11252227078479936,-0.0850710351783109,-0.17052396501813616,-0.11225592714326088,2.29313177381243,-0.09607931696267492,1.268162345154745,-0.06881231909630282,-0.08544196128845215,-0.1025303554534912,1.196898572921753,0.5012594890594483,2.1133024724324545,-0.011392261187235514,1736,1438
AATTATCCGACCGTAA-1,GSM8576303_BM2,BM,v2,109,3,18941.0,6414,1.7316931,-0.01852603673934937,2.536309337615967,1.7022828674316406,1.4194570541381837,0.328611037817346,-0.07668573378969457,0.027397080830165343,-0.1855800335298929,-0.3757006977626255,-0.06748919362523947,-0.671318427942629,0.1502820961998842,0.20514614105224604,0.2582846975326538,1.3696287927627564,-0.09246824105580649,1.9829996871948241,0.06857601006825766,286,2349
AATTATGAATCCTGTC-1,GSM8576303_BM2,BM,v2,102,12,11074.0,5030,1.8692431,-0.05201583236455917,2.5423523139953614,1.4786918204171315,1.9418844731648766,0.03640158013646383,0.13526948635015962,0.09585828133991792,-0.23308673653503056,-0.5222261084829058,-0.14821913299790346,-0.6044195761273714,0.06578663428700667,0.303773307800293,0.055519459247589165,1.3952615222930909,-0.04220088124275208,1.9787539164225258,0.19381621519724526,383,2219
AATTCCAGTCTAGACG-1,GSM8576303_BM2,BM,v2,100,46,8933.0,4254,1.2425838,0.04375068366527557,2.8057829666137692,1.849506312779018,1.7805264918009438,0.12958250897955226,-0.15841814832856993,0.19630411522729058,0.15506105748932725,-0.5823242797851562,-0.1382037429924471,-0.6778292231911781,-0.11178376370628408,0.4544570159912109,0.005094461441040088,1.73170591545105,0.11257079680760701,2.4757730865478518,-0.10179007212320963,748,2182
AATTCTCACTGGTGAC-1,GSM8576303_BM2,BM,v2,82,58,31415.0,8453,1.6425275,-0.004514942169189462,2.0845543479919435,2.0197394016810826,2.026779009501139,0.20861776669820148,-0.04318511999002217,0.18737066950116843,-0.1505365183838459,-0.539607159614563,0.001998863067014134,-0.8467981625609065,-0.008071490525056402,0.571032829284668,0.14805266141891482,1.038795352935791,0.037964528401692704,1.4388822873433433,0.058829186360041294,877,1847
AATTCTCCAGCCTCGC-1,GSM8576303_BM2,BM,v2,86,62,10468.0,4953,1.4138327,-0.15885467529296876,2.776850299835205,1.3382292393275668,1.5598049926757813,0.470745442861534,-0.1361321455024811,0.03580539567129948,-0.3759508105608659,-0.12842358943394255,0.13356256293484486,-0.5315737845456496,-0.11292531826352113,0.2808850479125977,0.21410365104675289,1.723685426712036,-0.16246143341064453,2.427474644978841,0.013031955162684114,920,1922
AATTCTTGTCAGTAGG-1,GSM8576303_BM2,BM,v2,108,8,7754.0,4099,1.973175,-0.13231856346130372,2.7250210189819333,1.5134204537527904,1.025125478108724,0.3254938642662692,-0.1398967289062868,-0.0068664445195879,-0.016059240648798212,-0.3682280088152204,-0.1615457822041339,-0.46491318078191946,-0.09676993453262636,0.633261604309082,-0.34860550999641415,1.570067247390747,-0.1374462890625,2.1767068990071614,0.02739628156026204,340,2331
AATTGGACTATCAGCC-1,GSM8576303_BM2,BM,v2,97,31,8664.0,4737,1.5120037,0.03977541625499725,2.285989627838135,1.462411095755441,1.8055785751342774,0.3981582381160384,0.2445027963635023,0.1267893763950893,-0.10369795665748777,-0.5667247924804687,0.15005141424845503,-0.6321559643242526,0.03118911468399796,0.42169071197509767,0.43006857872009274,1.387997501373291,0.0861978872617086,1.98235107421875,-0.17934954325358074,587,2126
AATTGGCCTTATTCGG-1,GSM8576303_BM2,BM,v2,105,31,14053.0,5477,1.487227,-0.007279214859008787,2.561611032485962,1.7278084673200333,2.104952112833659,0.32597735990960913,-0.17301494276393642,0.08616362367357527,-0.17348202329847204,-0.48348352622985835,-0.2695893389154151,-0.6101246792198027,-0.03661527409649536,0.5309087562561036,0.40145120620727537,1.4574007921218872,-0.13721319834391277,2.1047821044921875,0.17686410983403522,587,2275
ACAAGCAATCCGGCGA-1,GSM8576303_BM2,BM,v2,41,201,896.0,721,2.455357,-0.06870079517364502,1.7623910522460937,0.7360934148515973,-0.48915390014648436,-0.1611182124739191,-0.1336343910799448,0.15778143984930856,1.082259607568804,1.1953707624162946,-0.2159226965233983,0.9212741961529476,-0.04191628718536172,-0.23580169677734375,-0.25154857635498046,0.9591313362121582,-0.04996421496073405,1.14272523244222,-0.05343832015991211,2412,1084
ACAAGCGTCACTCATG-1,GSM8576303_BM2,BM,v2,27,213,6355.0,3327,3.7922897,0.13266228914260864,3.0556893157958984,1.4865128871372768,0.8974359639485678,0.9624922017017044,-0.3933103017538906,0.12971843923841203,-0.057125195196013556,-0.25916090338570735,0.20005015436425272,-0.3621120489455138,-0.11533588691045774,0.3479303359985352,0.3900419282913208,1.9701636810302734,0.03778180599212648,2.5896298472086587,-0.07724360783894857,2541,824
ACAAGTTCCTTATCGC-1,GSM8576303_BM2,BM,v2,101,27,2426.0,1695,1.6075846,0.5171751856803894,2.0166423034667966,1.2708647155761719,1.5930265299479165,0.06568400017228948,0.2594105533943461,-0.05201937845775062,-0.2522117374278071,0.06507664816720143,-0.24477001940868945,-0.128995292824501,0.10530342557400552,0.47895908355712896,0.636470022201538,1.2800629558563232,0.6969801807403564,1.7224445597330726,-0.09801283518473307,544,2201
ACAATATCGAACAAGG-1,GSM8576303_BM2,BM,v2,40,188,2775.0,2025,1.8378379,0.05660697042942048,-0.30630369067192076,0.31221764973231725,0.1187057685852051,0.17648586977916553,-0.22097180837608246,1.182215976715088,-0.20818094947618196,0.6948816898890905,-0.371359798324156,2.454163976506556,0.106643473427682,0.7182380104064942,0.16662642717361453,-0.04903701531887056,0.07248747587203977,-0.42769920349121093,-0.10880601247151693,2272,1066
ACAGCGAGCTCATCAC-1,GSM8576303_BM2,BM,v2,101,59,14673.0,5451,1.4584612,0.17563070058822633,2.74860538482666,1.934598584856306,1.1953437868754067,0.9722548565232609,-0.0238306136631925,0.07523508378437588,-0.0717465641359008,-0.4355149455751692,-0.08339630599960268,-0.8160992690495082,0.37219886354609166,0.48281248092651363,0.059867959022521955,1.570062985420227,0.1665081222852071,2.3775504430135093,-0.012218660116195684,888,2200
ACAGGCACAGTTATTG-1,GSM8576303_BM2,BM,v2,42,174,4060.0,2835,2.1921182,0.09551981091499329,0.1361571288108826,0.18773604256766174,-0.21160619099934896,-0.013480755219976603,-0.3530445328677993,0.8571202673230852,0.6913804998175315,0.958230470929827,0.22538116562318616,2.2062773827966997,0.049921522318802536,0.25364908218383786,-0.3202960526943207,0.22743405866622923,0.13205928961435956,0.045917695363362654,-0.16472793579101563,2122,1103
ACAGGTACTATCTTAA-1,GSM8576303_BM2,BM,v2,97,59,7784.0,3999,1.2846866,-0.003511449098587041,2.865815715789795,1.3634543064662388,1.937815424601237,0.18664077965609993,0.11084686485570666,-0.1427145164353507,-0.32727033292666546,-0.47022713279724127,-0.30969599978512075,-0.6720770301434817,0.001140743294018226,0.18041638374328617,0.27586633920669557,1.7368308238983154,0.017791466712951676,2.3020548248291015,0.17284712155659995,888,2126
ACAGGTATACCAACTA-1,GSM8576303_BM2,BM,v2,91,85,3073.0,1984,1.3016596,-0.1295313549041748,3.0991344165802,1.7872248186383928,2.116334648132324,0.41886370057561784,-0.09923968059334068,-0.06911335706710814,-0.055299372005501696,0.058858452933175265,-0.34282619981880647,-0.24384482663521262,-0.1419514009616519,0.46758979797363276,0.08495527744293208,1.7795607604980468,-0.07911477406819661,2.346132392883301,-0.09170000076293945,1167,2014
ACAGTACGATCGAGCG-1,GSM8576303_BM2,BM,v2,103,19,5422.0,3158,1.6230173,-0.0887388515472412,2.1505697345733643,1.1390241459437778,1.7648540115356446,0.2836736167769834,0.011531044817217007,0.26235544647489273,-0.2866662361560373,-0.2897725710187639,-0.08457856963437244,-0.3765088606657941,0.03052700628827426,0.2832976531982422,0.005621387958526625,1.1567673454284668,-0.12528733571370443,1.633621966044108,-0.09154871622721354,458,2238
ACATAAGATCCGATCT-1,GSM8576303_BM2,BM,v2,92,52,13067.0,5464,1.4081273,-0.060996141731739034,2.080501728057861,1.4950341142926897,2.044960670471191,0.17091067727789816,-0.08599129040488829,0.10506486620221817,-0.12004655968005959,-0.5214830129487175,-0.0057710040525260076,-0.7942720267025188,-0.059533926407419946,0.23117320060729973,0.1669600343704224,1.210338583946228,-0.055574506521224976,1.7504299799601235,0.0048030086358388235,812,2033
ACATAAGTATAGTGAC-1,GSM8576303_BM2,BM,v2,89,95,27508.0,7785,1.7703941,-0.035188852250576025,1.9515945434570312,1.5323267255510604,1.773700269063314,0.25849818800347873,-0.061817868441189416,-0.09254473192351209,0.1430878205910307,-0.47960584722246435,-0.15256412680369308,-0.7881659119606932,0.04001580925938722,0.30144397735595707,-0.07796097040176386,1.006943504333496,-0.012206161419550582,1.5170658302307127,-0.01717325886090597,1274,1977
ACATAGCTCGTGCGAA-1,GSM8576303_BM2,BM,v2,90,58,5698.0,3251,1.4742014,-0.11119937896728516,3.1149671936035155,1.0963450077601844,0.9861434364318848,0.600466242755752,0.15291464855393255,0.18419298887252805,0.18983790565112846,-0.014371226446969199,0.26001350084940594,-0.3316121044232084,0.01462889346271784,0.2585218238830566,-0.3414084732532501,2.08258625793457,-0.18560890197753907,2.783838920593262,-0.08591005325317383,877,1996
ACATCGACATTACACC-1,GSM8576303_BM2,BM,v2,53,155,556.0,480,2.6978416,-0.0441552209854126,2.8667910575866697,0.636167766026088,1.5818288803100586,-0.14989379515130835,-0.13807177256388836,0.23799408112253462,0.2836624356112517,-0.17284365844726562,0.36057142320885716,0.15922179981023216,0.3711352958660912,-0.1471840763092041,-0.1471840763092041,1.2179170780181885,-0.08831044514973958,1.9089629872639975,-0.029436813990275066,1918,1308
ACATCGCTAAGTTATC-1,GSM8576303_BM2,BM,v2,33,201,2492.0,1613,2.1268058,-0.049830269813537595,3.4162516021728515,1.9437430136544362,1.8123885218302407,-0.2671275617607147,0.053642676195329586,-0.10201652594975064,-0.024358059410379385,-0.11140555953979492,0.9097893352968146,-0.3012744820357969,-0.08434883220083761,0.388586254119873,-0.022128911018371555,1.673993907928467,-0.0933070691426595,2.475216738382975,0.29682556788126624,2412,936
ACATCTGGCGGTCCGA-1,GSM8576303_BM2,BM,v2,91,75,9729.0,4303,1.2437043,0.1511697018146515,2.3085798549652097,1.1554056222098217,2.7679529317220055,0.43217456771666746,-0.12538169973278213,0.20687209640230453,-0.2990851634552964,-0.5822689819335938,-0.10980263914927901,-0.6297671011973205,-0.1496699800427328,0.2734533119201661,0.2825387454032898,1.6301108684539796,0.20761627356211346,1.7653702926635741,0.03360519886016845,1059,2014
ACATGAGTCTATTGCT-1,GSM8576303_BM2,BM,v2,38,204,565.0,505,2.1238937,-0.03660595417022705,0.5824180030822754,0.5152095222473145,-0.5990161514282226,0.3822308467573909,-0.09408759304797314,0.17465525354657854,-0.16133836893775744,2.1005251770019533,-0.16732815662062311,0.852013812883474,0.3768103070135656,-0.12046927452087403,-0.14975403785705566,0.29577610969543455,-0.019523175557454427,0.6180811564127604,-0.03904635111490885,2444,1029
ACATTGCGTGGACTGG-1,GSM8576303_BM2,BM,v2,102,42,15279.0,5976,1.1649977,0.04668956637382507,2.3311819648742675,1.3715690067836215,1.9120085652669272,0.22349790588440188,-0.08597519831348271,-0.15056703839983254,0.25711838007461224,-0.23452812140328544,0.044423597404755766,-0.761649256698923,0.15897687466695462,0.3344145965576172,0.31695575714111324,1.292239164352417,0.0633275079727173,1.8601138814290366,-0.0888421376546224,705,2219
ACCAACAGGAGCTACG-1,GSM8576303_BM2,BM,v2,55,151,5570.0,3224,1.8132855,0.01867266058921814,2.867338752746582,1.547564239501953,1.2049091021219889,0.16992789530849833,0.025327282531878326,0.2368817050116403,-0.17824622767897744,0.7371974465506417,0.06529053052266437,0.021058758290364854,0.013357244539123708,0.6173317337036133,0.07181824207305909,1.92727632522583,0.05328982512156169,2.4260810216267905,0.10114152749379476,1875,1345
ACCAAGATCTCAACGC-1,GSM8576303_BM2,BM,v2,56,146,6818.0,3782,1.6427106,0.18181390881538392,1.9003070068359376,1.1241315787179127,1.9730443827311197,0.6716594217292755,0.03458000542579953,-0.03402029258864264,0.04891127745635776,-0.17129534421648296,-0.43263158836517945,-0.3978691279373827,-0.12822073097997064,0.37717824935913086,1.042459545135498,1.207816583633423,0.18338388522466023,1.5989495595296226,0.05853561123212178,1821,1364
ACCAAGGCCAGGAGGC-1,GSM8576303_BM2,BM,v2,76,88,9199.0,4517,1.7719318,-0.13372228622436524,2.7215794944763183,1.6712051609584262,1.5416019185384116,0.16638546487892486,0.433625776604955,0.357392018863133,-0.10086053646445226,-0.3844661591393608,-0.20356827016815124,-0.606556147079797,0.03340425644487799,0.851879825592041,0.43267558097839354,1.5793393507003783,-0.15965774536132812,2.172897720336914,0.028402642011642457,1199,1736
ACCAAGTGCTACCGAA-1,GSM8576303_BM2,BM,v2,102,22,6254.0,3565,1.5669972,-0.12895048141479493,2.081385669708252,1.426178719656808,2.180681126912435,0.3977943615741041,0.02064384965464361,0.0021522908551352415,-0.051842147046017695,-0.30843642030443463,-0.2496721932447579,-0.6703160206286356,0.13554626240369116,0.4243337440490723,0.19297425508499144,1.1343293619155883,-0.10667402903238932,1.4963260968526206,-0.08758447647094726,490,2219
ACCAAGTTAGCTAGTA-1,GSM8576303_BM2,BM,v2,103,21,5567.0,3364,2.2094486,-0.13864009857177734,2.471667013168335,1.3351635197230747,1.6826502100626626,0.4045320275318192,0.24106340413796645,-0.1791137280634471,-0.031570059570971476,-0.4785399169921875,-0.08896631409365491,-0.45835589448191866,0.04084863095818406,0.08012002944946295,0.3192451095581055,1.482540986061096,-0.10093587875366211,1.9193273035685219,-0.10136282602945963,479,2238
ACCAATAATCACTATG-1,GSM8576303_BM2,BM,v2,62,144,9681.0,4352,1.817994,-0.13132973670959472,3.213393363952637,1.6017414202008928,-0.7384747727711996,0.11313162079776629,0.046130750210751637,0.28850019693374634,0.18480255034825765,2.061026724679129,-0.23584191794376297,1.380804349912093,0.01055430005860808,0.3347789955139161,-0.47937073111534123,1.9650167007446289,-0.14737572987874348,2.683929456075033,-0.10617594401041666,1800,1475
ACCAGCCGCACGTGCA-1,GSM8576303_BM2,BM,v2,106,2,12451.0,5491,1.6946429,-0.07207266837358475,2.3398621559143065,2.0330863843645366,1.7412434895833335,0.5024134854236281,-0.3897656929677612,0.2947316142490932,-0.06541633420531201,-0.1364159545898438,-0.16364256684559897,-0.03567801225905454,0.12150524423769316,0.4766851425170897,0.31150686264038085,1.1399480066299439,-0.08063828825950621,1.8061225128173828,0.08295703808466594,275,2294
ACCAGTTAAGTGTAAC-1,GSM8576303_BM2,BM,v2,96,24,8446.0,4227,1.7759886,-0.011273153126239777,2.5790633296966554,1.5334384373256138,2.2895607884724933,0.16033973751297914,-0.19343761206357152,0.43599192006247384,-0.25537306504614565,-0.29744488852364676,0.589839024716113,-0.5083507444577386,-0.12902782107359612,0.7222600555419922,0.10873837232589723,1.565091866493225,-0.017323084274927764,2.1118177922566734,0.022454925775527948,512,2108
ACCATATGAAGATATG-1,GSM8576303_BM2,BM,v2,43,185,1445.0,1138,2.8373702,-0.1241666030883789,-0.5259147262573243,-0.6436295318603515,-0.1810074424743653,0.19013061437262108,-0.2652222660171938,0.3659761210850307,0.8623641182348664,0.49116948372977115,0.40873094351894884,0.7628222215895685,-0.08333329066334155,0.26664470672607415,0.22285527229309082,-0.17231736755371094,-0.07107457478841146,-0.44636772155761717,-0.041388874053955076,2240,1122
ACCATCGGTCACGGCA-1,GSM8576303_BM2,BM,v2,30,192,1278.0,993,3.1298904,-0.06305692672729492,1.6549944591522217,1.6355805260794505,1.863390973409017,0.6759930413410846,-0.2352304113916604,0.23967076097215922,-0.23481781093302292,0.9639386095319475,0.5334578192377665,1.346686991383451,0.2453144815029828,-0.15423763275146485,0.9127655124664307,0.5997150015830994,-0.07258524576822917,0.6276075458526611,-0.10887786865234375,2315,880
ACCGAGATCGTGACCA-1,GSM8576303_BM2,BM,v2,52,164,1536.0,1241,3.2552083,0.16634399533271788,-0.4338049304485321,-0.23224576541355685,0.15386520703633633,0.319266653922667,0.06082855212025029,0.30329288618905204,1.303936150637114,-0.0736326977866037,0.46148755559959564,0.5198160456788162,-0.06766076695999043,0.14605630874633796,-0.4425412368774414,-0.20517982482910158,0.22179199377695719,-0.34787975311279296,-0.053767757415771486,2015,1289
ACCGATGTCAGTGCAA-1,GSM8576303_BM2,BM,v2,108,2,13865.0,5683,1.4857554,-0.02514003783464433,2.561202812194824,2.0974639892578124,1.5267672220865884,0.22014021681973256,-0.04588779046216779,0.11009413685117453,-0.22276807758489006,-0.36427895464215965,0.0765544429840333,-0.47359621010485004,0.08578648914655354,0.5410235404968262,-0.0397431206703186,1.38308101272583,0.01223431865374247,2.101229985555013,-0.08664602279663086,275,2331
ACCGATGTCCTATCAT-1,GSM8576303_BM2,BM,v2,61,131,911.0,604,2.0856202,-0.07448952198028565,0.8860848808288575,0.11429828098842071,0.5644980335235597,0.2627313984445779,-0.1636835274447399,0.10977265409060888,-0.18015470750693946,3.9305460946219304,-0.1149149821944026,2.19535329860786,-0.06050801757198052,0.34436520576477053,-0.17706138610839844,0.1672080614566803,-0.04355141003926595,0.4694885921478271,-0.06010463714599609,1660,1457
ACCGGATATTAGTTGG-1,GSM8576303_BM2,BM,v2,81,65,17099.0,6523,1.4152874,0.0720653861761093,2.9482029342651366,1.998322743007115,1.2928319040934244,0.8926376990046367,-0.01965798458968232,0.23882967335837224,-0.09426981671833379,-0.09258362279619492,0.18360839359252806,-0.38719805363612114,-0.0014484578445339291,0.5310731887817384,0.06024250030517575,1.640400650024414,0.05302659273147581,2.4492427571614583,-0.03166908125082653,952,1829
ACCGGTATCGGACGCC-1,GSM8576303_BM2,BM,v2,82,78,7293.0,3704,1.0420952,-0.12136685371398925,2.7702662467956545,1.8819495609828403,1.8208953857421875,0.43718209036861555,0.17849337254456937,0.20936099529266355,-0.16450183868798574,-0.5224577026367188,-0.16913426018144231,-0.5769094530482306,0.0019617093832357962,0.37066946029663095,-0.21152117252349856,1.5985854902267456,-0.1254374313354492,2.3041583887736,-0.06891888936360677,1091,1847
ACCGTACATACGTGTC-1,GSM8576303_BM2,BM,v2,108,6,7657.0,4024,1.5671935,0.3092293620109558,3.111209602355957,1.6824842507498607,1.4647856267293295,0.43297399957496,0.21554032291274472,-0.12289456163133894,-0.26301292454762093,-0.19698946762084957,0.32386186228219765,-0.5467565004800448,0.0502926283806191,0.18170768737792975,0.03996332645416256,2.282436429977417,0.22456344922383625,2.68729190826416,0.04863490343093872,318,2331
ACCGTAGACATGAGCG-1,GSM8576303_BM2,BM,v2,41,185,66.0,65,1.5151515,0.0,0.0,-0.15081792831420898,0.0,0.7974977215609876,-0.04037963147144241,-0.05745444706508092,-0.028809536493951748,-0.02010905647277832,-0.020189815735721206,0.6844405606746216,-0.0168700138194449,-0.1005452823638916,-0.07540896415710449,-0.04021811294555664,-0.016757547060648602,-0.0502726411819458,-0.016757547060648602,2240,1085
ACCGTTATGTGGACCA-1,GSM8576303_BM2,BM,v2,45,177,1158.0,941,2.0725389,-0.10194580078125,-0.21760044693946834,-0.17187231063842773,-0.0965452909469604,0.15573733015711527,0.038109968943768224,0.2612166520527431,0.09367634163886565,0.7582738625662667,0.13074387795475112,2.843403475167996,-0.07056719504746815,0.0637505912780762,-0.5139423751831055,0.162896226644516,-0.1620053990681966,0.08613968372344971,-0.07551541646321615,2154,1159
ACCGTTGTGACGTGCC-1,GSM8576303_BM2,BM,v2,46,160,757.0,648,2.1136065,-0.05307897567749023,0.5097290134429932,0.4564926746913365,0.1886062876383463,0.9567423288123196,-0.21255520740187311,0.16693974971771242,0.2765784320214514,0.13927364785330637,-0.1560770057770143,1.5259268359278444,-0.05343521041358077,-0.24871528625488282,-0.2752547836303711,0.15188597774505616,-0.09284713745117187,0.130193411509196,-0.026539487838745116,1972,1178
ACCTATGTTAGCAGGC-1,GSM8576303_BM2,BM,v2,101,33,4554.0,2787,1.6908212,-0.10877957344055175,2.7960601615905762,1.1388169860839845,2.3077647654215494,0.30281191657345935,-0.28052404319426144,0.4006920797484262,-0.15441707587856962,-0.13996058927263533,0.5294524167914946,0.3459069296817652,-0.13293021797333787,0.6361293220520019,0.04910944938659667,1.7856424674987794,-0.145039431254069,2.335867716471354,-0.04647439002990723,608,2200
ACCTCCAGTTATGCGT-1,GSM8576303_BM2,BM,v2,84,92,19467.0,6551,1.2893615,0.083244646191597,2.401667594909668,1.279953645978655,2.097251574198405,0.57259444156325,-0.037462427365800355,0.22435580934797017,-0.015485978253396204,0.3812979213169643,-0.11929146209395075,-0.18452216611955452,-0.06479645672603399,0.08381396293640142,-0.16232603788375854,1.5973093128204345,0.14384441137313844,2.0424064127604167,-0.03349770267804464,1242,1884
ACCTGCACTAACGTTA-1,GSM8576303_BM2,BM,v2,106,44,13996.0,5241,1.621892,0.13802917599678038,2.383979196548462,1.7574431828090122,2.012831802368164,0.3694430987040202,-0.06443984359417299,0.22164161988667075,-0.1076844694474853,-0.5002862274987357,-0.08891573057595986,-0.7162331040959344,0.05685904453493376,0.40244073867797847,0.21380870342254643,1.285636031150818,0.13585527896881106,1.7286582120259606,-0.10381935119628906,727,2293
ACCTGCCATAAGTCGT-1,GSM8576303_BM2,BM,v2,106,20,2848.0,1918,1.5449438,-0.059374790191650394,2.965299243927002,1.5017772674560548,1.3325724156697594,0.2575040227438073,-0.07573285228687665,0.3841353269985744,0.31171655635388723,-0.4343006286621094,-0.07885969475091226,-0.659942985381056,-0.11003135834764315,0.1703027248382568,-0.11594578385353088,1.6444296722412108,-0.12244462331136068,2.3816464360555014,-0.07414449055989583,469,2294
ACCTGGTCTGCGCTGG-1,GSM8576303_BM2,BM,v2,93,75,11190.0,4668,0.87578195,-0.1022046947479248,3.086228504180908,1.8452366311209545,1.5057121658325194,1.01947357759897,-0.08437166594255269,0.45163771765572686,-0.004564844776361265,-0.4008323259353638,0.24932904032818287,-0.5907154026104642,-0.009328872965486262,0.9407551002502442,-0.13007240533828734,1.8659180603027343,-0.14865206400553385,2.417926470438639,-0.06900514602661133,1059,2052
ACCTGTAATTGTACCT-1,GSM8576303_BM2,BM,v2,102,54,9497.0,4441,1.6636834,-0.023429386019706733,2.866197204589844,1.777104274204799,1.5261512756347657,0.6783167961610848,0.07256321734692678,0.15429202352251326,-0.1023372895298949,0.29239063208443783,-0.00963926698309353,-0.5378140936876189,-0.037541601481853704,0.6721797561645508,-0.10844877243041995,1.6499022254943847,-0.14908491770426432,2.287095832824707,-0.0856592051188151,834,2219
ACCTTCGTTAAGCTAC-1,GSM8576303_BM2,BM,v2,62,128,4035.0,1908,3.3705082,0.023586074113845834,0.2089471340179443,0.09701226915631977,-0.19595270156860356,0.41925180006218726,-0.2857445406626506,0.8371187904902867,0.03570786529615963,4.042327174595425,0.36469119811153794,3.3004549342856766,-0.06816137557061727,0.2944388580322265,-0.4187437438964844,0.08515686655044555,0.07951681931813556,-0.09575046221415201,0.13948224544525145,1628,1475
ACGAAGATTAATCGGT-1,GSM8576303_BM2,BM,v2,43,171,924.0,787,1.8398268,-0.10204988479614258,-0.1582021129131317,0.09621261732918873,-0.5481946182250976,0.897249506180545,0.17021025588166352,0.5471991654804775,-0.15533110610393536,1.189057757786342,-0.16132538577160202,2.0345152811944653,-0.058020258909903914,0.3886888027191162,-0.2632489395141602,-0.1325169677734375,-0.0762666130065918,-0.24419355392456055,-0.043333206176757816,2090,1122
ACGAAGCTACGAGTCG-1,GSM8576303_BM2,BM,v2,55,163,241.0,217,2.4896266,-0.06561375617980957,1.3384823322296142,1.559763172694615,1.1916647275288899,-0.09581833958147042,-0.06296682932290686,-0.14997432163783483,-0.05371572499972018,1.0758653270176477,-0.06023064195870396,2.344178691234936,0.0,-0.07839370250701905,-0.07839370250701905,-0.0627149658203125,-0.02499571641286214,-0.2426025390625,-0.02499571641286214,2004,1345
ACGACTCGCTACCTCA-1,GSM8576303_BM2,BM,v2,102,26,2737.0,1860,1.534527,0.09704975843429565,2.643545379638672,0.9125964191981726,1.4730883344014487,-0.3029427585831608,-0.3237959160862199,-0.21092833212443762,-0.2628076547879544,-0.18817675399780276,0.9694976011912029,-0.17452700186095782,0.13000130813393818,-0.061549701690673864,0.24877698183059693,1.910053113937378,0.13561548550923663,2.3211361821492513,-0.08713342666625977,533,2219
ACGAGGCATCTTGGCG-1,GSM8576303_BM2,BM,v2,115,15,28168.0,7835,1.5585061,0.14978244185447692,1.6064650344848632,1.6512287684849332,1.6800766118367514,0.4617110830712989,-0.23642733653796794,0.04748448269707817,0.19627740175276076,-0.47336976596287317,-0.19605098287743256,-0.7627691733414239,0.04810512625931093,0.4355609703063965,-0.1644946956634521,0.7492404375076294,0.24735615253448487,1.1092208480834962,0.058935982386271166,415,2461
ACGAGTGCTGGTTCGA-1,GSM8576303_BM2,BM,v2,43,179,648.0,589,2.4691358,0.2519312870502472,-0.4959170532226562,-0.01602177074977329,-0.029377630551656042,-0.17827512748748903,-0.1445493889620984,0.6028536496843611,0.6917171995511955,0.6805866219656808,0.3273906951927277,1.3989328766600626,-0.06575387916308921,0.43374286651611327,-0.30054229736328125,-0.1802110137939453,0.3581692775090536,-0.35330551147460937,-0.027992366154988606,2176,1122
ACGAGTTACATACTCG-1,GSM8576303_BM2,BM,v2,76,78,5871.0,3355,2.2824051,-0.1424427318572998,2.3648892974853517,1.8998202732631138,1.824036432902018,0.5396972813280712,0.059690061138063355,0.15891376529421125,-0.16459448453202094,-0.3118743186678205,-0.07906512969947721,-0.42611550953335636,0.175878857720504,0.6041689109802245,0.25105793714523317,1.2627446279525758,-0.12253637949625651,1.6760670534769693,0.05478180766105652,1091,1736
ACGATTCCAGGCCTCC-1,GSM8576303_BM2,BM,v2,84,72,6271.0,3542,1.3873385,-0.007174440324306475,1.8537284183502196,1.830810328892299,2.064432029724121,0.06490267328469151,0.12404430685409917,-0.00539696557181224,-0.16792496761922407,-0.43121731342588154,-0.23158177805234148,-0.8197577047668048,0.03539920156091196,0.07394827842712409,0.1502741646766662,1.0091867084503174,0.006324887673060109,1.762572364807129,0.22245561361312866,1027,1884
ACGCAATATTGACCTT-1,GSM8576303_BM2,BM,v2,99,69,3832.0,2174,2.6878915,-0.05134391784667969,2.560030975341797,1.6434020778111051,1.822817840576172,0.9179717910337639,-0.054840933914097056,-0.1414807290690286,0.12407497104640089,-0.5270892333984375,-0.07623904967403794,-0.4944887408131264,-0.06826194020725737,-0.06487370491027827,0.17786721229553226,1.4861584453582763,-0.10566924413045248,2.2264639155069985,-0.0831080182393392,995,2163
ACGCGGCCTGGTGACG-1,GSM8576303_BM2,BM,v2,57,149,5992.0,3382,1.4853138,0.25156408309936523,1.913662281036377,1.4474131120954241,2.3155125045776366,-0.1478498827022721,0.22536104134424484,-0.03347895928791589,0.1617419107790809,-0.268745217187064,-0.23824923129445577,-0.4906410277175537,-0.09436813456900167,0.08282087326049803,0.24734676361083985,0.8827252197265625,0.3354187774658203,1.3037743822733558,0.06544423182805378,1854,1382
ACGCTCGGAACTCCTG-1,GSM8576303_BM2,BM,v2,105,27,7997.0,4280,1.5630862,-0.06047915011644364,2.6765353298187256,1.2542345755440847,1.2532341893513999,0.5819329459025677,0.010427971783548817,0.16877416678837365,-0.15534568667363008,-0.15085566166469028,0.08803425256506986,-0.25844007576186273,-0.11777482256793335,0.20032238006591796,0.3415114593505859,1.8587705669403076,-0.02508998274803162,2.4262447357177734,0.033192055622736624,544,2275
ACGCTGCGATCATATG-1,GSM8576303_BM2,BM,v2,38,210,1557.0,1130,3.9177907,-0.06826427936553955,1.5604083824157715,1.7771473039899552,0.28732914606730153,0.08652025150007989,-0.2048129192796577,0.419560364314488,0.2886310195610556,1.5490669076102122,-0.23945781600523186,2.408968286340554,-0.06263148544618748,0.7404090881347656,0.5501209735870362,0.1985263419151306,-0.10230454126993815,0.609073092142741,-0.04009060541788737,2509,1029
ACGGAGAAGTAACCAC-1,GSM8576303_BM2,BM,v2,39,203,343.0,320,2.9154518,-0.09536526679992675,0.07162983417510987,1.2419491740635462,0.32629826863606776,0.40084520784247823,-0.20791743941096416,0.2564760201317924,0.9879124075772086,0.2931588341849191,0.48020897332922996,0.20320405621770932,0.4523273062957442,0.5790769386291503,1.6009774017333984,0.2732074327468872,-0.045417798360188805,0.34981384913126623,-0.045417798360188805,2433,1047
ACGGATGTTGGCAACA-1,GSM8576303_BM2,BM,v2,87,57,1066.0,808,1.2195121,-0.05425864696502686,2.974663677215576,1.5758530698503768,2.20483154296875,0.14730142254427256,0.15055815447218038,0.504572593825204,-0.1597538814162115,-0.2952251892089844,0.23548934880988187,-0.3969321538937972,-0.06281782956731399,0.218043270111084,0.41432589292526245,1.4587636747360229,-0.05459916432698568,1.9797239303588867,-0.07234486262003581,866,1940
ACGGCAACAGCAAGTT-1,GSM8576303_BM2,BM,v2,104,42,14289.0,5734,1.3996781,0.06348400413990021,2.526909055709839,1.446430402483259,1.6061745707194008,0.35017875973958085,0.0037738893884252667,0.1510734333310808,-0.17541365358998337,-0.3974439772197178,-0.00045111236802064525,-0.6454108542015318,-0.05846362808863932,0.5742379188537596,0.08036868095397953,1.5385378351211547,0.07235797007878622,2.263463045756022,-0.09437349319458008,705,2256
ACGGCAGATGCACGTA-1,GSM8576303_BM2,BM,v2,52,144,902.0,718,2.9933481,0.26789936423301697,3.4212167739868162,1.6543946293422152,1.9113788286844888,0.30151279432227807,0.1285819114109462,-0.19746019635881695,0.17413277446467323,-0.3660776672363281,0.2425913068664122,0.4119634431709151,-0.10871519818401977,-0.33698928833007813,0.23293625593185424,2.101159225463867,0.34889219760894774,2.5809726460774742,-0.04984174410502116,1800,1289
ACGGCGAGGATGCAAT-1,GSM8576303_BM2,BM,v2,101,53,6208.0,3293,1.9652061,-0.11918609619140624,2.9526753044128418,1.7737747410365512,1.7032177861531577,0.2515686726474379,-0.025375355131244448,0.44427310705184936,-0.2770423561249217,0.18081930160522464,-0.1957489560885602,-0.20633374284577854,-0.13634935161411363,0.6364582061767579,0.21543314933776858,1.8166539916992188,-0.1269210688273112,2.5567435455322265,0.2255142895380656,823,2200
ACGGCTGCTTCATAGC-1,GSM8576303_BM2,BM,v2,97,55,6995.0,3634,1.6869193,0.22770668506622316,2.6722460556030274,1.196078556605748,2.2676913706461588,-0.26002776120082444,-0.10584942034723016,-0.024147377014160143,-0.014497698597667974,-0.5376885375976562,-0.4907423272190324,-0.6376955556046586,-0.11643186991646785,-0.037556028366088845,-0.0010257887840271485,1.813382553100586,0.3109436734517415,2.3480410639444984,0.06947543859481811,845,2126
ACGGCTGGTATGATGT-1,GSM8576303_BM2,BM,v2,108,30,13172.0,5472,1.1311874,-0.12184457778930664,1.5697755241394042,1.275015313284738,2.237633171081543,-0.045951009275444044,-0.20151356411472654,-0.0652277500288827,-0.10408628587102092,-0.4069107768195016,0.4805622522131985,-0.8316935128242149,-0.11604337244225829,0.3246272850036621,0.4151776599884033,0.7753679943084717,-0.14859260559082033,1.3086245409647623,0.06780743996302285,576,2331
ACGGTGATACAACCGC-1,GSM8576303_BM2,BM,v2,100,52,6855.0,3671,1.750547,0.05473203599452972,2.8857164573669434,1.3157274845668248,0.5056119155883789,0.39429166518062,-0.12707278117050197,0.008828991821833998,0.07337535125429495,-0.2980626786095755,-0.4238118244462224,-0.5537593494439971,-0.09660876997365248,0.4268960571289062,0.3831705904006958,1.8102363204956053,0.10141234000523885,2.448934720357259,-0.07993313471476236,812,2182
ACGTATCCGTACAATG-1,GSM8576303_BM2,BM,v2,64,134,1508.0,916,2.917772,-0.07073875427246094,1.004506230354309,0.6520528684343612,-0.1089702844619751,-0.16644988768550767,-0.2028158256806523,0.20132742609296528,-0.16412671589236547,2.846572958809989,-0.18920673232480703,3.295904607580812,-0.08788136347828296,-0.2951857757568359,-0.3459922409057617,0.36796624183654786,-0.06982653299967448,0.6692942237854004,0.2672054354349772,1693,1512
ACGTGCTCACAATACA-1,GSM8576303_BM2,BM,v2,55,153,2965.0,1967,1.8549747,-0.10018734931945801,3.3520507049560546,1.278735558646066,0.797083460489909,-0.07509891718745712,-0.14711124912049672,0.3589861181804112,-0.3243907064967989,1.269261014665876,0.22419487807645377,0.6249463592485409,0.12276525236844787,0.4780103683471679,-0.5388312530517578,2.3386356887817383,-0.09344050089518229,3.0203110504150392,0.19972904364267985,1897,1345
ACGTTAATCATACTCA-1,GSM8576303_BM2,BM,v2,54,168,163.0,148,4.2944784,-0.010331896543502807,1.606093921661377,2.2132407270159042,0.7895701313018799,-0.06638969666507828,-0.08298712274635651,-0.0728047125680106,-0.03552514434202353,-0.04959310150146484,-0.01659742416626957,0.4794475481357008,0.0,-0.06541686058044434,-0.08608065605163574,-0.06612413787841796,-0.04132758458455404,0.45933896700541177,-0.013775862058003744,2058,1326
ACGTTAATGAGTGCCA-1,GSM8576303_BM2,BM,v2,75,85,16260.0,6126,1.8880689,0.2931821274757385,2.3500570106506347,2.2114743368966234,1.6085900115966796,0.7214578270433418,0.038566370223762636,-0.05365911551884239,-0.04458625356632817,-0.6041806640625,-0.21797950583768172,-0.7015404624655515,-0.14123576119442113,0.4998404884338379,0.028643107414245583,1.3519598989486694,0.20913736979166664,1.865951296488444,0.1462256328264872,1167,1717
ACGTTAGGCTGCTACG-1,GSM8576303_BM2,BM,v2,83,73,9340.0,4450,1.477516,0.03932921111583709,2.0024666881561277,1.7340948595319474,2.134464988708496,0.044153585491410186,-0.08255011434877868,-0.09007187996591842,-0.37205911980659023,-0.12756930351257323,-0.26716988046006507,-0.48411189881175726,0.033112067275627904,0.0059327697753905895,0.006570703983306836,1.123311538696289,-0.006241743167241423,1.7230678812662759,-0.13241666158040363,1038,1866
ACGTTATGGACTAAGG-1,GSM8576303_BM2,BM,v2,51,175,346.0,325,1.1560693,-0.050968747138977054,-0.23109283447265624,0.1932115650177002,-0.23109283447265624,-0.09005894335398233,-0.11463544454919286,-0.11065613882882254,-0.09929928055465392,0.41201474952697753,-0.10917000981219802,0.987727962541443,-0.04560961819335118,-0.22086454391479493,-0.30581247329711914,-0.07340190124511718,-0.045305554072062174,-0.2174839210510254,-0.022652777036031087,2133,1270
ACGTTCCACCGATTCG-1,GSM8576303_BM2,BM,v2,86,60,3472.0,2209,1.3248848,-0.09830146789550781,3.040351257324219,1.7273905399867466,1.4748408253987633,-0.10424426664789041,0.027144277499314362,-0.023027884278978616,-0.31414679060009626,-0.44403671264648437,0.2890463373268464,-0.596053513904546,0.07435977310370849,0.4015151405334473,0.08555263996124263,1.925032627105713,-0.10765230814615885,2.740266774495443,0.15181605021158853,898,1922
ACTAACAACCGCTCGA-1,GSM8576303_BM2,BM,v2,102,6,8748.0,4162,1.9204389,-0.012360920608043668,2.8523804855346677,1.9720760781424387,1.3754997762044272,0.6001171596557741,0.05018230628091852,0.4300925268445696,-0.20054581494200585,-0.3833540054048811,0.032028123556849475,-0.42371373482884284,0.2158157946622269,0.6252750205993652,0.1510835003852844,1.760196720123291,0.0019229066371917736,2.4817336146036784,0.04889541665712993,318,2219
ACTAATCGAGCAACTG-1,GSM8576303_BM2,BM,v2,50,152,2458.0,1486,1.8307567,0.11619538128376007,1.5932389163970946,1.149303365434919,0.2747274303436279,0.30410393509998856,0.016879239645896132,0.30954243864331926,0.04681186938549328,-0.1298004367010934,0.19687841503495673,-0.2318037448884885,0.13729372154832,0.18059238433837893,0.09519593834877016,0.8849932231903076,0.14903433243433634,1.50486291885376,-0.06688488006591797,1886,1252
ACTCGAACCTATAGAC-1,GSM8576303_BM2,BM,v2,89,77,6334.0,3414,1.5314177,0.01534448504447937,2.0663905906677247,1.3014778246198382,2.1571541595458985,-0.2622353786445526,0.10008642732310558,0.1678303415434701,-0.05645643371663228,-0.39978815705435616,-0.07727830094027233,-0.4556186036889871,0.008617326831543315,0.32496826171875004,0.24131019592285152,1.1625286321640016,0.028366812070210773,1.6328742790222168,0.22098788897196453,1081,1977
ACTCGACGCACTTCCA-1,GSM8576303_BM2,BM,v2,98,18,12734.0,5232,1.5391864,0.06931618690490723,3.154528064727783,1.7696812656947543,1.890214525858561,0.23120223231104964,-0.046732147739867835,0.061438111918313165,-0.1459449239310016,-0.44121490478515624,-0.07862134822401179,-0.5259957075804786,0.1115597334484126,0.450425796508789,0.2636957144737244,1.821438886642456,0.052646064758300776,2.5633039347330726,-0.010173250834147135,447,2145
ACTCGCGAAGGAGCTG-1,GSM8576303_BM2,BM,v2,73,89,8920.0,4336,3.6547084,0.05418411791324615,2.3108487701416016,1.9201328713553294,1.4306995646158853,0.33718969352752814,0.08527277915284887,-0.04761735234941755,-0.046006561350344255,-0.6029903564453125,-0.05145773734433584,-0.593867545502755,0.25351920863926014,0.27901611328125,-0.2298090362548828,1.310055760383606,0.07422533114751181,1.9046607081095375,0.0031579879919687998,1209,1680
ACTCGTCAGATGACCT-1,GSM8576303_BM2,BM,v2,103,15,9666.0,4725,1.758742,-0.034857585132122046,2.7882275390625,1.5523567744663784,1.2483572769165039,-0.1069986535363408,-0.062414305961070504,0.07008489574704846,-0.22050750680112274,-0.47353452975409377,0.340400961986986,-0.6211592100724964,-0.03325670786123376,0.42670497894287107,-0.2085842657089233,1.7354487419128417,-0.15355562845865886,2.371836992899577,-0.10018505096435547,415,2238
ACTCGTCCACGCGAAG-1,GSM8576303_BM2,BM,v2,85,59,4702.0,2802,1.2973204,0.04300531387329101,3.185542984008789,1.8380439758300782,1.5725381406148276,0.17060681279883327,0.15303369233201997,0.11633382320404051,-0.033685675615957866,0.00896244594029022,0.0722661305622882,-0.09746727275939815,-0.10642781353636876,0.44162471771240236,0.05107724666595459,1.9380005722045899,-0.14612911224365235,2.6486513137817385,0.08082163492838541,887,1903
ACTCGTCCTCGTTGAC-1,GSM8576303_BM2,BM,v2,95,67,7503.0,4027,1.2128482,0.09190590500831604,2.1943863296508788,1.78310177394322,1.6662170155843101,0.48765384624282043,-0.025747239281921908,-0.11467925718852456,0.07643199933146139,-0.5829027709960938,-0.1578301435493561,-0.7422789163808923,-0.13151776870625131,0.1801137542724609,-0.15082460165023803,1.3871068582534791,0.13364619731903074,1.9879463831583657,0.16640106995900472,973,2089
ACTCGTTGGCTTGACG-1,GSM8576303_BM2,BM,v2,95,57,5524.0,3105,1.3034034,-0.09041242599487305,2.487812032699585,1.6682349177769253,1.184981257120768,0.045771885588465955,0.06657311537453175,-0.04618892295019966,-0.19511238907967443,-0.2698216675349644,-0.3755538511467746,-0.6852320185786582,-0.11805090168178481,0.19645835876464834,0.6595930051803589,1.5009384603500366,-0.16659481048583985,2.449289576212565,0.11889247814814251,866,2089
ACTGAAGAACTTCATG-1,GSM8576303_BM2,BM,v2,85,103,12486.0,5420,1.7779913,-0.0021846169233322166,1.5334101295471192,1.75145265851702,1.7464592234293619,0.7482698471191896,0.09665831217325355,0.24154699700219295,-0.12016225866348196,-0.484261157308306,-0.1914000118592657,-0.8271277418301182,0.03237405536501656,0.60482421875,0.3594346714019775,0.7217044353485107,-0.14380748748779296,0.9367617479960124,-0.009722020626068112,1360,1903
ACTGGACCAAGTCGCA-1,GSM8576303_BM2,BM,v2,108,18,9684.0,4719,1.4973152,0.14783680319786072,2.6658748817443847,1.5256647927420481,1.7796839904785156,0.4715629571891693,-0.01789499560239599,0.05598446266991752,-0.179634254387642,-0.1930164563315256,-0.344353580690292,-0.4112874076327564,-0.03028234990879765,0.459954490661621,0.08904470443725587,1.7030397815704346,0.20149766763051352,2.387535680135091,0.08491773446400962,447,2331
ACTGGTAGTCTTATTC-1,GSM8576303_BM2,BM,v2,111,21,18114.0,6444,1.231092,0.02912703573703765,2.3343465423583982,1.9804505157470702,2.1550789769490564,0.30141178000882923,-0.22544296500468075,0.08366152763366697,-0.3252603427655278,-0.49498152194704326,-0.08040723168706321,-0.7684621813198979,0.0538211602606915,0.693423843383789,0.3880014419555664,1.251472230911255,-0.020588735342025738,1.840231819152832,-0.03130334873994191,480,2386
ACTGTAATAGTGTCAG-1,GSM8576303_BM2,BM,v2,61,119,485.0,416,1.8556701,-0.0384194016456604,3.138256711959839,1.3012209647042412,1.0076557032267255,0.5074114612786167,-0.16584604715247708,0.23438467502593993,-0.1766588271176576,1.4338803634643555,-0.14812297897645268,0.9527585769316838,-0.0309417999830822,0.46103282928466793,-0.15367759704589845,2.1085259189605714,-0.051225868860880534,2.967885602315267,-0.020490347544352215,1532,1457
ACTGTAATTACCTTGT-1,GSM8576303_BM2,BM,v2,58,128,511.0,460,1.9569471,-0.06214750289916992,0.6703466868400574,1.2102639389038086,0.5409158166249594,-0.14572567920608215,-0.13358187388224774,-0.23391860961914063,0.24745336966684398,1.493996568952288,-0.13358187388224774,1.048711184230084,-0.060882037117977274,0.483809289932251,-0.13607135772705078,-0.12095231628417968,-0.0806348737080892,-0.36363525390625,-0.030238081614176432,1628,1401
ACTTACGCTAGCGACA-1,GSM8576303_BM2,BM,v2,100,56,4054.0,2506,1.7020228,0.06879720628261567,2.8327471923828123,1.7013758741106306,1.504673055013021,0.020718052684063903,-0.16962287177043744,0.3528100824356079,-0.32799250211961634,-0.27027850191933767,-0.3674368494485756,-0.7625675585445941,-0.12109074176557912,0.6266778945922851,-0.2336878025531769,1.6603716688156127,0.09766493399937946,2.076453641255697,0.14918436606725055,855,2182
ACTTGGACCGTCGATC-1,GSM8576303_BM2,BM,v2,93,69,7374.0,3966,1.5188501,-0.036069908738136286,1.4667050552368164,1.4645726667131698,1.828297030131022,0.21717176667178967,-0.2764172458949612,0.20420386041913713,-0.004740939880071293,-0.20599756240844724,-0.007411291321597402,-0.7416409866693264,-0.0923788787534573,0.37383365631103516,0.947971830368042,0.6375943450927735,-0.03748545408248902,1.072605094909668,0.0556189274787903,995,2052
AGAACCAGCATAATAG-1,GSM8576303_BM2,BM,v2,93,43,18741.0,6702,1.1685609,0.0037559640407562322,1.9063151264190674,1.4019122314453125,2.4243186696370445,0.05474430059333407,-0.061712126586879024,0.058707456929343094,-0.1959361898279366,-0.25354645320347374,-0.1876221009526387,-0.8238320347218133,-0.025787830009899343,0.46004421234130866,0.27952229022979735,1.1551034564971925,-0.0847277502218882,1.4099875068664551,0.06682396411895752,716,2052
AGAACCTTCATCTAGA-1,GSM8576303_BM2,BM,v2,53,141,18910.0,6136,1.4701216,0.10921918332576752,3.243481216430664,1.8121316964285716,0.7963931337992352,1.1050649397823227,0.03858076041960812,-0.059030352319989876,0.05557119109520303,-0.23815748555319655,0.24009374585975124,-0.47427332275551554,0.04034197376192701,-0.024168615341186472,-0.2949190592765808,2.126676362991333,0.19791364590326946,2.6071937052408853,0.046784553527832035,1768,1308
AGAAGGATAGCAGGCT-1,GSM8576303_BM2,BM,v2,49,179,530.0,464,1.1320755,0.3362744975090027,-0.006344120502471906,0.16388871056692944,0.6163864326477051,-0.1536910581780246,-0.20170884343036208,-0.18697677612304686,-0.13229774540679845,0.2949095617021833,-0.07630169726758597,1.4385396513019977,0.40695411795509173,-0.1295791435241699,-0.20764511108398437,-0.18894557189941405,0.4085112412770589,-0.35279972076416016,-0.049818445841471354,2176,1233
AGAAGGCACTTGCATA-1,GSM8576303_BM2,BM,v2,98,46,7469.0,3934,1.7539163,-0.10761787414550782,2.904382400512695,1.4903893389020646,1.1145898628234863,-0.050709099175939576,-0.01948900490879535,0.22429327624184747,0.11380450109746482,-0.47484510646547584,0.025722603721312243,-0.668089781660133,-0.004715412083659623,0.5922665405273436,-0.10460184574127196,1.758555206298828,-0.14990121205647786,2.3767280069986976,0.17805939594904582,748,2145
AGAAGGCATTCCTCCG-1,GSM8576303_BM2,BM,v2,98,40,12854.0,5449,1.5170375,0.15388335585594176,1.780334129333496,1.1566311373029436,2.262349421183268,0.14655376198780107,-0.34853666391580596,0.003276518412998697,-0.27947729220899753,-0.41462375218527664,-0.4954157143711565,-0.5214540076050068,-0.12920958243760486,0.1361209583282471,0.48703554153442385,1.2278782434463502,0.01844588836034139,1.3997784868876137,-0.030779192050298068,683,2145
AGAAGGTAATAGATGT-1,GSM8576303_BM2,BM,v2,43,181,864.0,784,1.8518518,-0.05696183204650879,-0.6384668731689453,-0.15753473690577918,-0.6384668731689453,0.2650122379203398,-0.2382649494462224,0.3326170761244638,-0.24850494472208542,0.9408997312273298,0.30440179459062444,1.4720071306164633,-0.06165781597163053,0.2634708309173584,-0.2808310890197754,-0.15629954528808593,-0.06968555450439454,-0.357601203918457,0.3459903828303019,2197,1122
AGACAACGAGACTCGT-1,GSM8576303_BM2,BM,v2,46,182,372.0,334,1.344086,-0.049919567108154296,0.5522540736198425,0.5978002520969936,0.27492313861846923,0.375490258017697,-0.1898259082472468,1.1509755734034948,-0.07628586777301777,-0.21569038391113282,-0.06682673228313646,0.9926593054518147,-0.022335377315546842,0.5403679370880128,0.7234063601493835,-0.1624428253173828,-0.07765265782674154,-0.17314907073974609,-0.03552988370259603,2208,1178
AGACCGAGAATCCTTG-1,GSM8576303_BM2,BM,v2,98,52,14787.0,5967,1.4066409,0.1051945960521698,1.9552404403686523,1.1919352722167968,2.026453844706217,0.02044941239567649,-0.21847856359377857,-0.11361443536622184,-0.23334520562379224,-0.5094173577853611,-0.5254470028551707,-0.5087161964789562,-0.019949698093867832,0.16256168365478518,0.30744437217712406,1.1247644004821777,0.029155205488204952,1.5131916999816895,-0.028979293107986456,812,2145
AGACCGAGTTAGCTCC-1,GSM8576303_BM2,BM,v2,25,207,21786.0,6656,2.4465253,0.06504190742969512,2.2669462394714355,1.8188046264648436,1.5533799362182616,0.41407910216764277,-0.16101086707342238,0.0338588346753802,0.19236986431195213,-0.5353160672869001,-0.2736422500935903,-0.7413798672355147,0.1996989087884744,0.5187114524841309,-0.13503617286682124,1.1237639141082765,0.09949196259180706,1.67374729792277,-0.04308889150619506,2476,787
AGACCGTATCCATAAC-1,GSM8576303_BM2,BM,v2,71,125,131.0,101,13.740458,-0.010870394706726074,1.0859089088439942,1.1824332468850272,1.7070999336242676,-0.07975556094004926,-0.05676477118189555,-0.04038408006940569,-0.04049979376587964,0.5080899876185826,-0.05238744436976421,1.3104917886501761,-0.029182267669063285,-0.09384590148925781,-0.06522236824035645,-0.05653771209716797,-0.0144938596089681,-0.1579919719696045,0.0,1596,1642
AGACCTGGTAGCGTGA-1,GSM8576303_BM2,BM,v2,33,193,2956.0,1757,1.7253045,0.07472031056880951,1.4738337516784668,1.8706146349225725,2.244323603312174,0.20032108117298908,-0.31224197939217807,0.4628269250052316,-0.004292671035363738,0.703005474635533,0.7110859332793209,0.3179138381094855,0.1317623686813325,0.21427887916564947,0.5864464712142945,0.10801272654533384,0.1241627303759257,0.5464311408996582,-0.044331661860148114,2326,936
AGACGGAACAATGAGG-1,GSM8576303_BM2,BM,v2,97,69,15286.0,5835,1.3018448,0.05020196676254274,2.457127094268799,1.4293862806047712,1.840412457784017,0.5091941931161535,-0.13548353261395019,-0.06196408527238029,-0.21853156251786335,-0.2570648610251291,-0.2789955005109549,-0.7333913484904362,0.05933546368479159,0.07573432922363277,0.040131769180297816,1.4196536178588868,0.002290426890055347,2.0139566040039063,-0.11600573221842447,995,2126
AGACTCCGTGATCGGA-1,GSM8576303_BM2,BM,v2,75,105,811.0,689,3.5758324,-0.06475128650665284,3.058147659301758,1.8555508041381836,0.810622444152832,0.7513672596958267,-0.10158139730553072,0.47543831178120205,-0.11132025513744627,0.7352182584490095,0.27564805051887853,-0.4389677623774381,1.1318523785526204,0.6765398979187012,-0.4178308486938477,1.6031950693130492,-0.06043453216552734,2.268567097981771,-0.017267009417215984,1381,1717
AGACTCCGTGCTGTCG-1,GSM8576303_BM2,BM,v2,51,139,8174.0,4027,1.7494494,-0.12263044357299804,2.785925531387329,1.3236941964285716,2.201478703816732,0.3221104748277779,-0.19067180505512915,0.20127217871802194,0.0036412091514784195,-0.3245317611694336,-0.2128351720940157,-0.46758868801742365,0.11501748129825463,0.30425102233886714,0.25098950147628785,1.7150807456970214,-0.12037358601888021,2.2521218490600585,0.04063521385192871,1746,1271
AGACTTCTCGTTAGCT-1,GSM8576303_BM2,BM,v2,33,219,31355.0,8192,1.5882634,0.01323362290859223,2.519181003570557,1.7616810171944752,2.1505259577433264,0.5149267619872189,-0.2300883217645799,0.4452678523744855,-0.2829793039716954,-0.444813522883824,-0.08612691254979632,-0.7256777713991424,-0.041573093241493164,0.5560460090637208,0.21239202022552495,1.5584094924926757,0.050417416095733664,1.9039804458618164,0.06862738132476807,2605,936
AGATACGCCATATGAT-1,GSM8576303_BM2,BM,v2,87,55,10028.0,4641,1.8448346,-0.035348710715770726,3.028100261688232,1.5995775059291293,1.8727951939900718,0.20819569447911884,-0.08050738705073152,-0.10499911972454617,-0.3449654784106935,-0.4672536901065282,0.2797610012881727,-0.3417419973521538,-0.026764419083398674,0.3064206123352051,0.3727762174606323,1.8539346523284912,-0.020979130665461226,2.658792724609375,0.009952532847722365,844,1940
AGATACGGTGGCCAGG-1,GSM8576303_BM2,BM,v2,47,183,2305.0,1672,2.8199565,-0.08523326873779297,-0.8752256011962891,-0.6505020141601563,-0.8752256011962891,0.03649398600720016,-0.28320395228374434,0.8694206026622227,0.8370916102686915,0.4088256541660854,-0.12696592419980518,1.5848293779908982,-0.12417158344448012,0.07781046867370606,-0.4496703338623047,-0.22195500183105468,-0.14439417521158854,-0.5738529586791992,-0.13597671508789064,2219,1196
AGATAGATAACGATAC-1,GSM8576303_BM2,BM,v2,114,10,5038.0,2968,2.0643113,-0.11044679641723633,3.170818214416504,1.8105968366350447,1.0589091428120931,0.5396767150924866,-0.3627569665870513,0.5951912798200335,-0.18631937910775595,-0.05710584122794021,0.265533280659871,-0.22504182698514064,-0.07510482224842045,0.48759656906127935,-0.36712241649627686,1.8862945251464844,-0.16354272206624348,2.9624475860595703,0.30450056076049803,361,2442
AGATCCTGCTTGGCTA-1,GSM8576303_BM2,BM,v2,92,26,11285.0,4907,3.0837395,-0.06790855139493943,1.7811373138427735,1.5174339730398998,1.7964689000447593,0.39986193132209014,-0.14026982183779235,0.2545259744780404,0.037290463035730304,-0.5152041856901985,-0.2676958111395319,-0.9113265132515451,0.2708114848498073,0.6279640579223632,0.34567620754241946,0.7970004091262817,-0.03731406807899476,1.2671527099609374,-0.0855087407430013,533,2033
AGATGAGGTCGTGATA-1,GSM8576303_BM2,BM,v2,111,15,8384.0,4240,1.61021,-0.016120801866054538,2.811417694091797,1.7623496791294644,1.1719914627075196,-0.012989778595277113,-0.17961242058054167,0.12472025428499489,0.012143774594725765,-0.4056506651469639,-0.14572891748573885,-0.35151864903999547,0.10666329805825836,0.4643949317932129,0.4476262378692627,1.7633986339569092,-0.013642839988072725,2.425062700907389,0.27791899363199873,415,2386
AGATGGCGTAACCAGA-1,GSM8576303_BM2,BM,v2,84,56,3925.0,2366,1.3757962,-0.11350914001464844,3.3020011520385744,1.827296872820173,1.538007094065348,0.29527053201054954,0.1288377591678621,0.27507204055786133,-0.1140475670821931,-0.12210635457720076,0.1745295783123338,-0.18913683566699668,-0.101368532884841,0.028891067504882795,0.20999871730804442,1.883002939224243,-0.13024019877115886,2.9435212834676108,-0.07356222788492839,855,1885
AGCACGTGGTATGAAC-1,GSM8576303_BM2,BM,v2,41,189,5333.0,3303,1.4438403,0.0713626503944397,-0.24717305660247801,0.6649182074410576,-0.20111833572387694,-0.08018880484094582,-0.07292650625477282,0.8180212797437396,0.6427325560233654,1.3411910356794083,0.4008731506914499,2.798438649163836,-0.17173916861514918,0.6712953186035157,-0.3037866950035095,-0.16397086215019224,0.1680133851369222,-0.5372621536254882,0.03889635880788167,2283,1084
AGCAGGAGTGACCAGT-1,GSM8576303_BM2,BM,v2,106,22,9731.0,4562,1.3564895,-0.14556378364562989,2.932437400817871,1.8102277810232983,1.0780404218037924,0.1785341817212392,-0.02028623409676128,0.2727739780289786,-0.3586903656792846,-0.05482566343035011,0.060132481965674,-0.19124824957330977,-0.03706734366750672,0.6582529067993165,-0.3857116270065307,1.8313470268249512,-0.1707579803466797,2.4963908767700196,0.19208308060963952,490,2294
AGCCAGATCTAATTAT-1,GSM8576303_BM2,BM,v2,88,48,1575.0,1113,1.3333334,-0.08134041786193848,2.736663427352905,1.8429346357073104,1.4483011627197266,0.08188314873530683,0.01689257193623911,0.05751221724918909,-0.18290873311652153,-0.03788380309513639,-0.32541788246736947,0.025832621728928085,0.20462260344570227,0.607389850616455,0.7850051736831665,1.5356639251708986,-0.09308097839355468,2.51306027730306,-0.04654048919677734,769,1959
AGCCAGGACTTACGAC-1,GSM8576303_BM2,BM,v2,99,63,22749.0,7217,1.5517166,0.013688485622406016,1.9668351650238036,1.9653119114467075,1.5777219772338866,0.22256844493758732,-0.009706035128148605,0.14475319998604907,-0.15920153549348923,-0.5406647257123676,-0.1272010673959571,-0.8094313783590767,-0.005197004298121449,0.4372379684448243,0.24522408485412595,1.1084391298294067,0.054525079727172854,1.5355773480733237,0.0782399861017863,931,2163
AGCCAGTCGATGCTAG-1,GSM8576303_BM2,BM,v2,85,57,2812.0,1816,1.8492177,-0.09622265815734864,3.175384788513184,1.5635278211321149,1.9787555821736655,0.24097681380658742,-0.06846553097493474,0.1682664009502956,-0.23876262325953618,-0.19095489651816233,0.0690187704132264,-0.43655457901246025,-0.025444400390522592,0.46552606582641604,0.2838270592689514,1.707614016532898,-0.1080770746866862,2.6109223429361976,-0.08785724639892578,866,1903
AGCCAGTTCTGCCGGC-1,GSM8576303_BM2,BM,v2,87,101,6871.0,3666,2.7506914,0.12580666720867156,2.2396962928771975,1.4218673924037386,1.9656368382771812,0.5260642015311613,0.3994269141231675,0.1917868597166879,0.013599045785098962,0.1694949248177665,-0.07452439783088649,-0.15330548940203215,0.07673480469565608,0.2943099212646484,0.17145655155181883,1.5467632722854614,0.1665168531735738,1.9651704025268555,-0.09138015747070312,1339,1940
AGCCATACTATCCGCC-1,GSM8576303_BM2,BM,v2,94,36,14099.0,5668,1.8370098,0.24826862692832946,3.0996536445617675,1.6294436972481863,1.8701314163208007,0.09727375909506558,-0.22829151933246555,0.3490782376698085,-0.00832371657079134,-0.43806782599857874,-0.0023189155930974925,-0.6086729052882867,-0.07361174572691363,0.5023346710205079,-0.06156591653823851,2.022384317398071,0.2585154358545939,2.6301873270670573,-0.12812091827392577,640,2070
AGCCATGTTAATTATC-1,GSM8576303_BM2,BM,v2,42,196,3048.0,1962,1.7716537,-0.09878677368164063,-0.5672733974456787,0.28888197762625556,-0.3517961692810059,0.14043087365636864,-0.26950967934236947,0.6044005809511457,-0.30984411813468166,0.7228268280029297,0.2301829617664996,2.622477413481057,-0.12107915686280936,0.5616291427612305,-0.47292030334472657,-0.05535097312927245,-0.1272015889485677,-0.25748416900634763,-0.11131380716959635,2358,1103
AGCCGCTCAAGTCTTG-1,GSM8576303_BM2,BM,v2,87,95,12442.0,5315,1.8485774,0.0865873122215271,1.7315498733520507,1.7694980403355192,2.0683132553100583,0.4008358664301983,0.09458349808426475,0.04150079011917118,-0.023863088191653448,0.06024037333897181,-0.3240894478966433,-0.41962931437323214,0.08577006318082289,0.7151717376708984,0.5998025798797607,0.9799009714126588,0.06457230488459267,1.2288111877441406,-0.1227783457438151,1274,1940
AGCCGTACTCGGTGTC-1,GSM8576303_BM2,BM,v2,48,156,4191.0,2960,2.0997376,-0.1316831874847412,1.4214342308044434,1.1978340911865235,0.9997216733296714,0.2201042338068706,0.22242419690970916,0.5759524665560041,1.175228353118584,0.6426186152866907,0.46455712490771195,0.8235910384561276,0.057714107738359555,0.6814270973205565,0.13001810550689696,0.8218950805664063,-0.17215557098388673,1.1950795555114746,-0.08195477803548178,1929,1215
AGCCGTATAATTGTGC-1,GSM8576303_BM2,BM,v2,38,194,292.0,268,1.369863,-0.03732083320617676,0.8193447303771972,0.31721415655953544,0.6356239827473958,-0.0885665464592746,-0.11990629142546749,-0.11583936418805804,-0.12443347919977839,0.3779490770612445,-0.08584020223962255,-0.1434510762259464,-0.03814082177693412,-0.14249473571777344,-0.17811843872070313,-0.10246175384521485,-0.03562368392944336,-0.22731929779052734,-0.011874561309814452,2337,1029
AGCCGTGACAAGGACG-1,GSM8576303_BM2,BM,v2,28,210,14380.0,5409,1.8984702,0.14235624194145202,2.5618524169921875,1.924686846051897,2.1142139053344726,0.4417606568240736,0.042526610610270354,0.3032412539209638,-0.10164756941785588,-0.40302396011352537,0.18820046181659628,-0.4625485062256299,0.10486815714081776,0.6524493026733399,-0.0712328433990479,1.3092903146743775,0.19071702162424722,1.8885290908813477,0.000599443117777515,2509,843
AGCCTCGTCCTATGTC-1,GSM8576303_BM2,BM,v2,54,150,1803.0,1266,1.9412091,-0.07045882701873779,3.3809355735778808,1.2801129695347377,0.3450385570526123,0.8058628873173971,0.3711071608056984,0.13326553089278087,-0.25316761967787427,-0.3761888427734375,0.41517037129306406,-0.27609861628549787,-0.09032993828690292,0.23211295127868653,-0.44356292724609375,2.0608456039428713,-0.09394510269165039,2.9249207687377927,-0.06889307022094726,1864,1326
AGCGACAGAATGAGCC-1,GSM8576303_BM2,BM,v2,88,66,2567.0,1829,1.2465913,-0.15089197158813478,3.2280643081665037,1.1720165143694197,2.12235777537028,-0.014306795166199426,0.39295616221031243,0.19577182258878434,-0.23885728021747404,0.34765762983049664,-0.2645525951462098,-0.08921287363807628,0.11497545059438176,0.1516597366333008,-0.017887310981750504,1.8972742977142334,-0.12706693013509116,2.607220128377279,0.45002865473429365,963,1959
AGCGACGGTACCTCAC-1,GSM8576303_BM2,BM,v2,107,27,10962.0,5313,1.5234447,0.13487879753112794,1.8056146717071533,1.9761275155203686,1.5588953908284506,0.2839568149612611,-0.0340024062565395,0.34223826238087246,0.02497896316643866,-0.5404914262635367,0.04440192668792231,-0.602092079096764,-0.05766872345886889,0.611562213897705,0.2061930084228516,1.148359314918518,0.21442485809326173,1.552113857269287,0.0008426900704701784,544,2312
AGCGACTGCCAACCGT-1,GSM8576303_BM2,BM,v2,47,193,1151.0,943,1.9982623,0.2100580656528473,0.19743888378143315,-0.07035296031406951,0.44002688725789396,0.44313789467256226,-0.2491600005980955,1.1241188669204711,0.18624345006095647,0.561210040501186,-0.2379006994775979,2.4807585206950726,-0.03048185374112737,0.2779910469055175,0.8085198450088501,0.21307753133773805,0.253100733757019,0.0865436140696208,-0.12868422190348308,2326,1196
AGCGAGTTACGTACCT-1,GSM8576303_BM2,BM,v2,66,122,1611.0,1131,3.4761019,-0.06912842273712158,1.1011517143249512,2.6337392970493863,1.94247922261556,1.7779747396109093,-0.017203151461589794,-0.2596091570172991,0.18024545978728837,-0.13310239124298096,-0.12940888615497145,0.14412017842381475,-0.05965060675704239,0.15550497055053714,0.2556958341598511,0.022313186287879955,-0.08765840530395508,0.6606487655639648,-0.05474010467529297,1564,1550
AGCGGAAGTTCGATTA-1,GSM8576303_BM2,BM,v2,43,199,846.0,704,2.1276596,0.26785839200019834,-0.4077460479736328,-0.005761897223336365,-0.4077460479736328,-0.09570271901816249,-0.10998809385491183,0.12307234951428006,-0.18062588273624977,0.5458911988394601,-0.1821161905924479,1.6697220697156079,-0.0428025546489946,-0.27439205169677733,-0.3541898345947266,0.19651330780982973,0.33795975526173905,-0.2936641502380371,-0.061701971689860025,2391,1122
AGCGGAATTCAGTACA-1,GSM8576303_BM2,BM,v2,28,212,8597.0,4282,2.7218797,-0.1318373966217041,2.9562646484375,1.52815799168178,1.176958713531494,0.5376998593050792,-0.25430732555110364,0.38740449632917134,-0.17741150817956977,-0.37721803215571814,-0.09198365537038294,-0.5346986662278583,-0.09481555503486787,0.6486282539367675,0.10287191390991213,1.7778931331634522,-0.13463189442952475,2.7645928064982095,0.03541395227114359,2530,843
AGCGGTGACACGTAAT-1,GSM8576303_BM2,BM,v2,27,211,12620.0,5336,4.207607,0.13494487285614012,2.9810574150085447,1.9931699916294645,0.6550166702270508,0.7993809324670509,0.21100626768767666,0.1472072192600795,0.008445776148111761,-0.4878381244795663,0.31367738179892424,-0.3483267264763895,-0.14090235921360503,0.4304591369628906,0.21332788228988653,1.9900223751068116,0.12355305194854738,2.7428560511271156,-0.08991037368774414,2519,824
AGCGGTGGAGTTGGCC-1,GSM8576303_BM2,BM,v2,73,91,7412.0,3905,3.912574,0.02008295595645905,1.9727016830444335,1.8478758893694196,1.594019864400228,0.5193687797071465,-0.08630496143815986,0.33447060482842583,0.10955670267355722,-0.44915290001460484,0.05581800142923993,-0.6155520623848056,0.0011326639215646639,0.7352980422973634,0.3753082585334778,1.2197903575897215,0.04148765643437703,1.7276747957865397,-0.08662124633789063,1231,1680
AGCGGTTCGCTCGGCA-1,GSM8576303_BM2,BM,v2,60,150,951.0,830,3.2597265,-0.12991466522216796,2.315236825942993,1.024161660330636,1.4270323308308919,0.7561905776640497,-0.16909811487159576,-0.23893262590680803,-0.17288211286921898,1.0710971886771066,-0.1818618621213369,0.9473204873323668,-0.11480337821397206,0.3356265163421631,0.6963607931137085,1.2257778558731078,-0.10589245478312174,1.7679572614034018,-0.07331015904744466,1864,1438
AGCGTGTACAGTAACG-1,GSM8576303_BM2,BM,v2,100,8,14001.0,5596,1.7570174,0.06983425080776215,2.0636563301086426,1.9364061846051897,2.0053669611612954,0.5274734190668926,-0.02480134455144095,0.013248479025704474,-0.13081365074722973,-0.3073469886779785,0.11949598358338143,-0.6637063722482464,0.02677333594968656,0.47866714477539063,0.08033017635345463,1.1249443531036376,0.1065929659207662,1.5924136543273926,0.08203317801157632,340,2182
AGCGTTCTAACCTTCC-1,GSM8576303_BM2,BM,v2,86,58,1597.0,1139,2.3794615,-0.039652388095855716,3.3467904853820802,1.620017874581473,2.3319816716512047,0.2073771020016038,0.04857486961767446,0.14461698021207536,-0.18548944686408714,-0.3963367004394531,-0.21997729075481615,-0.04799013398409119,-0.05987777325931012,0.8012394332885742,0.29482134103775026,1.6615225868225099,-0.06816001892089844,2.5566891733805335,-0.06608732223510742,877,1922
AGCTATGCGGAACATA-1,GSM8576303_BM2,BM,v2,97,37,18427.0,6228,1.1016443,-0.015907014012336726,2.093420848846436,1.0217615182059154,2.509388631184896,0.1167115064031149,-0.13630608314080822,-0.12099041768482754,-0.15505109251009064,-0.517361135823386,-0.18945328059445427,-0.7587891997678397,-0.04815661878622389,0.1603022193908692,0.13467830419540405,1.3829044389724732,0.009398329257965077,1.7772063827514648,0.11302810351053874,651,2126
AGCTCAGCAACATCAC-1,GSM8576303_BM2,BM,v2,59,147,2248.0,1634,2.0462635,0.3403181898593903,3.125739631652832,1.6246076529366626,1.677905616760254,-0.002384632227411254,-0.3029666272511923,-0.06395698666572569,-0.24119862990939514,-0.1341601572036743,0.02876468427688722,-0.5309301798775692,-0.08533498904849059,0.41568155288696296,0.12341487646102905,1.9122565116882324,0.16388110240300496,2.866080830891927,-0.0904171625773112,1832,1419
AGCTCAGGCCTTAAGA-1,GSM8576303_BM2,BM,v2,32,202,5668.0,3268,2.1524348,-0.11121320724487305,3.354202976226807,1.8853944069998607,1.7888599141438803,0.21015685820675273,-0.06672820741256213,0.6958329541342598,-0.33574440417795265,0.906951919555664,0.5154036987258728,0.33021136921181327,-0.025049181363955203,0.7121407318115234,0.15498726367950444,1.8382145824432374,-0.14031056722005208,2.8203135553995766,-0.11155091603597005,2423,917
AGCTGCCGAACGTCTA-1,GSM8576303_BM2,BM,v2,86,76,3824.0,2359,1.7782427,-0.09267909049987794,1.838209114074707,1.703247081211635,1.466972630818685,0.1984415130921635,0.24290305584652017,0.0008516052791050499,-0.08614204454948998,-0.33581214673178533,-0.11359632661543698,-0.4629128154149334,-0.12937343520606123,0.3196039390563965,0.44267803668975825,1.0901890506744385,-0.10890672047932942,1.4067744827270507,-0.06788403828938802,1070,1922
AGCTGTGCAGTGACAT-1,GSM8576303_BM2,BM,v2,57,155,1059.0,834,1.6052879,0.2404567575454712,1.7218305015563966,1.5769569069998606,1.46585875193278,-0.1507689847524865,-0.19787579272166791,0.45818076508385797,-0.16242703325768937,0.39867171151297426,-0.25804184143801767,1.152187935343639,0.29360894983132524,0.16111949920654295,0.2229879283905029,0.9766113557815552,0.30282260258992516,1.0411570676167805,-0.054738121032714845,1918,1382
AGCTGTGCGACAGACG-1,GSM8576303_BM2,BM,v2,56,156,967.0,713,1.4477766,-0.04249783039093018,0.6767852830886841,0.5238469369070871,0.8517476844787598,-0.21492756609935837,-0.2282633340981112,0.4385397808892386,-0.18794018764550502,-0.2653712463378906,-0.1580406250245121,1.2075771329958396,0.29585145441020555,-0.2899201011657715,0.5524152064323425,0.8493343677520752,-0.04856895128885905,1.0936041641235352,-0.028677393595377604,1929,1364
AGGAAGTTCATGAGCG-1,GSM8576303_BM2,BM,v2,37,223,7667.0,3595,2.6085823,-0.079459228515625,2.9426488494873047,1.6082336534772599,1.563292465209961,1.1813516904072587,-0.16740272151828836,-0.0616213958603995,0.005150286330583398,-0.45036023058210106,0.08151684372300605,-0.5867956368143699,-0.0958698579929019,0.09854887962341308,0.04292472124099733,1.8354993724822999,-0.12712650299072265,2.5861468378702797,0.09182503700256348,2648,1010
AGGAATCCTACCAGCA-1,GSM8576303_BM2,BM,v2,110,16,8957.0,4498,1.3955566,-0.15190842628479004,2.0699873542785645,1.1555436597551618,1.712770678202311,0.1684658144372534,-0.1556936244614427,0.09023773840495519,-0.15554168621536363,-0.26010129928588865,0.24947863362400402,-0.6555151551933325,-0.027106820965544717,0.510045757293701,0.21813744068145757,1.238238226890564,-0.1381022008260091,1.7016758282979332,0.010433245897293095,426,2368
AGGACATTAGTGGAAC-1,GSM8576303_BM2,BM,v2,105,11,7968.0,4081,1.5436747,0.06560359835624696,2.5113591098785397,1.3620059095110213,1.2773270352681478,0.4498939360959463,-0.10143781146029257,-0.054710089138575946,-0.2042536125581283,-0.4681470692498344,-0.039534209243743734,-0.8582535302078964,-0.1127075220914495,0.4020914840698243,-0.21272257208824152,1.682657995223999,0.09876955509185792,2.2430776087443034,0.031028899351755776,372,2275
AGGACTGGATTAGAGG-1,GSM8576303_BM2,BM,v2,96,28,10332.0,4902,1.4518002,-0.1694110870361328,1.7388959121704102,1.7059901210239956,2.033250986735026,0.43248448410187385,-0.22272495886955326,0.07121553931917463,-0.0390399299680918,-0.22500260489327567,-0.04625628176463176,-0.5812295829575448,0.1048365656504352,0.3152019691467286,-0.05001268625259403,0.7306876802444457,-0.14426387786865236,1.1273223749796548,-0.10410651524861654,555,2108
AGGAGCCGGATAAGGC-1,GSM8576303_BM2,BM,v2,92,40,19737.0,6419,1.24639,-0.06945460364222526,2.1558515930175783,1.561781245640346,2.213372141520182,0.09753289615294064,-0.19777031924214364,0.03897753919873914,-0.056064178257558495,-0.2724626701899937,-0.12665110012613623,-0.5237517910058525,0.07116839263948932,0.45225786209106444,0.25822281599044805,1.1453091802597046,-0.15101580301920572,1.7060515975952149,0.01757434725761413,683,2033
AGGAGCCTGCTCAATT-1,GSM8576303_BM2,BM,v2,87,49,6399.0,3455,1.4064697,0.11641673028469085,2.9917420387268066,1.5778818947928295,1.416508102416992,0.5451916757836399,0.016550377601190158,0.10082386834280832,-0.34554207700712974,-0.20717535182407926,-0.016564353881590832,-0.27026692561426646,0.09972710714587085,0.17064821243286132,0.09913225412368776,1.8221719837188721,0.1866287096341451,2.4099020894368492,0.09093382477760314,780,1940
AGGATCGATATTGACG-1,GSM8576303_BM2,BM,v2,112,24,23362.0,7451,1.2798562,0.17015068411827086,2.454809741973877,1.8526797812325613,1.399698969523112,0.20189983203229173,-0.18665901122254608,0.19078235966818669,-0.016039318204950803,-0.5031566762924194,-0.1348605601184339,-0.6387492824035089,0.28425627266800646,0.5779901885986327,-0.02803527355194091,1.4220113525390625,0.2174295425415039,1.9541832987467447,0.0723736262321472,512,2405
AGGATTCTCAAGAAGT-1,GSM8576303_BM2,BM,v2,37,195,445.0,391,2.022472,-0.10592170715332032,0.268243373632431,0.7055939837864467,0.3997352234522501,-0.13941304463459306,-0.18013201181189603,-0.17629055568150112,-0.11157435332464967,0.28672737748282295,-0.06336956713573043,-0.2586661985256528,-0.021179895272991002,-0.1104531478881836,-0.14201119422912598,-0.12623217010498047,-0.07363543192545573,-0.09467412948608399,-0.031558043162027996,2348,1010
AGGCATCTGAGCCTCC-1,GSM8576303_BM2,BM,v2,81,95,11819.0,4992,2.1744647,-0.027068508267402647,2.7657651901245117,1.845999755859375,1.734832763671875,0.6054596671138901,-0.20122777793302116,-0.04287444812910901,-0.2940876243351621,-0.3527615301949638,-0.04279326530824229,-0.8703196480770239,-0.02221361411269307,0.22224336624145513,-0.16709985494613644,1.5787358417510986,-0.02433357000350951,2.316976420084635,0.1043579912185669,1274,1828
AGGCATGCGATTCGAC-1,GSM8576303_BM2,BM,v2,65,131,639.0,439,5.4773083,-0.028123772144317626,1.9309204387664796,2.448398426600865,1.1403432655334473,-0.15868328661324987,-0.13775826266491747,-0.16452527727399555,-0.15390752448051911,1.2800423583984375,-0.1016521913459502,2.990801892596032,-0.039973707007081714,-0.19479427337646485,-0.2035674285888672,0.2143399221897125,-0.06562213897705078,0.8708508682250977,-0.03749836285909017,1660,1531
AGGCTGCACGGCTGAG-1,GSM8576303_BM2,BM,v2,96,44,10090.0,4458,1.0901883,-0.12272110939025879,2.9711540222167967,1.8494760785784041,1.561145273844401,-0.21254137361863532,-0.008559748008889978,-0.0073227674620491845,-0.1931414336295485,-0.4073052884510585,-0.3817733613602129,-0.4671770090796232,0.10176879870468682,0.3626825332641602,0.21627563953399653,1.5490004272460938,-0.1498694610595703,2.3046874364217125,0.0894892923037211,726,2108
AGGCTTCCTCGCCGAT-1,GSM8576303_BM2,BM,v2,47,189,1556.0,1224,3.2133677,-0.14659053802490235,0.8221548366546632,0.7802211380004883,-0.11838690757751463,0.7195386216343647,-0.299113783012911,0.17541894435882566,0.6306880003499341,0.32848414066859655,-0.26081354838298504,1.1923152287191536,0.19350758266357537,-0.058639125823974625,-0.4665646743774414,-0.2001487274169922,-0.1023324966430664,0.0460882441202799,-0.07767616907755534,2283,1196
AGGTACCATCGCTCGA-1,GSM8576303_BM2,BM,v2,44,194,442.0,394,0.67873305,-0.057019314765930175,-0.3433087921142578,0.556323105948312,-0.3433087921142578,1.1854286471523914,-0.170536914503718,-0.16952732631138392,-0.17907406607466647,-0.1345944061279297,-0.10926587514609218,0.8756917672783622,-0.03183505039087078,-0.21425701141357423,0.49725632190704344,-0.09396000671386719,-0.06324562708536784,-0.20327720642089844,-0.03162281672159831,2337,1140
AGGTACCTGGACCTAA-1,GSM8576303_BM2,BM,v2,81,81,11626.0,4765,1.1009806,-0.03768404901027679,2.5980518150329592,1.4649005453927175,2.5102465438842776,-0.060343109938993056,-0.14247590853986014,0.2837791872024536,-0.2229853942654829,-0.4124821796417236,-0.008186415974873573,-0.6965695144117506,0.05602813315642989,0.672812728881836,0.29127923488616947,1.3948277425765991,-0.025068205992380785,1.9474929428100585,0.016308594544728605,1124,1829
AGGTACTCAATCGCAT-1,GSM8576303_BM2,BM,v2,35,187,777.0,616,1.8018018,-0.0920405387878418,0.5782436609268189,0.9050969423566545,0.13978879451751708,-0.12415325976758597,-0.19015650002353163,0.11083573545728412,0.2287480307074292,1.9887224720546177,0.8170031639466804,0.8706597778964019,0.313903449251462,-0.297799186706543,0.5368898797035218,0.5653324337005615,-0.047326666514078776,0.5082758712768555,-0.05259458541870117,2262,973
AGGTACTTAGCATCTT-1,GSM8576303_BM2,BM,v2,89,93,13945.0,5843,1.6493367,-0.005390462279319774,1.538859987258911,1.5801971980503629,1.5275504430135092,0.4065702890296538,0.13044198955945152,0.1429294334139143,0.06975176165546004,-0.38843530191693987,-0.2057981974628556,-0.7488463226695075,-0.01657276791328438,0.7566378402709961,0.1061875867843628,0.7130910301208496,0.033091304302215574,1.0309678967793783,-0.10728652954101563,1253,1977
AGGTCCTGTAGGTTGA-1,GSM8576303_BM2,BM,v2,97,67,10791.0,4693,1.3344454,-0.019006689786911016,2.580763330459595,1.6831167275565013,1.980610122680664,0.5506209063242717,-0.16979251240288737,-0.061411073207855216,-0.27417005645511483,-0.3865519599914551,-0.14268356106846208,-0.7428620053617746,-0.012007484500040147,0.014322261810302828,0.054386460781097434,1.6019209575653077,-0.03190032800038657,2.079469680786133,-0.09273749669392904,973,2126
AGGTCCTTCCACAGGT-1,GSM8576303_BM2,BM,v2,84,108,7270.0,3618,3.480055,0.05024980008602142,2.4671143531799316,1.8525999886648998,1.670038922627767,0.45601439188761883,-0.22709281794722574,0.3027071571350098,0.008796211348856497,-0.4755256017957415,0.02233107310222332,-0.6324180205739243,0.020931766222901674,0.6711108016967773,0.03436080455780033,1.420036759376526,0.11683271328608195,2.163501612345377,0.07923063437143962,1414,1884
AGGTCGCATATCGAGT-1,GSM8576303_BM2,BM,v2,102,56,28204.0,7329,1.7160686,0.022932349443435668,1.85971773147583,1.899927520751953,2.050647939046224,0.32585005492091657,-0.16285770840844543,0.025762270518711605,-0.1456579069011874,-0.5238597198213849,-0.31087561927167284,-0.7310643859014758,-0.021931484298760906,0.3751863098144531,0.39492252826690677,0.8696649904251099,-0.012245186567306526,1.3636901791890463,-0.04525399168332418,855,2219
AGGTCGGTATAACTTG-1,GSM8576303_BM2,BM,v2,111,27,8671.0,4013,1.3493253,-0.10305515289306641,2.8632422256469727,1.6795103345598494,1.7954426574707032,0.6958536642143525,0.05939861938861751,0.5921594796861921,-0.2586608492005716,-0.3322981865746635,0.04912183706061429,-0.4782226789717706,-0.10918781101303612,0.4558710289001465,-0.2803135287761688,1.777751823425293,-0.12302076975504557,2.458003946940104,-0.08597155888875326,544,2386
AGGTGACGATTGTATG-1,GSM8576303_BM2,BM,v2,88,42,2888.0,1721,1.9736841,0.1182227998971939,3.6739979553222657,2.123238220214844,2.45692928314209,-0.0764905144890628,-0.2943504976939006,-0.09157225421496801,-0.23812431182424112,-0.18495409652165004,0.1783218436451801,-0.6244961015330065,0.15653722752546417,0.02224354743957524,0.23039017915725707,2.175796739578247,0.18447366158167522,2.927446772257487,0.18945943911870322,705,1959
AGGTGACGCTGTGCTC-1,GSM8576303_BM2,BM,v2,47,177,1188.0,990,1.5151515,0.20023486971855164,-0.3527978515625,-0.2824925681522914,0.02096392154693605,0.27796979505853003,0.25937666526417996,0.295464175428663,-0.2170601000416928,0.9540161634172712,-0.31172578497584086,1.9836118630457702,-0.09030486113273058,0.17011960029602052,-0.42055210113525393,-0.20279864501953124,0.27445506254831953,-0.40704193115234377,-0.06727711995442709,2154,1196
AGGTTGAGGCACCAGG-1,GSM8576303_BM2,BM,v2,42,198,1284.0,1016,1.8691589,-0.12973008155822754,-0.07521418571472172,-0.3284558922903879,-0.25633132298787437,0.09327075567590187,-0.22895241549694872,0.5619996213912963,0.4661682658248195,0.38647915758405416,-0.19503929720346228,1.6968297418903415,-0.07506250215056759,-0.34765239715576174,-0.33678531646728516,0.04979446506500243,-0.13976425170898438,-0.05821303685506185,-0.07969153086344401,2380,1103
AGTACCGATGAGCGAA-1,GSM8576303_BM2,BM,v2,59,123,1087.0,904,2.6678932,0.1883795940876007,3.138885803222656,2.24877379826137,1.3467667770385743,0.5782785942276798,0.5024154236859723,1.137950097492763,-0.20948977320105436,2.207359194074358,-0.14922743341530184,0.8603933705579514,0.5444748243915268,1.4747969818115236,0.8431980180740357,1.9694696140289307,0.24771750291188557,2.3884310913085938,-0.054188206990559894,1574,1419
AGTATTACAGTACCAC-1,GSM8576303_BM2,BM,v2,89,53,11320.0,5180,1.3074205,0.27685195446014405,1.715975227355957,1.653024128505162,2.057668787638346,0.08749213371889658,-0.14328751178288424,0.2778324982098171,0.10066346618614869,-0.33598061180114747,-0.4604675109127918,-0.4604813494824037,0.03855161047393274,0.8693505668640136,0.24525073528289798,0.9172648887634277,0.23527696132659914,1.091758575439453,0.07780890544255573,823,1977
AGTATTGGTCCACGTT-1,GSM8576303_BM2,BM,v2,64,120,862.0,683,2.3201857,-0.10298248291015626,0.695501127243042,1.0274240766252791,0.438316224416097,-0.1748697211943477,0.5211584985221998,0.11173875876835415,-0.1594431420793506,3.3073147430419922,-0.14770325503674855,3.665895242590461,-0.027697886396574493,0.28485702514648437,0.32286356925964355,-0.19182977294921874,-0.07601312001546225,-0.4012727737426758,-0.06974274317423503,1542,1512
AGTCGGACGTGACAGG-1,GSM8576303_BM2,BM,v2,113,15,16371.0,6104,1.4171401,-0.0798524272441864,2.924298210144043,1.9800849151611328,1.0201321474711098,0.31047704803895754,0.09183834355519,0.1890469537462507,-0.1033816219498474,-0.28526469257899695,0.17729693340010433,-0.7216893993425233,-0.07133580328519826,0.3821159172058105,0.15206004858016964,1.7485501823425293,-0.05609044233957926,2.531848932902018,0.06076595624287923,415,2424
AGTCGGCTGCGGAAGT-1,GSM8576303_BM2,BM,v2,35,193,705.0,564,1.8439716,-0.07480738162994385,0.5879143142700195,0.45142365591866634,-0.19298056125640872,0.43618046854394504,-0.1599159547124043,0.8870551701954432,-0.10510836494686268,1.0546278828212194,-0.13109728035677867,0.8544271227725972,-0.07524098005870845,0.21432316780090332,0.3639379334449768,0.657654215335846,-0.06347293217976888,0.6153850714365642,-0.056604251861572266,2326,973
AGTCGTATAGGTGGCA-1,GSM8576303_BM2,BM,v2,108,28,6360.0,3400,1.2578616,-0.12521047592163087,2.1205159950256345,1.5309134020124162,1.6941073862711586,-0.1602329980417428,0.06064544542042333,-0.022154250144958476,-0.30446596336911264,-0.4467030273165022,-0.21415940178446025,-0.9228992846188129,0.05564855100553079,0.36039152145385733,0.040219368934631294,1.1995919008255005,-0.12759552001953126,1.7741132863362632,-0.10558060963948568,555,2331
AGTCTAGCTTGTTACA-1,GSM8576303_BM2,BM,v2,101,45,7927.0,4113,1.4381229,-0.14742467880249024,2.272247886657715,1.886019733973912,1.8829742431640626,0.19497079734342643,-0.16406108460341526,0.05472890785762241,-0.008284744843566116,-0.4151506814275469,0.049155091664877304,-0.6768746386324114,-0.14084023597256448,0.35972562789916995,-0.09332492589950558,1.255209592819214,-0.1582366689046224,1.7750890096028646,0.18449730475743611,737,2200
AGTGAGTGCGGACACT-1,GSM8576303_BM2,BM,v2,57,139,1434.0,1099,1.1157601,-0.06747402667999268,3.0058257675170896,2.0478831427437916,1.886577377319336,0.31744804152523176,0.0534314586729136,-0.2278706795828683,0.1412514268107654,0.0070906279427664365,-0.20767919701266002,-0.12878172235315166,-0.08360230362655333,-0.36486133575439456,0.6659618282318116,1.5588535013198852,-0.07612454096476237,2.3654140981038414,-0.09898040771484375,1746,1382
AGTGCAACCTAGAAGC-1,GSM8576303_BM2,BM,v2,102,52,11083.0,4942,1.4526752,0.025269647836685172,2.5889417457580564,1.4265506526402065,2.282236111958822,0.04457951405919697,-0.15955118427178122,0.149837132522038,-0.12831033852273108,-0.3373010417393276,-0.2984517762459904,-0.3985015964233749,0.0715357489233849,0.11906421661376954,0.2956573963165283,1.6127298049926757,0.08517656485239664,2.1689277521769204,-0.08327226003011068,812,2219
AGTGCGCATACTCACG-1,GSM8576303_BM2,BM,v2,107,33,21201.0,6933,1.1791897,0.13056601405143736,1.6191968250274658,1.408945748465402,2.463391952514648,0.08731261218886782,-0.12956035937376564,-0.17861615368298123,-0.22037304404130298,-0.45078972625732416,-0.28085667924229873,-0.610232872336617,-0.13948158929812027,0.12879715919494628,0.42446757793426515,0.8391980476379395,0.11537348429361977,1.2269092178344727,-0.002274877230326336,608,2312
AGTGCTACGAAGCAAG-1,GSM8576303_BM2,BM,v2,75,93,6598.0,3371,3.8951197,-0.13274033546447753,2.7032064628601074,1.6170194789341519,1.4052113723754882,0.856743531054761,-0.08224396724777527,0.059698824541909334,-0.21693792637869125,-0.43679963820321216,0.04333491784980498,-0.4797456714816656,-0.10531768542808174,0.24090845108032222,0.19800215721130376,1.5910614595413208,-0.12928947448730468,2.304424858093262,-0.07551038106282552,1252,1717
AGTGTAAGTGACGATG-1,GSM8576303_BM2,BM,v2,48,144,19652.0,7059,1.317932,0.082190682888031,1.946053342819214,1.4990728868756975,1.9015338389078775,0.5806969102606716,0.1208561597989335,0.22836394446236752,-0.217510745801547,-0.1279285637991769,-0.045289413517258736,-0.49261354965765897,-0.014912278403028889,0.4388803482055663,0.24002640247344975,1.1177913122177123,0.09515157858530679,1.4488130950927733,-0.0567427174250285,1800,1215
AGTGTCTGCAAGATGT-1,GSM8576303_BM2,BM,v2,84,98,9000.0,4431,1.4333333,-0.035031909346580514,2.984296760559082,1.7072605569022044,1.4370615895589194,0.5964716390433561,0.2327717402442323,0.3765689904349191,-0.0784236812903849,0.5585596367972238,-0.020385556431659235,0.12456138021993957,-0.029278941145336412,0.6186436462402345,-0.28220370769500736,1.925303508758545,-0.02264856894810993,2.570033200581869,-0.09445732116699218,1306,1884
AGTTAACCGCGAGGTT-1,GSM8576303_BM2,BM,v2,104,14,7148.0,3820,1.7627308,-0.11178772926330566,2.6876322841644287,1.6784984043666293,1.1784136708577475,0.10124363286428184,0.1513228025233958,0.13565237624304632,0.11159099363373093,-0.5538154296875,-0.12858970624854765,-0.6580361555315276,-0.15900682282927853,0.21860481262207032,0.26649477481842043,1.4591541471481322,-0.1286324946085612,2.1324396642049157,-0.11628503163655599,404,2256
AGTTAAGGCATCCGCA-1,GSM8576303_BM2,BM,v2,50,162,968.0,801,1.96281,-0.09427152633666992,0.04767408132553097,0.3767364202226911,0.018377385139465297,-0.18165657319218279,0.09428429931863858,0.05428619674273899,-0.2169446316694462,0.7822989458356584,-0.19400333879463166,2.5377838303007305,-0.07766301199893823,-0.28803184509277346,-0.3244443893432617,-0.14920782470703126,-0.06689352671305339,-0.3653865814208984,-0.06473347345987955,1993,1252
AGTTAGCTAGAATAAC-1,GSM8576303_BM2,BM,v2,38,198,3949.0,2733,3.064067,0.07751391232013702,1.8942994117736816,0.5403173828125,0.6806406021118164,0.23568487646110564,-0.3422018150727912,0.922502019745963,0.921126015499582,0.41406886237008234,0.44789685207198426,0.8747941407581303,-0.14635801635332554,0.4362654685974121,0.056483433246612536,1.1710377655029296,-0.17504226684570312,1.533917376200358,-0.09434440612792969,2380,1029
AGTTATTGAGACGGTC-1,GSM8576303_BM2,BM,v2,93,65,5397.0,3077,1.3711321,-0.1237716293334961,2.712253017425537,1.4446087646484376,2.057082735697428,-0.02100544234356244,0.0469775760714104,0.24196505274091445,-0.0766929790615499,-0.5370092163085938,0.3429149317454143,-0.5597918358196576,0.20637832163392866,0.46957414627075195,0.10865508556365966,1.7531319255828857,-0.10650115966796875,2.072092170715332,0.08124954938888548,952,2052
AGTTCGGTTCGACAAC-1,GSM8576303_BM2,BM,v2,54,152,1406.0,1016,1.3513514,-0.07484251499176026,3.6568793869018554,1.235200925554548,0.5183380063374836,-0.2483316444488893,0.3716508547465006,0.08646863988467623,-0.18683956550663727,0.6511932977948871,0.12272673486227015,0.5655496602776182,-0.06322321155727309,0.27763930320739744,-0.298346061706543,2.1623238563537597,-0.07187813440958658,2.9440110143025717,-0.027911876042683918,1886,1326
ATAACATATCACTTCT-1,GSM8576303_BM2,BM,v2,94,78,10634.0,4705,1.4669927,-0.1362147617340088,2.704281349182129,1.8117283630371093,2.0783133697509766,0.3776205189256783,-0.12298599837911045,0.3931033849716187,-0.2740008338181835,-0.3049178529466901,-0.14629554676722334,-0.7485426866653896,0.016016175282881573,0.4182798004150391,-0.08180126428604129,1.4963961219787598,-0.12280326843261719,2.332238337198893,0.12909257253011067,1092,2070
ATAACGAGGACTTAAC-1,GSM8576303_BM2,BM,v2,56,138,12808.0,5507,1.233604,-0.11600019454956055,3.023109588623047,1.6526473236083985,1.843866818745931,0.640905860916199,-0.14014796798966495,0.06876669883728026,-0.01851185510942205,-0.24179882662636892,-0.22349024058345812,-0.7223866047589457,-0.12857301443215186,0.12790526390075685,-0.0573293542861939,1.9694508094787597,-0.14177806854248046,2.612682088216146,-0.028393314679463696,1736,1364
ATAACGGTCTTGTAAT-1,GSM8576303_BM2,BM,v2,86,68,4195.0,2799,1.93087,0.04266485869884491,2.4352208614349364,1.6452721732003346,1.8301589330037435,0.26032435750386795,0.15428332713439552,-0.1380508540357862,-0.03413268473613862,-0.533972412109375,-0.3950082250388272,-0.5912042912220795,-0.11351320407534606,0.027073297500610327,0.23875446796417232,1.6246559686660766,0.06196637074152628,2.357833811442057,-0.11732804616292318,984,1922
ATAACTCGAAGTCCGC-1,GSM8576303_BM2,BM,v2,89,75,5946.0,3427,1.6481668,0.012797493934631352,2.2580319023132325,1.461790749686105,1.8079181289672852,-0.17800732693040228,-0.10653183649000736,0.19541994810104368,-0.1942512127302047,-0.517421630859375,-0.2752750906120821,-0.6066546956736197,0.0158023221609348,0.15727251052856445,-0.0975901985168457,1.5042100200653077,0.03787979761759441,1.8572539011637368,0.0493244743347168,1059,1977
ATAAGACCACGTACTA-1,GSM8576303_BM2,BM,v2,100,20,11117.0,5154,2.0778987,-0.12769096374511718,1.6630624389648438,1.4105268096923829,1.9730396525065104,0.4345384649483554,-0.0029052591022922236,0.39228494678224834,-0.31702162953024265,-0.3411943310328892,-0.17216062593651588,-0.6878711005756747,-0.048341904539161304,0.5169564628601073,0.30851146697998044,0.7714277534484864,-0.14249010721842448,1.2423018900553384,-0.09543925603230795,469,2182
ATAATCGCGTCATATG-1,GSM8576303_BM2,BM,v2,108,38,16096.0,5962,1.4662029,0.009547872245311742,2.016905746459961,1.9290886034284318,1.949624341328939,0.2232635768063097,0.05092635909784682,0.2734210702351162,-0.24241802932003018,-0.5161081602232797,-0.2495223750551063,-0.5731325286689677,-0.00629331767273314,0.605221176147461,-0.1920977115631104,1.0203933506011964,-0.07653228143850964,1.5954373041788736,-0.009465821782747907,662,2331
ATACCGTGTATCGCCA-1,GSM8576303_BM2,BM,v2,41,205,318.0,271,7.5471697,-0.05219390392303467,1.3813505220413207,1.9810640825544084,0.2880124696095785,-0.062260432415697946,-0.03431189203836832,-0.05278805324009487,-0.042969127097580696,-0.048093017578125,-0.09781989898068838,-0.12131264705785968,-0.046705956427042915,-0.08698984146118165,-0.12178577423095703,-0.06201139068603516,-0.02319729169209798,0.29078628857930505,-0.03479593912760417,2455,1084
ATACGGTCCAACGCTA-1,GSM8576303_BM2,BM,v2,59,143,1132.0,919,2.385159,-0.09875052452087402,3.375563926696777,1.1599085126604354,1.5973494720458983,-0.1838357304952231,-0.1838357304952231,0.35490505933761596,-0.16949059560169122,0.05603002030508858,-0.21114168588416166,0.04180321345964766,-0.07670596461968134,0.30538331031799315,0.3168124461174011,2.0841125640869143,-0.10118951161702473,3.0379157638549805,-0.047853307723999025,1789,1419
ATACTAATTATGGAAC-1,GSM8576303_BM2,BM,v2,95,53,6369.0,3401,1.475899,0.06735940337181091,1.7281425952911378,1.5624510846819197,1.8985216776529947,0.1373884481598574,0.0012564763076265972,0.17392443554741993,0.13563351381327643,-0.5686430053710938,-0.2454939233251365,-0.6255978577889052,0.023950922409160025,0.7458003997802735,0.15227094411849973,1.2036818799972533,0.12075985431671143,1.447204558054606,-0.08660889943440755,823,2089
ATACTAATTGTCCGCC-1,GSM8576303_BM2,BM,v2,31,195,937.0,676,2.8815367,-0.043001413345336914,1.2669136905670166,1.5682292284284318,1.827275791168213,0.15239649029620683,0.5633434699447553,-0.17220596313476563,0.23983865032125778,-0.22662548828125,-0.20984358576885667,-0.35423980303258706,-0.03298286463590276,-0.2645020866394043,1.1109182834625244,0.5154559469223022,-0.03276297887166341,0.35865847905476894,-0.016381489435831707,2347,899
ATACTATTCACGCCAA-1,GSM8576303_BM2,BM,v2,34,192,1189.0,998,2.4390242,0.19456274509429933,0.47408169269561773,0.45789449964250833,0.44403065999348956,0.2794516603630709,-0.24306192359771114,1.1028635243007114,0.48341705893767545,0.7714879308428084,0.15499309363614128,1.8894501756501678,-0.10532030963257655,0.7655926895141602,0.7735386085510254,0.09194126224517823,0.30638185501098636,-0.031997636159261045,-0.1270363744099935,2315,955
ATACTGACGCCGAGCA-1,GSM8576303_BM2,BM,v2,60,146,814.0,689,1.9656019,-0.04526614189147949,3.212872371673584,1.7733209555489675,1.648088321685791,-0.19231984701501317,-0.16115553216283102,0.11078618935176304,-0.11492582173607069,1.5046483154296875,-0.12465716748831263,0.5807509134279801,0.3434795409812452,-0.18106452941894532,0.4785277843475342,1.6326269874572754,-0.09484333038330078,2.5089209111531576,-0.05173273086547851,1822,1438
ATACTGCTGTCGTTGC-1,GSM8576303_BM2,BM,v2,88,84,10570.0,4955,1.1636708,0.15475438117980958,2.8108647441864014,1.2032729503086637,1.2193077977498374,0.5740131910546238,0.1771323106375085,0.1514641036306109,-0.3077339969157587,0.4420136151994978,-0.08205403860314303,-0.20502154870549882,0.054387501650780073,0.25325437545776364,0.18343640327453614,2.1012482032775877,0.05565926790237427,2.4150493240356443,-0.005416279236475627,1156,1959
ATAGCCGACCAAGTTC-1,GSM8576303_BM2,BM,v2,26,116,1.0,1,0.0,0.0,0.0,0.0,0.0,0.0,0.0,0.0,0.0,0.0,0.0,0.0,0.0,0.0,0.0,0.0,0.0,0.0,0.0,1499,806
ATAGCTATGTAGCATA-1,GSM8576303_BM2,BM,v2,97,41,7209.0,3762,1.3455403,-0.01774800390005113,2.4277229976654056,1.3656279754638672,2.1509307098388675,-0.030146695045103533,0.04020948596063595,0.13389569589069916,-0.2387154551983075,-0.41836697925840105,-0.4557843189162902,-0.16866056893953085,-0.02197698795898305,0.6855998802185059,0.10990832090377811,1.506938931465149,0.004273629585901884,1.9812730026245116,-0.11479409535725911,694,2126
ATAGCTGTGACCATTC-1,GSM8576303_BM2,BM,v2,103,7,15568.0,5612,1.8242549,0.07507007598876952,3.182916965484619,1.5370681544712612,1.4459087117513023,0.592028288477396,-0.18240996359137374,0.12425466435296195,0.19574371996445095,0.11914103480747762,0.2730571969924681,-0.3248922914009423,0.08269648572513952,0.4224560546875,0.1798951363563538,1.9815616512298584,0.05459949652353921,2.655874989827474,-0.038384357889493306,329,2238
ATAGCTGTGGACCACT-1,GSM8576303_BM2,BM,v2,88,40,9023.0,4023,1.8175774,0.12995474338531493,3.104608879089356,1.7191059003557478,2.1402584966023763,0.13291451059670806,-0.30588939644041513,0.19569061177117486,-0.2416475189547045,-0.27015624346051903,-0.41422663922290726,-0.721024090926005,-0.11854239598216626,0.41836696624755865,0.44146299362182617,2.0479398002624514,0.19762290318806963,2.58766606648763,0.09817332347234091,683,1959
ATAGTGTCTTACTGAC-1,GSM8576303_BM2,BM,v2,102,18,14452.0,5680,1.6745087,-0.12392880439758301,1.8117336845397949,1.4620226287841795,2.3424148178100586,0.008217298362149794,0.0041207510783490275,0.29468984058925085,-0.28672964468970435,-0.4786802465575082,-0.36889741518890046,-0.37944949233291936,0.0643942525265658,0.6560195922851564,0.12627894163131714,0.9108005638122558,-0.15729989369710287,1.287015635172526,-0.0215396257241567,447,2219
ATAGTTACTGGCGAGC-1,GSM8576303_BM2,BM,v2,87,73,4851.0,3093,1.6903732,-0.005993756651878346,2.1697459411621094,1.3295750427246094,1.5324397277832031,0.21216868109492415,-0.022579024320898977,-0.09192407131195068,0.10457320785210167,-0.2998315877914429,-0.4218189285462161,-0.2669143535032482,0.2128231392839382,0.17495369911193848,0.18316853523254395,1.2683359508514405,0.04505271991093954,1.8283437474568687,-0.08749709447224935,1038,1940
ATAGTTCATCTACGGT-1,GSM8576303_BM2,BM,v2,45,169,1603.0,1306,1.746725,-0.06743792057037354,0.5228823566436768,1.7553287724086215,-0.32262653668721514,0.4363313104254175,0.03545725078878223,1.0223590387616839,0.0632541122077383,1.0300575659615654,0.618328381733722,1.1847552741133927,-0.1050817502425021,0.7443255424499512,0.1569434857368469,-0.20922157287597656,-0.12497889200846354,-0.4871048355102539,-0.059381605784098304,2068,1159
ATAGTTCGAGCACGCA-1,GSM8576303_BM2,BM,v2,97,65,9614.0,4701,1.4770126,-0.14780108451843263,2.040923318862915,1.5268290819440569,1.6506630198160805,0.2993086437623664,-0.21153510088764657,-0.074555378641401,-0.2550471814450698,-0.5549947509765625,-0.4345002691429782,-0.7892167700217074,-0.04416729979867104,0.5068497848510743,0.37462708473205564,1.1190766658782958,-0.16473524729410807,1.7185426648457847,0.010773878494898484,952,2126
ATAGTTCGGCGTCTCG-1,GSM8576303_BM2,BM,v2,48,182,2957.0,2053,3.4832602,0.03484005928039552,-0.6082795333862304,-0.5723692975725447,-0.36203605651855464,-0.38315894804805156,-0.32152597205227157,0.6251341921942575,1.0630352525402667,0.10991422707693915,-0.29433894636161834,1.2221122332067298,-0.08245953297455039,0.6323580551147461,-0.5364876174926758,-0.11241022682189944,0.08655371348063151,-0.5799371337890625,-0.09738576889038086,2208,1215
ATAGTTGCAGACCTAT-1,GSM8576303_BM2,BM,v2,64,140,14180.0,5571,1.7630465,0.020955342054367054,2.9302789306640626,1.8851363045828684,0.03375084559122721,0.4512800461795914,0.1416900417822501,0.5840950666155134,-0.03316110575047859,2.746700212751116,0.36082483008204697,2.223211716371209,-0.11916423003945574,0.7557962417602538,-0.33336412668228155,1.6983071966171264,0.09342245578765868,2.446284306844076,0.06746444702148438,1757,1512
ATCAAGTTGGCTCAGA-1,GSM8576303_BM2,BM,v2,91,53,12519.0,5387,1.4218388,-0.14134963989257812,2.072744903564453,1.6074244798932755,2.0329900360107422,0.093603557372189,-0.09074568666402322,0.004921562331063445,-0.10170457707630332,-0.5042413747651237,0.08457338857842256,-0.9022919315619756,-0.062474379546347436,0.2991999053955078,0.34167133331298827,1.076035623550415,-0.17745610555013022,1.729754320780436,-0.10014609654744466,823,2015
ATCAGAATTACTATTC-1,GSM8576303_BM2,BM,v2,88,82,3626.0,2328,0.8549366,0.1349885070323944,2.3227242279052733,1.280258870806013,2.141853535970052,0.2340455691977198,0.24841577789254116,-0.1155314362049103,0.09507131635093613,0.4146096660069057,-0.15288288047514764,-0.14144398313469309,-0.10402317175129117,-0.13549626350402827,0.15391300201416014,1.5424172115325927,0.1939668639500936,1.927683137257894,-0.06619247436523437,1134,1959
ATCAGAGGCATAAGTA-1,GSM8576303_BM2,BM,v2,31,223,6450.0,3239,2.8372092,-0.0831428337097168,2.761280994415283,1.963281489780971,1.6080590693155923,1.0617140536327438,0.32603965678299834,0.1419108383996146,-0.17276652555606234,0.5608636163984025,0.3512495100258824,0.16888708167656719,0.042973050392256934,0.21699762344360352,0.17606031894683838,1.5548904018402099,-0.08435284932454427,2.3384443283081056,0.07639196991920472,2648,898
ATCATTCGTCGGTGCG-1,GSM8576303_BM2,BM,v2,115,11,3673.0,2242,1.5246392,0.2535662353038788,2.9672948646545407,1.3361548287527905,1.2843583552042641,0.6861200466692208,0.08227276473775791,0.16981424229485648,-0.049498500708815396,0.16688716561453676,-0.11073394353131216,-0.3712440796575061,-0.08353374148375237,0.715706558227539,0.1250069117546082,2.0283268165588377,0.371309666633606,2.6417160034179688,-0.08180231094360352,372,2461
ATCCACCGAGCGTGAA-1,GSM8576303_BM2,BM,v2,29,195,1773.0,1173,3.9481108,0.1940464049577713,2.2008981418609617,2.223902369907924,2.121604016621908,0.16376459071913874,-0.3147567381341773,0.07537996428353447,0.13104798395615155,-0.36650552368164063,-0.18247089615787368,-0.2402915724857656,-0.07829693659840015,0.1673087310791015,0.8006107330322265,1.0522630739212036,0.24831901311874388,1.408713181813558,-0.05679407119750977,2347,861
ATCCACGAGGTGCTGT-1,GSM8576303_BM2,BM,v2,45,187,3269.0,2217,2.3554604,-0.09596811294555664,-0.7022416687011719,-0.7726749420166016,-0.4687506055831909,0.23785069572877693,-0.0963075932455145,0.36731971638543265,0.720989584483624,0.5079125486101422,0.2458331963144632,1.8867222995337456,-0.07991975745898765,0.5057799530029297,0.25011094570159914,-0.28629620361328123,-0.1594998550415039,-0.6207645416259766,-0.09833270390828451,2262,1159
ATCCGAACTCCTTGGT-1,GSM8576303_BM2,BM,v2,94,74,12646.0,5229,1.2494069,0.019210473895072938,2.4947037887573242,1.6664822932652066,1.8082982889811197,0.2121063351152413,-0.1738452447671283,-0.01688507284436902,-0.07791071586124826,-0.5313261218070984,-0.26086914132397815,-0.8544885388156712,-0.06601699686690465,0.38802394866943357,-0.18435986757278444,1.350898120880127,0.058214940230051665,2.001354471842448,-0.02269472002983093,1049,2070
ATCCGATTCTGGTCCA-1,GSM8576303_BM2,BM,v2,62,154,313.0,258,6.3897767,-0.03494957208633423,1.8479880666732789,1.4077904292515346,3.110688624382019,-0.13179872505157347,-0.11776276094367705,-0.11982710702078683,-0.08011363228959135,-0.14525135803222655,-0.05614389090174173,0.4009058809234678,-0.011728044324273231,-0.1223235034942627,0.7688905835151673,0.7704274201393128,-0.01164985736211141,0.9151342042287189,-0.034949572881062825,1907,1475
ATCCGGCGGTCTGGCT-1,GSM8576303_BM2,BM,v2,99,21,7048.0,3847,1.5607265,-0.11954303741455079,2.301037588119507,1.6526156725202288,1.6983490371704102,0.19692892482481805,0.029097892467960573,-0.04637702005250116,0.01563029302908564,-0.3757411330086845,0.29377077573753263,-0.7597385928363379,-0.13957827523250707,0.434043960571289,0.1701947546005249,1.2310575103759764,-0.14748064676920572,1.835915616353353,0.05141704956690471,479,2163
ATCCGTGAAGTGGTGA-1,GSM8576303_BM2,BM,v2,107,21,5642.0,3118,1.2938675,-0.12172025680541992,2.771541404724121,1.3830414036342074,1.1826441764831543,0.08637792087463009,-0.12097893886981992,0.2907364685194833,-0.16777987525056146,-0.37221851130894246,0.7551914812570595,-0.3706233307133471,-0.12408355098442743,0.5885916519165039,0.11857633352279662,1.8362793865203857,-0.12401410420735677,2.478976860046387,0.09692544937133789,480,2312
ATCCTCAACCGACGCC-1,GSM8576303_BM2,BM,v2,87,91,7068.0,3913,1.6553481,0.0581536990404129,1.5359407424926759,1.4480381338936938,1.9391803105672203,0.402242858725858,-0.3758967449387393,0.1958936037336077,-0.10292179034081239,0.19159677832467226,-0.12086109009133766,-0.14581484351153562,0.14878578599781686,0.8371836280822754,0.3418975019454956,0.9093360290527344,-0.015100445350011205,1.061645081837972,0.04815063675244648,1231,1940
ATCCTGGAATCCGAAG-1,GSM8576303_BM2,BM,v2,51,167,764.0,657,2.617801,-0.0704027509689331,-0.30431159973144534,-0.273612106868199,0.5774866676330566,-0.19746308537372145,-0.16822946694002572,0.4701950706754412,-0.14433923628405376,0.8327740151541574,-0.1407516050530246,2.5409649348784726,-0.06214015115827522,-0.19699846267700194,-0.23667938232421876,-0.17551007080078124,-0.12345175425211588,-0.389798583984375,-0.04408991495768229,2047,1270
ATCGAATAACCTACCG-1,GSM8576303_BM2,BM,v2,55,137,32323.0,8522,1.6396993,-0.028031440973281863,1.966887674331665,1.7559789603097096,2.0217901484171548,0.11510154999882344,-0.07723261334741521,0.001129117352621889,-0.18897780564979993,-0.3935706815719604,-0.2965281423794697,-0.8419250095564933,-0.09165197605140371,0.3057358741760253,0.21093966007232667,1.2295682048797607,0.005330777168273904,1.59524507522583,-0.03083835124969482,1725,1345
ATCGCAACTGCCTTCC-1,GSM8576303_BM2,BM,v2,92,78,13195.0,4963,1.3944676,-0.05010876208543777,2.222313919067383,1.6626429094587052,2.3732322438557945,0.15102240742449774,-0.16849285661661279,0.14860826049532205,-0.20453242695922005,-0.4764830031394959,0.07022418841779465,-0.742008577314342,-0.013968990553145447,0.640285816192627,0.17154372692108155,1.2678422985076905,-0.04462474226951599,1.6920624669392905,-0.0010437842210133802,1092,2033
ATCGCAGGTTCCGCCA-1,GSM8576303_BM2,BM,v2,53,147,3531.0,2318,2.3789294,0.22027803778648375,2.9833617210388184,1.1924937220982144,-0.35371081034342444,0.5248738848061926,-0.02885752741933484,0.1802612134388515,0.16672607723240768,0.31307101440429685,-0.13135174646913766,-0.2875791078331601,0.08902358997359601,0.23209842681884763,-0.23486720681190487,2.5131619644165037,0.35191813627878826,2.7099043782552084,-0.12011709849039713,1832,1308
ATCGCATTCCTATCCA-1,GSM8576303_BM2,BM,v2,98,50,9887.0,4872,1.2238293,0.2573778319358826,2.279597291946411,1.281194610595703,1.8007803853352866,0.4230608844374078,-0.08120230430169689,0.015029252937861837,-0.08328426137987432,-0.3673730684007917,-0.24630322178683603,-0.6362134889125366,-0.0047309956408872755,0.19870122909545895,0.4961331176757813,1.5260409936904908,0.11257052977879842,2.0291785176595054,-0.10986248016357422,791,2145
ATCGTCGATTCACCAG-1,GSM8576303_BM2,BM,v2,103,45,8214.0,4055,2.0452886,0.07326788485050201,3.18338903427124,1.7660450526646208,1.2677728398640953,0.04363515578120586,-0.08498057181029506,0.132011296749115,-0.24185739056867894,-0.361693442617144,0.03237745752296295,-0.5807781286916248,-0.004081582234438413,0.41714155197143554,-0.09966697692871096,2.2145602283477785,0.08022621870040894,2.866329663594564,-0.0758633550008138,737,2238
ATCGTCGGTCTACTCG-1,GSM8576303_BM2,BM,v2,94,48,8225.0,4286,1.3617021,0.24811308622360229,2.1736053752899167,1.5380418722970144,1.7854372787475585,0.27484523244650966,-0.22522294733350604,0.06421732391629903,-0.05831765230688657,-0.1779441969735282,0.0736236581840668,-0.6048051145138471,-0.024584005457328598,0.22622398376464847,0.38815459251403805,1.5332958488464357,0.19582674344380696,1.7958115005493163,0.22208325386047362,769,2070
ATCTACCGCATGACTA-1,GSM8576303_BM2,BM,v2,51,151,1752.0,1321,3.2534246,0.11587567567825317,2.337998399734497,1.328810130528041,0.9865761693318684,0.03942560766595432,-0.2523817805401293,0.027417613267898544,0.3997692052721733,0.7822021048409599,-0.20367980099107366,0.21040300623453928,-0.11702839640162935,-0.31715984344482423,-0.33927093505859374,0.9405732898712158,0.16924159049987794,1.4644027837117515,-0.06549445470174153,1875,1271
ATCTACCGTACAGATC-1,GSM8576303_BM2,BM,v2,89,45,1306.0,913,1.0719755,-0.05395911693572998,3.8555776977539065,1.313770637512207,2.6048872375488283,0.12311897076756123,0.07172933899665523,-0.218968505859375,-0.17157103748922703,-0.4220338439941406,-0.21924807077430816,-0.43284248505662754,-0.04345700244775554,-0.3757769012451172,-0.4005288314819336,1.9704510822296142,-0.05036183675130208,2.703905283610026,-0.028778193791707356,737,1977
ATCTACGGAACGCAGC-1,GSM8576303_BM2,BM,v2,102,14,8408.0,4144,1.8553758,0.07589020192623139,3.028421764373779,1.7355856650216237,1.8142896143595375,-0.044919758915422436,0.02066433573343668,-0.01510983330862864,-0.012985707793233825,-0.4917730863434928,-0.049352835459881506,-0.7541080808708104,-0.14269037694739015,-0.1228923416137695,0.0196474170684815,1.9527483882904053,0.010327888727188095,2.6447628911336265,0.05067367196083068,404,2219
ATCTAGACTACAACGA-1,GSM8576303_BM2,BM,v2,46,174,6114.0,3523,3.0258422,-0.15983182907104493,-0.24117340087890626,-0.27950252532958986,0.005580609639485701,0.05309405240667869,-0.39357107997419366,0.5196503353118896,0.6584583406218046,0.27040027509416853,0.19598643655279074,1.6689973503836963,-0.1043176779010952,0.44306400299072257,-0.6592648315429688,-0.05775475311279299,-0.1921734110514323,-0.28990348815917966,-0.08342529932657877,2122,1178
ATCTCCTGAGCGGCTG-1,GSM8576303_BM2,BM,v2,99,67,6770.0,3483,2.082718,-0.13627575874328612,3.07855167388916,1.1277795028686524,1.702520434061686,0.6343180606642881,0.04710577742094568,0.3075694683619908,-0.06650666408835504,-0.35053826018742157,0.00042677500161780735,-0.8040993709692219,-0.13536611979439755,0.34854038238525387,-0.2761121213436126,1.9992684516906738,-0.14541736602783203,2.537552172342936,-0.0893386967976888,973,2163
ATCTGACCACATTACC-1,GSM8576303_BM2,BM,v2,113,23,17582.0,6189,1.7233534,0.04789897441864013,2.322372884750366,1.636158011300223,1.9791959635416665,0.18335366344834908,-0.10213179911133619,0.04882515089852468,-0.10577039781087155,-0.4770486600058419,-0.1429509226098118,-0.7305923906062959,-0.057886634754197364,0.34221628189086917,0.2626749420166016,1.2174792966842651,0.07761870702107748,1.762222531636556,0.12384815692901613,501,2424
ATCTGATAATACTAAC-1,GSM8576303_BM2,BM,v2,85,67,5133.0,2957,1.6559517,-0.14022147178649902,1.642861385345459,1.6003438786097934,2.321586469014486,0.21909957669346208,0.16261843491476013,0.2809399155208043,-0.11753393702950088,-0.3277401098523821,-0.004986170305305682,-0.22042337359998054,0.013404491649492367,0.7207577133178711,0.2551865124702454,0.7751048336029053,-0.15114432017008464,1.0752197901407878,0.10304570039113363,973,1903
ATCTGATAGTGAACCA-1,GSM8576303_BM2,BM,v2,75,87,9691.0,4315,1.7232484,0.06501716792583466,2.741189956665039,2.2530363028390066,1.397430737813314,0.1268887620374381,0.23269785866269554,0.24455390998295373,-0.006526691719395572,-0.5741023559570313,-0.19657337593745036,-0.6740329255307966,0.11899694283193733,0.5311757469177245,-0.5251162415742874,1.4706813297271728,-0.024756131569544468,2.344470418294271,0.13739134073257447,1188,1717
ATGACCGTGCGTATCT-1,GSM8576303_BM2,BM,v2,95,55,4575.0,2692,1.4863387,-0.07923372268676758,2.3396629619598386,1.5056457301548551,2.2914371617635094,0.5177215897893331,0.12316439196903406,-0.1479456789152963,-0.1233243024890851,-0.5366121215820312,-0.20105115668361925,-0.6904045463408399,-0.11801874557597525,0.2508815956115722,-0.1299802386760711,1.1982529201507568,-0.14540631612141927,1.6712628428141274,-0.09617888768513998,845,2089
ATGAGCATGGTCATAA-1,GSM8576303_BM2,BM,v2,73,125,64.0,58,12.5,-0.012644592523574829,-0.10115674018859863,-0.15173511505126952,0.74181609471639,-0.0637087304908109,-0.043396130144356726,-0.05780385153634208,-0.02898473930905405,0.6563343990870885,0.0,1.5743379693474773,0.0,-0.050578370094299316,-0.050578370094299316,-0.0432225456237793,-0.01685945669809977,-0.15173511505126952,-0.01685945669809977,1596,1680
ATGAGCTCTAGCCAAG-1,GSM8576303_BM2,BM,v2,91,43,15987.0,5840,1.3010571,0.008828029334545129,2.3924092769622805,1.6194833918980192,2.105202865600586,0.4389449937276573,-0.2914387524572516,0.3069797359194074,-0.16967721140096775,-0.577530420746122,-0.1516901479667449,-0.585913405779567,-0.05076696034360137,0.603955478668213,0.44382947921752924,1.2147037572860717,0.026095784107844022,1.838874282836914,-0.024396368861198434,716,2015
ATGAGTTCGACAGGCG-1,GSM8576303_BM2,BM,v2,41,173,6384.0,3607,1.9893484,-0.06174446225166322,-0.39179939746856685,0.047836990356445286,-0.3754428895314534,0.3219602175027012,-0.2495427704787569,0.8725037969861712,-0.24651159959106822,1.4805836007254465,0.05957528290499642,2.8125184572097326,-0.1063349999037365,0.24234117507934566,-0.061701512336730935,0.006627239465713475,-0.0765381638209025,-0.3516862773895264,-0.14776390075683593,2111,1085
ATGAGTTGTAGGCGAA-1,GSM8576303_BM2,BM,v2,55,161,806.0,623,2.853598,-0.053553314208984376,-0.5638165283203125,0.15868057932172502,-0.13118769804636637,-0.16954739122505647,-0.14869780329815355,1.381209797177996,-0.17639500090590862,-0.24400201416015624,-0.17194439991410956,1.058847207922492,-0.052263883936325174,0.3384343814849854,-0.19369909286499024,-0.15848611450195313,-0.0865257708231608,-0.27977781295776366,-0.08005699157714843,1983,1345
ATGATTAGCCAATATG-1,GSM8576303_BM2,BM,v2,41,181,193.0,186,0.5181347,-0.009916915893554687,0.0717293167114258,-0.2120582389831543,-0.4241164779663086,-0.10384025726931162,-0.08516395139885714,0.4391777038574219,-0.07956264900273102,0.4659905471801758,-0.09558473150414157,1.620174945600881,-0.013311296501415689,-0.03966766357421875,-0.05950149536132812,-0.10069036102294922,-0.026445109049479165,-0.05338757991790771,-0.026445109049479165,2197,1085
ATGCATCAGGAGCTGA-1,GSM8576303_BM2,BM,v2,74,86,14538.0,5546,1.9741367,0.009791150093078613,2.40468692779541,2.1600902775355744,2.0454467137654624,0.4903973154274814,0.3192918378596873,-0.2893565372058323,-0.265117824223995,-0.43686485399518693,-0.21885092765930664,-0.7949359222660815,-0.05691557351146197,0.22578302383422844,0.20834707260131835,1.141506706237793,0.029926230112711588,1.6017080307006837,0.1271517833073934,1177,1699
ATGCATGAATCATACT-1,GSM8576303_BM2,BM,v2,114,20,24089.0,7197,1.7310805,0.066666139960289,1.6779061222076417,1.7164117213657926,2.143809483846029,0.2646971648955441,-0.2842346069392841,-0.08450021130698071,-0.22926344561176712,-0.31171850149972097,0.0062737273403918326,-0.5464116768091773,0.10744315060078813,0.3142635726928711,0.42785674095153814,0.8083268718719483,0.010501689116160062,1.338659210205078,0.005130236546198527,469,2442
ATGCATTACTTCTACG-1,GSM8576303_BM2,BM,v2,54,162,646.0,530,4.798762,0.27320865511894227,0.2816969513893127,0.07187961987086705,0.8997689247131347,0.7270951414682778,-0.24071225392291823,-0.22603465488978794,-0.13223148553624195,0.3089523958478656,-0.1656820917704019,2.834441908253919,-0.04701577256989959,-0.287248420715332,-0.30125911712646486,0.2717701880931854,0.40164007027943927,0.2770081822077433,-0.04670233408610026,1993,1326
ATGCCAAGGATTGATC-1,GSM8576303_BM2,BM,v2,101,19,11323.0,5083,1.73099,-0.012179386615753185,2.7115175914764404,1.577610059465681,1.970428326924642,0.2678006394321182,0.04888268058763723,0.11823276553835183,0.14050668641479597,-0.27949004418509343,-0.25540732451710835,-0.6690956891325954,-0.017702443544839505,0.7042594146728517,0.0822526049613953,1.5876207008361816,-0.15381944020589192,2.2333205286661784,-0.09969608306884765,458,2201
ATGCGAACAATCTGGC-1,GSM8576303_BM2,BM,v2,98,68,4336.0,2564,1.4760147,-0.1277448081970215,2.7983277130126956,1.8183988407679965,1.0410562642415366,0.6777287104043616,0.12900634763983565,-0.24815218363489422,-0.1308128621019011,-0.34775935717991413,-0.3411727966553715,-0.41174223370428625,-0.13242318326194816,-0.2402771472930908,0.052237818241119394,1.7848099308013916,-0.09167965571085612,2.6384995269775393,0.1149068053563436,984,2145
ATGCGATGCGCACTAC-1,GSM8576303_BM2,BM,v2,57,161,669.0,541,3.4379673,-0.1124257755279541,0.8064095258712769,0.4590980856759208,0.14680759906768798,0.4226839719527218,-0.1490837158448246,-0.18171757289341517,-0.14855891449062053,0.21288062640598843,-0.10699206279463558,1.7757818344569731,-0.00929299856992376,-0.27265682220458987,0.2950524687767029,0.2061089141368866,-0.08528371175130209,0.13140818119049075,-0.018462090492248534,1983,1382
ATGCTCCTCGTTAGAA-1,GSM8576303_BM2,BM,v2,48,178,491.0,445,2.0366597,-0.04592743396759033,0.08629359364509581,-0.44114593505859373,0.21386979579925536,0.3427998277556944,-0.11831897904116466,0.23702099101884025,-0.11788742590087191,0.4512592544555664,-0.06576730352807715,1.759451908210323,-0.04109837384831985,1.0103360748291017,-0.21439546585083008,0.30162484669685363,-0.030618289311726887,0.2356397008895874,-0.020412192344665528,2165,1215
ATGCTGCGCTTATCAC-1,GSM8576303_BM2,BM,v2,99,57,9520.0,4666,1.1134454,0.06207322597503662,1.4361216163635253,1.6334672328404019,2.04929017384847,0.2533888318931242,-0.3175397713979085,-0.09001635943140307,-0.1547446682274561,-0.38657472147260397,-0.4111415190869067,-0.39346964338710416,0.08844052750906574,0.3663096809387206,0.3603291606903076,0.717717082977295,-0.04009747505187987,1.050583826700846,-0.10808743794759114,866,2163
ATGCTGTATCCACTGC-1,GSM8576303_BM2,BM,v2,35,195,4579.0,2415,2.162044,0.00692533254623412,0.6320681476593017,0.5528925704956055,0.2570596440633137,0.40271535264440333,-0.12165854323272793,0.4736309582846505,0.5823067847793336,1.2644753112792968,0.22061283282008037,1.1065855007957976,-0.09502265597349846,0.45650181770324705,-0.005171933174133281,0.4908718295097351,0.026641079584757477,0.41492421150207515,-0.0691078249613444,2347,973
ATGCTTCACTCGCTAA-1,GSM8576303_BM2,BM,v2,90,54,9904.0,4864,1.2823102,-0.03692839771509171,2.2031961727142333,2.0528825378417968,1.7369777806599935,0.12316133889807274,-0.13565835519146113,0.13296331269400463,-0.18823825834815344,-0.2724444353921072,-0.04781206640373753,-0.3161697581996168,0.12252694854114568,0.4729807853698731,0.647602276802063,1.1966795282363891,-0.025389291842778508,1.6638225173950194,-0.03159942825635274,834,1996
ATGGAGATGCCGGTAC-1,GSM8576303_BM2,BM,v2,112,20,14128.0,5527,1.2811438,-0.0650373962521553,2.0996005249023435,1.7570846121651784,1.9427395375569663,0.02075337071016614,-0.13787111754535059,0.10783271721431187,-0.18645883070070923,-0.4610268615995135,0.6557081214874145,-0.607949446397454,0.04618568216965732,0.5531364631652832,0.37120999336242677,1.088505051612854,-0.05287224173545839,1.4900270462036134,0.10518940528233846,469,2405
ATGGAGCGAGCCAAGA-1,GSM8576303_BM2,BM,v2,92,82,13690.0,5364,1.1395179,-0.05821693956851959,2.688429412841797,1.682593536376953,1.797467130025228,0.13101680786255376,0.03190187031827435,0.35751367228371755,-0.2201318429524519,-0.34688503292628703,0.13897764922145855,-0.5801566874649471,-0.04522227292321444,0.5719612121582032,0.08362568855285646,1.5383269395828247,-0.06600070397059123,2.2142418670654296,-0.00952505826950073,1135,2033
ATGGAGTAGAGCGGAA-1,GSM8576303_BM2,BM,v2,46,154,13806.0,5516,1.6949153,-0.06957819819450378,2.2765817070007324,2.024485876900809,1.2673584047953286,0.653587450464088,-0.10113889953560751,0.41420945337840487,0.21870571953129003,0.33710292979649137,0.32430165072521533,0.43672652441154625,0.026375429970877523,0.4359346580505371,-0.3270534253120423,1.11837255859375,-0.07620923201243084,1.722878506978353,-0.01994346459706625,1907,1178
ATGGATAGACCATGGC-1,GSM8576303_BM2,BM,v2,87,47,2462.0,1665,2.965069,-0.0770312213897705,3.201234722137451,1.7438460322788785,1.440647506713867,0.44234483692061954,0.03614163426099942,-0.16524123064109258,-0.2809367794703618,-0.17899594375065395,-0.014784639858337778,-0.4170893355275389,0.24509011361880131,0.25679326057434076,0.32166162729263303,1.7285304050445556,-0.09189689636230469,2.5351462173461914,-0.07764359792073568,759,1940
ATGTACCAAGCTAACA-1,GSM8576303_BM2,BM,v2,51,163,878.0,757,2.164009,-0.06292128086090087,-0.4581907653808594,0.33899390901838033,-0.4581907653808594,0.38027209067440415,-0.17818552040192018,0.11299840535436359,0.6949827426093746,0.5135910055977958,0.6726527501301593,1.8197299778061424,-0.0675664748121428,0.2082610607147216,-0.3202776718139648,-0.10439314270019531,-0.05033702532450358,-0.3046009254455566,0.3943066867192586,2004,1270
ATGTACGATGGTACAG-1,GSM8576303_BM2,BM,v2,100,24,8972.0,4618,1.1814533,0.08994655668735504,2.0045411586761475,1.4908442034040177,2.193192799886068,0.6338038568994606,0.08448221788827676,-0.209955016885485,0.20277816596403997,-0.59365380859375,-0.13644995292027795,-0.7986640162115929,0.0690667069198301,-0.020650615692138663,0.4541952610015869,0.9908788433074951,0.15704526344935096,1.3736712900797525,-0.08467976888020834,512,2182
ATGTACGGAGTATCCA-1,GSM8576303_BM2,BM,v2,107,45,18352.0,6109,1.945292,-0.022504365742206572,2.422737617492676,1.8323687417166576,1.6750820668538413,0.49806638510830437,-0.0627603223114539,0.14635168109621322,-0.023894505280234346,-0.48124375431878225,0.23420985922755966,-0.6847151632162662,-0.10471342714040871,0.249460792541504,0.3618732452392578,1.4485106487274169,-0.015228561162948615,2.138461469014486,-0.021552366614341734,737,2312
ATGTACGGCGGTAATA-1,GSM8576303_BM2,BM,v2,98,20,7350.0,3928,1.8503401,-0.1422307586669922,2.6300177288055417,1.8261936405726842,1.7046868515014648,-0.15988844728852852,-0.04603024535800149,0.11472405229296001,-0.2604392076485283,-0.18606905228751042,-0.17472822575205302,-0.6437196733853275,0.12292008066223087,0.2660891723632812,0.42950150489807126,1.5186120233535767,-0.17350186665852865,2.2488457870483396,-0.11758829752604166,469,2145
ATGTACTTACCGGTCT-1,GSM8576303_BM2,BM,v2,30,216,15041.0,5998,2.5596702,0.051909526586532584,2.4374521160125733,1.8087696838378906,1.385184644063314,0.3794573090641374,-0.030759359732894287,0.2608252767154149,0.10149751390729633,-0.33357281793866844,-0.3499834463299518,-0.656654259388193,-0.0018189215134339909,0.6568071174621581,0.03445837974548338,1.5507165813446044,0.022178390820821126,1.9870377349853516,-0.038993752400080364,2573,880
ATGTAGAACAGGTTGC-1,GSM8576303_BM2,BM,v2,93,45,13055.0,5559,1.2868632,-0.13582770347595216,2.250054349899292,1.322016405378069,2.1166889572143557,0.26919497256298147,-0.1007376758107083,0.0346345097678048,-0.2535464241277279,-0.27386228043692457,-0.3423223178310088,-0.4888061112434043,-0.1456786034091207,0.44833457946777333,0.4538414144515991,1.2136271905899048,-0.14799418131510417,1.6364871915181478,-0.13610926310221355,737,2052
ATGTAGAAGCACAGCA-1,GSM8576303_BM2,BM,v2,105,41,13561.0,5403,1.3568321,0.00854512631893159,2.372628412246704,1.5078492518833706,1.9598137156168618,0.035450492996767335,-0.3715201182332589,0.06753719636372157,-0.21950814487794554,-0.5257155869347709,-0.06915936651957566,-0.5328213270192864,-0.11147819109411047,0.22272159576416017,0.28747157573699955,1.3837386417388915,-0.07396910071372988,1.953728230794271,0.14315888404846194,694,2275
ATGTCGTAGAATCTGG-1,GSM8576303_BM2,BM,v2,53,159,1173.0,917,1.3640239,-0.08145286560058594,-0.34077491402626037,-0.5025978088378906,-0.029480487505594843,-0.23518034540505772,-0.24916352421404367,0.6233024624415806,-0.2253543012121687,0.4082059969220843,-0.1816127118336628,1.8706553798393915,-0.09076249679463022,-0.2774991798400879,-0.2774991798400879,0.09022644400596619,-0.10518364588419596,0.0126682202021281,-0.10005594889322916,1961,1308
ATGTCTTCCAGCCTAA-1,GSM8576303_BM2,BM,v2,109,29,10158.0,4500,1.2207127,-0.0037373009324073725,1.5903778076171875,1.5158329881940569,2.2358678181966147,0.30577862885103646,-0.09739623012312926,0.3086953408377511,-0.23957850708124143,-0.39900529425484793,0.2774606378202936,-0.5539629559960371,-0.017360946533206773,0.6316767501831055,0.29515781402587893,0.7636854543685914,0.0051093749205271405,1.079376900990804,0.12993966023127237,565,2349
ATGTGACACGTTAATT-1,GSM8576303_BM2,BM,v2,49,169,547.0,486,0.9140768,-0.044387221336364746,0.1543358588218689,0.005704321180071137,-0.21555763244628906,0.4023701359469249,-0.12647356852948904,-0.1740378897530692,-0.1047942699880518,0.48512402507237024,-0.07130477323110802,2.095743870575156,-0.02979007823355246,-0.19901336669921876,0.5259778738021851,-0.1141310806274414,-0.0690467898050944,-0.1965532684326172,-0.02195056438446045,2068,1233
ATGTGCCGTATCTGAC-1,GSM8576303_BM2,BM,v2,57,157,931.0,686,1.6111708,-0.08783253669738769,0.5199459123611451,0.2868519401550293,0.06938538233439129,-0.19507490104460812,-0.1924659545163074,-0.2307802036830357,-0.12891248030785504,0.4108405570983887,-0.23653712138593436,2.3471553926842783,-0.06830342183977166,-0.22906255722045898,-0.29388816833496095,0.46348817682266236,-0.04926197369893392,0.4845316855112711,-0.08859957377115886,1940,1382
ATGTGCGTTGATGGCG-1,GSM8576303_BM2,BM,v2,102,28,4752.0,2798,2.2516835,-0.08625479698181153,2.4831507778167725,1.893073196411133,2.0897603607177735,0.3633883727123459,0.08893473943074542,-0.06020854030336653,0.10529286813599331,-0.4297475891113281,-0.23020955764624967,-0.7978155148909396,-0.05875746835798225,0.4901620864868165,0.3377893543243409,1.4875818738937379,-0.10540335973103841,1.9369318389892578,-0.10540335973103841,555,2219
ATGTTAGGTCAATGTA-1,GSM8576303_BM2,BM,v2,110,6,7023.0,3728,1.5093265,-0.02916340678930282,3.2358973121643064,1.521896177019392,1.2689782079060874,0.54394833055366,0.06855634841437452,-0.18196391463279726,-0.2226683102667063,-0.31088359819139755,0.2598476400337066,-0.42996695080516667,-0.1205234655597866,0.2271918296813965,-0.01896314620971684,2.2019282875061035,0.025913380384445184,2.7794824345906575,-0.07391079584757487,318,2368
ATGTTCGTCTGTGACC-1,GSM8576303_BM2,BM,v2,75,107,317.0,283,4.416404,-0.04353308200836182,2.8989773273468016,2.0815018790108817,0.7696133136749268,0.614785267167302,-0.1033488200850276,-0.09950418744768415,-0.09978929973263453,-0.2004495391845703,-0.0699326618608222,-0.16361427307128906,-0.04674693242015455,-0.06965292930603027,1.6716703033447267,0.7398650159835816,-0.034826463063557946,1.6082889238993328,-0.02321764310201009,1403,1717
ATGTTCTTGCAGTCGT-1,GSM8576303_BM2,BM,v2,80,88,16481.0,5952,1.4076816,-0.14382672309875488,2.665766439437866,1.8850948115757535,1.9140166854858398,0.26337592477300553,-0.16399707215583265,0.1346404916899545,-0.020987000076974793,-0.5603852461746761,0.019090888490638613,-0.6962577916060289,-0.1150312743730993,0.6539349365234376,-0.2044515192508698,1.4208185501098634,-0.1428477986653646,2.0249026362101237,-0.10295049667358398,1199,1810
ATTACTCAAGACATGC-1,GSM8576303_BM2,BM,v2,84,104,15223.0,5831,2.0692372,0.06762404322624206,2.144000377655029,1.4451461029052735,1.862024154663086,0.6192540701134617,-0.10775877741377587,-0.038416834218161444,-0.09451193903198118,-0.47685371562412804,-0.012130275787598677,-0.5695462517176012,-0.0375524465555427,0.3134463882446289,0.2748457765579224,1.2297806396484374,0.02706510225931802,1.5528482627868652,-0.0032685263951619525,1371,1884
ATTACTCAATCGCCAT-1,GSM8576303_BM2,BM,v2,110,14,7311.0,3832,1.3130898,0.006215051412582398,2.085550680160522,1.0895064599173412,1.8791942342122396,0.26369894939254085,-0.13425438635252154,0.12345192296164376,-0.13917084019349046,-0.2809976419721331,0.4390170564613189,-0.579261604685797,-0.0031047816015958574,0.5889913940429686,0.32540682554244993,1.2077916135787965,-0.0003328657150268588,1.643765983581543,0.0255259879430135,404,2368
ATTACTTAATGTCGGC-1,GSM8576303_BM2,BM,v2,61,141,1072.0,619,1.119403,0.20853158593177795,1.7772561645507812,1.3901529366629464,1.0475358899434406,0.2886495164120532,-0.09791495235090754,-0.1529414258684431,-0.11697175646238135,3.5027692424229215,-0.1578824299885087,2.5472545148313674,-0.07835213449977388,-0.09661336898803712,-0.13485439300537108,1.0585894918441772,0.3325229787826538,1.1968707847595215,-0.07004680633544921,1768,1456
ATTACTTCTAGCCGGT-1,GSM8576303_BM2,BM,v2,106,12,7848.0,4116,1.5927624,0.11244194269180297,2.134792499542236,1.4869813210623608,1.6403939056396484,0.19203975880481156,-0.14399811931540074,-0.2084306696483067,-0.2032266387771594,-0.5785523681640625,-0.031107165248518476,-0.7461518446985393,0.1890606944192976,0.07631963729858404,0.12759325504302976,1.2721911296844484,0.088867670694987,1.714425366719564,0.15715134143829346,383,2294
ATTACTTGCCTACAGG-1,GSM8576303_BM2,BM,v2,61,139,727.0,508,0.96286106,-0.09585243225097656,1.7093017482757569,0.7431029374258858,0.9169756952921551,-0.164789421970107,-0.1945729696128263,0.1283134709085737,0.2297673147328799,2.571200958251953,0.30807385291440426,2.138659543981945,-0.05640346091865693,0.37156108856201175,-0.11292560577392578,0.289586790561676,-0.10985928853352865,0.7904489072163899,-0.05383185704549154,1746,1456
ATTAGAAGGCGTTCCT-1,GSM8576303_BM2,BM,v2,32,218,25585.0,7635,1.5985929,0.023669336438179006,2.1043309593200683,1.6600087629045759,2.064313990275065,0.3023218572379116,-0.10397111473586867,0.0936602173532759,-0.12762681012069693,-0.4846960714885167,-0.21609444455449356,-0.808878302802747,0.0460281510366804,0.47204959869384766,0.049235885143280034,1.094854242324829,-0.046227356195449834,1.5702600797017416,0.015632954041163133,2594,917
ATTAGATCGATCTGGT-1,GSM8576303_BM2,BM,v2,56,160,752.0,591,3.0585105,-0.0465519380569458,-0.13729206919670106,0.016614326749529118,0.6755408922831219,-0.11037277313600104,-0.07832324169725778,-0.11129625592912946,-0.10665324082688821,0.5618567662920271,-0.14859471455156564,2.8565774645124162,0.3936127329375577,-0.20377073287963868,-0.24367238998413085,-0.1099312744140625,-0.08867035547892253,-0.2835981750488281,-0.03546814282735189,1972,1364
ATTAGCAGTGCAGCAT-1,GSM8576303_BM2,BM,v2,117,9,16362.0,5458,2.395795,-0.06094377785921097,3.0556337165832517,1.0596398217337475,1.7651751963297524,0.6637139521449444,0.01272578288684001,0.17673567976270405,-0.17892302478184433,0.002600678580147897,0.21278831278942678,-0.37700913302164635,0.1083010449962671,0.3066082954406738,0.12110475063323978,1.9793177280426026,-0.05656415661176045,2.4554404830932617,-0.0750885518391927,351,2498
ATTAGCTAAGTTGGTT-1,GSM8576303_BM2,BM,v2,81,63,16802.0,6193,1.4998214,-0.06834091529250144,2.0385594940185547,2.0338652801513675,1.9639497375488282,0.48251662675635404,-0.12503923551829738,0.31193679979869293,0.01906399067142095,-0.4338900544302804,-0.09012432701616402,-0.7486432487875481,0.01889571550365607,0.6971098518371582,0.20818216800689693,0.9611074285507202,-0.06155230661233266,1.4340520413716635,0.07229288498560589,930,1829
ATTATCAAGGCGAGTC-1,GSM8576303_BM2,BM,v2,87,45,1016.0,789,2.8543305,-0.06120172500610352,3.487832450866699,1.994587391444615,1.1298514048258466,-0.20671032518746862,0.0980914882456374,0.05546506132398332,-0.20901688190449275,-0.31075640869140625,0.14577482024349842,-0.4111944621041317,-0.07198415666618603,0.13877750396728517,0.8419027137756347,1.99470192527771,-0.03177967071533203,2.9143718973795574,-0.03177967071533203,737,1940
ATTATCCGAATCTAGT-1,GSM8576303_BM2,BM,v2,118,12,4081.0,2507,3.3570204,0.06677515506744384,2.6057553958892825,1.8148363494873045,1.5642633310953775,0.08831655261028248,-0.06963642999076736,0.4716647413798741,-0.11584185929362814,-0.27248027583530976,0.5730062191744885,-0.20243093448540173,0.09616191549474876,0.8028074264526366,0.012961902618408239,1.6829496974945068,0.052429993947347014,2.1829896291097004,-0.07990172068277995,383,2517
ATTATCTTATGAGTCG-1,GSM8576303_BM2,BM,v2,40,176,4818.0,3034,1.6811956,0.31147610187530517,0.32132380485534673,0.2719577026367187,-0.10122353553771968,0.3666912312488479,-0.4102785960737481,0.6964927441733224,0.06505984602236037,1.5139892785208566,-0.1444533160891399,2.8759793055709006,0.18333222127715101,0.29645893096923825,-0.2882601058483124,0.2973605108261108,0.48738861719767257,0.122925713857015,0.0901854713757833,2143,1066
ATTATGATCTTCGAGT-1,GSM8576303_BM2,BM,v2,116,8,10506.0,4769,3.160099,0.0965530252456665,2.5516005516052247,1.7082054247174943,0.9424971898396812,-0.05888289572244665,0.07254163916604794,0.3966177497591291,0.1487381695432347,-0.2222490302494594,-0.3204606965363743,-0.5071127686724567,-0.028697147408244944,0.5886220550537109,-0.19037132024765013,1.5669959802627562,0.14600895563761396,2.2291702779134117,0.011134037574132283,340,2479
ATTCAAGAGCTCCTGA-1,GSM8576303_BM2,BM,v2,82,96,16954.0,6174,1.8402736,0.09643004536628724,2.5055955982208253,1.9119278608049666,1.568664067586263,0.5629224872972113,-0.03217661989467008,0.3473343058994838,-0.21019950710355964,-0.1573876555306571,-0.05577742191682378,-0.3801137795270003,0.10926824505239985,0.8021337509155274,0.056405456066131565,1.4866653690338134,-0.013185192346572866,2.1323073450724284,-0.006339077353477482,1285,1847
ATTCACGACATGGTCA-1,GSM8576303_BM2,BM,v2,44,186,3101.0,2102,2.0638504,0.06831303715705872,-0.48989538669586186,0.1296523203168597,-0.785875244140625,-0.09219843556124521,-0.3248002385518637,0.44837172440120154,1.2181395032197981,0.3318933410644531,0.3769448330124698,1.8158960095530845,0.2394722118359398,0.16986873626708987,0.22907227039337158,-0.060531464338302615,0.0785650396347046,-0.5358151626586914,0.16982609589894615,2251,1140
ATTCACGTTCGATCAT-1,GSM8576303_BM2,BM,v2,104,44,11124.0,4944,1.618123,0.017900814414024357,2.911255931854248,1.5012664358956471,1.8037763595581056,0.2031631996353946,-0.029406950382138586,0.3825330979483468,-0.20577317815406665,-0.412315802029201,0.34815345040286877,-0.5438452244719288,0.07080045471026823,0.6115268516540527,-0.029599516391754177,1.6369456329345704,-0.05910136262575785,2.391773122151693,-0.09668828328450521,727,2256
ATTCACTCGTATGTTG-1,GSM8576303_BM2,BM,v2,51,173,729.0,632,2.4691358,-0.020167739391326905,-0.06701528429985049,0.28071107864379885,0.49319968223571775,0.2954616292892211,-0.09871371778618379,0.13841027787753513,-0.0904157578432799,1.1813476257324218,-0.1790283693367219,1.8524139912679347,-0.04511798308199684,-0.23419931411743164,-0.32831546783447263,-0.10907499694824219,-0.06274407704671224,-0.2619386100769043,-0.03585375785827637,2111,1270
ATTCACTGATCCACAT-1,GSM8576303_BM2,BM,v2,40,184,861.0,716,1.6260161,-0.09505647659301758,-0.47183345794677733,-0.1019323594229562,-0.47183345794677733,0.2361068313859074,0.1376544973731246,0.7319756627082825,0.17922023998827313,0.7634082183837891,0.7031687483730087,2.732188457953507,-0.07023965592352335,0.238504753112793,-0.3604459762573242,-0.15259202575683595,-0.10356924692789714,-0.3307832717895508,-0.02534839153289795,2229,1066
ATTCAGATTCTACATT-1,GSM8576303_BM2,BM,v2,96,38,10912.0,4824,1.6312315,0.017114918828010556,1.200322666168213,1.152654173714774,2.1542393747965494,0.08248892749648495,-0.32765050992429495,0.11333771330969677,-0.2634895894793863,-0.32817337131500246,-0.05316487517222823,-0.4761223905038514,-0.09954446114149669,0.5202534484863282,0.27419075489044187,0.44440558385849,-0.04048613031705221,0.9199933433532714,-0.1347126897176107,662,2108
ATTCAGCGCAGCCGCA-1,GSM8576303_BM2,BM,v2,110,10,7618.0,4017,1.3258072,0.18779679775238037,1.9971967697143556,1.3969698878696988,1.9087755839029947,0.5661879495444546,-0.29980226244929187,0.07748146704265052,0.16578885135814592,-0.4430540172713143,0.0010693925451562003,-0.5133968105937925,-0.12845665336455275,0.2602527809143067,0.21615933418273925,1.1583422193527222,0.11495437860488891,1.6608624903361,0.026246148347854617,361,2368
ATTCCAGAGCCGTGGA-1,GSM8576303_BM2,BM,v2,94,42,9277.0,4343,1.1426108,-0.027425853013992307,1.600147132873535,1.118797585623605,2.082884038289388,0.2400610935257142,-0.24296598303133363,0.12011194433484762,-0.3373844398126903,-0.47839274515424457,-0.43468202644562626,-0.558244982936124,-0.10153903577151714,0.3447428512573243,0.324858238697052,0.8672375679016113,-0.01950239976247152,1.168631394704183,0.027513998349507643,705,2070
ATTCCGCATTGGTACG-1,GSM8576303_BM2,BM,v2,85,99,14984.0,6028,1.7351842,0.10966063022613526,2.184814691543579,1.6368318067278183,1.7833681106567383,0.9403014163894348,0.18217012243440495,0.2147039685930524,-0.054506635451189944,-0.06779319981166299,0.2714644196521805,-0.5205402029097823,0.018668040790356694,0.4821940422058104,0.19704797506332394,1.4941317071914673,0.16525795618693034,1.841052106221517,-0.02571056842803955,1317,1903
ATTCCGGTGCAGGTGG-1,GSM8576303_BM2,BM,v2,110,30,21267.0,6647,1.246062,0.01638772249221801,2.2442537784576415,1.714957275390625,2.14174435933431,0.1637199719746908,-0.122362194154294,0.09951322385243011,-0.11857772585899673,-0.5598947279453278,-0.011719055922634614,-0.8498020238981493,-0.08072157694189341,0.49431879043579097,0.25596735954284666,1.230770589828491,0.054374863306681315,1.8341519546508789,0.03348500450452167,576,2368
ATTCGTAATTGCATGT-1,GSM8576303_BM2,BM,v2,104,8,12362.0,5149,1.1244135,0.026766029596328733,2.3489783954620362,1.7047455051967075,1.8881090037027994,0.19696897052856815,0.03996022870604904,-0.14667313030787876,-0.25320875761794887,-0.4782331127439226,-0.4514573491720789,-0.6842020271151315,-0.03867449707861487,0.22533615112304684,0.06311683177948002,1.1485225791931153,-0.04542071262995402,1.7952966245015465,0.00422928253809611,340,2257
ATTCTGAGTGATGCCA-1,GSM8576303_BM2,BM,v2,76,86,21814.0,7074,1.5357109,-0.05973425775766372,2.3310499954223634,2.138708278111049,1.7160492706298829,0.32691162369816174,-0.12662999450784268,0.2039787098339626,-0.13805207740660336,-0.47936467143467487,-0.13578838516909436,-0.729939988452659,0.1040459047227898,0.6436238479614259,0.3082367658615113,1.1120634164810181,-0.11539895951747896,1.7120374679565429,0.16841613213221235,1177,1736
ATTCTGCCGAGGCTCA-1,GSM8576303_BM2,BM,v2,97,23,13165.0,5600,1.9141663,-0.14036184310913086,2.3059041213989255,0.9543918773106168,2.165814450581869,-0.008333367994990182,-0.18553465512451328,-0.22547721692493983,-0.11607533627438632,-0.47207782302583967,-0.21367629728164061,-0.6364193007221386,-0.049846822326272466,0.006210098266601571,0.2699279880523682,1.6292144851684571,-0.1617961883544922,2.0260022481282554,-0.017294838428497314,501,2126
ATTCTTAACGAGCAAG-1,GSM8576303_BM2,BM,v2,57,141,915.0,765,1.0928961,-0.03718453884124756,2.709045238494873,1.2003363037109376,1.1007985941569012,0.24603503296174198,0.19696766032067373,0.12722767182758876,-0.17792716477183695,0.10835343878609793,-0.18915829026555442,-0.1580766278282451,-0.05209444673269387,0.24139360427856443,0.2661833524703979,1.7331228685379028,-0.033052921295166016,2.0566349983215333,-0.08263230641682942,1768,1382
ATTCTTGTAGGCATCT-1,GSM8576303_BM2,BM,v2,79,87,13845.0,5599,1.6540266,-0.1283388614654541,2.2920513916015626,1.758669858660017,2.004794832865397,0.2711862809208024,-0.11496635079725814,0.16510992288589477,-0.1961413684849655,-0.46611180823189874,0.07530576493366647,-0.8712217599753566,-0.12187080895340682,0.09400493621826167,0.1167353677749634,1.2154601535797118,-0.15665692647298177,1.888625144958496,0.0569703515370687,1188,1791
ATTGCACGGCGTACTA-1,GSM8576303_BM2,BM,v2,34,190,427.0,362,4.449649,0.34082491397857667,0.8429426574707031,1.3877044977460589,0.8031029923756916,0.3758672614652948,-0.1823599788558531,-0.12255687168666295,0.34272913829352203,0.1954721418108259,-0.11819592824422691,0.7199538679845268,-0.03216815154824481,-0.10121575355529785,-0.11719260215759278,0.6299933700561524,0.4473517608642579,0.2611707623799642,-0.03195369720458984,2294,955
ATTGCAGAGTTAGAGT-1,GSM8576303_BM2,BM,v2,88,94,17256.0,6297,1.6400093,-0.08138372391462326,1.7783904933929444,1.5818426513671875,1.8755304082234703,0.19655890589258285,-0.022190478090164778,-0.09176381025995528,-0.058015383221895256,-0.5618636776379177,-0.08881641248143818,-0.7489258686396671,0.05530665121965417,0.2970106506347656,0.2910569620132446,0.9032753324508667,-0.05914489706357322,1.134608154296875,0.06570626020431518,1263,1959
ATTGCCAATATCGACA-1,GSM8576303_BM2,BM,v2,111,17,17087.0,6420,1.5391818,-0.014128444790840161,2.4806846809387206,1.6807794298444474,1.5965047709147133,0.08262642033128859,-0.2253441729220042,0.1783038333484105,-0.3305017812740983,-0.5779888022967747,-0.09763373380683993,-0.7418316863298644,0.0820524399941171,0.33304115295410164,0.016469585895538374,1.4769741172790527,-0.10124205787976583,2.120637461344401,0.09229615608851116,437,2386
ATTGCCAATGGTCACC-1,GSM8576303_BM2,BM,v2,105,35,17113.0,6170,1.4900953,0.09447655558586121,1.8912834548950195,1.732694113595145,1.99810546875,0.30355990363890867,-0.09581255953816659,0.2765763115882873,-0.2659815043833136,-0.2746022371564592,-0.057370937971704894,-0.6082539805287026,0.07400056156878959,0.6638653564453125,0.1804621624946594,1.0616569032669068,0.06903483311335246,1.6697413063049318,-0.09932612737019857,630,2275
ATTGCCGATTAGACAG-1,GSM8576303_BM2,BM,v2,37,197,807.0,709,2.8500621,0.5773042225837708,1.2268146610260011,0.43634310041155133,0.5642482376098633,0.23006949127917306,-0.17110757176655841,0.5103538264547076,0.22009458368155396,0.5398385380336217,-0.22671660457748966,1.4205822738910796,-0.05224078453627209,0.2890908908843994,-0.2168611145019531,0.9052054214477538,0.8043339697519938,0.6792793146769205,-0.051892512639363605,2369,1010
ATTGCCGATTGTCGTG-1,GSM8576303_BM2,BM,v2,30,198,15878.0,5299,1.6689758,-0.05253391847014427,1.9209460830688476,1.8545332772391185,2.653993886311849,-0.018018441027905563,-0.24380241326744095,0.16140032870428905,-0.05926931319156728,-0.44051785942486354,-0.19003800790472683,-0.6991771528727713,0.038139484358428205,0.1535687923431397,0.11809484243392943,0.8816848134994506,-0.05950006624062855,1.1351211865743003,-0.022018840909004203,2380,880
ATTGCCGCAGGCTCTA-1,GSM8576303_BM2,BM,v2,60,128,954.0,459,1.4675053,-0.07932587623596192,0.3373617315292358,0.4766035679408482,0.6440526231129965,-0.0882215538178103,-0.12283856801718593,0.5467517324856349,-0.10985555348218683,4.387317271641323,0.2767633520455724,3.7314600738788726,-0.051320143194006594,-0.24407962799072266,0.4027314043045044,-0.08786866760253906,-0.05695191065470378,-0.20260822296142578,-0.016271975835164387,1628,1438
ATTGCCGTAGTGATTA-1,GSM8576303_BM2,BM,v2,35,203,932.0,764,3.5407727,-0.11695054054260254,1.4294434547424317,1.3036308997017998,1.042099889119466,0.8190627385334797,0.17673858608655113,1.1490181268964494,0.23699328238682038,0.7985122500828333,0.7119373700704918,1.2761867190367424,-0.07435922814695627,0.381943359375,-0.2896392631530762,0.5003275804519653,-0.06565643946329752,0.4077658144632975,0.3529034010569254,2433,973
ATTGGCACGCCGTTGA-1,GSM8576303_BM2,BM,v2,110,22,22525.0,7137,1.4872364,-0.1439474868774414,2.723921546936035,1.4101229204450334,1.7621419525146484,0.33829891059293327,-0.10442234658675154,-0.036066359792436886,-0.10844308520944407,-0.39466763251168385,-0.16564192254859283,-0.6393702736522642,-0.12805737745041815,0.3764907455444335,0.473758807182312,1.5910434131622315,-0.15296644846598306,2.2351032384236653,-0.03982164084911347,490,2368
ATTGTTCGTGGTCTGA-1,GSM8576303_BM2,BM,v2,59,161,258.0,220,7.364341,-0.06444993495941162,-0.46916210174560546,-0.29131282806396486,0.40949881553649903,-0.06623939146478493,-0.08102996856812014,-0.08612377166748048,-0.07581795525755787,-0.11289064788818359,-0.1331151786099476,1.477841836265498,-0.03707570517623184,-0.13230233192443847,-0.13230233192443847,-0.06597443389892578,-0.049104712804158526,-0.25448429107666015,-0.024552356402079263,1983,1419
CAACGTGATGACCGTC-1,GSM8576303_BM2,BM,v2,54,154,845.0,673,2.366864,0.22331075072288514,3.325032682418823,1.2465820966448105,0.9910277239481609,0.2929137973900301,-0.19393695693418203,0.4365561856542315,0.2039678028456461,1.4874463991437639,-0.13324334631004486,0.42484022626940837,-0.08564170094944487,0.3890449428558349,-0.14690084457397462,1.8205642356872558,0.3658042701085409,2.556964022318522,-0.059549535115559896,1907,1326
CAACTGACTGAGAACA-1,GSM8576303_BM2,BM,v2,83,71,8432.0,4221,1.3757116,-0.03354319393634797,2.1293398094177247,0.9125120980398995,2.1379503758748375,0.10639050878195394,-0.10898852232059253,0.010440486499241453,-0.011318663520204053,-0.4043298363004412,-0.18151978508056887,-0.5424997959703863,-0.01086277941157926,0.46160587310791024,0.4028120374679566,1.2019469680786132,-0.012437487443288153,1.6683917872111,0.0027643354733785097,1016,1866
CAACTGCTGGCTATCC-1,GSM8576303_BM2,BM,v2,64,122,520.0,414,1.3461539,-0.022554035186767577,0.7639060831069946,1.814487568991525,1.203988037109375,-0.18657266088278898,-0.13826413135451965,-0.20867457798549108,-0.09142471247894375,2.940940697806222,0.4019005317764589,2.8404364892186047,-0.010091290377930507,0.3992913818359375,-0.21718555450439453,-0.10162460327148437,-0.05012007395426432,-0.282209529876709,-0.045326366424560546,1564,1512
CAAGACGCAGTATGGT-1,GSM8576303_BM2,BM,v2,59,133,987.0,824,2.532928,-0.054220452308654785,3.0985992240905764,1.5954329190935408,1.2018816757202149,0.12763817099682295,-0.2739948134824454,0.14683093105043682,-0.1881463561836833,1.7541844809395926,0.24678653263183958,1.8497433273812838,-0.040432849986441186,0.935887508392334,-0.29888359069824216,1.6226277151107789,-0.11461453755696614,2.437634073893229,-0.08835925420125325,1682,1419
CAAGATCGCATCGTCA-1,GSM8576303_BM2,BM,v2,118,10,2029.0,1354,2.7599802,0.35444286108016965,2.975599250793457,1.5092085048130581,2.0770533498128256,0.7858865443003704,-0.053857912910579564,0.5452585118157522,-0.2599216887465862,-0.406688232421875,-0.2646068281916729,-0.5617695750806155,-0.07166888729837917,1.16141752243042,-0.027944395542144784,2.1619932765960694,0.49240504900614424,2.4790963872273766,-0.041528139114379886,362,2517
CAAGATTAACAGCAAC-1,GSM8576303_BM2,BM,v2,73,129,493.0,310,2.0283976,-0.03822443246841431,0.4678184413909912,0.6397016961233957,0.928336722056071,-0.154343846332596,-0.1105284786607367,-0.11454962594168527,-0.09543577921083117,0.5398309522356305,-0.07910903103380318,3.3371719733409204,-0.05814508143687408,-0.14827585220336914,-0.11236235618591309,-0.07339090728759766,-0.02038636366526286,-0.2883771514892578,-0.013749144872029622,1639,1680
CAAGCCTCTTACAGGA-1,GSM8576303_BM2,BM,v2,92,86,3823.0,2354,1.1247711,0.1392227816581726,2.4427177047729494,1.2144465637207031,1.7439138031005859,0.5375400010840481,-0.16572791184082292,0.32778441974094935,-0.2661848969992389,-0.17123122678484232,0.24722919119409764,-0.4780939523691413,-0.08377513629478096,0.5247651863098144,-0.25512237429618834,1.3830198240280152,0.16667867978413897,2.2955440775553386,-0.06179499308268229,1177,2033
CAAGTAAGTGCATCAC-1,GSM8576303_BM2,BM,v2,82,112,699.0,525,10.014306,-0.03410318374633789,3.6944133186340333,1.475261742728097,1.5229728762308756,0.7474384978114361,0.24968460710036364,0.8357061648368835,-0.11322475094508305,-0.1940709228515625,0.35609751532834216,-0.35675647914809666,-0.036620869732543124,0.7179229354858399,-0.3443315505981445,1.9242351551055907,-0.03637673060099284,2.875740394592285,-0.04547091166178385,1457,1847
CAAGTATCGGAGTTAC-1,GSM8576303_BM2,BM,v2,102,50,13651.0,4977,0.886382,-0.034324519038200385,1.7974589347839356,1.6604502759660993,2.538677342732748,0.06361441487768088,-0.3121643785218432,0.2405917453765869,-0.17114158504769492,-0.43957766478402277,-0.22701713634303297,-0.4969648432525898,-0.05824630338187872,0.5528772163391114,0.40464197158813475,0.8130237455368041,-0.02623974720637004,1.264208984375,0.02374249537785847,791,2219
CAAGTGACTGTCTAAT-1,GSM8576303_BM2,BM,v2,106,4,12615.0,5378,1.8787159,-0.053925760090351105,3.0215917205810547,1.5288385663713728,1.4459167098999024,0.4554636066697209,-0.037864352531017276,-0.17290104780878335,-0.2086157862202242,-0.2182040843963623,-0.16478531906403687,-0.5581013017967129,-0.12506216164403314,0.3004821586608887,-0.29827620744705197,1.905483751296997,-0.035225242376327515,2.5189599990844727,0.08719112952550252,297,2294
CAAGTGATGGCCTCTT-1,GSM8576303_BM2,BM,v2,87,75,3679.0,2404,1.4134276,0.2289812648296356,3.031989860534668,1.4028115190778458,1.680507787068685,-0.2649075917929531,0.374101685027726,-0.0071058791024344314,-0.3061704881553322,-0.4058275146484375,-0.23972246709118886,-0.5453968346404663,-0.07932206608305041,0.1715315246582032,-0.26092658162117,2.2140868968963625,0.3396083307266235,2.622848154703776,0.12838313341140745,1059,1940
CAAGTGCTCGAAGTTC-1,GSM8576303_BM2,BM,v2,47,143,21908.0,7554,1.1091839,0.00659515380859374,1.9875042247772217,1.6877362605503627,1.7344930775960288,0.45896625710299693,-0.10027992390245799,0.07941898584365847,0.4029052900672691,-0.3366163793291364,0.16610045413894348,-0.6953750047564851,0.013918595597476519,0.4091897964477538,0.22967446565628047,1.1188165340423584,0.05479115804036458,1.4587988408406578,-0.06671466211477915,1789,1196
CAATAAGGTTCTGGTT-1,GSM8576303_BM2,BM,v2,51,143,8103.0,4259,1.7647784,-0.1454493522644043,3.2490052223205566,1.4314586966378346,1.576248868306478,0.7996654137071357,0.11281684535163883,0.0939229028565543,-0.10923995066020897,-0.16080774988446922,-0.3178542695610399,-0.13906930254152616,-0.09883863333887702,0.3223095512390136,-0.5227457588911056,1.9436036319732666,-0.15495379130045572,2.676951344807943,0.03726017832756043,1789,1271
CAATCTTATCGATGAC-1,GSM8576303_BM2,BM,v2,97,53,7846.0,4152,1.5676777,-0.03355147778987885,2.507324867248535,1.8326188986642018,2.0572153854370114,-0.08511566637031526,0.1593615036207715,0.006194360937391008,-0.11399238450186594,-0.3551874528612409,-0.018921221116460496,-0.6097688745789422,-0.12810260337471163,0.2090592384338379,0.0038062524795532404,1.4183905105590822,0.025455850760142007,1.980039609273275,0.049079717795054115,823,2126
CAATGCTACGTGCCAC-1,GSM8576303_BM2,BM,v2,63,129,800.0,588,2.25,-0.03904034614562988,1.5522207498550415,1.5088511058262417,0.08385257720947265,0.7214962220096205,-0.13561444876184425,-0.16844355991908483,-0.19568301750117523,3.122365735735212,-0.12024257460751207,2.850578187410349,-0.01966706858385329,-0.13668855667114257,-0.1627154541015625,-0.1481043701171875,-0.06291411717732748,0.3169413566589355,-0.05423848470052083,1639,1494
CAATGGCCGAATCGGT-1,GSM8576303_BM2,BM,v2,57,135,2097.0,1555,1.8597997,-0.11541543960571289,3.1710337257385253,1.6658143942696706,1.9264517084757484,0.36742251943871684,-0.33251551739183294,0.21238998958042687,-0.02957628098268078,0.39355687713623044,0.06202132108221095,0.35510429919966113,0.14247553574844607,0.04944883346557616,0.0017873263359070024,1.9238735008239747,-0.08762247721354166,2.7995892715454103,-0.07009798685709635,1703,1382
CAATTGATACTCAACG-1,GSM8576303_BM2,BM,v2,57,131,1373.0,1057,1.4566642,-0.08985536575317382,2.55362832069397,2.149613810947963,1.1387347730000812,-0.25414913437931413,0.3669024432998106,0.045787750141961236,-0.22433670612324275,2.3778211560930527,-0.22583179397276607,2.313113738340705,-0.1298230702445011,0.31125832557678224,0.23286359310150145,1.6817743272781371,-0.07752228418986003,2.1041939226786295,0.30304163297017417,1660,1382
CAATTGGAGTCCTTCA-1,GSM8576303_BM2,BM,v2,85,71,4381.0,2732,1.4380279,0.09768675863742829,2.0533090591430665,1.3211795479910715,1.71769167582194,0.13113523774357688,0.013122072728693812,0.298583903993879,-0.166703793439424,-0.4245436706542969,-0.05017155456734468,-0.36799982067265424,-0.16379823620687395,0.57027042388916,0.7315087413787842,1.4805390558242797,0.1562240735689799,1.7230498886108399,0.08188730716705321,1016,1903
CACCGCACGATCCGCA-1,GSM8576303_BM2,BM,v2,32,222,11091.0,4861,3.2819402,-0.05529679149389266,3.258624897003174,1.8244444056919644,0.953796412150065,0.775351681383738,-0.3191783211727766,0.3069794239316668,-0.16809696039605035,-0.3362645214625767,-0.09861199300451928,-0.4816082394820274,-0.029530945754576973,0.38945804595947264,0.14062011957168574,2.0955544776916506,-0.04135215560595194,2.9450085067749026,-0.09834746678670248,2637,917
CACCTACTAGTCACCA-1,GSM8576303_BM2,BM,v2,28,214,16171.0,6146,3.0734031,0.21235088706016542,2.7238382720947265,1.5856696973528182,1.093673013051351,0.4364107133873017,0.0417011619913667,0.3383270675795419,-0.032217955423387123,-0.2685728549957276,0.09325936424684333,-0.41114407349181437,-0.020192284883497322,0.6117616271972656,0.04444027900695802,1.7274765796661378,0.24519901434580488,2.162467447916667,0.04570738116900125,2551,843
CACCTAGATACTTAGG-1,GSM8576303_BM2,BM,v2,103,13,8132.0,3930,1.7215937,0.0005236631631851257,2.6062534904479984,1.4576307896205356,2.3971373494466146,-0.015052634549428179,-0.032989121960690815,-0.19880806820733204,-0.10033055211596931,-0.56569921875,-0.02962103138965777,-0.6893706762893546,0.016148053902564782,0.18136978149414062,0.07229424476623536,1.5267778215408325,0.058293317953745524,2.146146240234375,0.0477966825167338,394,2238
CACCTCGAACCTGGAT-1,GSM8576303_BM2,BM,v2,83,101,7541.0,3783,1.9360827,0.016946756243705743,2.8526630783081055,2.008811765398298,1.9359999084472657,0.897140926146603,-0.05791305059410001,0.03155043772288729,0.2427438477536864,-0.2375025852748326,-0.07743175920233669,-0.43827301566689947,0.008298190762418348,0.599513397216797,-0.061405596733093315,1.6454631052017212,0.016967763106028225,2.2512049102783203,0.11982516288757324,1338,1866
CACCTTCGGTCTGTAA-1,GSM8576303_BM2,BM,v2,91,41,15900.0,5752,1.1320755,0.14976436495780945,2.053207225799561,1.5315400477818082,2.403526293436686,-0.1022741095608018,-0.07321162847561602,0.038527818407331216,-0.14022293507540468,-0.45190826647622245,-0.17149049761783647,-0.601007840663109,-0.023454211816577433,0.3915016365051269,0.40678877830505367,1.2144690456390381,0.24404239495595298,1.7371920776367187,0.0726023515065511,694,2015
CACGCCGGACAGATAC-1,GSM8576303_BM2,BM,v2,57,163,316.0,258,8.227848,-0.02614281892776489,2.3266243648529055,1.8842093712942942,0.49768309911092123,-0.1657945870395645,0.33216386872738585,-0.12338267735072544,-0.0937730849301576,1.2842045909336635,-0.058717065068133865,1.4002992816533704,-0.0467880428237403,-0.07649130821228027,-0.11134840011596679,0.28452508068084714,-0.02323806126912435,1.1972360738118488,0.0,2004,1382
CACGGCGATATTGGAG-1,GSM8576303_BM2,BM,v2,44,184,996.0,840,2.2088354,-0.07204617977142334,-0.549065170288086,-0.5121552276611329,-0.549065170288086,0.32412790198881464,-0.2514418789660596,0.3189509354318891,0.6586420509691274,0.42639830180576865,-0.23823322158261953,0.9009248371435148,-0.10476513676995398,-0.2804510498046875,-0.23242027282714844,-0.18319302368164062,-0.08805644353230795,-0.3440474319458008,-0.08005131403605144,2229,1140
CACGGCTCATAGGCTA-1,GSM8576303_BM2,BM,v2,49,147,9640.0,4578,1.7531121,-0.06749934822320938,3.3507102012634276,1.359489549909319,1.230140177408854,0.7151641194600178,-0.27048425095148354,-0.009721160105296556,0.015125944923778722,2.2915164620535715,-0.20391006330888437,1.6468508328138811,0.0460888564529492,0.31611690521240243,0.10087223291397096,2.186019292831421,-0.009231423139572162,2.7601289240519202,-0.09188538869222006,1832,1233
CACGTATCGGCGGAGT-1,GSM8576303_BM2,BM,v2,33,191,1025.0,762,2.2439024,-0.0653255033493042,1.6119833946228028,1.6348318971906388,0.7526366869608562,-0.20888704659948387,0.1712189715139769,0.10685205408505033,-0.2560885191646893,0.8005063400268555,0.6678035891199686,0.5331132789129036,0.28935867736575016,0.8471730995178223,-0.23212539672851562,0.18648369669914244,-0.03959121386210124,0.4997862339019775,0.35632091681162514,2305,936
CACGTGCGTCTTCGAA-1,GSM8576303_BM2,BM,v2,79,91,8484.0,4147,2.08628,0.13430873692035675,2.5484220695495603,1.7856896318708146,1.815698674519857,0.3461053208653707,-0.06796087687957991,0.06757091930934356,-0.07110186512236999,-0.38156965596335274,-0.49812350598683797,-0.38860429007620734,-0.12252405665864881,0.25427118301391594,0.1560315608978271,1.3323847608566284,0.16120088974634805,1.71918031056722,0.2457006049156189,1231,1791
CACGTGGATCCTCAGA-1,GSM8576303_BM2,BM,v2,50,164,620.0,551,0.96774197,-0.05681549549102783,-0.06944203257560733,-0.3173983573913574,0.1595106633504232,-0.16777466004153332,-0.1221397277341789,0.2076374787943704,-0.16035898640367569,1.1451601998465402,-0.1411574796500455,1.608149943621481,-0.02859840457071394,-0.25805389404296875,-0.28646163940429686,0.23609977650642394,-0.040088736216227217,0.19110707759857176,-0.047346245447794595,2015,1252
CACGTGGTACCGTGGC-1,GSM8576303_BM2,BM,v2,93,83,9875.0,4446,1.3569621,0.07855112195014953,2.6965041255950926,1.1489331708635604,1.682348976135254,0.30829370165445724,0.01575563395768831,0.23102527822766983,-0.25708991520921076,-0.5440285034179687,0.07452283135379656,-0.5174198827258922,-0.12182822003460571,0.43970138549804694,0.2622367238998413,1.7254303722381592,0.021571115652720144,2.4031411997477212,-0.12315622965494792,1145,2051
CACTAAGCGTTCGGTT-1,GSM8576303_BM2,BM,v2,99,41,8343.0,4165,1.25854,-0.10085990905761719,2.119703550338745,1.356139395577567,2.282094497680664,-0.25018449827849143,-0.11266627163977305,0.1049107432365417,-0.1721285996357047,-0.45870659930365426,-0.18933566818275605,-0.8932406022244652,-0.0007794090222535133,0.3312872505187988,0.20459136962890623,1.274153962135315,-0.1766037114461263,1.8765246963500977,-0.0037253057956695423,694,2163
CACTACAAGCATGTCA-1,GSM8576303_BM2,BM,v2,47,147,22179.0,7295,1.6096307,-0.11059061601758002,2.3487416076660157,1.6777595738002231,2.042071736653646,0.49743917572450447,-0.09041709169463324,0.29875566925321306,0.12553214255874395,0.4278168291364397,-0.17408432634958781,0.05553977121442755,0.002727697931108608,0.7320652770996094,0.07807307243347172,1.3044952297210695,-0.09252719342708587,1.8842846679687502,-0.06503826876481372,1832,1196
CACTACGCATTAGTAT-1,GSM8576303_BM2,BM,v2,51,157,676.0,622,2.0710058,0.303551664352417,0.34552338600158694,0.06689696720668248,0.29147369543711343,-0.1799756551842134,-0.13564537998184142,0.4634244523729597,0.2194688498754263,1.8157038127354213,-0.15515599384844064,2.321246639994167,-0.06482189613700713,-0.1793714141845703,-0.22076480865478515,0.22088051319122315,0.331147289276123,0.18779198328653973,-0.0735882822672526,1940,1271
CACTACGCGGCACTGA-1,GSM8576303_BM2,BM,v2,48,140,24926.0,7701,1.4001443,-0.07200859308242799,2.9129042625427246,1.3823233795166017,0.9615179697672525,0.8602952803952628,-0.18453273127561864,0.19907141889844626,-0.17197945973837028,-0.4096708715983799,-0.14438604255277943,-0.5402636002259881,-0.09276062667312694,0.3638130187988281,-0.09421643018722536,1.9031425304412841,-0.04199542045593262,2.589243558247884,-0.11775985717773438,1757,1215
CACTCAATTGGTAACC-1,GSM8576303_BM2,BM,v2,39,195,1127.0,938,2.573203,-0.09159261703491212,1.8817695140838624,0.015488891601562527,1.9129757245381676,-0.2402419890744619,-0.16667365261828565,0.06601559400558471,0.1642743755548253,1.0533461303710938,-0.17472485461867,0.6371078331198468,-0.09220733898598076,-0.2468423652648926,0.4483526849746704,1.7042789659500122,-0.06869446436564128,2.0109834607442223,-0.06106175104777018,2348,1047
CACTGGCCGCATAGAC-1,GSM8576303_BM2,BM,v2,55,159,1056.0,774,2.5568182,-0.04109848976135254,-0.03042760372161868,-0.0935553741455078,0.5662088902791341,-0.1380060954266284,-0.17084808043207989,0.07168248517172676,-0.07447182619810787,0.4845926906040737,-0.19222697675467496,1.7831012747774646,-0.042869945500521055,-0.23788766860961913,-0.3115632820129395,-0.1300120849609375,-0.07045454661051433,-0.32222957611083985,-0.06204518636067708,1961,1345
CACTGGCTCCACCTAC-1,GSM8576303_BM2,BM,v2,104,30,4684.0,2743,1.5798463,-0.08985045433044433,2.7404945564270022,1.2071759905133927,2.2115100097656253,-0.12314232717077417,0.03374013638127077,0.14710744857788088,-0.28721375998248344,-0.11969390814644948,0.7217565827580341,0.05291538842000998,-0.10048345271372955,0.46936511993408203,0.9828564691543579,1.7796309127807617,-0.12153193155924479,2.4050028610229495,0.10906662782033284,576,2256
CAGACGAAGCGAGTTG-1,GSM8576303_BM2,BM,v2,90,52,8492.0,4172,1.5426284,-0.11229518890380859,1.9635610008239746,1.2939476231166294,1.9674531046549477,0.39711813945846863,0.08866071454834407,-0.06640804784638543,-0.0458042008731388,-0.31533518014635353,-0.13298592486055982,-0.8732805700110109,0.09786795826909182,0.052855691909790115,0.29104607820510864,0.961460886001587,-0.13719488779703776,1.6505233001708985,0.22077336788177487,812,1996
CAGACGAAGTCAGCAC-1,GSM8576303_BM2,BM,v2,81,79,11361.0,5175,1.8044187,0.10404849529266358,3.054199275970459,1.871234381539481,1.7607268269856773,0.16298701629102463,0.08638141036238811,0.28051107917513163,-0.40539419616874106,-0.42206727586473736,0.07147651886844253,-0.16999234814886166,-0.04427648842163305,0.5328453254699708,0.3814173269271851,2.0925533142089843,0.1597773551940918,2.5388963190714517,-0.12274121602376302,1102,1829
CAGACGATTCATTAGC-1,GSM8576303_BM2,BM,v2,54,166,197.0,184,7.614213,-0.029599838256835938,0.9077283549308777,0.879957662309919,0.5788412698109945,0.5730154346749486,-0.10060871078307371,-0.12403741019112723,-0.09046751311993531,1.0589797455923897,-0.031699960011555006,1.6384442280031462,-0.026487550479453684,-0.03946645021438599,-0.03946645021438599,-0.052846534729003906,-0.013155483404795328,-0.16872230529785157,-0.026310966809590657,2036,1326
CAGACGCTGCGTATCC-1,GSM8576303_BM2,BM,v2,107,3,28124.0,7927,1.6676148,-0.0975051474571228,1.966896152496338,1.8938454437255858,1.93326784769694,0.258659248849953,-0.08439528962626108,0.00506705454417633,-0.15705825659860806,-0.37124117878505164,-0.13510811951265755,-0.5700874378902915,-0.10373498975144821,0.467946605682373,0.09570853233337406,0.880017352104187,-0.12320959409077964,1.3580375607808433,0.10908404191335043,286,2312
CAGACGGAAGGTTAGG-1,GSM8576303_BM2,BM,v2,102,16,11053.0,5073,2.0085044,-0.07846117615699769,2.014212646484375,1.7277877807617188,1.8747256978352866,0.2362883186723334,-0.31733921035158175,-0.12660859227180477,0.014903597591648388,-0.4334149567740304,-0.2634307744512596,-0.5175209822613578,0.015370074763165459,0.566412353515625,0.18829066038131714,1.012148057937622,-0.01470379670461018,1.5061432902018228,-0.06661604563395182,426,2219
CAGACGGCTGCCATCA-1,GSM8576303_BM2,BM,v2,52,170,5402.0,3206,3.554239,0.12305216312408448,0.5316216325759888,1.4590421513148715,1.165754534403483,0.06559083260685566,0.07323596563683937,0.056832771982465446,0.8116205288062954,-0.19945212718418664,0.19455633584754056,0.23075539359424624,-0.08533672358365667,-0.10650669097900389,0.5309555578231812,-0.03978963375091554,0.20130720138549804,-0.1513611125946045,-0.10135487874348958,2079,1289
CAGAGGAACTTGACCG-1,GSM8576303_BM2,BM,v2,83,65,9320.0,4429,1.3197424,-0.04001184195280075,3.000652923583984,1.8021431732177735,1.799057299296061,0.44024985095104535,0.03506002628591237,-0.11803694418498445,0.10305755947439382,-0.4836690926551819,-0.07450819829381611,-0.7721315474318178,0.006983489398188242,0.3171791839599609,0.4169507217407227,1.7960539169311525,0.00943007508913675,2.398995564778646,-0.09783768971761067,952,1866
CAGAGGAAGCAGTAAT-1,GSM8576303_BM2,BM,v2,34,210,4339.0,2676,2.1663978,0.1819950771331787,3.222874698638916,1.9505950709751674,-0.25168357531229646,0.4112525809720817,-0.10633806750067201,0.40025509629930767,-0.16238370997662724,-0.12239977591378348,0.8221791451235851,0.041588292711647434,-0.09496524349955104,0.7589583206176758,0.04770797729492182,2.021222515106201,0.25722649892171223,2.6985067876180016,-0.05356168746948242,2509,954
CAGAGGTCATGCCATA-1,GSM8576303_BM2,BM,v2,35,209,4339.0,2702,2.7656143,-0.13033934593200683,2.8307146644592285,2.424145965576172,-0.01464116414388017,0.1864990364595589,0.09059904487531073,1.0333901991162981,0.49124812260056633,0.9207240480695451,1.203465059579137,0.6761248031718619,-0.11456105533062212,0.7537170028686523,0.09396354913711547,1.4880401210784913,-0.1347930908203125,2.3660733795166013,0.12266903559366861,2498,973
CAGATCGCATAGTGAT-1,GSM8576303_BM2,BM,v2,115,13,10351.0,4660,1.5747272,0.21984234929084778,2.984474811553955,1.6285679844447543,1.602432721455892,0.09320512306259343,-0.14128086352170505,0.1626036878994533,-0.012890116874672952,-0.16624410084315705,0.15809327196404643,-0.19638276991656733,-0.04415706128653492,0.06371797561645509,0.19508214235305787,2.0511818656921386,0.20116934299468997,2.6507671864827476,0.03297999739646912,394,2461
CAGATGGTTAGACGAG-1,GSM8576303_BM2,BM,v2,59,141,857.0,733,2.1003501,-0.05078254699707031,1.6177482223510742,0.43197527749197817,0.7675790405273437,-0.16315677750062751,-0.2141432704695736,0.10370339257376535,0.17753434776527882,1.70433678654262,0.300820308516782,0.7715682078185041,-0.07668505419020685,0.3522134304046631,0.4791697978973389,0.9797114791870117,-0.11849260965983073,1.6116919962565102,-0.03385503133138021,1768,1419
CAGCATTACAGCCGAC-1,GSM8576303_BM2,BM,v2,110,0,24904.0,7782,2.1683264,-0.05078970968723298,1.873697919845581,1.88279906136649,1.4117011260986327,0.6564814632676212,0.06897553779308785,0.07368412460599627,0.14459620486309044,-0.3774615197862898,-0.20599224050360992,-0.5894875736730325,-0.040631271963037216,0.4762793350219727,0.21248022556304935,0.960961236000061,-0.1434759811560313,1.4725005340576172,0.09413820743560791,254,2368
CAGCGATCCTCGGTAC-1,GSM8576303_BM2,BM,v2,34,222,18135.0,6203,2.519989,-0.07196452260017394,3.1774502754211427,1.6206838771275114,1.6358727773030601,0.7490338187619865,-0.07929697791803725,0.1464489327158247,-0.19733153792907118,-0.3860945663452149,0.0937988087834124,-0.8208066281056244,-0.053610723290667434,0.49488872528076167,0.1676556706428528,1.9652664642333986,-0.14754010518391927,2.7004495747884114,0.1437434498469035,2637,954
CAGCTGTTATGTAACG-1,GSM8576303_BM2,BM,v2,77,85,12973.0,5366,1.4722886,-0.042554771602153776,2.4763629245758056,2.1321896580287385,1.9009438959757485,0.26790601374155065,-0.04703387185478103,0.10181566306522916,-0.2081756921171703,-0.3509884564535958,-0.04842962988887922,-0.7103025242329102,-0.04660716718589586,0.6141320419311522,0.19244713544845582,1.2155852279663086,-0.07837692538897197,1.7201067860921224,0.09645941495895387,1167,1754
CAGGCCACGGAGTTGT-1,GSM8576303_BM2,BM,v2,101,9,9221.0,4200,1.778549,-0.13312479972839356,3.053097057342529,1.66241943359375,2.114431508382162,0.2637805819032661,-0.0528107663371819,0.1259525339944022,-0.17072180641805157,-0.37835901750837053,0.1375343636815327,-0.7692331330545339,0.168071244272724,0.6238373947143555,0.42404695510864254,1.9602913703918456,-0.1297455596923828,2.693689702351888,-0.07512140274047852,351,2201
CAGTAAGATATCCTAA-1,GSM8576303_BM2,BM,v2,105,7,12339.0,5381,1.5317286,0.08597379088401794,2.7249084091186524,1.4110330091203962,1.7741761779785157,0.5549003015081566,0.0737812067678586,-0.043779553345271505,-0.022442620746239372,-0.4558127152579171,-0.37562463992092027,-0.5073357613637601,-0.06011718094406056,0.42018804550170896,0.09967378854751585,1.6674486713409424,0.03772548993428548,2.255124829610189,0.005888050397237138,329,2275
CAGTACAGGTGGCTAT-1,GSM8576303_BM2,BM,v2,32,204,1177.0,951,1.5293119,-0.06349709510803223,3.185093870162964,1.64164060320173,2.022203356424967,0.9213463494097851,-0.14377172692233778,1.168525358608791,-0.15143071477939202,1.5481301215035574,0.996322142551223,0.5394577980041504,0.24602241964148194,0.9381368446350098,-0.3697282028198242,1.4292772789001464,-0.10504149119059245,2.5711561965942384,-0.03751482009887695,2444,917
CAGTAGTTGGAACTCA-1,GSM8576303_BM2,BM,v2,77,79,17657.0,6516,1.8802742,-0.07785018607974054,2.4745692348480226,1.844590497698103,1.8663490549723305,0.20268371306270005,0.031091752438044573,0.026151938438415567,-0.17684357502008624,-0.3700617218017578,0.190187916698226,-0.7242003432399131,-0.0706914323574059,0.42090261459350586,0.33731551170349117,1.3232937564849854,-0.14165308634440105,1.9568826166788735,0.13666161060333254,1102,1754
CAGTATGCTAGTGAGC-1,GSM8576303_BM2,BM,v2,92,90,5475.0,2975,2.3561645,0.2007149541378021,1.9851591205596923,1.1593603951590403,0.9998731231689453,-0.11316906232910462,-0.18532801433602628,0.10359803846904209,0.2961549333407652,-0.27401297623770576,-0.4338141751576619,-0.5827958699269354,-0.12606702714958448,0.5507654762268066,0.1580372524261474,0.9884579057693481,0.3325869607925415,1.4738336181640626,0.516289873123169,1220,2033
CAGTATTAATGCGACA-1,GSM8576303_BM2,BM,v2,58,136,1320.0,1078,1.5151515,-0.07521287441253661,3.4140974426269532,0.7272949709211076,0.7386223220825195,-0.17769052896154933,-0.15179967305746422,-0.22677387782505581,-0.21692281466158891,-0.2963214721679687,0.09162075308910816,-0.3198659500019662,-0.10095687840608943,-0.23719470977783202,-0.3553863525390625,2.190735355377197,-0.14748313903808594,2.937264607747396,-0.0716313107808431,1714,1401
CAGTCTATCAAGACGG-1,GSM8576303_BM2,BM,v2,38,208,2230.0,1696,3.0941703,0.20323249578475952,0.5956781196594239,1.525244696480887,-0.14949851353963217,0.6345574195126453,-0.2940066540576368,0.5898585152626037,1.0658494416095174,1.6627777219499862,0.2937688482813089,2.3890720506413903,-0.057110415209059746,0.1577473258972168,0.45935166120529175,0.25818504619598387,0.2790925693511963,-0.005446480115254726,-0.09475116729736328,2487,1029
CAGTCTCAACTCCTTC-1,GSM8576303_BM2,BM,v2,108,16,5283.0,3054,1.722506,-0.10720587730407714,2.3350288486480713,1.4369321986607144,1.944419504801432,-0.03621030045321666,0.3508255964575728,0.06774503060749598,-0.2916007055594108,-0.4107206380026681,0.2757706177761277,-0.5207071516909284,-0.10300077527961475,0.6056145095825194,0.013881072998046862,1.4286479988098144,-0.14945574442545573,2.058945617675781,0.08162383238474528,426,2331
CAGTCTCAAGCATAAT-1,GSM8576303_BM2,BM,v2,45,197,1367.0,1069,2.706657,-0.10218738555908204,-0.6126926422119141,-0.15081029891967773,-0.6126926422119141,0.5545846410544522,0.6927488644917806,0.9299496732439314,0.07034421308675948,0.19108267756870817,0.16880930379691372,1.6500775308874174,-0.08242054113605679,0.8005014038085936,-0.3823797988891602,-0.22172006225585938,-0.11011234283447266,-0.3560489273071289,-0.056482550303141275,2369,1159
CAGTCTTCTACTAGGA-1,GSM8576303_BM2,BM,v2,53,157,565.0,498,1.7699115,-0.02928476333618164,-0.019241201877593983,0.1983376748221261,0.7685547192891438,0.49056326337607503,-0.122959244203376,0.20742499249322074,-0.17736315795548666,0.3219783423287528,-0.10852341862567458,1.3009566611548742,0.3495640494107971,0.5578378105163574,0.5271257591247559,-0.09637541961669922,-0.09983602523803711,-0.2632561111450195,-0.04880793889363607,1940,1308
CAGTGCTAACCGCCGT-1,GSM8576303_BM2,BM,v2,36,192,292.0,253,1.7123288,-0.02671776294708252,1.2509551525115967,1.2718644823346819,0.6038570880889893,0.5583232703457874,-0.11993467185391958,-0.15461255754743303,-0.11228096860869224,0.8698656529017859,-0.07153350186635213,0.8982769773196169,-0.0119542563521622,-0.05343552589416504,-0.03562368392944336,-0.10520545959472656,-0.023749122619628905,0.3555429267883301,0.0,2315,992
CAGTTATGTATCGGTT-1,GSM8576303_BM2,BM,v2,46,148,19810.0,6746,1.4639071,-0.08063020125031473,1.9591365432739258,1.9407242475237165,1.9766482289632163,0.7137493263765512,0.06665243571747048,0.20872591052736555,-0.23731683359934666,0.03264573778424951,-0.04292566517749469,-0.34923192798691305,-0.06877421569847077,0.5475116157531738,0.15670334339141845,0.938407431602478,-0.08682846566041309,1.3055401293436684,-0.11269652048746745,1843,1178
CATAACGGCTTAGACC-1,GSM8576303_BM2,BM,v2,107,39,17977.0,6404,1.6687992,0.026531112790107725,2.4257963943481444,1.6569247218540737,1.9810602315266927,0.31327906191109656,-0.02636788374243698,0.09918129273823328,-0.03270508605732181,-0.46943830204010006,-0.20277219436254845,-0.697237330337956,-0.04975237293760021,0.5119462585449218,0.23885554313659663,1.442755491256714,0.07346568822860716,2.234357426961263,0.13141013860702513,673,2312
CATACCTCCGTATTGT-1,GSM8576303_BM2,BM,v2,49,159,3839.0,2711,2.1099246,-0.15144347190856933,0.03674899101257323,0.5049450411115374,-0.26773700555165614,0.05272186089711017,-0.40279131050569467,0.35372474806649346,-0.3154485751701289,1.609881674630301,-0.13998216941174732,2.6600777945148177,-0.1890684550240536,0.09498926162719723,0.35004462242126466,-0.18074704384803775,-0.20244354248046875,-0.16936695416768394,-0.11048211415608723,1961,1233
CATAGAAGTGGACCGC-1,GSM8576303_BM2,BM,v2,84,80,7348.0,3930,1.1839956,0.08337266206741334,2.1820432090759274,1.7076832798549106,1.61221310933431,-0.0013534663671470604,-0.030723313114387307,0.23133629151753016,-0.19849737355126446,-0.4221230019160679,-0.44541716671372994,-0.5393509567641115,0.13267251423427037,0.6550103950500488,0.2913639497756958,1.0986084232330322,0.13086613019307455,1.5598469289143881,0.03909280300140382,1113,1884
CATAGACTATTCGGTC-1,GSM8576303_BM2,BM,v2,105,17,9518.0,4793,1.5339357,-0.034988620877265925,2.178615875244141,1.4466893332345143,1.6703621419270835,-0.06919537586380675,0.15733555193543775,-0.13062022141047885,-0.1552634475370728,-0.3487227085658482,-0.4233840574701148,-0.7726704642276636,-0.15834758425718987,0.31758525848388663,0.27819803476333615,1.188852409362793,-0.1470736312866211,1.912326342264811,0.14298754215240478,437,2275
CATATCCATGCGTTAA-1,GSM8576303_BM2,BM,v2,33,199,4295.0,2503,1.8859138,-0.11688532829284667,2.5743804359436036,2.0155497305733814,1.2675094985961914,-0.0006369299677960183,0.16205439482758394,0.401053397996085,0.4190109145968262,-0.40003948974609377,1.037027619449968,-0.5767281127456051,-0.11986618554032089,0.9610305404663086,0.3164814901351929,1.4053032512664796,-0.11222942352294922,1.8843842697143556,-0.10374059041341145,2390,936
CATATCTGAGCGTAGG-1,GSM8576303_BM2,BM,v2,42,192,4687.0,3006,1.4508214,0.31507856607437135,-0.46643752813339234,0.46142054966517865,-0.8168943023681641,0.15846312668428847,-0.1727084231937472,0.6094003452573504,-0.3572127115419054,1.1597688042776926,0.12162169012199919,2.9210271131272285,-0.13019862591020212,0.2194139289855957,0.22020096778869624,-0.023587609052658054,0.45760212262471517,-0.5580670547485351,-0.0965667470296224,2315,1103
CATATGAAGTTCATGC-1,GSM8576303_BM2,BM,v2,50,154,550.0,495,2.909091,0.6646416330337525,1.5386487579345702,1.5742799976893835,0.16296672185262046,-0.14125892914921404,-0.14125892914921404,-0.10703057425362723,0.8461324078500929,1.353081916809082,0.34461217424476964,1.8054587015826773,-0.029737882166100828,-0.2544205093383789,-0.2872938346862793,1.3835509357452394,0.45071851094563803,1.2071983083089193,-0.019693085352579753,1907,1252
CATATGTCGGCTCCAG-1,GSM8576303_BM2,BM,v2,46,184,686.0,545,1.7492712,-0.06864530086517334,-0.7200418090820313,-0.41493709564208986,-0.7200418090820313,0.5189373574582449,0.24201410458269848,0.1346016878741128,-0.1579342598901437,0.9818924833025252,-0.11829556231517868,3.4219322680055466,-0.05750133207180356,-0.29482181549072267,-0.33600902557373047,-0.13866055297851562,-0.07982688268025716,-0.26427703857421875,-0.027458120981852213,2229,1178
CATATGTTAATATGAG-1,GSM8576303_BM2,BM,v2,49,171,0.0,0,,0.0,0.0,0.0,0.0,0.0,0.0,0.0,0.0,0.0,0.0,0.0,0.0,0.0,0.0,0.0,0.0,0.0,0.0,2090,1233
CATATTCTCGCAGAAG-1,GSM8576303_BM2,BM,v2,60,132,608.0,495,1.6447369,0.29306685328483584,1.5017205333709716,1.214353081839425,1.0587324555714925,-0.09186147973240619,0.28214600560860736,-0.14980731419154575,-0.16471881374588668,2.627653137207031,0.31577387248655875,1.458358918260408,-0.028783779016277135,-0.12100826263427734,-0.16389610290527343,0.34891342115402224,-0.08577566146850586,0.7374783198038738,-0.038122517267862956,1671,1438
CATATTGTATCGATGT-1,GSM8576303_BM2,BM,v2,110,4,16820.0,6038,1.8014269,-0.024880764484405515,2.8522833824157714,1.8980921827043806,1.7121315638224281,0.5441104800825617,0.04640153982279566,-0.056054327658244585,-0.18364713887820905,-0.5170710484640939,-0.09298867442042957,-0.822683568883148,-0.058039667279471144,0.15220422744750983,0.043237695693969735,1.7193549633026124,0.01134917894999185,2.4699985631306967,0.0601315975189209,297,2368
CATCACAGGCGTCACT-1,GSM8576303_BM2,BM,v2,53,161,1118.0,909,2.5044723,0.22970240235328673,0.3149738955497742,0.15617327008928572,-0.13684109369913738,0.18199448939786858,-0.25758876570736067,0.017992215667452127,-0.23221089710137222,0.5722537024361747,-0.22657308616791386,1.8466408849333988,0.355979802395902,-0.3138741111755371,-0.3892005157470703,0.38201428842544555,0.3041313314437866,0.32883396466573084,-0.08636274973551432,1983,1308
CATCACCTCCGGCGGT-1,GSM8576303_BM2,BM,v2,58,158,580.0,412,4.482759,-0.04521877765655517,0.12446979999542235,-0.3685918426513672,0.8702881368001301,0.28612921898623545,-0.1442392188382436,0.3406483561652047,-0.05201263755645315,0.20982424763270785,-0.12476791626957047,1.3494594094851557,-0.041208472027874636,-0.22204360961914063,-0.2946359252929687,0.264962872505188,-0.07964965184529622,0.37808750788370765,-0.052875906626383466,1950,1401
CATCAGACAAGATCTT-1,GSM8576303_BM2,BM,v2,87,89,7937.0,4312,1.6756961,-0.04980535626411439,1.9376662063598633,1.6254047502790179,1.793148625691732,0.14827503880343756,0.056202838151398815,0.19876756055014472,-0.24189404752280835,1.6680181732177735,-0.2821937713278345,0.8357998728180663,-0.02002640469990892,0.4869952392578125,-0.015376203060150195,1.1242384185791017,-0.037516366640726745,1.66991886138916,-0.1257257334391276,1210,1940
CATCAGCAACTACCTT-1,GSM8576303_BM2,BM,v2,63,139,17532.0,4663,0.78713214,-0.12971782684326172,2.0751070690155027,0.8027035086495536,0.10164385159810385,0.13516832259764155,-0.2096545929821209,0.3791154544694083,-0.009969339085757312,4.05045461164202,0.0530350677459594,3.0843654643540646,-0.09767905497710977,0.24068498611450195,0.1267219066619873,1.2271485738754273,-0.11055960337320964,1.5307325363159179,0.06443070809046428,1746,1494
CATCGCAATGTACCAC-1,GSM8576303_BM2,BM,v2,108,12,6782.0,3849,2.020053,-0.13035058975219727,1.823848114013672,1.4894970049176897,1.7763118998209635,-0.11116891644565935,-0.2584961628134197,-0.15278701782226561,-0.10982803433730962,-0.2782006555284772,-0.22708681979811338,-0.7649658017739125,0.1982560889261452,0.0020930480957030984,0.08742794036865231,0.941722339630127,-0.17224271138509115,1.4768047078450524,0.0032324433326721136,383,2331
CATCGCTCTTAGTGCT-1,GSM8576303_BM2,BM,v2,54,138,29462.0,8135,1.3033738,0.04433333158493041,2.5617408752441406,1.8476500374930247,2.205723444620768,0.3932776029808933,0.0018139209681656832,0.0025972693307059203,-0.19348538365951584,-0.420830843108041,-0.25000199232714243,-0.732938859058135,0.021504988263460256,0.47748859405517574,-0.0695690870285034,1.446908489227295,-0.02881126165390016,2.043386446634928,-0.05558486402034759,1736,1327
CATCGGCAGTGGAACC-1,GSM8576303_BM2,BM,v2,107,13,4809.0,2997,1.7883135,-0.13344755172729492,2.526473808288574,1.5052061789376392,1.654599952697754,0.15515152996323672,0.06240942474076344,-0.18683945740972246,-0.06527749812851857,-0.5143734130859375,-0.3527435547855484,-0.7521727901177119,0.03816846747412092,0.2200891876220703,0.35282789707183837,1.4886990566253662,-0.11419450124104817,2.0842315419514974,-0.08592118581136067,394,2312
CATCGGCCTATTGTAT-1,GSM8576303_BM2,BM,v2,94,56,4913.0,2883,1.4247913,-0.0858419132232666,2.3830825901031494,1.5885530853271486,2.082630755106608,0.37065644628072836,0.0406607890771985,0.41278382096971783,-0.3041987815354137,-0.06442820903233121,-0.4594428740352033,-0.22356241387123116,-0.14560050452315568,0.17347805023193352,0.19053717136383053,1.1715978937149047,-0.11986756642659505,1.7464944458007814,-0.09138316472371419,855,2070
CATCGGTAATTGGTCT-1,GSM8576303_BM2,BM,v2,102,38,12058.0,5478,1.3517996,-0.1447761058807373,1.8819449043273926,1.5016591753278459,2.138492037455241,0.4959837787122612,-0.05408856640310722,-0.05933210134506228,-0.16998545454019803,-0.43908196353912354,-0.4225892102622603,-0.7725385823505837,-0.03676951531595832,0.37719192504882815,0.4358388137817383,0.9819831819534302,-0.16512106577555338,1.4319827143351236,-0.023941053946812937,662,2219
CATCTTCAATAATTCC-1,GSM8576303_BM2,BM,v2,104,0,36872.0,8721,2.2889998,-0.004912939667701732,2.2905329036712647,1.9816556549072266,1.7427724965413414,0.5039016999394061,-0.25229510061370186,-0.0014644350324358735,-0.1419612887058891,-0.5003846703938075,-0.17475432899582338,-0.6840454990317472,-0.041446756539385926,0.5578481864929198,0.348018946647644,1.2367601289749146,0.021525471210479735,1.7857528686523438,-0.04073636909325917,254,2257
CATGCAGGATTCGCGT-1,GSM8576303_BM2,BM,v2,59,119,14638.0,5898,1.8718405,-0.06069541484117508,3.426528911590576,1.3299803488595143,0.8346667098999023,0.5855392519249973,0.08910589852828232,0.07168183599199568,0.174109452287047,-0.09011796188354493,0.039256636876178974,-0.1661162422121657,-0.07670023285874013,-0.07317287445068354,0.011564350128173806,2.3200168685913085,-0.013924605449040728,2.8546801630655922,-0.012555433114369713,1532,1419
CATGCGGCATACATTG-1,GSM8576303_BM2,BM,v2,103,55,28788.0,7679,1.6256773,-0.032155303955078124,2.2154000473022464,1.8151239776611328,1.704528160095215,1.0076442856386485,0.03850020065570242,0.280354893548148,-0.08328078440159892,-0.30391428266252785,-0.02642937070394613,-0.5835909720006633,-0.04606278853585599,0.6559168243408202,0.19462074279785158,1.2040251398086548,-0.07384796659151713,1.7763799667358398,0.08111014366149903,845,2237
CATGCGGCGAACGAAG-1,GSM8576303_BM2,BM,v2,59,149,1742.0,1298,2.1239955,-0.0492436408996582,2.896553192138672,1.7909339795793806,1.5775961812337242,0.5129794691461158,0.1296671256209268,-0.29171133858816967,-0.24436452258965347,-0.28590301513671873,0.08317848573248068,-0.19614355904715403,-0.05329254969654467,0.06698001861572261,-0.3654315185546875,1.5902212562561036,-0.048630383809407554,2.2833871714274085,-0.09951407114664713,1854,1419
CATGTCTGGCCACTAA-1,GSM8576303_BM2,BM,v2,84,60,14743.0,6030,1.2344842,-0.010296806097030653,2.317493553161621,1.8532647051130022,2.0186473083496095,0.07195314633319655,-0.31630629885832745,0.16847239800861902,-0.22379733390901793,-0.43212902545928955,-0.026959384780332274,-0.5182214551324013,-0.14500044496267434,0.46041137695312495,0.01353677749633786,1.3115620517730713,0.011678474744160977,1.8288357289632162,0.15131593465805052,898,1885
CATGTTGAAGCCTGTA-1,GSM8576303_BM2,BM,v2,113,13,7745.0,3792,1.2524209,-0.09981098175048828,2.8589762687683105,1.92861449105399,1.7658294677734374,0.3363291269325348,-0.04392586435590473,0.12097303152084349,-0.2112686290293993,-0.5503045043945313,-0.021625382833212692,-0.8722522914809668,-0.08689692836479852,0.7197626686096192,-0.28550876498222355,1.4915745878219604,-0.12050586700439453,2.219377784729004,0.06207115213076274,394,2424
CATTATGATCCTGCGG-1,GSM8576303_BM2,BM,v2,87,83,2897.0,1894,1.3807387,-0.06490108489990234,3.145963706970215,1.3072321101597377,1.5058398628234864,0.8457325280430805,-0.055469811270446256,0.18065148830413819,-0.26989350414549385,1.3422973044259208,0.11105527265004844,0.6315270165126139,-0.10908631190357593,0.15291134834289555,-0.08455941677093504,2.0167934150695803,-0.11946552276611327,2.7863428751627604,-0.06164612452189128,1145,1940
CATTCTACTCCATCCT-1,GSM8576303_BM2,BM,v2,31,219,20154.0,6772,2.4957824,-0.0981396946310997,2.31720685005188,1.6975950404575895,1.814733098347982,0.7807551521852794,0.04986120884403439,0.2035114911624364,-0.11584284653977883,-0.45307917540413994,-0.13792290936512164,-0.6358534235968,-0.1335290230360607,0.6155061340332031,0.1871415758132935,1.2436523561477661,-0.08978168288866678,1.8150940322875977,0.07019254366556803,2605,898
CATTGAACTGCCAGCA-1,GSM8576303_BM2,BM,v2,58,140,717.0,611,1.6736401,-0.0946578598022461,1.9733313179016112,1.1714546040126257,2.0210851287841796,-0.13298494270048947,-0.11947636431958301,0.5215842151641845,0.26236966297463515,0.2132700162615095,-0.1872923824203062,0.12339630291537379,-0.054453235344598755,0.38556282043457035,0.49374325752258297,1.219193696975708,-0.09015034993489583,1.4397788492838544,0.39666156768798827,1757,1401
CATTGAAGGAGCCGCA-1,GSM8576303_BM2,BM,v2,101,55,8346.0,4108,1.4378145,-0.042850806415081016,2.4901190280914305,1.5316636766706193,1.4580438613891602,0.31038999174493387,-0.057614784027336,0.3551588913372584,-0.10947378331698504,0.027455599648611884,-0.054300414989272294,-0.3419440713847701,-0.018098660820625417,0.7346731567382813,0.015570456981658931,1.4760907402038574,0.025704158544540417,2.0686985524495443,-0.09071489969889322,845,2200
CATTGACTTACACTCG-1,GSM8576303_BM2,BM,v2,115,9,3055.0,1995,2.1276596,-0.07988155364990235,3.1037014007568358,1.775373851231166,1.1528828620910645,0.43969550477453023,-0.02256467721274852,0.23156473704746794,0.17226352371546855,-0.07936065755571636,0.08070537842899922,-0.6521162506717963,-0.08285455895750314,0.894338912963867,0.23906942367553713,1.8271537895202636,-0.0823021952311198,2.8806625620524087,-0.05515006383260091,351,2461
CATTGCTGGTTCGATC-1,GSM8576303_BM2,BM,v2,49,143,11832.0,5776,1.7494928,-0.20125753402709962,1.9227047157287598,1.4296050698416576,1.9548128636678062,0.3772002032482959,0.006055777194646339,-0.023971955435616588,0.06621134364112108,-0.010648045131138373,-0.36687811933846837,-0.6196582484222442,0.04141172398085333,0.31864421844482416,0.5260247039794922,1.000055329322815,-0.1732204818725586,1.4563999239603675,-0.14327301025390626,1789,1233
CATTGTAGCCGCGAAC-1,GSM8576303_BM2,BM,v2,70,130,4134.0,1694,2.4431543,-0.07841300964355469,-0.06347382068634033,0.1465411703927177,0.11232749621073401,-0.2396869429622788,-0.26694568189751194,0.05980932474136352,0.05503566353915415,1.694942169189453,-0.1954105178036364,3.5570607007064163,-0.09816370714430842,-0.32967716217041015,0.13124216556549073,-0.03834166944026948,-0.11408910115559896,-0.1117420061429342,-0.08410168329874675,1650,1624
CCAAGGTAAGGCATCG-1,GSM8576303_BM2,BM,v2,74,128,605.0,371,0.9917355,0.3078641211986542,0.11558918356895448,-0.4070368194580078,0.23491636117299397,-0.1523959914364489,-0.10884773683356473,-0.13556787763323103,-0.11133867280189493,0.9827277265276229,-0.11501414134320485,4.083432377699124,-0.03563688585422183,-0.13564055442810058,-0.17847322463989257,0.26102460074424744,0.4009393231074015,0.16282956918080643,-0.05515398025512695,1628,1698
CCAATACCACAAGATA-1,GSM8576303_BM2,BM,v2,45,181,1004.0,814,1.2948208,-0.06584233283996582,-0.598823013305664,-0.46055915832519534,-0.027135632832845036,0.21408636455076285,-0.19197742814519797,0.6144195774623327,-0.16773970420859263,1.244842533656529,-0.16606022172184834,2.0284056988109906,-0.05624116987189991,0.2439063358306885,0.2558776926994324,-0.1529012451171875,-0.10806125640869141,-0.3033055114746094,-0.03990444819132487,2197,1159
CCACCGCTCAGTAGAC-1,GSM8576303_BM2,BM,v2,44,148,26646.0,7769,1.7451024,0.08447296619415284,2.0085970020294193,1.8434053911481585,1.9683091100056969,0.47959124994086455,0.015920031296406678,0.1854244702202933,-0.285842309415804,-0.3744824041639055,-0.027581612747835826,-0.5456979073591224,0.06150878412954415,0.6231729888916017,0.15971042156219484,0.9294712142944336,0.045621209939320895,1.491026757558187,0.19476529439290363,1843,1141
CCACCTCCTATGACTC-1,GSM8576303_BM2,BM,v2,96,74,17430.0,6283,1.4802066,-0.021489234566688525,2.2816699218750003,2.015153928484236,1.3818855158487955,0.5874630629298199,-0.015293120517172631,0.11828181403023852,0.017321087520628997,-0.5595015189307077,-0.13048563376966732,-0.8828922596439533,0.10332149078610531,0.5353790283203125,-0.08084714174270635,1.2177766733169555,-0.015438392162323011,1.738242073059082,0.05673281749089559,1049,2107
CCACGACAACTCGCTC-1,GSM8576303_BM2,BM,v2,41,191,6621.0,3755,1.9634496,0.1284981918334961,-0.6568220531940461,-0.026312223161969794,-0.5616264120737713,0.10200007373549369,-0.27661753282147583,0.2064421715055193,0.25209076952065695,1.7824735586983815,0.12852684273777237,3.057765359046475,0.10966555772783201,-0.10552299499511714,0.053511872291564955,-0.19106919836997988,0.14744682312011717,-0.6717693328857421,0.04215375185012818,2305,1084
CCAGCCTGATCCGAGT-1,GSM8576303_BM2,BM,v2,87,85,7542.0,4125,1.4584991,0.16838625192642212,2.5751569557189944,1.5128035409109934,0.9090515263875327,0.24945350535902155,0.11424515675486191,0.098635425227029,0.09425698759318668,0.7432202562604631,-0.03661498965987242,0.073731586551392,-0.019275278853090022,0.3334672927856446,-0.03520492315292356,1.864098487854004,0.1571798594792684,2.4693316523234046,0.16581466833750408,1167,1940
CCAGGATAATCAATAG-1,GSM8576303_BM2,BM,v2,64,128,601.0,410,1.8302828,-0.05740217208862305,1.305298490524292,1.0966561017717635,0.099448922475179,-0.14957732847895489,-0.1310493285397449,0.5607108102525984,-0.11608446225054285,2.236325273786272,-0.1570291634065559,2.7173786437637166,-0.05038568637515074,0.3994856452941895,-0.23193824768066407,-0.14200556945800782,-0.07653622945149739,0.3232688760757446,-0.030915724436442058,1628,1512
CCATACATGTACCGAA-1,GSM8576303_BM2,BM,v2,114,12,7272.0,3842,1.7051706,-0.00546992391347885,2.8734998893737793,1.6742413657052175,1.6173424911499024,1.066768378139021,-0.4213395022962946,0.16851344210760932,-0.0018940246158870022,0.3742328447614398,-0.23425525618365492,-0.38871183399957526,0.004395281537038595,0.38813434600830077,-0.44404552638530737,1.7509928054809571,0.008485284248987812,2.3698132705688475,0.126348078250885,383,2442
CCATACCTTCCAATCT-1,GSM8576303_BM2,BM,v2,43,197,1924.0,1515,2.4948025,0.14593174755573274,-0.6686188507080079,-0.19612083707536965,-0.06056989510854094,0.3082331026414312,-0.31909522857053213,0.5216681286266872,0.5784402840263376,0.18984628077915733,0.002670716808502893,1.8963908253100095,0.17489424339305404,-0.06448962688446042,-0.5114056396484375,-0.03386384379863738,0.18646508296330766,-0.443858642578125,-0.06688538233439127,2369,1122
CCATCAGCTAGATTCG-1,GSM8576303_BM2,BM,v2,52,168,2794.0,1913,3.5075161,0.08315496265888214,0.7841022491455079,1.0192550441196986,1.244928805033366,-0.07753439241623783,-0.10849782227785915,-0.1963968798943928,1.0860582953635367,0.4666684673854283,-0.32691633844950113,1.003750241499962,0.25993988772252374,-0.4569345474243164,-0.19826563239097594,-0.2787955322265625,0.10614853938420613,-0.3447612277666728,-0.0690693219502767,2058,1289
CCGAAGGTGAGTCTGG-1,GSM8576303_BM2,BM,v2,60,126,423.0,314,2.1276596,0.7770664954185486,2.6341553592681883,0.4064188793727329,2.00300884882609,0.43853953612377367,-0.09552678334186354,-0.09950483049665179,-0.09672064357637335,3.1354844240461075,-0.06434534065215942,3.0844421816466525,-0.03225903863074796,-0.1475611400604248,-0.17960512161254882,1.8347491102218627,1.0018025239308674,1.6239977010091147,-0.02136265277862549,1607,1438
CCGACACCAGTCACAT-1,GSM8576303_BM2,BM,v2,60,140,492.0,422,2.0325203,-0.03059889793395996,1.8937654685974121,1.1358412170410157,1.472434539794922,-0.07910916125439257,-0.07642071888628733,-0.16209531511579242,-0.09926850064777713,2.408238935198103,0.4335609133463787,1.1894771863035822,-0.06160851933012073,-0.0764972448348999,-0.1376950454711914,1.276138175010681,-0.03059889793395996,1.6399486796061198,-0.04079853057861328,1757,1438
CCGACATAACCAACCG-1,GSM8576303_BM2,BM,v2,44,168,2195.0,1739,1.8223236,0.3457588028907776,0.1388493490219116,0.43647001538957875,-0.5474754063288372,1.0042487770678048,-0.3372422183852598,0.5194371802466256,0.3072116549660132,0.7253480856759208,0.046588314584938895,1.8874847744935312,0.16615002107300214,0.09286480903625488,-0.1236792922019958,0.3527935457229614,0.4170064322153727,-0.02235258420308439,-0.047725308736165366,2058,1140
CCGACATCGGCAGTCG-1,GSM8576303_BM2,BM,v2,33,209,2124.0,1508,2.9661016,0.09865474581718445,2.704690570831299,1.9901726368495396,0.08829160054524743,0.5233568245148563,0.042377032976484263,0.21736070019858222,-0.25912689821084794,0.1106374353681292,1.1538810117177694,0.05189800673911804,-0.13883003132455302,0.5849350357055665,0.44801040172576906,1.499551630973816,-0.10195492426554362,2.367563273111979,0.2186339553197225,2498,936
CCGACCTTCTATCACC-1,GSM8576303_BM2,BM,v2,93,39,24034.0,6942,1.2315886,-0.07197629258036614,1.51605393409729,1.6068119049072265,2.555996119181315,0.35900377269729555,-0.30034242979904324,-0.013138933862958613,0.008083705574188693,-0.43352751364026754,-0.15084330791450407,-0.7794711102918148,-0.12142199317880925,0.25531059265136724,0.4044787883758545,0.7547091102600098,-0.09176524221897125,1.1316604359944664,0.12303995211919148,673,2052
CCGATAGTTAGCGGTC-1,GSM8576303_BM2,BM,v2,43,191,810.0,688,1.9753088,-0.06477981567382812,0.006881966590881361,0.5004535865783691,-0.20905076026916503,0.44752558168158474,0.1478147799436621,0.9808538695744106,0.5490952041663453,0.6933325293404715,0.3639275424451713,2.128692795194807,0.6794738394644894,0.3849186325073242,-0.3849361038208008,-0.16189739990234375,-0.08855629603068034,0.1179569911956787,-0.01727461814880371,2305,1122
CCGATTAACCTTATGC-1,GSM8576303_BM2,BM,v2,95,73,13299.0,5381,1.6091436,0.026353461146354673,2.7964611053466797,1.991763120378767,1.804926554361979,0.1535131050400944,-0.0331417076627345,-0.005103996821812173,0.2126878163778435,-0.4307317198344639,-0.16858460050988872,-0.7074460820978006,0.05791129476157726,0.4863270950317382,0.17140317201614375,1.6579192943572998,0.0376420553525289,2.5252946345011393,0.264742964108785,1038,2089
CCGCAAGTCCGATTAT-1,GSM8576303_BM2,BM,v2,46,180,527.0,453,2.6565464,-0.0449174690246582,0.1033811032772064,0.07602700778416227,-0.27093114852905276,-0.14126842759220476,-0.1893728325165898,-0.16750838143484933,0.7219034100086339,0.6190435632978167,-0.12453673642323199,1.7381715628239016,-0.06253284095917772,0.40714499473571775,-0.19175460815429687,-0.1526813507080078,-0.019963320096333823,-0.26192346572875974,-0.009981660048166911,2187,1178
CCGCAATATCGTTCAA-1,GSM8576303_BM2,BM,v2,80,70,14916.0,5584,1.4883347,-0.05731054365634919,2.1845927810668946,1.4777290126255582,2.4783069864908853,0.3842443280430683,0.13629671054124426,0.11365503651755193,-0.07302361792635831,-0.4990726717540196,-0.07714941511192475,-0.7570938370257531,0.1255237983034304,0.6171215438842773,-0.034992163181304936,1.124351019859314,-0.1537381108601888,1.5505712954203288,-0.029158605734507237,1005,1810
CCGCAATGTCTTAGCG-1,GSM8576303_BM2,BM,v2,31,213,19862.0,6755,1.4751787,0.02095284461975097,2.417109832763672,1.6631430380684986,2.2356999969482425,0.40820273433823184,-0.1842097680731471,0.11843747241156444,0.1202017755426445,-0.32126408386230465,-0.03331640207145109,-0.6909604529749285,0.07613145333579951,0.471463508605957,0.5006699085235595,1.429726315498352,0.01883096059163411,1.8250618489583335,0.01796515385309856,2541,899
CCGCGAGTATTGTCTT-1,GSM8576303_BM2,BM,v2,89,49,2715.0,1829,1.3627993,0.16998852849006651,2.754554557800293,1.3634375544956754,1.4905927658081055,0.20644858228154928,0.21735725222274072,0.5950950755391802,-0.20377636229069662,0.2034718824114118,-0.3069579342761672,-0.3322494568326443,-0.12434823721047215,0.058803405761718774,0.23042610883712766,1.8808434104919434,0.23694465796152747,2.1630232111612955,-0.05146634737650553,780,1977
CCGCGTCTAGACCTCA-1,GSM8576303_BM2,BM,v2,39,193,695.0,626,2.1582735,-0.11782913208007813,0.6906263256072998,0.5301818248203822,0.8837114397684733,0.28139107629477256,-0.1496043990414784,0.5962441212790353,0.22224708712105862,0.33745634160723004,-0.13439178466796875,1.1203581690216797,-0.06421254945281368,1.0821889686584474,-0.2116226577758789,0.5208240494728088,-0.09332105000813802,0.6480605665842691,-0.02733620007832845,2326,1047
CCGCGTTCCTGCGGTG-1,GSM8576303_BM2,BM,v2,95,43,9350.0,4191,1.1550802,-0.09871710777282715,1.3160897922515868,0.9064242771693639,2.1010016632080077,0.2578996395969008,-0.17484110036391468,-0.23279943977083484,-0.23184757199972517,-0.45635208129882815,-0.16292277277712838,-0.7347497821768544,-0.10670160127166134,0.15753652572631838,0.3681201601028442,0.6848017029762268,-0.12499717712402343,1.0692342376708983,0.07987202326456706,716,2089
CCGCTCCGGTCAGAAC-1,GSM8576303_BM2,BM,v2,64,124,206.0,182,5.825243,-0.04878568649291992,2.6222312450408936,0.2192076928274972,1.8825515111287436,-0.06269646456921436,-0.07837058071151795,-0.10624947684151785,-0.06182205506245523,1.3471732439313615,0.5877793553363846,1.94097596824112,-0.09167780012092334,-0.13659992218017578,-0.13659992218017578,1.4011249160766601,-0.01300951639811198,2.455451431274414,-0.01300951639811198,1585,1512
CCGGACGAAGTTAACT-1,GSM8576303_BM2,BM,v2,40,186,359.0,325,2.7855153,-0.0504343318939209,0.20503539562225342,0.11031471797398162,0.3451307487487793,-0.1987896195377212,-0.18528644914129172,-0.09606539045061384,-0.06937446703541927,0.2823324639456613,-0.15124836504220004,2.7492723574688656,-0.02256569446333303,-0.18162776947021483,-0.18162776947021483,-0.1872479705810547,-0.09191326141357421,-0.2623868942260742,-0.01120762825012207,2251,1066
CCGGAGACCGGATTCT-1,GSM8576303_BM2,BM,v2,95,35,9818.0,4804,1.4666939,-0.05087071329355239,2.103659048080444,1.2421644374302456,2.020993207295736,0.16726819243297036,-0.13720875421065537,0.03468689203262332,-0.1722909480491916,-0.2633974031720842,-0.1708099109580718,-0.778284164825999,-0.09876013122148962,0.42821195602416984,-0.0006096148490906117,1.2591913843154907,-0.039968336820602426,1.8217050806681314,-0.11721391042073567,630,2089
CCGGAGTATGTTCCAG-1,GSM8576303_BM2,BM,v2,73,83,7689.0,3901,3.1473532,-0.0033264735341072132,1.9416252422332763,2.024383250645229,1.68645751953125,0.2718789855160388,-0.1632070591308848,0.08287558998380384,0.16881788504011452,-0.4840018728119987,0.10929938779777315,-0.7727051620743991,0.04052746461656155,0.4256833457946777,-0.03416236877441403,1.0670508108139038,-0.01045550068219503,1.5531186485290527,0.10357285976409913,1145,1680
CCGGAGTTCATAGCGG-1,GSM8576303_BM2,BM,v2,85,61,13646.0,5664,1.5242562,-0.07797951906919479,2.7144939708709717,1.401289073399135,2.0067136891682944,0.25184177586352485,-0.13101935605515846,0.20944138186318528,-0.1953721752529792,-0.46017300762449,-0.37390235497290825,-0.5236955285643801,-0.05886531099034177,0.2756614303588867,-0.24771250128746036,1.6291030559539794,-0.1456319808959961,2.3269196955362954,-0.03380320509274801,909,1903
CCGGATCACCTGCGGC-1,GSM8576303_BM2,BM,v2,34,204,2570.0,1843,1.9066148,0.09231789112091064,2.8554101943969727,1.4733456856863842,0.5956510861714681,1.0131804339856987,0.034905997624837704,0.8668050561632429,-0.28074597902489257,0.3351024594988141,1.7503088487678742,0.29238746401676174,0.20437599165670484,0.20324661254882814,-0.4584538650512695,1.904903564453125,0.15344937006632486,2.443589630126953,0.20636292139689127,2444,954
CCGGATCATATGTCAC-1,GSM8576303_BM2,BM,v2,84,78,5303.0,3243,1.0937206,-0.12843032836914062,2.484505338668823,1.4574898202078685,1.8531588745117187,-0.21568862573210018,-0.17312141375779697,0.13958648988178796,-0.04154778668688203,-0.3475928733008249,-0.2044520289543642,-0.4199362754364599,0.03982653428129816,0.4332143974304199,-0.3626549828052521,1.325292673110962,-0.12513670603434246,2.2020285415649417,-0.09501967112223307,1091,1884
CCGGATGGTATTAAGA-1,GSM8576303_BM2,BM,v2,109,23,11209.0,4800,1.2668391,-0.11011672973632812,2.4460479068756102,1.909629135131836,2.1548222351074218,-0.1374660249216011,-0.07096978979280333,0.04279823132923671,0.057352535460164056,-0.2813410508292062,-0.32429764907522857,-0.37578948094997966,0.02789444868539459,0.3044360542297364,0.30683395862579343,1.2335982303619386,-0.13963457743326824,1.9872806676228842,0.004190456867218015,501,2349
CCGGATTGGTGCTTCT-1,GSM8576303_BM2,BM,v2,39,183,1570.0,1243,1.7197453,-0.13294154167175293,0.1932489395141601,1.0031345748901366,0.2773251056671142,0.13524869024514194,0.07869971311441182,0.267639182635716,0.04644313807181047,1.35349681527274,0.06019539478792241,2.1373473045809956,-0.07790776707181994,0.18633895874023437,0.0517747950553894,0.03286386084556581,-0.11652857462565104,-0.19219968954722083,-0.05992019653320312,2219,1047
CCGGCACGTTGACATT-1,GSM8576303_BM2,BM,v2,52,176,156.0,144,6.410257,-0.05219954967498779,0.765938982963562,0.3254069818769183,1.2281755065917968,-0.07260467345456043,-0.055833732267938946,1.0700139917646136,-0.059827564097407214,0.5576597284589495,-0.06708375708645127,1.803538667161307,0.0,0.8887610340118408,-0.06263945579528808,-0.05561039733886719,-0.041759637196858726,0.4665943368275961,-0.027839759190877278,2144,1289
CCGGCGAGGTCTGTCG-1,GSM8576303_BM2,BM,v2,110,2,14040.0,5842,1.4316239,-0.14579641342163085,2.1219839096069335,2.035403780255999,1.1614596684773764,0.4882518527019455,0.3932841101803454,0.08115365641457695,-0.006283185348323339,-0.512449253490993,0.0010868669992469826,-0.9554343296148862,0.14442399569920134,0.5733146286010742,-0.1474389886856079,1.0597941942214966,-0.1512097422281901,1.6695770835876464,0.08224653641382854,275,2368
CCGGCGTCAAGGTCTG-1,GSM8576303_BM2,BM,v2,55,131,15874.0,6495,1.3985133,0.3042436957359314,2.775983028411865,1.7609044647216796,1.143892936706543,0.7496651750970555,0.14592511108122674,-0.032720793655940494,-0.42476297722846523,1.5215052250453402,-0.1243757895197734,0.9151148718361202,0.13661002564178787,0.448423614501953,0.27651083707809443,1.9012374248504638,0.38669809500376384,2.3452841440836587,-0.053664538661638894,1660,1345
CCGGTAACTGAGTGGC-1,GSM8576303_BM2,BM,v2,85,75,8211.0,4018,1.1935209,-0.13401347160339355,1.4182136058807373,1.618086722237723,2.3629013697306314,-0.009535544847388833,-0.13499930393264953,0.03539314304079327,-0.09144785684295914,-0.5334380493164063,-0.16655445051001733,-0.7080327672446334,-0.10650886945276453,0.613133888244629,0.5014680576324463,0.6536367893218994,-0.16208286285400392,1.171158905029297,0.03836860259373984,1059,1903
CCGTAACAATTATGCG-1,GSM8576303_BM2,BM,v2,95,77,15364.0,5896,1.3538141,0.10929852247238159,2.4978968811035154,1.8338670022147043,1.8364754231770835,0.3514503120897285,-0.1630712808443771,0.24033040523529048,0.02599537436024263,-0.6036967655590603,0.012085164885923094,-0.7219155398219795,-0.00022841351372855645,0.2771509552001953,0.3674904298782349,1.4044439744949342,0.1791039752960205,2.114077466328939,0.03394170721371968,1081,2089
CCGTAACATCGAATGC-1,GSM8576303_BM2,BM,v2,60,124,856.0,701,2.5700934,-0.050804057121276856,3.283074960708618,0.6658402579171318,1.4613029416402181,0.2896512641485436,-0.1556791588963275,0.5332665007455009,-0.19663411225152222,1.586615696498326,0.629878121686269,1.1861902494787142,-0.02557251117373473,0.5039531135559082,-0.2224464797973633,2.2511784439086915,-0.0592713991800944,2.6450478235880532,-0.016934685707092285,1585,1438
CCGTAAGATAGTCCAC-1,GSM8576303_BM2,BM,v2,45,189,1884.0,1362,2.0700638,0.13660827577114104,-0.7518791961669922,-0.5667334365844726,-0.4449132291475932,0.6890407049033537,-0.26459463341647843,1.2574829121998379,0.6310845288008488,0.3641946443830218,-0.007429186838218971,1.5753284831060772,-0.08444451965741663,0.7456403923034668,-0.09410812497138976,-0.0701476866006851,0.17600504477818804,-0.3820452499389648,-0.0675325075785319,2283,1159
CCGTGACACTAGTATC-1,GSM8576303_BM2,BM,v2,106,36,12177.0,5330,1.2564671,0.09400173783302307,2.3525496673583985,2.0268959372384208,2.1068106842041017,0.35431275693288294,-0.12136876316366019,0.18435279948370797,-0.1888050974952457,-0.2068625065939767,-0.04321892385980691,-0.5062037892675354,0.007694876376871634,0.5670750427246095,0.2427527570724487,1.220640233039856,0.12056724071502684,1.780558344523112,0.06353410681088766,641,2293
CCGTGACTCGGATAAT-1,GSM8576303_BM2,BM,v2,110,36,12013.0,4961,2.2642138,-0.1140556812286377,1.5412267875671386,1.4732627214704241,2.224497718811035,0.7121781747503932,-0.21676467440282896,0.14137148516518727,-0.13982387766016344,-0.5789914883204869,-0.02673275595209207,-0.8394094107820798,-0.1333676280591312,0.4841569709777832,0.2719715547561645,0.6646509456634522,-0.14543272654215494,1.2178696505228677,0.009430774052937824,641,2368
CCGTGCTGCACGGATT-1,GSM8576303_BM2,BM,v2,88,60,803.0,622,0.871731,-0.05198448657989502,3.5446266746520996,1.381705698285784,2.2089970525105795,0.4928037919193865,0.5468449291660398,0.13918167097227915,0.17761659378211028,0.13472274480547222,-0.08350921538938959,-0.43186044372968224,-0.03488891716771478,0.2403735828399658,-0.33473217010498046,1.842491539001465,-0.060648568471272785,2.723994369506836,-0.05416873296101888,898,1959
CCGTTCTATCTAGGAG-1,GSM8576303_BM2,BM,v2,103,39,7705.0,4110,1.5055159,-0.019435302019119263,2.301650056838989,1.464277910505022,1.8269803619384766,-0.04191834859579924,-0.3159230978271432,0.09026072944913593,0.14449795484054884,-0.21197765868050705,-0.2563531346110455,-0.699385101934636,0.095758688186982,0.12010910987854007,0.22627949237823486,1.309995101928711,0.005376254717508938,2.0152521769205727,0.1713064924875895,673,2238
CCTAACTACGCTCGGA-1,GSM8576303_BM2,BM,v2,62,146,1216.0,887,1.6447369,0.22217745542526246,3.8256306076049804,1.863447892325265,0.8236876551310222,-0.22449358591592936,0.12859394792435294,0.02925720521381922,0.11006932077083828,2.4971455514090404,-0.1631701059609532,1.4143875539017088,-0.05964496151712917,0.08530073165893559,-0.3812719345092773,2.2589771194458006,0.2888306903839111,3.042911376953125,0.3332661851247152,1822,1475
CCTAACTTGGACTCGT-1,GSM8576303_BM2,BM,v2,49,139,4084.0,2486,2.3506365,0.13071531057357788,3.0990814399719238,1.3464684404645646,0.7719185384114582,1.1023938971829703,0.07114526559344941,-0.01574109281812397,0.34125861817093306,0.4228576774597168,-0.16527045443354837,-0.26301012354637726,-0.13002815502601983,-0.03771857261657707,0.031180872917175306,1.946869550704956,-0.10316354115804037,2.5657361475626628,-0.07840429306030273,1746,1234
CCTAAGCGTAGGTCGC-1,GSM8576303_BM2,BM,v2,94,66,6578.0,3727,1.4898145,0.11469562292098999,1.9092724704742432,1.3689819989885603,1.9478187942504883,0.23286108175913495,-0.02995261473007338,0.06522009032113207,-0.3704878143048218,-0.42220634705679755,-0.05918717144962293,-0.5067113403620221,-0.005700889735528181,0.6377154159545898,0.3627189540863037,1.2375884847640992,0.023075846036275216,1.675276266733805,0.17539723634719845,963,2070
CCTAATTGCCATCAAC-1,GSM8576303_BM2,BM,v2,105,19,6023.0,3460,1.510875,-0.14306482315063476,2.564462604522705,1.5008946228027344,1.7547659301757812,0.3213262969710262,-0.15793392942749215,0.13920154094696047,-0.21145182874814636,-0.19339734131949288,0.16853471549160515,-0.35321552847170073,-0.15372426077823512,0.42148746490478517,0.3110964298248291,1.5791226835250853,-0.13207514444986979,2.2957117716471354,-0.10757151285807291,458,2275
CCTACCGCGACCATTG-1,GSM8576303_BM2,BM,v2,90,76,7259.0,3633,1.2536162,-0.1030284309387207,1.8921478748321534,1.5265108163016186,2.1150330861409508,0.5250138652372551,-0.14535025112668606,0.009233219453266661,-0.07988204894571388,-0.54397412109375,-0.12043151343203931,-0.7235971693224554,0.13136540883339493,0.08537837028503414,0.3588804173469543,1.0158995695114137,-0.11275193532307942,1.372907168070475,-0.07233431498209636,1070,1996
CCTACGAGTAATACAT-1,GSM8576303_BM2,BM,v2,40,200,2577.0,1976,2.7939465,0.6297095799446106,0.9608475494384766,1.4413459014892578,-0.6660336327552795,0.30306377899215875,-0.21932686189092307,0.5041242899213518,0.9736413124200023,1.1781697387695313,-0.061846177980124206,1.1750307503734088,0.12678384015109828,0.20178814888000485,0.44816908836364744,0.5623639607429505,0.8845640977223714,0.3817419179280599,0.1493398388226827,2401,1066
CCTAGTTCCGACTCCG-1,GSM8576303_BM2,BM,v2,113,25,18658.0,6165,1.9026691,0.033613480329513556,2.498045845031738,2.1076912144252233,1.3425006103515624,0.4143603441705666,0.0396446038167913,0.13757936137063165,-0.08636543597542651,-0.4291376530783517,0.0642251939658659,-0.6609689227000864,0.013973550394191722,0.43273923873901365,0.2893981170654297,1.360238450050354,0.07838372389475506,2.0043531036376954,0.06924444715181986,523,2424
CCTATGATCCGCTTCT-1,GSM8576303_BM2,BM,v2,106,18,3710.0,2387,1.644205,0.06398523807525634,2.921456680297852,1.9538458796909879,1.81588747660319,-0.1336378821407456,0.02331878149981348,0.021686704499380927,0.3607757516049773,-0.12101346560886933,-0.38561873838125943,-0.6994396440134752,-0.08517635268653,0.30663269042968755,0.4254615688323975,1.9601330490112305,0.10962961196899414,2.446616948445638,-0.08896549224853516,447,2294
CCTCACCTAACGTTCA-1,GSM8576303_BM2,BM,v2,67,129,1444.0,801,2.0775623,-0.07919678211212158,0.4422755527496338,1.9098979568481445,1.6550680287679038,0.1178086632226844,-0.24956996565363015,-0.2309812491280692,-0.18587270917045354,1.326524794442313,-0.21540222780771523,3.527228403868634,-0.09148952304916894,0.17157538414001466,0.7721450281143188,-0.13590533447265624,-0.03659407297770182,-0.3329267883300781,-0.028837534586588543,1639,1568
CCTCACTATGCGGTGA-1,GSM8576303_BM2,BM,v2,55,149,5229.0,3108,1.5873017,-0.12545681953430177,2.2501980686187744,1.5433165522984098,1.8559698486328124,0.007195679538221256,-0.3077700980695855,-0.06068750807217188,0.06476186486086882,-0.54280810546875,-0.22922979923615974,-0.842118231242135,-0.11212383500681627,0.33881818771362304,0.035224921703338574,1.1760987253189086,-0.10145423889160156,1.6268510055541991,-0.13857161204020182,1854,1345
CCTCCATCAGTTACGC-1,GSM8576303_BM2,BM,v2,83,81,10105.0,4912,1.2469075,0.0372580873966217,1.8873551559448243,1.5217127663748606,1.9485505294799805,0.10867640627435893,-0.06811803767411656,0.06339451074600222,0.004303755547441113,-0.5079946577889579,0.10492031449773709,-0.770363371987128,-0.10639485096771445,0.3815945243835449,0.33187481403350827,0.940270227432251,0.0649412743250529,1.5448560841878258,-0.10843167622884115,1124,1866
CCTCGCGACGTGCTAA-1,GSM8576303_BM2,BM,v2,97,29,7572.0,4225,1.8357105,0.1445581030845642,2.473299617767334,1.54787355695452,1.4691045633951823,0.003989081784903259,-0.0904491928481399,0.06525979587009972,-0.2481706666009523,-0.3979134056908744,-0.22423360553611235,-0.6180778612683626,-0.13572200032688628,0.3831762504577637,0.3953196144104004,1.698826738357544,0.21918286323547365,2.2639619954427084,0.040077191193898506,565,2126
CCTCGCGGATCGTTAG-1,GSM8576303_BM2,BM,v2,63,135,1007.0,654,1.6881827,-0.04783111572265625,0.61734046459198,0.1770529515402658,-0.010360539754231735,-0.20681615622646837,-0.17687960705125189,0.1645904348577772,-0.1772060886153519,3.1643743852887836,0.20934939097209151,3.1131409986135714,-0.050321002934603086,0.45567265510559085,-0.2065138626098633,0.1948352162837982,-0.11505821228027344,0.6650378354390463,-0.07102785110473633,1703,1494
CCTCGCTGCGAGTTGA-1,GSM8576303_BM2,BM,v2,94,38,13789.0,5497,1.2763797,-0.034184205234050746,1.9384384059906006,1.4666650390625,2.571894238789876,0.30919107471603946,-0.04548420115441887,-0.012361592565264035,-0.1973935737992426,-0.4368698590823582,-0.3208640160330807,-0.5113997800009591,-0.14848883200011798,0.4733152770996093,-0.039121885299682635,0.8575441341400146,0.0007312174638112179,1.3775858052571617,-0.024764530658721917,662,2070
CCTCGGTTGTATTCTG-1,GSM8576303_BM2,BM,v2,87,63,5012.0,2969,1.4365523,-0.15466835021972655,2.762262363433838,1.486247133527483,2.217401682535807,0.8508883547112646,0.24185284977320348,0.14207092693873813,-0.31810830452380684,0.49289796175275524,0.06992605172965422,0.11762815239559765,0.05389622542453522,0.18168970108032229,-0.033967447280883745,1.6424582700729369,-0.14771700541178384,2.5554183451334636,0.29083557605743404,930,1940
CCTCTACCTCAATATT-1,GSM8576303_BM2,BM,v2,89,43,3903.0,2280,1.8447349,-0.10116233825683593,3.4293503189086914,1.4200920540945874,1.9490691248575844,0.2515686879675072,0.26377747514366895,-0.014340492657252735,-0.3106595233381648,-0.06865266718183244,0.0033767965424013058,-0.11559442088565108,-0.11691811580785968,0.1460962677001953,0.7438206386566162,2.0740145797729492,-0.1070477294921875,2.978043556213379,0.1591058293978373,716,1977
CCTCTATTCGTGATCC-1,GSM8576303_BM2,BM,v2,91,83,16196.0,5780,1.3151395,0.21260838389396666,2.7646573543548585,1.9006304386683872,1.6378694534301759,0.2657549678082447,-0.1292889482730159,0.31299091918127875,-0.20152663289158743,0.01979911531720846,0.3297574366910391,-0.39670769434532976,-0.05346048715473478,0.7632535552978517,0.1298474168777466,1.8255015888214112,0.12044597069422402,2.417939122517904,0.07068686644236245,1145,2014
CCTGAACCAGTCCGGC-1,GSM8576303_BM2,BM,v2,46,162,337.0,307,1.7804155,-0.02567551612854004,-0.21893836975097655,-0.4653436279296875,0.35162864208221434,0.4166146545525057,-0.12645515380614253,0.31532305768557956,-0.09330650045400363,1.4617947235107422,-0.06874301251637409,2.7464876188642116,-0.01148792641274881,0.5409771919250488,-0.17793722152709962,-0.1670301513671875,-0.09129072825113932,-0.4585765075683594,-0.057056700388590495,1993,1178
CCTGAAGTGCTCTGAA-1,GSM8576303_BM2,BM,v2,73,123,226.0,174,4.8672566,-0.009530384540557862,1.5638619232177735,2.804817545754569,1.9216364987691246,-0.13778868832262645,-0.09185912044172785,-0.06535120282854352,-0.0327692305119468,0.4323747743879046,-0.0765492695881181,0.9310998358868228,-0.012792462470547465,-0.09871402740478516,-0.1177747917175293,-0.07624307250976563,0.0,0.44659174601236973,0.0,1575,1680
CCTGAATAGGCCAGGA-1,GSM8576303_BM2,BM,v2,83,85,8653.0,4497,1.433029,0.14396204233169554,2.359437427520752,1.9171160343715121,1.4282474136352539,0.4629035656710705,-0.001178460222376665,0.0035276862553187405,0.13988688789427012,-0.2723496750422886,-0.0007596743633469516,-0.1796429561860038,0.10574315698354836,0.5102908706665039,0.06778256893157963,1.1139992551803588,-0.06651297807693482,1.6718928400675455,-0.10986897786458333,1167,1866
CCTGCTATTGTCGCCT-1,GSM8576303_BM2,BM,v2,109,37,14366.0,5830,1.9560072,-0.020280219912528985,1.4070986747741698,1.7887796347481861,1.7853794733683266,0.6927783201975994,-0.015409864643423032,-0.07263726047107155,-0.2385989163334722,-0.37443373843601774,-0.17451503142774344,-0.6780747154643644,-0.05863730579414625,0.3503191375732422,0.23756191730499265,0.6887413539886474,0.04964378118515014,0.895255953470866,-0.02778542955716451,651,2349
CCTGCTCCGCAACATT-1,GSM8576303_BM2,BM,v2,86,64,8194.0,3968,1.1837931,0.061569483280181886,1.9494232940673828,1.5095567648751393,2.4551691818237305,0.21753958908908344,0.07314055785323037,0.22355429172515867,-0.2821813107903161,-0.1495997012002127,-0.381458726752714,-0.6418496355457252,-0.0026170768536634553,0.22501113891601565,0.561511402130127,1.0571432914733887,0.10089240074157715,1.5553296661376952,0.09933138926823934,941,1922
CCTGCTGGCTTGAGCA-1,GSM8576303_BM2,BM,v2,81,91,19204.0,6509,1.3590919,-0.03460777550935745,1.9968097686767579,1.8399119894845144,2.1818629582722986,0.4306538851864366,-0.1484325988088882,0.1817094802856445,-0.036904240064429716,-0.45832527508054466,0.2493212223052978,-0.7130682897019135,0.16119146621352987,0.42528083801269534,0.1298441696166992,0.9659847240447998,-0.03128850658734639,1.531499811808268,-0.03180188953876496,1231,1828
CCTGGATAACCTAGAA-1,GSM8576303_BM2,BM,v2,91,67,6123.0,3735,1.9434918,0.08515902280807494,1.8020705318450927,1.4646367645263672,1.4473175938924154,0.11239540385433949,-0.09862654467663134,0.21093142407281057,0.29736711448984854,-0.2925891838073731,-0.2566495971028585,-0.7802769705753199,-0.028430802710104314,0.21810773849487297,0.2463575553894043,1.0998149156570434,0.153322966893514,1.3582287089029945,0.19688666979471842,973,2014
CCTGGATCGTCTGCGA-1,GSM8576303_BM2,BM,v2,97,25,15280.0,5909,1.51178,-0.012452752590179444,2.6960197067260743,1.326389835902623,2.0249314880371094,0.05168609446789846,0.12426109130671154,0.21528454508100237,-0.08960237280540762,-0.4031211539677212,-0.04124984492259809,-0.5668725709101383,-0.10548586493370517,0.4368318939208984,0.026961333751678418,1.7530841751098634,0.018327665328979503,2.1717354202270505,-0.018964829444885256,522,2126
CCTGTCGATGGCTCTA-1,GSM8576303_BM2,BM,v2,99,55,3280.0,1996,1.7073171,-0.08390495300292969,2.6360861110687255,1.3190325709751676,1.4701193618774413,0.21853927053122152,0.11214405424760393,-0.020647805247988038,-0.28933186790663057,-0.37559783935546875,0.20526682756033288,-0.5860325346057047,-0.09601096978923618,0.24146114349365233,-0.1770786654949188,1.6801826648712157,-0.11748661041259766,2.4535654830932616,-0.060598017374674476,845,2163
CCTGTCTGTCTAACCG-1,GSM8576303_BM2,BM,v2,85,101,11992.0,5160,2.0680454,-0.05730623066425322,1.6142592430114746,1.7361011287144255,1.9912891387939453,0.4622590292888473,0.11968774516488107,0.3313338473864964,-0.08191205515414535,-0.38372946766444616,-0.026960869869553872,-0.5648329909444427,0.03789819601283892,0.5291552352905274,0.19246814489364628,0.8854096841812134,-0.04781294266382853,1.1511948458353678,0.1528332805633545,1338,1903
CCTTAGTACTAACGGT-1,GSM8576303_BM2,BM,v2,49,177,266.0,247,3.7593982,-0.01826548218727112,-0.14612385749816895,-0.30986068725585936,0.6429234631856283,0.4740784192181017,-0.13477098702426896,-0.10437418256487165,-0.07327127866553713,-0.14884428405761718,-0.1760528288691877,-0.12258712717350698,-0.012258712877363166,0.5262984561920165,-0.22258630752563477,-0.10500713348388672,-0.024353976249694823,0.37205066204071047,-0.03653096516927083,2154,1233
CCTTAGTATGTAGTCG-1,GSM8576303_BM2,BM,v2,74,82,16445.0,6321,2.3593798,-0.006249361634254463,2.126720542907715,2.0555675288609097,1.872721150716146,0.3312447827503863,0.251187874404986,0.09806394951684139,-0.17162634220662,-0.36464784949166434,-0.08599748477399588,-0.6178866177940185,0.13836753059782209,0.4361164093017579,0.11349850416183471,1.0731760711669922,0.01208427349726357,1.522742837270101,0.04191701173782347,1134,1699
CCTTATGTTCATTGGC-1,GSM8576303_BM2,BM,v2,62,132,414.0,354,3.6231883,-0.07256340980529785,0.5544284296035766,1.2164980806623187,0.8512263806660969,-0.06906407520952952,-0.05611210558787886,0.25646479742867606,-0.1470855013347287,2.0052587868826732,0.3534760762409991,1.3599462243991753,-0.03246685002474177,1.1576492118835449,-0.18074256896972657,-0.09458814239501953,-0.04300053914388021,-0.26181495666503907,-0.06450080871582031,1671,1475
CCTTCAACGGAATCTA-1,GSM8576303_BM2,BM,v2,79,65,7211.0,3749,2.3852446,0.11503616690635682,2.8229045486450195,2.13928224836077,1.0501266733805337,0.20306270093802947,-0.10185750407592636,0.03361197335379462,0.014249450302592448,-0.2952844458988735,-0.3887685139973958,-0.6080137000902273,0.04329802537353018,0.28718193054199215,0.28882454872131347,1.6841098327636719,0.1692534812291463,2.388429489135742,0.32706881999969484,952,1791
CCTTCAGGCGGTACGG-1,GSM8576303_BM2,BM,v2,94,80,7617.0,3586,1.6541945,0.22608680486679078,2.5943202495574953,1.9010930742536272,1.9655677795410156,0.11188621406095572,-0.13969442998959422,-0.07155530793326237,-0.18007929570061038,-0.1586776586260114,-0.23842585302260982,-0.805862938797714,0.2135482442459004,0.46606132507324216,0.30451696157455443,1.6688864765167235,0.17847176710764567,2.1042040506998694,0.07935250520706177,1113,2070
CGAACGCTCGCACTGA-1,GSM8576303_BM2,BM,v2,60,118,1241.0,928,2.256245,-0.06610949993133546,4.255997123718262,2.0205677359444754,0.9889924748738605,0.8861414112719187,-0.2771077290117501,0.5679000064304897,0.1591355516634366,1.4461441759381974,-0.25291141065727757,1.332830917343769,-0.014789598900199737,0.18241936683654786,0.2705653643608093,2.2398876190185546,-0.04407300631205241,3.45270139058431,0.3305475346247355,1521,1438
CGAAGACTGTTGACGC-1,GSM8576303_BM2,BM,v2,87,79,5148.0,3089,1.7676767,0.012980973124504094,2.1530189609527586,1.6273456791469028,1.6476012166341147,0.2663384202014969,-0.2519429331186922,-0.1878537046909332,-0.31685717126359914,-0.010709570203508711,-0.46115418706074296,-0.21520024452319197,-0.12606824324435037,-0.24262627124786376,0.1361008048057556,1.245084792137146,0.03281404733657839,1.6196248245239258,0.09375402688980103,1102,1940
CGAAGTAGGACGCATG-1,GSM8576303_BM2,BM,v2,47,169,3098.0,2181,2.03357,0.24367124557495118,-0.3456557416915893,0.10956429617745544,-0.5367084566752115,0.5123755998879551,0.07779740767443383,0.21197657993861607,1.2554137178780942,0.30755668313162665,0.5885485013326008,0.9989236537242095,0.15722851739519506,0.573433837890625,-0.15121151924133303,0.20218536853790284,0.3024069341023763,-0.20679388682047523,-0.09748794555664063,2068,1196
CGAAGTGACAACTCGG-1,GSM8576303_BM2,BM,v2,98,56,7454.0,3840,0.97933996,0.2103826141357422,2.1051497650146485,1.2618396868024553,2.084475695292155,0.2243966204095557,-0.044100159006561945,-0.09923170498439243,-0.07520716579732378,-0.3966951055526733,-0.0389466649557213,-0.6400012057899629,-0.09002787314805409,0.37033605575561523,0.4195020055770874,1.2414983701705933,0.2796583684285482,1.8167195510864258,0.17565215269724527,855,2145
CGAATCAACTCATTGC-1,GSM8576303_BM2,BM,v2,82,86,5192.0,2952,1.2326657,-0.08320788383483886,3.2096721649169924,1.9130394853864396,1.449512513478597,0.5923352318116459,-0.04493838579437204,0.37525157417569843,-0.02118641238109137,0.07216497802734373,0.1773655462456516,0.20948932406314846,-0.08696472244774735,0.830851936340332,0.10060422420501713,1.812138511657715,-0.1534756088256836,2.594783732096354,-0.08399903615315756,1177,1847
CGAATCAGCGAGTGGC-1,GSM8576303_BM2,BM,v2,75,89,9849.0,4480,2.1626563,-0.0408711004257202,2.9516404914855956,2.0625203159877232,1.5406210072835287,0.7468474696438954,0.10370870739033494,0.38425294058663506,-0.37747048101999015,-0.4376675796508789,-0.1533611538898514,-0.7464758981794319,-0.035451242587710374,0.5036615371704101,0.1223119592666626,1.691574417114258,-0.0352025286356608,2.331556968688965,-0.10354969024658203,1209,1717
CGACCACTGACAACGC-1,GSM8576303_BM2,BM,v2,59,121,6602.0,3729,2.6507118,-0.16238189697265626,3.351388320922852,1.1452370343889509,0.6057571029663087,0.6024357046946943,-0.1510007763073079,0.7537190171650479,-0.08638166693259203,1.1535514090401786,0.3603148441238097,1.001542059367135,-0.11470436249803377,0.7141951942443847,-0.4127916008234024,2.15301718711853,-0.1476825714111328,2.7423681004842124,-0.09392510096232097,1553,1419
CGACCAGGTCTGCATA-1,GSM8576303_BM2,BM,v2,81,57,14265.0,5558,2.1871715,-0.12796561241149904,2.7249928092956544,2.1607492065429685,1.7753797149658204,0.15185266565606292,-0.016764996042213265,0.34074109247752593,-0.1613879886456215,-0.5846320587566921,-0.42193176576411384,-0.6584008076046938,0.10138465254098777,0.6460791206359864,0.3668059349060059,1.4829970378875732,-0.1682770029703776,2.170669492085775,-0.02583849390347799,866,1829
CGACCTATACTAGTCC-1,GSM8576303_BM2,BM,v2,53,145,1225.0,897,3.1836734,-0.06645607471466064,3.443472785949707,1.2142732075282505,0.6718835067749024,-0.22024033634538154,0.15675351774289015,0.2586665177345276,-0.17538136260898884,0.8318626981462751,0.543901408053785,1.2083747558374305,-0.06160622795156184,0.576797924041748,0.2223655152320862,2.532541212081909,-0.08122409184773763,3.134395434061686,-0.07384008407592774,1811,1308
CGACGCAGATACAACC-1,GSM8576303_BM2,BM,v2,90,60,3918.0,2508,1.7355794,0.030336435437202464,3.156622371673584,1.1956359645298549,1.4429753239949545,0.3113959788318618,0.03999648105120157,0.46666773217064994,-0.09630310125542235,0.111702154976981,-0.3809343514193493,-0.35694759964142875,0.08325093464563357,0.6789180374145509,0.07891860246658322,2.118828144073486,0.08692728439966838,2.921615117390951,-0.0820862579345703,898,1996
CGACGCCGTACGTTCT-1,GSM8576303_BM2,BM,v2,99,59,17399.0,6514,1.1494913,0.22784281253814698,1.177315855026245,1.6474129813058034,1.7816194534301757,0.5243304379015084,-0.04717003006532966,-0.15256989036287583,0.12011099847379003,-0.4626341472353254,-0.36355330726229046,-0.72983597337571,0.06262782847549861,0.33264236450195317,-0.18707173824310308,0.31420498943328856,0.17403970082600909,0.6355399068196614,0.02889654914538066,888,2163
CGACGCGTACAGATGA-1,GSM8576303_BM2,BM,v2,102,4,11967.0,5104,2.2562046,-0.04316216737031936,2.512910451889038,1.5030171966552734,1.7100170516967774,0.3623796361517236,-0.10802248819628052,0.2335458282061985,-0.36839718531742477,-0.19558480780465265,-0.17095140233097306,-0.361409038276709,0.050488876473526484,0.5762743949890136,0.35614977359771727,1.4888897199630737,-0.027821048498153686,2.2880495580037437,0.027258697748184207,297,2219
CGACGCTCACATAAGT-1,GSM8576303_BM2,BM,v2,55,135,22323.0,7878,0.9989697,-0.02144649326801301,1.970149850845337,1.5099125780378069,2.12087148030599,0.37788668981038903,-0.27513724267995704,0.0788459914071219,-0.11138263931539866,-0.2274633538382394,-0.2769421370153925,-0.6459939130086341,0.05091243953741406,0.5296597099304199,0.005677199363708474,1.1167287893295288,-0.006090428829193112,1.5485124715169272,-0.016486985286076852,1703,1345
CGACTAGATGCTATTG-1,GSM8576303_BM2,BM,v2,81,93,24071.0,7495,1.8279257,-0.08810327902436257,2.5123071479797363,1.6216904013497486,1.7303528594970703,0.5252982172142551,0.07174170106153549,-0.06400407518659323,-0.14667956984243186,-0.4826235478264945,-0.06812086928800404,-0.6678393838046723,-0.030618762067043198,0.42509281158447254,0.022609648704528862,1.5119554977416994,-0.11773847440878552,2.099560356140137,-0.004527674118677771,1253,1828
CGACTGGTACATCACT-1,GSM8576303_BM2,BM,v2,101,17,11375.0,5015,1.4945055,-0.03641167432069778,2.0755495643615722,1.626253901890346,2.4088801956176757,-0.06263698056998501,0.02893679181666331,0.19043814488819666,-0.10766553029729067,-0.5106179306166513,-0.020121066445806413,-0.6008522085352574,-0.12114418593029048,0.5545256423950194,0.5031817102432251,0.9936713638305664,-0.02532059709231059,1.4108049901326498,0.13512067794799804,436,2201
CGAGAACGGACATGAT-1,GSM8576303_BM2,BM,v2,54,136,26852.0,7911,1.0986147,0.04215424060821532,1.7740584373474122,1.8702461678641185,2.037836011250814,0.5861460109312371,-0.03414568720504052,-0.1249854942730495,0.01574352516583427,-0.4593987590244838,-0.3620303735196829,-0.9271814338541443,-0.04658160982287397,0.30448501586914056,0.04416476488113408,0.8774552536010742,0.06757710138956705,1.3270826085408531,0.014644442399342872,1714,1327
CGAGATTGCGAGTCAT-1,GSM8576303_BM2,BM,v2,115,19,18820.0,6427,1.9341125,0.08418780088424682,2.32761043548584,1.7864610290527343,2.188241106669108,0.9377076309847545,-0.1339121960526694,0.095149633203234,-0.1341379229962899,-0.45109778172629217,-0.07150756690396837,-0.692002363652991,-0.05964673388381475,0.3057478332519532,0.06873413562774655,1.602228012084961,0.12454618771870932,1.9805112075805664,0.11213428020477295,458,2461
CGAGGAAGATTCGATT-1,GSM8576303_BM2,BM,v2,113,11,7883.0,3925,1.4334644,-0.008710350096225741,2.993791046142578,1.8326043483189176,1.5491887156168618,0.3491502823121098,-0.07605657342242156,0.21338145664760044,-0.3357595973848272,-0.5780107421875,-0.1142769125570734,-0.7407628784129398,0.0008741914940246093,0.5331211853027344,0.20106296539306645,1.7007507305145264,0.018421409527460728,2.4226613235473633,-0.09158850351969401,372,2424
CGAGGAGCGAGGTTGT-1,GSM8576303_BM2,BM,v2,103,35,13324.0,5486,1.1182828,-0.141205530166626,1.574666109085083,1.462757045200893,2.2346444193522137,0.23252050943642733,0.292244940466123,0.042018533434186656,-0.2606212528963046,-0.29519319125584187,-0.4805855195685084,-0.7087197733519747,0.18225652122314684,0.08239742279052742,0.3850425720214844,0.7894990272521973,-0.15210275014241537,1.1271256637573241,0.21233112494150796,630,2238
CGAGGATACTGTACTC-1,GSM8576303_BM2,BM,v2,75,81,10614.0,5099,1.9690974,-0.040535382628440864,2.3605159091949464,1.8531927926199778,1.8986092376708985,0.32537346384132726,0.054993696207297105,0.2834498807362148,-0.01607961279907727,-0.5833935546875,-0.1655852009493663,-0.7883314829201848,0.14927924605138237,0.7325496292114257,0.08636090755462644,1.3490616359710694,-0.06416959047317504,1.9672710037231447,0.0031535347302754785,1124,1717
CGAGGTTCGGTAGCGT-1,GSM8576303_BM2,BM,v2,31,199,17571.0,5835,1.7813442,0.10660135984420777,1.776155424118042,1.7241281563895092,2.6222965240478517,0.14884035175583926,-0.2661275538437954,0.09163872548512048,-0.2567102104437629,-0.42048921714510235,0.09392138178568765,-0.4955341660507802,-0.003426312428764275,0.21906588554382322,0.09409264802932737,0.920902868270874,0.07354608933130899,1.1734216181437174,0.09800769567489624,2390,899
CGAGTCTTGTTAATGC-1,GSM8576303_BM2,BM,v2,105,13,8734.0,4347,1.5456836,0.11107798814773559,2.6656468677520753,1.4649800981794083,1.755257682800293,0.05005795888632658,-0.16286733324200822,-0.049500118323734854,-0.23321262335025822,-0.57615673828125,-0.4658268082094001,-0.8668433067782614,-0.0950593308314381,0.1232259178161621,0.2162429356575012,1.619687861442566,0.2110812791188558,1.99410275777181,-0.09318522135416667,394,2275
CGAGTTACTTCATTCG-1,GSM8576303_BM2,BM,v2,99,17,16514.0,6137,1.6713092,-0.1188178825378418,2.078140640258789,1.5291618674142018,1.8578844706217446,0.025303501680672913,0.14217020298514094,0.053394340447017075,-0.05793366664460192,-0.45366553906032026,-0.14623078141346513,-0.7830523520508068,-0.06796268348725851,0.18704122543334967,0.3974957513809204,1.1841981811523437,-0.17218017578125,1.5023824310302734,-0.12394602457682291,436,2163
CGATGCTGCGTGCATT-1,GSM8576303_BM2,BM,v2,51,141,3683.0,2364,1.4118924,0.04975404262542725,2.6072490310668943,1.3238120705740795,1.6807776387532554,0.4450509615212559,-0.06152930002546286,0.40682212488991876,-0.12661170139695305,1.056304944719587,-0.37886862390970133,0.13177894197282947,0.09500305764627137,0.4931589698791504,-0.021977355480194083,1.969921474456787,0.1319600486755371,2.2600301106770835,-0.06307525634765625,1768,1271
CGATGGCACTCGTGAA-1,GSM8576303_BM2,BM,v2,86,52,21762.0,7086,1.0982447,0.008504511713981616,1.7649314880371094,1.698257860456194,1.995098876953125,0.5030049396805973,-0.17217101479014374,0.07700286728995187,0.0845243787355614,-0.5808368883132935,-0.10772726813473377,-0.810145533324888,0.006327107448705904,0.47673982620239264,0.09608164787292484,0.8658101119995117,0.04914133310317992,1.2473899586995443,-0.031913088957468666,812,1922
CGCAAGGCGACGCAGC-1,GSM8576303_BM2,BM,v2,48,138,3562.0,2117,1.4879282,0.1264463531970978,2.74107666015625,1.484522912161691,0.8108417510986328,1.2537103426983078,-0.1035177023740452,0.006704103265489869,0.00029881401624148873,0.41059609985351564,0.12697403593714457,0.0004105673083180106,-0.09606815184522795,-0.09982192039489746,0.23093217372894292,2.0506248779296876,0.19901653448740642,2.5250416819254555,-0.0464061959584554,1735,1215
CGCAAGTCTTCGCTCC-1,GSM8576303_BM2,BM,v2,55,133,16947.0,7002,1.2981648,0.06258733272552491,2.2841633892059328,1.4206733158656528,1.9369174575805663,0.15775519968515417,-0.03428920205817165,-0.15476473297391624,-0.1718184630791769,0.002763618469238227,-0.23582077983871524,-0.31137176488069884,-0.01237241939524561,0.1252702236175537,0.11374237537384035,1.3819240894317626,-0.06254238724708558,1.8115501530965172,0.13524925072987873,1682,1345
CGCAATACTTATCTTG-1,GSM8576303_BM2,BM,v2,81,105,5180.0,3012,3.3397682,0.028459693789482113,2.5226252365112307,1.746264190673828,1.7238203175862632,0.603183709952726,0.05249218002380618,0.24106718710490638,-0.1366307225034123,-0.35465070029667445,0.0823019020049926,-0.4755910636137453,-0.1061177157715663,0.9228732681274415,0.5566436529159546,1.3700103902816774,0.0647205376625061,1.9631635411580404,0.2552400255203247,1381,1828
CGCACGCACGGAGCCT-1,GSM8576303_BM2,BM,v2,95,61,14524.0,5308,1.0740843,-0.0932210350036621,2.1606132793426513,1.2802151707240512,2.178399543762207,-0.012960166337499635,-0.20000725495562222,-0.11337752188955036,-0.18888673763318087,-0.27879872512817383,-0.10509717416571801,-0.7023095862863162,-0.047264199186034306,0.09657957077026369,0.13936986207962032,1.1741344747543336,-0.1309872817993164,1.7870042292277017,-0.1156326421101888,909,2089
CGCACTCACTCGCCGA-1,GSM8576303_BM2,BM,v2,112,2,14571.0,5590,1.9078993,0.02163326919078827,2.382830448150635,1.9408499036516462,1.9808781814575196,0.4211116315849334,0.11745828400380431,-0.1542110208102635,-0.23189417653722058,-0.4870866481917244,-0.14386535983487786,-0.7304304307853502,0.024950135245647764,0.20625430107116693,0.46234586715698245,1.249387179374695,0.03922595580418903,1.7928665415445963,-0.024513151248296103,276,2405
CGCAGACGGTGACAGC-1,GSM8576303_BM2,BM,v2,71,87,3974.0,2301,4.1268244,-0.08173264503479004,2.9320480918884275,1.4664040810721262,1.3598880068461099,0.674104977803058,-0.16620743992816972,0.11136738351413183,0.3288512382163798,-0.2833493194580078,0.12891184661283067,-0.49204516570840107,0.08258258256336186,0.33717526435852047,0.6952847766876221,1.6918573446273804,-0.09640260696411133,2.2624515787760417,-0.07485258102416992,1188,1643
CGCAGATAACATACTA-1,GSM8576303_BM2,BM,v2,90,80,7965.0,3968,1.2806026,-0.10812976837158203,1.593658504486084,1.3978824833461214,2.6670432662963868,-0.35706176145009727,-0.0878639002333273,0.17056566340582713,-0.22571204262974315,-0.5423757934570312,-0.10528298697797173,-0.7972343496028209,-0.0031799167137475243,0.4769422340393067,-0.05724526166915889,0.7738095407485962,-0.1395525360107422,1.05863800684611,-0.10159530003865559,1113,1996
CGCATCTTGACAGTTA-1,GSM8576303_BM2,BM,v2,96,64,6640.0,3801,1.2650603,-0.1413904285430908,1.194541244506836,1.532401144845145,1.4984931437174478,0.34802870961078197,0.05703597306794839,-0.088495717048645,0.07880308644673006,-0.2855917279379709,-0.4500967125337287,-0.5002254244236566,-0.09987271072080471,0.10543094635009764,-0.27524216055870054,0.6631119146347046,-0.16252833048502605,1.0622802480061848,-0.10576276143391927,941,2107
CGCATGAGTTATAGCG-1,GSM8576303_BM2,BM,v2,97,33,12442.0,5546,1.5110111,-0.03146780431270599,2.0807916259765626,1.8026272365025113,2.039899024963379,0.08968167036891461,0.0032719705409861577,-0.04298785533223837,-0.166743604120933,-0.5627439575195312,-0.011993705986972802,-0.8914979256239514,0.10579488238575133,0.16416380882263182,0.23001871109008787,1.0961538763046264,-0.008008733590443934,1.4815010261535644,-0.10903218587239584,608,2126
CGCCTCTGTCCTGCCA-1,GSM8576303_BM2,BM,v2,46,142,29601.0,8449,1.753319,0.040817506909370416,2.006599988937378,1.6379681287493024,1.7172373199462891,0.5116637509510699,-0.1265304546826746,-0.001998388767242454,0.010494798995215937,-0.5180696189062935,-0.05832348722051911,-0.6712183273421495,0.02629981002094417,0.5030482864379884,0.10778986930847168,1.0969777927398683,0.01796451171239216,1.673122386932373,-0.02992549459139507,1778,1178
CGCCTTCATTCAAGAC-1,GSM8576303_BM2,BM,v2,101,49,6471.0,3442,1.4217277,-0.11302332878112793,2.6632037353515625,2.1316905757359095,1.904934107462565,-0.010176369464062307,0.03667896161870032,0.21630065304892404,0.06959116756550077,-0.363990013395037,0.0894888787863245,-0.7390139418388945,-0.13792197976336384,0.3303372573852539,0.16197995185852054,1.3561854019165038,-0.1402380879720052,2.167040252685547,0.23091793378194173,780,2200
CGCCTTGTCGACCGAG-1,GSM8576303_BM2,BM,v2,110,26,10835.0,4740,1.4397786,-0.03404204785823822,2.8327231979370118,1.7903818947928294,1.931466318766276,0.23510271669870397,0.19609260887369234,0.600665831565857,-0.02536554966995669,-0.26835836247035433,-0.08874928448573655,-0.6607178249615151,0.3625761820280198,0.6507302665710448,0.3999219608306884,1.5394137372970582,-0.04196672360102337,2.3089815266927083,0.020429783662160236,533,2368
CGCTACAGTGCCAGGT-1,GSM8576303_BM2,BM,v2,113,17,34267.0,8634,1.213996,0.0011281108856201205,2.247253932952881,1.774360558646066,1.6540460968017578,0.22116732788851945,-0.17271983849202088,-0.0898166760376522,-0.1623607920761046,-0.4707908267974854,0.030083452362612007,-0.7876826749894901,-0.04460492853007404,0.34624433517456055,0.16738360166549682,1.2560233211517333,0.022929801940917954,1.8005534617106118,0.03405871073404948,437,2424
CGCTAGACCATGGTAG-1,GSM8576303_BM2,BM,v2,50,146,3894.0,2466,1.6435541,-0.08221211433410644,3.2411891174316407,1.6434091404506137,0.7449248186747235,0.6758424115468221,0.02476705755232672,0.16938882010323658,-0.1501293961649491,1.205805795942034,-0.10496120448093335,0.7670082346476392,-0.12859909006413198,0.5208287048339844,-0.2343192780017853,2.0581288299560545,-0.185311762491862,2.870685869852702,0.14840235948562625,1821,1252
CGCTAGCCGTTCATGG-1,GSM8576303_BM2,BM,v2,85,93,17321.0,6367,1.3682812,0.012565276622772209,2.343294134140015,1.6377196175711497,1.9480208460489907,0.5584333929192111,-0.06781324133815536,0.20706986120768955,-0.20501091145512712,0.5622615923200334,-0.21668227513631186,0.014817962024721631,0.1242976730416171,0.2262236976623535,0.12855904579162603,1.4707254428863525,0.009525531927744552,1.9108866373697915,-0.02109405954678853,1253,1903
CGCTATCTATAATCAC-1,GSM8576303_BM2,BM,v2,97,71,14541.0,5594,1.4648236,-0.13906274795532225,2.3741137695312498,1.736931719098772,1.8138453674316406,0.4422308259220966,-0.034922312814753,0.09509664024625508,-0.3016393050716102,-0.41889807265145435,0.030519089066838645,-0.8368281426617191,-0.05015065040250068,0.4364068984985352,0.430749397277832,1.341054962158203,-0.11952805836995442,1.9471573893229164,0.006201908191045116,1016,2126
CGCTCGAATAACAATT-1,GSM8576303_BM2,BM,v2,83,77,10037.0,4478,1.2055395,-0.018886675834655767,2.4041689491271976,1.7512935856410434,2.318232561747233,0.33499905670503055,-0.1294049826833754,0.3431290670803615,-0.25814521132167423,-0.48074222346714557,-0.1857822180751816,-0.5942775492242975,0.08649442568492799,0.7300573921203612,-0.01333505868911744,1.1720015697479247,-0.13579062143961587,1.8717603810628258,0.02590792973836263,1081,1866
CGCTGAACAATAAGCG-1,GSM8576303_BM2,BM,v2,92,46,10986.0,4820,1.565629,-0.03381297647953034,2.432577781677246,1.7477969469342913,1.8937276331583657,0.13072125021233622,-0.10215683333571451,0.27804683685302733,-0.0362435386554657,-0.35732411221095495,-0.34090262029065665,-0.4520021284986663,0.13110947334640663,0.38931980133056654,0.13911596298217777,1.4671047983169556,-0.03368293205897013,1.9940336863199868,-0.10416777292887369,748,2033
CGCTGCACCTCGAGCG-1,GSM8576303_BM2,BM,v2,106,10,8246.0,4414,1.7341743,-0.15586986541748046,2.0733729648590087,1.290599136352539,1.7714210001627602,0.03187959931461687,0.013771057402478915,0.20074408020292012,-0.3365160660620747,-0.45376116146360124,-0.1112002656162982,-0.6795678172449824,-0.044554838569600894,0.6205804443359374,-0.36365246295928955,1.1445910148620606,-0.16520222981770832,1.7644767252604165,-0.13197681427001953,361,2294
CGCTGCGGAGCACGTT-1,GSM8576303_BM2,BM,v2,114,18,24381.0,7043,1.5134736,0.02657070040702819,1.4829170608520508,1.7780431583949496,2.454825312296549,0.43395112987502993,-0.02239588670736059,0.05628303357533049,-0.10970508027554926,-0.41372853578839985,-0.08416938207235675,-0.6891743606483263,-0.03714949789806159,0.28038070678710936,0.24850035190582276,0.57495987033844,-0.03141361872355143,0.9687368392944335,0.09895393371582031,447,2442
CGCTGCGGTCCATCAC-1,GSM8576303_BM2,BM,v2,116,12,8468.0,3777,1.7005196,-0.012992391586303706,2.8976171016693115,1.4967042432512556,1.0938871701558432,0.4193119916571192,0.0027489224454143035,0.6787683187212263,-0.12457520904181876,0.07792173113141743,0.13862989034997414,-0.26366592619357376,-0.011132257668192522,0.8331591033935547,-0.38278739929199224,1.8530100994110108,-0.006926587422688785,2.3666531626383462,0.05300708770751954,383,2479
CGCTTCATTGTAGTCT-1,GSM8576303_BM2,BM,v2,107,1,17753.0,6140,1.3462514,-0.0013788661360740612,2.283968925476074,2.012560304914202,1.8915812174479165,0.44631838319770784,-0.14049716386997485,0.017805982317243285,-0.016398918223683612,-0.3459366366522653,-0.024409909324952406,-0.7951031265528524,0.003791691644308315,0.37064374923706056,-0.005288548469543408,1.2237566890716551,-0.05432886501153311,2.0128355153401696,-0.10496501922607422,265,2312
CGCTTGGACATGTCAC-1,GSM8576303_BM2,BM,v2,91,39,19691.0,6348,1.3914987,-0.090395737439394,1.480175437927246,1.571282196044922,2.4806198501586914,0.135175622610682,-0.14553521600045904,0.18275368213653564,-0.06668401706233357,-0.40314778041839605,-0.03712950174109525,-0.695221441018387,-0.008654075123776861,0.49803730010986336,0.5413460159301757,0.6227364654541016,-0.07952770332495372,0.9640069961547851,-0.03220760444800058,673,2015
CGGAACCAGCCGGCAC-1,GSM8576303_BM2,BM,v2,79,89,10472.0,4826,1.8716577,0.11137333154678344,2.7813432312011717,2.049649919782366,1.391460507710775,0.1983019999232158,0.10163731747362986,0.18120947565351214,-0.2940630607804069,-0.6247164916992187,-0.1653748812924427,-0.5993942985827263,-0.001149153206515291,0.38060880661010743,-0.14244438648223878,1.6810735034942628,0.08097093105316161,2.1983497365315756,0.08197029352188111,1210,1791
CGGACCAGGACAGACG-1,GSM8576303_BM2,BM,v2,84,52,17743.0,6042,1.6400834,0.10836826682090758,1.8950223731994629,1.8109152439662388,2.3241508611043296,-0.11447840282715949,-0.19742083145979827,0.13684236219951085,0.11654547438775714,-0.4983763619150435,-0.28032621083010634,-0.8228270594362788,0.06953679200901167,0.48272518157958977,0.05216565608978274,0.9124884691238404,0.19214258035024007,1.3370059967041015,-0.012559656500816349,812,1885
CGGACGAGGACATTGT-1,GSM8576303_BM2,BM,v2,43,165,6559.0,3833,1.8447933,0.10974555492401122,-0.5828538519144059,-0.1564267785208565,-0.581288340886434,0.938406266361834,-0.41866149289540977,0.9135693025588989,0.15614859383466345,1.3384657527378625,0.02996814825448646,2.896323014768635,-0.013051789021789162,0.6395962142944336,-0.17165952563285825,-0.18755225038528445,0.14834917068481449,-0.639832992553711,0.2654077084859212,2025,1122
CGGAGCTATGTATCAG-1,GSM8576303_BM2,BM,v2,89,91,14257.0,5669,1.5010171,0.227572922706604,1.184011125564575,1.20785030909947,1.4239741007486977,0.4742721908063774,-0.0383838928778556,-0.01532330138342719,0.4541292908832864,-0.2686885860988072,-0.31293626602394997,-0.6140987911937563,0.045390834058576884,0.4928438377380371,0.12373253583908084,0.7279607801437378,0.36027111689249675,0.6899756558736164,0.129378604888916,1231,1977
CGGAGGTCCAGACATC-1,GSM8576303_BM2,BM,v2,86,66,7982.0,4041,0.91455775,-0.11298042297363281,1.5200865364074707,1.4812650626046315,2.233563194274902,-0.38564904147841367,-0.27821235617754175,-0.12492805821555003,-0.15069333310503968,-0.18048176084245948,-0.09580282944752033,-0.6588284838462494,-0.12463940870041815,0.3053810882568359,0.5189563417434693,0.6274073066711425,-0.13731900533040364,0.929173583984375,-0.09276928583780925,963,1922
CGGAGTTCACTACCGG-1,GSM8576303_BM2,BM,v2,68,142,656.0,462,3.5060976,-0.0069692939519882206,1.7228204441070556,3.236131019592285,0.8823144467671711,-0.12265046054579647,0.23081231554964804,0.1425406689303262,0.2655173931949411,1.0279727510724748,-0.1343478313890327,0.8722321692271977,0.37953585471997214,0.2788339138031006,-0.3065867614746094,-0.09985811614990234,-0.009292391935984294,0.8256351089477538,0.0,1779,1587
CGGATAGCGTGAGTTA-1,GSM8576303_BM2,BM,v2,44,174,1113.0,920,2.3360288,-0.09939933776855468,-0.4999658203125,-0.6236027145385742,0.9755595588684083,-0.2653744555860159,0.14394125812572098,0.3724250837734767,0.36209051364082034,0.6849749646868024,0.1774438112136351,1.8491597710496972,-0.0463300007301689,0.1197083568572998,-0.45555580139160157,-0.18147491455078124,-0.07117094039916992,-0.46882652282714843,-0.08651131312052408,2122,1140
CGGATCAGGCCGAGAT-1,GSM8576303_BM2,BM,v2,33,195,1365.0,1042,3.8827841,0.15207729935646058,1.0345782947540283,1.4214446803501675,1.5619833183288574,-0.2366962969063755,0.5078874813436574,0.9994143186296736,0.1906458876731207,-0.3823924560546875,0.13790610468531228,0.6165124969994462,-0.07823230436184263,0.11025395393371579,-0.36660743713378907,0.4996038990020752,0.23809278647104898,-0.051726476351420025,0.339101448059082,2347,936
CGGATTCGAATAACCT-1,GSM8576303_BM2,BM,v2,89,67,2953.0,2019,1.4900101,-0.12996389389038085,2.8624202156066896,1.218031899588449,1.6988728586832682,0.30537570049485047,0.07820274429080548,-0.167741242647171,-0.2257909255587952,-0.051719882147652774,-0.04195842733344879,-0.06369393669633144,0.0822179843229621,-0.45791332244873045,0.4021923828125,1.817321475982666,-0.08378199895222982,2.2973072942097983,0.16374985218048094,973,1977
CGGCCGACGTCCAGTC-1,GSM8576303_BM2,BM,v2,63,143,10664.0,4671,2.1474118,-0.020512062311172474,2.226461181640625,1.1075419616699218,-0.6010038757324219,-0.049396425605299,-0.2276367698670528,0.8710724231175013,-0.0016033154650394454,3.5952557242257255,0.14235815848691397,2.792134869247246,-0.048957161912524916,0.5142541503906249,0.3178538179397583,1.3898338489532471,0.014041536649068181,1.788204720815023,-0.10496821085611979,1789,1494
CGGCCGTGGTCCAAGG-1,GSM8576303_BM2,BM,v2,82,62,16430.0,6406,1.5702982,0.08248057007789611,2.1970103931427003,1.914336940220424,1.9564950815836588,0.06739407466597347,-0.12312701223092182,0.39882477045059206,-0.17824952713641976,-0.48393000766209193,-0.0971082989949299,-0.5815237729684275,0.06976190109380939,0.8084949874877929,0.07630093574523922,1.245772120475769,0.11496918519337973,1.6957535298665367,0.10613627831141154,920,1847
CGGCGTATACCGGAGT-1,GSM8576303_BM2,BM,v2,88,54,11496.0,5168,1.0873348,-0.06741718828678131,2.348875827789307,1.7301063210623606,1.5869521967569986,0.23545714746038593,-0.20833714939846226,0.2835641094616481,-0.06943803218071742,-0.3263456822804043,0.06132225051941165,-0.6737756558826992,0.010047682865468338,0.38817211151123054,0.20360625743865968,1.307196964263916,-0.06718905846277873,2.031075070699056,0.09609350681304932,834,1959
CGGCGTCATGATACAA-1,GSM8576303_BM2,BM,v2,102,44,7093.0,3854,1.59312,0.12397761046886444,2.557623052597046,1.2827939060756137,1.7585503896077475,0.008936607694051357,-0.16552555834638344,0.1076399121965681,-0.22723300626323792,-0.46058370815004623,0.03636031935971423,-0.6572285047084923,-0.1335184622130938,0.7001474380493163,-0.0606243491172791,1.7679971141815185,0.18024049997329714,2.1397474161783854,-0.09702934900919596,726,2219
CGGCGTGCATGTCCTT-1,GSM8576303_BM2,BM,v2,36,210,3278.0,2070,3.0201342,-0.09863456726074218,3.3285668754577635,1.9054657963344028,0.5006321334838868,0.6182520284231409,-0.12053823293247101,0.8057431207384382,0.3365639273963207,0.04521364838736397,1.0104434997681153,0.5733668815598163,0.07683231115112599,0.20945442199707032,-0.4962977981567383,1.9090816192626954,-0.1063268216451009,2.519335823059082,-0.07926958084106445,2509,992
CGGTAGCATATCATAG-1,GSM8576303_BM2,BM,v2,24,206,3296.0,2033,6.2803397,-0.12344297409057617,2.855624752044678,1.7150178963797433,1.7866888809204102,0.04796160583993997,-0.11232507625531685,0.31355451447623117,0.13281924920739868,-0.3988371887207031,-0.30719717247897843,-0.7009271199271183,0.0897197866256948,0.7201565742492676,-0.09151486515998841,1.3445662927627564,-0.12835622151692708,2.0634712600708007,-0.07069669087727865,2466,769
CGGTCCTACTCGTCTG-1,GSM8576303_BM2,BM,v2,101,7,19299.0,6618,1.7254779,-0.15036127090454102,1.993845796585083,1.8351112365722657,2.415556844075521,0.6630835399091483,-0.02042885655585336,0.21735184601375035,-0.13338759049889107,-0.2649408454895019,-0.3896949240960271,-0.5706809886007045,0.11360549858181039,0.7447594070434571,0.4062043285369873,0.927969165802002,-0.1350178654988607,1.4009866905212403,-0.030552488565444957,329,2201
CGGTGCACATAGTAAC-1,GSM8576303_BM2,BM,v2,44,196,1718.0,1396,2.0954597,0.3905078077316284,-0.73300537109375,0.10197718484061102,-0.73300537109375,1.515069930907713,-0.2593341505671122,0.3719939592906407,0.5354625449725169,0.5529848066057477,0.36095033400508775,1.376934762883392,-0.09019972013947147,0.31685133934021,0.029475455284118657,0.009674537181854237,0.48433451970418295,-0.47535789489746094,-0.06399884541829427,2358,1140
CGGTGCGTTAACAAGT-1,GSM8576303_BM2,BM,v2,72,90,31815.0,8416,3.372623,0.04496115386486055,1.8101990795135499,1.6568118068150113,1.8150411224365235,0.3704240465738686,-0.018647618903829266,0.19120025975363597,0.037240213124028865,-0.45668029076712474,-0.25734782194995504,-0.7240391289627792,-0.10905261964948844,0.6294578170776366,0.013621749877929634,1.0492308692932129,0.060418208440144866,1.3878592936197915,-0.005054825146993,1220,1661
CGGTTAGAGTCTCGAC-1,GSM8576303_BM2,BM,v2,52,138,31652.0,8133,1.6365474,0.04571617126464844,2.0397449684143067,1.6423496900285994,2.3594727071126305,0.631446729223412,-0.045807405374409915,0.015996137005942157,-0.16402494414536817,-0.5217493291582379,-0.28615324324872127,-0.7500898495159349,-0.0803542372021442,0.2962068557739258,0.20760820865631102,1.1209024715423583,-0.008482071558634424,1.4298619270324706,0.15487258513768515,1735,1289
CGGTTGCAGGAGTGAC-1,GSM8576303_BM2,BM,v2,56,158,770.0,602,2.987013,-0.0725485610961914,1.483306622505188,0.45835454123360775,0.6591235160827636,-0.16156100843804908,-0.21717301334243222,0.10130844729287283,-0.16484391176939694,-0.21279330444335937,-0.13112517820304656,1.7099104695672156,-0.055320541330631946,-0.2888199234008789,0.4234749889373779,0.9263279075622559,-0.07253926595052083,1.2636669158935547,-0.046157970428466796,1950,1364
CGGTTGGCCATAGCCG-1,GSM8576303_BM2,BM,v2,104,40,17402.0,6261,1.5572922,0.058083758354187,2.815776309967041,1.6117313167027065,1.5305925623575845,0.15836508733680454,-0.04050960611900378,0.1633562108448573,0.1932004859493347,-0.5607647286823818,0.2426445570336767,-0.8473482841727603,0.10498348178479494,0.37415706634521484,-0.10175176143646236,1.6173943881988526,0.11602261225382485,2.4093874994913733,-0.026587035655975352,684,2256
CGGTTGGCGTAGATAC-1,GSM8576303_BM2,BM,v2,51,145,3506.0,2373,1.2549914,0.057317970395088194,3.478290596008301,1.2552298736572265,0.8798717244466145,0.4148170526726657,0.0063217449516519975,-0.03872542721884592,-0.30355222860516656,0.6203320595877511,-0.24580425837911277,-0.1151248460076571,0.07580405033674815,0.13395145416259763,-0.5408031845092773,2.214199758529663,0.08806345383326211,2.6911585744222006,-0.03146869341532389,1811,1271
CGTACAGTTCACGAGG-1,GSM8576303_BM2,BM,v2,58,152,4279.0,2571,2.103295,0.061939149498939514,2.8939640045166017,1.3966933986118861,1.4107747395833334,0.02045964189322602,-0.13990396798101568,0.028679185935429174,0.5515678203159603,-0.28487616879599437,-0.3650323952058233,-0.6633735405975882,0.1034073062733973,0.15358968734741218,0.2741889333724976,1.7874535236358642,0.09463623762130736,2.4002653884887697,0.130788365205129,1886,1401
CGTACATCTAATGTGA-1,GSM8576303_BM2,BM,v2,36,190,901.0,686,1.7758048,-0.06720968246459962,1.6978274726867677,2.4410641533987865,0.12983073234558107,-0.19976032977123337,0.20645982440832494,0.1478055260862623,-0.10715349082618866,-0.2414547119140625,0.9252518219162661,-0.22188793412791002,0.31432719724404623,-0.273495044708252,-0.2859605598449707,-0.11918195343017578,-0.09358364741007487,0.3457103888193766,-0.04155174573262532,2294,992
CGTACATTGCTGGCAC-1,GSM8576303_BM2,BM,v2,62,130,897.0,635,3.0100334,0.24971869111061096,-0.06698435544967651,0.5740861347743442,0.08048892021179199,-0.1831344849613297,-0.1831344849613297,0.11905693173408508,-0.16315797953346056,3.30323704964774,-0.11293241968116607,2.9439156770934765,-0.08379821649333774,0.2871764850616455,-0.2247468376159668,-0.16242445373535155,0.36625408013661703,-0.3063788414001465,-0.03329582532246907,1650,1475
CGTACTGCATCGGTAC-1,GSM8576303_BM2,BM,v2,42,200,1106.0,930,2.169982,0.24220722436904907,0.4859765911102295,0.6646800885881696,0.4856610838572185,0.20938893685857934,-0.3047629053812908,0.03291338545935496,0.4492650178432269,1.5775832563127792,-0.17562218172004423,2.1592835767385714,-0.08730255997420958,-0.30629634857177734,-0.30629634857177734,0.10474829626083373,0.3152538522084554,-0.03905745506286623,-0.06920206705729166,2401,1103
CGTAGAGCAAGAGGCT-1,GSM8576303_BM2,BM,v2,105,39,11472.0,4956,1.3772664,-0.1242310905456543,2.6814251518249512,1.987538288661412,1.2838340377807618,-0.03656873645552672,-0.08335687426131005,0.07957140036991661,-0.059577856110687166,-0.41676813970293314,-0.055570263460458014,-0.6093151329347751,-0.05915751564651299,0.23552730560302726,0.2680927348136902,1.5291083259582519,-0.1314905548095703,2.2136309305826822,0.003051051298777266,673,2275
CGTAGTTGGTGACCAC-1,GSM8576303_BM2,BM,v2,101,35,7046.0,3712,1.575362,0.009889117479324347,2.9996613693237304,1.7152344621930804,1.9880001576741537,0.49809695056164593,0.08980211237690189,0.3613039415223258,-0.0201062605705995,-0.23539801188877651,-0.0464964406078599,-0.5955436472010407,0.1532607105982955,0.30537252426147465,0.5092733526229858,1.7850107803344726,0.001140799522399899,2.476640993754069,-0.1013063367207845,630,2200
CGTATCACCGTTCGCC-1,GSM8576303_BM2,BM,v2,86,44,1080.0,857,2.6851852,-0.046563611030578614,3.614348125457764,1.6208743504115513,1.2164947509765625,0.9975925334486138,0.22494869456507322,0.48094573872429985,-0.1874216511461318,-0.03313007327488493,0.6962549083204155,-0.4956254895101458,0.2779084159452414,0.285109338760376,0.3871139025688171,1.847421371459961,-0.031042407353719076,2.994668223063151,-0.05432421366373698,726,1922
CGTCACGTCTACGTAG-1,GSM8576303_BM2,BM,v2,107,35,11360.0,5063,1.4964789,-0.039324755370616915,1.7764355754852295,1.832706320626395,2.183901112874349,0.3359623740475819,-0.06678700214545757,0.0379386425018311,-0.3500280735485875,-0.4466426493780953,-0.29747227708019885,-0.6483090496474693,0.050718120509117476,0.2420580863952636,0.1430242109298706,0.6516731967926026,-0.07064887324968976,1.0214708773295085,0.005674953858057649,630,2312
CGTCCAGACTGTCTAA-1,GSM8576303_BM2,BM,v2,96,42,8396.0,4020,0.9528347,-0.1379832458496094,2.144084758758545,1.2064431980678012,2.314274775187174,0.2737765360070041,-0.07304683213116309,0.22543263094765797,0.09224419353733382,-0.5601234741210938,-0.17265088778423016,-0.7719301569381817,-0.13800334290370045,0.18575392723083495,0.40370452880859375,1.095031005859375,-0.14552916208902994,1.501607583363851,0.04533610502878825,705,2108
CGTCGGATCAGCCGGC-1,GSM8576303_BM2,BM,v2,82,70,7366.0,3717,1.5748031,0.07952497959136963,2.254491481781006,1.8642125592912948,1.9837152099609374,0.45923173283956137,-0.03787265559824049,-0.14596348200525555,-0.11201305487972765,-0.1546703899928501,-0.18853948010977015,-0.4074856972077206,0.02161617949962158,0.21023761749267578,0.29707925319671635,1.300469536781311,0.08164696375528971,1.8355470657348634,0.34556835492451987,1006,1847
CGTGCCTGTAATCTGG-1,GSM8576303_BM2,BM,v2,104,6,8397.0,4095,1.560081,0.07563173174858093,3.142009563446045,1.4988486589704242,1.178745574951172,0.5638356630103176,-0.04647177495425692,0.053634583950042725,0.02453997054160545,-0.3042361139569964,0.09056696977960055,-0.29511549374515456,-0.01626306446492387,0.29282262802124015,-0.056695508956909224,2.2249714908599856,0.14339327335357668,2.7592393747965493,0.05578971147537233,318,2257
CGTGCTGAACAAGACG-1,GSM8576303_BM2,BM,v2,43,201,634.0,551,3.154574,-0.03524703502655029,0.49212698936462407,0.8544924599783761,-0.09532351493835445,-0.26231439429593373,0.2918282646730722,0.5155531208855766,0.2452535771757572,0.4677541231427874,-0.11862721883628263,1.701150863076902,-0.04007360599184996,0.2633544158935547,-0.3039125442504883,-0.19359083557128906,-0.04699604670206706,-0.29758193969726565,-0.04206533432006836,2412,1122
CGTGTACCATGTTCCG-1,GSM8576303_BM2,BM,v2,102,2,19650.0,6779,2.6717556,0.048099455833435056,2.1033598232269286,1.919010467529297,1.6789041010538734,0.5505790135946618,-0.293384302093322,0.1673733513695853,-0.16703817076337565,-0.3524642094203404,-0.19093346093074381,-0.648330178265375,-0.16024170945954802,0.5310806083679199,0.36585816383361813,1.1159512529373168,0.10481320063273114,1.5648624293009439,-0.02683736364046732,275,2219
CGTGTACGCTGGCAAT-1,GSM8576303_BM2,BM,v2,63,115,1451.0,813,1.6540316,-0.08936675071716309,0.3010519075393677,0.49398442404610765,0.3938375441233317,0.1895421968406463,-0.21787888553726625,0.3852015658787319,-0.15093982117223875,3.466094517299107,-0.1866209803814869,3.3859343597324334,0.26045624018858404,-0.30276880264282224,0.19302896022796628,0.12887512922286987,-0.10538352330525716,-0.019858096440633133,-0.02065824031829834,1489,1494
CGTTACGGTTCTCGGA-1,GSM8576303_BM2,BM,v2,64,132,956.0,717,2.7196653,-0.08310644149780273,1.1574989938735962,0.9567998831612723,0.7909640057881674,0.21420813420690205,0.5473521082687159,0.08047767111233303,-0.16729994284730929,2.586385733468192,-0.13743859409807196,2.7445960991220297,-0.03716157426770102,-0.21703325271606444,0.3561046004295349,0.25295750522613525,-0.04877769152323405,0.049053007761637346,-0.06419268290201822,1671,1512
CGTTCCTCGCTTCTCG-1,GSM8576303_BM2,BM,v2,49,149,4228.0,2116,1.1116366,-0.08627453804016114,2.735150489807129,1.1628722381591796,1.4214658673604332,0.4851751183888998,-0.10709985753823748,0.11237185512270248,-0.2849124154252104,3.0487763693673267,-0.06314943497439462,2.5733418268073893,-0.06286758064423631,0.14329000473022457,0.48924620628356935,1.7112344207763672,-0.10921344757080079,2.066147499084473,-0.08040255228678385,1854,1233
CGTTCTCGTACTATAG-1,GSM8576303_BM2,BM,v2,31,221,20405.0,6306,2.1073267,-0.1280992317199707,2.9195072364807126,1.8570070212227956,1.2180551401774087,0.9807822407488842,-0.24116625706491565,0.47608809062412805,-0.1918857890565133,0.04965566308157776,-0.028078443075279624,-0.3390468513291268,0.032258063583337465,0.4078765106201172,0.26166451215744013,1.6554508218765258,-0.14878832499186198,2.4390380096435544,-0.021949524680773408,2627,898
CGTTGGTCGTAATATG-1,GSM8576303_BM2,BM,v2,93,47,12646.0,5688,1.3917444,0.12151794075965883,2.1095384883880612,1.3642970166887556,1.8718821334838867,0.11284669240315759,-0.17898350512919858,-0.14749436565807883,-0.09751920889402776,-0.3497521166120257,-0.12198109272493418,-0.5259164666626621,-0.06395260559632474,0.22038297653198247,0.1557074737548828,1.3859653491973876,0.06396342992782592,1.6150050226847328,0.02280824303627013,759,2052
CGTTGGTGCACGCCAC-1,GSM8576303_BM2,BM,v2,87,93,15694.0,6288,1.478272,-0.041369432210922236,1.5374240684509277,1.4813263266427175,1.874359270731608,0.5344554564081521,-0.03965608046373553,-0.0755193832942418,-0.14812362686903613,-0.07827666364397323,-0.44467513532523656,-0.4617370811656247,-0.06426015544829179,0.39953655242919917,0.3649149990081787,0.8051917085647583,-0.1817054239908854,1.0627505238850912,-0.10462279637654623,1253,1940
CTAACAGCTGAAGAGG-1,GSM8576303_BM2,BM,v2,84,86,4971.0,2926,1.7501509,-0.10985292434692383,2.644589605331421,1.6677621241978238,1.4592928314208984,0.7824249679304989,-0.05918867780911946,0.03187732321875436,-0.0024543714191501143,0.23188052695138117,-0.3120748374356802,0.048122731974118094,-0.10530681098067521,0.6335301017761231,-0.06184050083160397,1.3176063289642335,-0.10998507181803385,1.9415312830607094,-0.07520492553710938,1177,1884
CTAACCTATCGATTAT-1,GSM8576303_BM2,BM,v2,97,57,7987.0,3788,1.2395141,0.09426501452922821,2.242202262878418,1.3725153895786832,2.3577634302775063,0.3020570890970498,-0.2176190377376029,-0.2853928780555725,-0.32110420817290475,-0.21055091176714213,0.10746194655636704,-0.7629848198602663,0.006978062803884702,0.09030921936035158,0.2373602247238159,1.3181328887939454,0.133992121219635,1.8500963592529298,-0.07330622355143229,866,2126
CTAACTAACGGCCAGC-1,GSM8576303_BM2,BM,v2,104,24,10227.0,4757,1.5547081,-0.12637781143188476,1.915865545272827,1.1122458103724888,2.1949194717407225,-0.013715683695781689,0.1810124923084498,0.16217220102037705,-0.15329268985823244,-0.2982780914306641,-0.0663190060351268,-0.3067692773111257,0.06637555606527501,0.2638310432434082,0.20491568326950071,1.3630657691955568,-0.125734494527181,1.845345369974772,0.011491036812464397,512,2256
CTAAGGTGCTGTTAAG-1,GSM8576303_BM2,BM,v2,45,195,252.0,238,0.79365087,0.0,-0.2439897346496582,0.3332890319824219,-0.2439897346496582,0.5239910830455612,-0.10852482807205384,0.8386541148594447,-0.07742888879639372,0.32964683532714845,-0.1041790912429013,0.6342418054377701,-0.012435567459004038,0.6114568519592285,-0.14823196411132813,-0.13773712158203125,-0.07411598205566407,-0.1219948673248291,-0.04941065470377604,2348,1159
CTAAGTTCCATGTCGT-1,GSM8576303_BM2,BM,v2,42,184,1706.0,1415,1.9343493,-0.16524946212768554,-0.39278735637664797,-0.524146957397461,-0.6335311126708985,0.19714552666767535,-0.2049259201111085,0.24784497806004116,0.38929605659675365,1.454830192565918,0.38303048543661955,2.080685378721096,-0.05170335705648332,0.4100217437744141,0.9547253894805908,-0.20797607421875,-0.11555699666341146,-0.1522865613301595,0.2162160682678223,2229,1103
CTAATCTGGCATCAAG-1,GSM8576303_BM2,BM,v2,106,34,23179.0,7533,1.3029035,-0.05010463267564774,1.81996413230896,1.6780303846086775,1.8986930465698242,0.13958243146000132,0.13558562706068067,0.0273321608134679,-0.13266284515561988,-0.27433753831045965,-0.1323145465199727,-0.5146667838439503,-0.09895576375214274,0.5556269836425782,0.19907023429870607,0.892495306968689,-0.10355029761791229,1.3640680313110352,0.1077582899729411,619,2293
CTAATTACTCGGTAAT-1,GSM8576303_BM2,BM,v2,105,1,19973.0,6645,1.8224603,-0.08569321453571319,2.5974813652038575,2.0521509552001955,1.582261517842611,0.45211279248616787,-0.1191626366567694,0.29488712515149795,-0.14551531160848824,-0.3699867884772165,0.0694457756946365,-0.42463707238121434,0.10173500235677337,0.5655531692504882,0.3421438312530518,1.4130935525894164,-0.10008468389511109,2.2108220291137695,-0.08471658706665039,265,2275
CTACAGATCAACCTCA-1,GSM8576303_BM2,BM,v2,94,70,6416.0,3552,1.340399,-0.102181396484375,2.0650140571594235,1.756865703037807,1.9268535105387368,0.23623477598749493,-0.18680978135958667,0.03314577409199304,-0.08378435137620288,-0.5699651489257812,-0.1338911224081813,-0.8015850502372588,0.15855704217949168,0.22657115936279293,0.3864761018753051,1.2029992904663085,-0.13473592122395833,1.8481724421183268,0.05157069444656372,1006,2070
CTACAGCCTGAAGTCT-1,GSM8576303_BM2,BM,v2,90,82,13467.0,5272,0.943046,-0.12869955062866212,2.276231288909912,1.7024291011265347,1.983642896016439,0.10309219551852428,-0.016704589008806225,0.13869406018938335,-0.014479940073245157,-0.16535159955705914,-0.29640503676540886,-0.5174999426789617,-0.04679497662120902,0.5295508193969726,-0.10463128566741942,1.3192318811416626,-0.17494552612304687,1.8570448557535806,-0.06247555414835612,1134,1996
CTACAGCGGTGATTCT-1,GSM8576303_BM2,BM,v2,56,164,361.0,312,3.3240995,-0.025176944732666014,2.052713394165039,1.8085274233136857,0.4369194507598877,-0.09979770461239489,-0.12947410369015122,0.27574748992919923,-0.0885040315994219,0.29689382934570313,-0.0539265215157505,0.7292905973908085,-0.011264852229380768,-0.22157806396484375,-0.2551473236083984,0.40466384077072143,-0.01118975321451823,1.0041822242736815,-0.02237950642903646,2015,1363
CTACAGGTGCTATGGC-1,GSM8576303_BM2,BM,v2,47,179,570.0,503,1.0526316,-0.06570312023162841,-0.32692947387695315,-0.33867305755615235,0.15976029237111405,-0.12428580900751443,-0.11255834188806005,0.9429711191994803,-0.12741518430518559,0.723889052254813,-0.11362278030579348,2.329460475040191,-0.05879473846230731,0.33714928627014157,-0.23227773666381835,-0.10042756652832031,-0.009733795324961344,-0.2802702713012695,0.0,2176,1196
CTACCTCCACCTAGCC-1,GSM8576303_BM2,BM,v2,46,170,2229.0,1675,2.5572007,0.12191967964172364,-0.04939782857894892,0.9402766418457031,-0.23311954975128168,-0.06815358433857499,-0.28644396310829257,0.4635492495128087,0.6698055001882272,0.4629714202880859,0.24857547101246785,1.3104417788102323,-0.07997181271546638,0.2048861312866211,0.29291497468948363,-0.21720791625976563,0.16056761423746746,-0.44636566162109376,-0.09477096557617187,2079,1178
CTACCTTAGATAACGG-1,GSM8576303_BM2,BM,v2,93,81,16583.0,5800,0.9527829,-0.07985855445265769,2.2813037109375003,1.854838126046317,1.9650408299764,0.25971697899232427,-0.09365574696661755,0.21104876177651544,-0.06983741731171328,-0.30118430914197647,0.17794523277435914,-0.43145992314712656,-0.029718576290234847,0.46101057052612293,0.5015195846557617,1.2331017379760743,-0.13728740692138672,1.7592691802978515,-0.00966454009215037,1124,2051
CTACGAGTAACGAAGG-1,GSM8576303_BM2,BM,v2,102,36,17394.0,6529,1.2303094,0.027536923885345455,2.0591832637786864,1.5076723916190014,1.9527547200520834,0.07703248899145776,-0.1475625476547171,0.11790346349988667,-0.19395397878600784,-0.3413602224077497,-0.06579793121920058,-0.4672391176909523,0.06986415477635648,0.5564716529846191,0.08934523582458498,1.1681049995422363,0.08008343696594236,1.6091915639241536,-0.04932390789190928,641,2219
CTACGAGTTGCGGTTG-1,GSM8576303_BM2,BM,v2,41,175,9737.0,4985,1.6329465,-0.20695087432861328,-0.5612795448303223,-0.09466127123151513,-0.6419567362467448,-0.0843000019410528,-0.22947991393587744,0.4310429348264422,0.04998191575071048,1.4035209241594586,0.18837156927729232,3.043203373997689,0.07053539382645632,0.003993511199951172,-0.32665962219238276,-0.2755197410583496,-0.23143175760904947,-0.3893672053019205,-0.14178811391194662,2133,1085
CTACGCACAGGATACA-1,GSM8576303_BM2,BM,v2,45,183,644.0,533,1.0869565,0.6732126617431641,-0.4059559631347656,-0.47235397338867186,0.1719575595855713,-0.1206337955582094,-0.07025198572610755,0.897727826663426,0.3345245391776998,0.39172284099033905,-0.16196058648657127,2.235304447514213,-0.056477572293889604,0.2891940307617187,0.4013961315155029,0.2694404020309448,0.8767084376017252,-0.31490268707275393,-0.06545122782389323,2219,1159
CTACTCGGAATTGCTT-1,GSM8576303_BM2,BM,v2,74,84,16182.0,6058,2.4409838,0.059301625490188595,2.1412949466705324,1.7597442953927174,1.8055037562052407,0.6578296427745897,-0.25147681816241146,0.31736793211528236,-0.1477913884808185,-0.47156345094953267,-0.12442499423122788,-0.5863381369344798,-0.008014110682223241,0.5344130706787109,0.2930179071426392,1.116286229133606,0.007596325476964316,1.5690863863627116,0.0602916697661082,1156,1699
CTACTCTGCTTCGGTA-1,GSM8576303_BM2,BM,v2,95,75,12533.0,5135,1.0292827,-0.1285198974609375,2.215039234161377,1.5604197365897043,1.7379418818155923,0.15938918370319655,-0.2015853856256893,0.0609424989564078,-0.19404051309231116,-0.505839169706617,-0.05758228120076131,-0.7923727228680371,-0.126726931373545,0.3235440254211426,0.07474202156066889,1.1405727977752687,-0.1646867879231771,1.8430461374918619,0.09358638366063436,1059,2089
CTACTGAGACGAGCCA-1,GSM8576303_BM2,BM,v2,85,83,7929.0,4053,1.3494766,-0.023898161053657524,2.8578152656555176,1.6153767830984935,1.580887794494629,0.22719094504314252,-0.14709953884249505,0.10512427057538715,-0.35113645624636236,-0.26700830514090407,-0.16941938390693512,-0.2674077606384043,-0.13510446740476878,0.1936422920227051,0.2391121578216553,1.8671508903503418,0.02026630640029907,2.3647390111287434,-0.10632806142171224,1145,1903
CTACTGCCGCGTTGTC-1,GSM8576303_BM2,BM,v2,51,161,1274.0,1003,2.6687598,-0.09742673873901367,-0.0535467934608459,-0.2315495422908238,0.34443697611490887,-0.22186211888569904,-0.2193119707835247,-0.2586409432547433,-0.2013361365200797,1.0267970461164202,0.13098086554362592,2.4579598014443858,0.22886371589689905,-0.334687614440918,-0.4109994125366211,0.141320955991745,-0.14020464579264322,-0.0951770544052124,-0.0654101308186849,1983,1271
CTAGATAGTGATCGTT-1,GSM8576303_BM2,BM,v2,48,152,1147.0,902,3.5745423,-0.06822062492370605,2.6747552967071533,1.7265328107561384,1.1903002675374348,0.39229469174840836,0.13875316520292597,1.15367107800075,-0.14487379669801553,2.0186337661743163,0.23944263860403775,1.3385057275612997,0.24091973080731077,1.0105027580261232,-0.3652797317504883,1.859126043319702,-0.10825539906819662,2.2652420298258464,-0.07580069224039714,1886,1215
CTAGATGATTCTGGAT-1,GSM8576303_BM2,BM,v2,71,131,405.0,263,2.4691358,-0.027026963233947755,0.27592315673828127,0.6662273924691338,1.2930037816365558,-0.10264493949920776,-0.06518383102723393,0.30842254638671873,-0.08446486289999888,1.5971138828822546,0.514952265115148,4.214613330215644,-0.03993448795088186,-0.12442548751831055,-0.0973846435546875,-0.0519384765625,-0.010820515950520833,-0.2612454032897949,-0.03698376973470052,1661,1642
CTAGCAGGTGGAGCCA-1,GSM8576303_BM2,BM,v2,77,87,13033.0,5465,1.6189672,0.04654921412467958,2.0794794368743896,1.8475534166608538,1.8133670298258462,0.30160882099565256,-0.20149455505476144,0.3554580933707101,-0.26484761824141356,-0.5008957627160209,0.04003037506317997,-0.7078998207703076,0.15907490813492128,0.8392087554931642,0.10992200374603267,1.0359074096679688,-0.04295074701309204,1.583774445851644,-0.12058934529622396,1188,1754
CTAGCGTCGGTTATCT-1,GSM8576303_BM2,BM,v2,90,86,4598.0,2656,1.5006524,-0.09651749610900878,3.073992958068848,1.4780406515938893,1.953139851888021,0.1151301429932376,0.23266020603584814,-0.12851754018238615,-0.2989912060406966,0.3185882699148995,-0.3893271143656658,-0.3890075084689936,0.044361834672359116,0.3556528949737549,-0.26905139803886413,2.0021295795440675,-0.15442747751871744,2.8334013748168947,-0.08685099283854167,1177,1996
CTAGTTCCAATCTTAG-1,GSM8576303_BM2,BM,v2,46,146,24567.0,7725,1.640412,0.052120441794395456,1.6796959400177003,1.6526111275809154,2.078581428527832,0.3480979812193108,-0.22597114115149824,-0.059123569556644995,-0.2058569754531429,-0.24254888807024277,-0.20506540886369573,-0.6002826964980919,-0.08796369915154842,0.2042462348937989,0.42502430915832523,0.8577877540588379,-0.07210979620615642,1.277637736002604,-0.13193459828694662,1821,1178
CTATAACCAGGTGGCG-1,GSM8576303_BM2,BM,v2,86,96,12315.0,5222,1.3885505,-0.04845587909221649,1.8501483345031737,1.7873722076416017,1.739848429361979,0.1394436345042953,-0.14113323427245184,0.05779102359499255,0.01783697399212797,0.7929182532174247,-0.03843278578486309,0.15255456322791594,-0.01872529656637892,0.5491510200500488,0.22347717761993413,1.2000351724624634,-0.020268290042877196,1.4764792124430337,0.08069865624109904,1285,1921
CTATAACGTGCACGTA-1,GSM8576303_BM2,BM,v2,43,167,4485.0,2956,1.8952062,-0.0022560912370681863,-0.4062199211120605,-0.22373288018362864,-0.46719662507375076,0.5457758721577595,-0.0014974433529055253,0.9791930682318551,0.1970716272276833,1.4134696546282088,-0.17170304155732732,2.969203705755656,0.21329100705747525,0.3369352340698242,-0.5846587371826172,0.3553057236671448,0.03350469827651978,0.16233506520589192,-0.12248697916666666,2047,1122
CTATAACTAGAAGCGG-1,GSM8576303_BM2,BM,v2,109,15,8109.0,3997,1.4921693,-0.032517036795616155,1.8567002868652345,1.7334815652029856,2.18689380645752,-0.006465312946273616,-0.1399961011681964,0.17838709660938806,-0.08294212910858664,-0.4407163809367588,-0.2817042316777639,-0.753083759734866,-0.08755097613238648,0.1103408432006836,0.656919059753418,1.0563850240707398,-0.14269938151041667,1.5932748858133952,0.13462369203567506,415,2349
CTATAACTCACTCGAC-1,GSM8576303_BM2,BM,v2,36,196,1634.0,1265,2.2031822,0.15212480902671816,0.3072599172592163,0.6193189021519252,0.30444399515787757,0.776551150892633,-0.3071085611979167,0.18688063655580794,0.6054075087283022,1.7707595639910019,0.8433627929074698,1.3675068300270965,-0.12515141019885173,0.09865450859069824,-0.3786449432373047,0.3249293260574341,0.2073083035151164,0.05562904675801594,0.2551771211624146,2358,992
CTATAAGCTTGAGTCA-1,GSM8576303_BM2,BM,v2,37,207,1566.0,1282,2.8097062,0.16996131420135496,2.3130077648162843,0.8786352975027901,0.8128554948170978,0.35717069528189055,-0.2480032434425201,0.9305596651349749,0.07309506752429515,0.9231289967128209,1.017005276967244,0.7421716313348405,0.21855046445091297,0.6969724464416502,-0.4229684829711914,1.2645662746429442,0.2178731346130371,1.5171028264363606,-0.06665150960286459,2476,1010
CTATCCACAGTGTACT-1,GSM8576303_BM2,BM,v2,31,217,26266.0,8050,1.9264449,0.04440107882022859,1.91661789894104,1.5562188938685824,1.7836846796671548,0.3976629144216637,-0.20313615396798373,0.22770227432250978,0.0459536240328251,-0.5131612264088222,-0.04860037876420237,-0.7136347085837549,-0.026891305771221466,0.6995994567871094,0.2998771858215332,0.9381145458221436,-0.05649423877398174,1.3893469746907554,0.19105637470881143,2584,898
CTATCCACTCGGAGGT-1,GSM8576303_BM2,BM,v2,36,208,1039.0,873,2.5986526,-0.07089527606964112,2.5862019157409666,1.4549882507324219,0.995796292622884,0.7866047874511963,0.14519308533944827,0.7986628416606358,-0.18159712214866136,-0.26038250732421875,2.07955546742941,-0.015602486474173394,-0.07137107849121094,0.4570382022857666,0.9270049524307251,1.1292282238006592,-0.09452703475952148,1.7138288116455078,0.34659909407297773,2487,992
CTATCCTGCTGTCGTT-1,GSM8576303_BM2,BM,v2,44,178,1263.0,1024,2.2961204,0.16092525005340574,0.16533072948455813,0.9808087267194474,0.009471497535705586,0.16610537954123625,0.10308681790061336,0.7716464900970459,0.14552509926207674,1.4429137704031807,-0.18708491804130584,2.6361160534340264,-0.09887700432899015,0.2816069889068603,-0.3346122741699219,-0.16489068603515625,0.306324634552002,-0.32851844787597656,-0.06470200856526692,2165,1140
CTATCGGCCAGCCTGC-1,GSM8576303_BM2,BM,v2,107,43,14317.0,5405,1.6274359,-0.022499408721923825,2.037215976715088,1.7996886662074496,2.0136562474568684,0.6720706449455046,-0.18580514045535867,0.2300730085372925,0.1717541437387174,-0.39973895522526326,-0.22460496976193653,-0.5885235351204072,0.15351890283257258,0.6497793197631835,0.2550585412979126,1.0298362283706666,0.024330952962239596,1.677241121927897,0.22524471441904703,716,2312
CTATCTCCGGCGACCA-1,GSM8576303_BM2,BM,v2,89,41,17957.0,5960,1.6428133,0.030926868319511414,2.707049961090088,1.5027327183314731,2.439725036621094,0.001803022311873237,-0.17472756880149032,0.01010219131197243,-0.2770439011246466,-0.26027750941685274,0.24057116853185445,-0.4657392371535187,-0.1229962854577391,0.6064773750305176,0.18703457832336423,1.6992998065948486,0.06245751937230429,2.1529339853922522,-0.011079000830650332,694,1977
CTATGCTTCTACGGAT-1,GSM8576303_BM2,BM,v2,83,79,6523.0,3503,1.4717156,0.02779706448316574,2.828607749938965,1.6408769444056919,1.9541653315226235,-0.25607966550861494,-0.1045665785422355,0.22222573007856095,-0.055156851175911764,-0.32237774508340017,-0.0047489567454081505,-0.1840671898648929,-0.1077439608989946,0.34401647567749016,0.43091549396514894,1.5820686855316162,-0.01718186100323993,2.253148066202799,-0.10854620615641276,1102,1866
CTATGGTGAACGAAGC-1,GSM8576303_BM2,BM,v2,96,36,9191.0,4311,1.4688282,0.05130094647407532,1.9850115299224853,1.0372333908081055,2.4791620890299475,0.3606733595989794,-0.30151002453581327,0.20367635556629726,-0.22372720298150306,-0.5706110229492187,-0.1308605946211451,-0.6395614023748089,-0.11487194035677302,0.5169497299194336,0.49256370067596433,1.194900399208069,-0.024778823057810456,1.59847131729126,-0.004878348509470609,640,2108
CTATGTGCCTTGCTAC-1,GSM8576303_BM2,BM,v2,84,62,15980.0,6133,1.3204005,0.17964149594306944,2.4445067691802977,1.6047892434256419,2.04919199625651,0.1371863070262005,-0.16669834364575348,0.3205538119588579,-0.16791018500857016,-0.4600565275464739,-0.027866433423206993,-0.5390099921368227,0.06567146382647301,0.7156866073608399,0.1848235154151916,1.4953814668655396,0.054961581230163564,1.885885569254557,-0.11777212778727214,920,1885
CTATTAAGGATACACC-1,GSM8576303_BM2,BM,v2,85,79,6935.0,3819,1.5284787,-0.10810194969177246,2.679334373474121,1.803704071044922,1.2436870447794595,-0.05193576898919533,-0.01808519754612231,0.23006945541926793,-0.02138907832295206,-0.3909804408209664,0.18996083592794027,-0.6884724546370319,0.14387968951195107,0.5292088699340819,-0.1040488457679749,1.553366973876953,-0.13818392435709637,2.2511159896850588,0.007640299002329487,1102,1903
CTATTACACTATAGGA-1,GSM8576303_BM2,BM,v2,59,131,193.0,162,2.0725389,-0.009916915893554687,1.960451135635376,0.9416757774353027,1.4851760164896648,-0.015930788584023595,-0.015930788584023595,0.4326479993547712,-0.05201278511637603,2.7733406655447825,-0.047792365752070784,1.5759781355597258,-0.013311296501415689,-0.0793353271484375,-0.05950149536132812,1.1115631351470947,-0.013222554524739583,1.9726819547017418,-0.026445109049479165,1660,1419
CTATTAGCTAGGCGTC-1,GSM8576303_BM2,BM,v2,47,161,717.0,606,1.1157601,-0.08113531112670898,0.34687981605529783,0.4431701442173549,0.6821096102396648,-0.16651449241791386,-0.17314711727770457,0.8536309875760759,-0.1319119144647374,1.8667433776855469,-0.15628967897959023,3.033744168304414,-0.06352877776894793,0.8646026039123536,-0.2172016716003418,0.20624497318267823,-0.08552947998046875,0.2359762382507324,0.4237066745758057,1982,1196
CTATTATGGACACGGT-1,GSM8576303_BM2,BM,v2,56,140,3097.0,2028,1.3884405,-0.09798158645629883,2.9550360107421874,1.7271605028424943,1.8050586446126304,0.5451361280847267,0.24280783532340156,-0.18296324006148745,-0.28412053236647117,-0.35479742431640626,-0.1582277709221744,-0.5924595058364356,-0.06187258470778497,-0.12611458301544193,-0.1606267702579498,2.0388756580352783,-0.1057429567972819,2.7502951176961266,-0.06746573766072592,1757,1364
CTATTATGGCTGACCA-1,GSM8576303_BM2,BM,v2,99,45,12120.0,5137,1.4933993,0.03848843336105347,2.6766797256469728,1.559607707432338,1.9894543838500978,0.28070476160470736,-0.165553921744937,0.19895480155944822,-0.06804174016452064,-0.18874851117815283,-0.13921441275431928,-0.16053862493995974,-0.15100145019940883,0.3491853713989258,0.22187099933624266,1.6153975219726562,0.028777093887329103,2.2135271962483727,0.11873997052510579,737,2163
CTATTCATCCAGACCG-1,GSM8576303_BM2,BM,v2,96,62,8594.0,4476,1.5941354,-0.04569006472826004,2.1916468143463135,1.7546835000174388,1.9614588419596353,0.27092635775186935,-0.03718217350734898,0.1417883794648307,0.2148248373461804,-0.3589304402215141,-0.14128633675326308,-0.6082827216255356,-0.12983900748643298,0.32737773895263667,0.13366088867187498,1.1351179313659667,-0.16366528828938803,1.6899145380655924,0.02927838603655497,920,2107
CTCAATACTCGACTGT-1,GSM8576303_BM2,BM,v2,38,196,811.0,718,1.726264,-0.04532589912414551,2.255543270111084,0.3926834215436663,0.8189434591929119,-0.18986281429428653,-0.16905917125533385,0.41736559322902134,0.13873628402800525,-0.2554537811279297,0.3405635280302729,0.8906895792038534,-0.02607434227962622,0.41062860488891606,-0.29016618728637694,1.7818412971496582,-0.06906803766886394,2.0079436365763343,-0.05180102984110514,2358,1029
CTCACGAGGTTAATTA-1,GSM8576303_BM2,BM,v2,48,164,958.0,800,1.7745303,-0.09910021781921387,0.6194237232208252,0.9923945072719029,0.8370555400848388,-0.16869338927977534,-0.1837755532628561,-0.23512346540178572,-0.19582049962784295,0.6677925562177386,-0.17877126793306036,2.4424115799988906,-0.05942044482135132,-0.31085248947143557,0.2496522903442383,0.14635146713256836,-0.09747909545898438,0.0969204966227214,-0.04493929545084636,2015,1215
CTCAGAGGTATGCGAG-1,GSM8576303_BM2,BM,v2,96,56,6973.0,3737,1.2620106,-0.11138154983520508,2.723935127258301,1.7287933458600724,1.7227055231730142,-0.17380588720122497,-0.14881488562861322,-0.09636843715395249,-0.041112463151242395,-0.623115966796875,-0.07070435003104458,-0.8143108371691644,0.012217276791255297,-0.044524726867675835,0.4539214897155762,1.6374476795196533,-0.1469646708170573,2.254169095357259,0.05955245296160379,855,2108
CTCATAATGAGGAAGG-1,GSM8576303_BM2,BM,v2,64,116,1746.0,1224,2.8636885,-0.11591090202331543,0.5423067569732666,0.6894906452723912,0.6971349080403645,0.05739066184285174,-0.2193218062680409,0.17982787813459122,0.03911599930416984,3.605929203578404,-0.20279773267876192,3.109754295385695,-0.08089280608516411,0.19593961715698238,0.1775963890552521,0.04365317881107331,-0.11642416636149089,0.14124591986338292,-0.08465442021687826,1499,1512
CTCATAATGGATGGCC-1,GSM8576303_BM2,BM,v2,96,46,12210.0,5141,1.4414415,-0.12869741439819335,2.903478031158447,1.582343521118164,1.5657512791951498,0.0812351780244146,-0.10723269840662875,-0.15057772057397023,-0.11949425059852176,-0.4663785403796604,-0.31230855407006286,-0.6155669776042378,0.06471734444681315,0.19920894622802732,-0.013909759521484322,1.7618216438293457,-0.14844122568766277,2.608574473063151,-0.00021270275115965742,748,2108
CTCATACTTATGAGGT-1,GSM8576303_BM2,BM,v2,50,148,1272.0,954,1.336478,-0.09272357940673828,3.384238433837891,1.262428196498326,1.3418202718098957,0.666511879388587,0.13089847345839134,0.09570791040148055,-0.18527494938803948,2.2033103267124723,-0.16536697326415034,1.0243906119868715,0.23846342556771474,0.22590641021728516,-0.2618077850341797,1.909753267288208,-0.058179499308268226,2.8353980000813803,-0.036362187067667646,1843,1252
CTCCAACATTATGAAT-1,GSM8576303_BM2,BM,v2,108,34,19346.0,6733,1.3594542,-0.043098311126232136,1.5941490364074706,1.560674024309431,2.1476716232299804,0.43344488201371156,-0.032206656942405876,0.15234819275992262,-0.15946553678625783,-0.5751540967055729,-0.43404818377102233,-0.6943320919431868,-0.08547555003047332,0.3800518226623535,-0.08159160137176513,0.8175352239608764,-0.022017116149266547,1.2131720352172852,-0.04274964948495229,619,2331
CTCCAAGCCGGATTCG-1,GSM8576303_BM2,BM,v2,64,126,373.0,282,4.2895446,-0.0498807430267334,1.1046920967102052,0.5935867364065988,1.2903238487243653,0.4509735701074562,-0.07654706349813316,0.328145181792123,0.3968045445089695,1.9458266470772878,0.4980998613748206,3.097870895297964,-0.05806013401722748,0.5486882400512696,-0.11638839721679688,0.3527335557937622,-0.02216922124226888,0.26754779179890953,-0.03683499018351237,1607,1512
CTCCAATCTTGCCATG-1,GSM8576303_BM2,BM,v2,103,17,8847.0,4449,1.7520063,-0.04354207456111908,2.1580505657196047,1.1063413674490794,1.8840871938069663,-0.06080640128338671,-0.019943445083127898,0.14842934812818254,-0.22691360844289288,-0.28895396532331197,-0.051324933408254614,-0.3832406997680664,-0.025750924962593277,0.44179254531860357,-0.11452576875686649,1.1621047592163085,-0.002595919768015542,1.7042452494303384,0.0071492203076680555,437,2238
CTCCACTAGGCTACCA-1,GSM8576303_BM2,BM,v2,26,206,18130.0,6165,1.8257033,-0.061557414531707766,2.679883308410645,1.7085131181989397,1.8577960205078126,0.14520644471348532,-0.11387073015660576,0.08462609325136461,-0.11967574061793085,-0.2591245613098144,-0.015839491503305714,-0.46893515865731905,-0.0033775002250049646,0.5432971763610839,0.46536461830139164,1.4770480899810792,-0.061814902623494455,2.294272092183431,0.037082436879475905,2466,806
CTCCGCTAGTGCTAAC-1,GSM8576303_BM2,BM,v2,60,130,1011.0,544,2.0771513,-0.0503477144241333,2.279703025817871,1.0316543088640486,1.006463254292806,-0.09418751820024238,-0.10637268005125973,0.13695143273898533,-0.13775022665204154,4.127571374075753,-0.12883076801836252,2.195667963585712,-0.0160265432908231,0.3007418727874756,1.1938366603851318,1.3070965194702149,-0.04775909741719564,1.4034685516357421,-0.0397992483774821,1650,1438
CTCCGGCAGTTAACTT-1,GSM8576303_BM2,BM,v2,52,174,405.0,361,4.9382715,-0.04869232177734375,-0.4950648498535156,-0.3948367691040039,-0.4950648498535156,-0.09941061242038467,-0.08637384621493788,-0.11129673549107143,-0.08371172798397206,0.24516788591657368,-0.17218274955289908,0.9499437907283853,0.40927071356476213,-0.18190597534179687,-0.2143675231933594,-0.11199758911132812,-0.021641031901041666,-0.3299136734008789,-0.010820515950520833,2122,1289
CTCCGGTACTTCCGCA-1,GSM8576303_BM2,BM,v2,37,205,1739.0,1192,4.8878665,0.22576535582542417,0.9276058292388916,0.4714795657566615,0.016788484255472857,0.2743857347342863,-0.2476328041658823,0.025739828688757738,0.32495081390555747,1.0923489107404436,-0.24668602388067898,1.1895542492231037,0.5759564378689028,0.025899677276611355,0.10875102519989016,0.5617609272003175,0.2747665452957153,0.2602045377095541,-0.04024609883626302,2455,1010
CTCCGGTATGCTTCGG-1,GSM8576303_BM2,BM,v2,43,169,3721.0,2640,1.5587208,0.0667063570022583,-0.13063037872314454,0.6237864794049943,-0.3781067975362142,0.921139514111132,0.005110883056194171,0.7573230130331856,0.4029235361640296,0.8735867146083287,0.7666731732916161,2.2825872287768534,0.15401753071742,0.09531671524047847,-0.27207791686058047,0.2763882484436035,0.16336041132609047,-0.1657831621170044,-0.10486712137858073,2068,1122
CTCCTAAGTCGGTTGT-1,GSM8576303_BM2,BM,v2,105,47,17713.0,5783,1.7727094,0.01768584311008453,3.1077978515625,1.8775950840541293,1.4921600723266601,0.2928225103631077,0.022744454806793435,0.10215920414243423,-0.3079617870327297,-0.41076896694728304,0.03288154333949567,-0.27175768726966987,-0.09779090369307755,0.54453369140625,0.1783004474639892,1.8328603649139406,0.03040318886439007,2.5978966903686525,0.09186759869257609,759,2275
CTCCTACTGCCTTCTA-1,GSM8576303_BM2,BM,v2,87,53,15317.0,5870,1.29921,0.014726817011833204,2.261992235183716,1.7511461530412946,2.0779147338867188,0.173608738255788,-0.052271554610952176,0.294335070678166,-0.17925211029661714,-0.4686618661880493,-0.2030365282751949,-0.7421756150738504,0.014967968799923903,0.5182283782958984,0.2621293020248413,1.1153145980834962,0.09398463805516563,1.7752939669291177,-0.11382635752360026,823,1940
CTCCTAGATTACGACC-1,GSM8576303_BM2,BM,v2,38,188,694.0,613,1.5850143,-0.10256123542785645,0.360649642944336,1.193994881766183,0.6442874844868978,0.3464927486626499,-0.16179151420133658,0.2602929055690765,0.6638702426930699,1.000044191632952,0.8542740124775223,1.0429919435788206,-0.05506643512905044,1.0090227127075195,-0.2749961280822754,-0.12832475280761718,-0.0386667537689209,-0.3720693588256836,-0.056899859110514324,2272,1029
CTCCTTATAAGGAGTT-1,GSM8576303_BM2,BM,v2,72,130,210.0,158,2.857143,-0.04855019092559815,0.2524609911441803,1.0320383569172449,-0.23304092407226562,-0.1018173646735379,-0.06513603241089358,-0.08223130362374442,-0.07133793762556803,0.6217074639456612,-0.031196910214711385,3.724125639932839,-0.04505542780728948,-0.061674280166625975,-0.11652046203613281,-0.08041154479980468,-0.02589343547821045,-0.07768030643463135,-0.012946717739105225,1650,1661
CTCCTTCGCAGACGCC-1,GSM8576303_BM2,BM,v2,56,148,5398.0,3367,1.9822156,0.5228534626960755,1.0236959171295166,1.4432751900809153,1.99729860941569,0.21485231296125662,-0.0013071085896494417,-0.16762027859687806,-0.02001342322559957,0.0981732368469238,-0.19522763710902874,-0.42467969055943844,0.04453750344730864,0.01462664604187014,0.055741205215454115,0.8449255695343018,0.5383962599436443,0.6056236775716145,0.029983685016632067,1843,1364
CTCGACATGTTGCCTT-1,GSM8576303_BM2,BM,v2,50,144,9423.0,4767,1.5494003,0.028204252123832707,3.0146027755737306,1.7256537410191128,1.1948271942138673,0.6945450258063504,-0.0058774061744676365,0.24417465482439316,-0.19578189318950093,0.2380583877563477,0.05175595685660117,0.17527311897460707,-0.144541836424962,0.5540877151489257,0.1381699538230896,1.9101371994018554,0.08608098586400348,2.64615291595459,0.19490363279978434,1800,1252
CTCGACTGTAATGCCT-1,GSM8576303_BM2,BM,v2,46,188,2912.0,2046,2.6442308,-0.10855348587036133,-0.05275512695312501,0.9822107260567802,-0.7131593322753906,1.3623199462890625,-0.14851809779050634,0.8758750915527344,0.03878065244711376,0.1031835348946708,-0.10361870991657057,1.3325350616030818,-0.11764760625442403,0.9475950622558593,-0.11343965530395506,-0.28742056274414063,-0.1676482137044271,-0.3955609130859375,-0.12105705261230469,2272,1178
CTCGAGCTATGTTATG-1,GSM8576303_BM2,BM,v2,40,192,799.0,685,2.0025032,0.26361716508865357,0.5903611850738525,0.8415010234287805,0.51125231107076,0.2450527158606962,-0.22029360422647623,0.5021119175638471,-0.2089561965199118,1.459366591317313,-0.19612697616638428,1.98721272330499,-0.03495097960401702,0.3621593284606933,-0.27668128967285155,0.7986921229362488,0.3385002422332764,0.9078157901763916,-0.02822331746419271,2315,1066
CTCGATAGGCCTCAGG-1,GSM8576303_BM2,BM,v2,107,25,15263.0,6343,1.6182926,-0.010628550648689283,2.633221273422241,1.5337303924560546,1.0827158737182616,0.7689924469913345,0.2890404259686626,0.1826998741286141,-0.20072883706672534,-0.40685398047310967,-0.13241595915522447,-0.6594151300757638,0.1587413994029293,0.33943494796752927,-0.2539883351325989,1.8432637672424317,0.007875260512034105,2.3281816609700523,-0.03696197708447774,522,2312
CTCGATCCTTAGCTCA-1,GSM8576303_BM2,BM,v2,37,203,2436.0,1573,4.3103447,-0.10076463699340821,-0.3694618433713913,0.008562600272042475,-0.5732416152954102,-0.25799100944794806,-0.252924187595107,-0.10574430644512178,-0.19940659924701154,1.0693456976754325,-0.2550112253212067,2.0333666540860897,0.23663849638612477,-0.35541141510009766,0.6510282754898071,-0.24807778930664062,-0.13620563507080077,-0.5090778350830079,0.21736509084701536,2433,1010
CTCGATGCTTCGATTC-1,GSM8576303_BM2,BM,v2,98,58,9174.0,4567,1.6241553,-0.1512944507598877,1.90350567817688,1.7116998073032925,1.9028632990519205,0.06488365724862344,0.12971141375280698,-0.20457342931202482,-0.044323792771828574,-0.576135009765625,-0.2644476592540741,-0.8500309886548343,-0.1356018373630191,0.11987277984619149,0.2075507640838623,1.0201630411148073,-0.13855417887369792,1.450259927113851,-0.11262255350748698,877,2145
CTCGCATATCAACACG-1,GSM8576303_BM2,BM,v2,100,60,19174.0,6565,1.4446647,-0.06715519472956658,1.5616716957092285,1.811081750052316,1.7863654708862304,0.36823154166041605,-0.20756362801779982,-0.04681135245731893,-0.07019212526031754,-0.4014821841376168,-0.1404880529426667,-0.657856462100094,0.15743397614871324,0.41038860321044934,0.10527112245559689,0.5838166484832763,-0.08527340630690255,1.1857673581441244,0.11281529347101847,898,2182
CTCGGACCAGATACGT-1,GSM8576303_BM2,BM,v2,49,181,1809.0,1366,2.8745162,0.15008702099323273,-0.6284141159057617,-0.48197261810302733,-0.6284141159057617,-0.2584510098499467,-0.3613268074740368,0.47058496066502165,1.0236333514450515,0.651853130885533,0.02061299985671139,1.447154634865224,0.20929357772362653,0.03776924610137938,0.08909740090370177,-0.00789751994609833,0.22933388789494835,-0.49082462310791014,-0.08334199905395508,2197,1233
CTCGGACTGTCAGTAG-1,GSM8576303_BM2,BM,v2,78,84,12130.0,5350,1.5993406,0.0022360503673553578,2.449112110137939,1.6723208291190013,1.6313206481933593,0.3292670125463401,-0.015547467317652275,-0.07322046279907224,0.08437822375490783,-0.5823326416015625,-0.37854820729259503,-0.9658581010447252,0.16921806929781244,0.11102828979492185,0.06960782527923581,1.3185688190460205,-0.17324408213297526,1.9141494115193687,0.0722453510761261,1156,1773
CTGAACATGGTCGCCT-1,GSM8576303_BM2,BM,v2,57,151,7439.0,3645,1.4921361,-0.01645174235105515,2.050552406311035,1.5126732090541295,2.2840722783406577,0.0662824269758171,0.1973702315277433,-0.06813301597322735,0.1985842608741888,-0.33958393444333757,-0.10904564292555355,-0.5201133821063165,0.013364769296929563,0.36192258834838864,-0.08730093240737913,1.1606873397827149,0.00324452439943948,1.4292144966125488,0.04971893032391865,1875,1382
CTGAAGCGAGTGGCCT-1,GSM8576303_BM2,BM,v2,26,212,18002.0,6062,3.6384847,0.13324032068252564,3.020821380615234,1.341106970650809,0.609234619140625,1.317159578024623,0.26350057911612973,0.3086651645387922,0.12753234727432433,-0.09735382216317318,0.34832138421545067,-0.26870643783964343,-0.01671914263402513,0.33021219253540035,-0.04080113410949704,2.239469675064087,0.17137157758076985,2.6509780883789062,-0.0015075389544169093,2530,806
CTGACTAAGGATTGAA-1,GSM8576303_BM2,BM,v2,107,37,16688.0,6450,1.2823585,0.11330180048942565,1.3944023513793946,1.723247811453683,2.0433046086629236,-0.03502703574766597,0.03933338727748609,0.04733118942805703,-0.10596519330462323,-0.39599227891649513,-0.0446639874852805,-0.6275177520850703,0.1825606347501907,0.4195893669128419,0.22002029418945312,0.6413186798095702,0.12028571526209511,0.9753575960795086,0.013730709950129177,651,2312
CTGACTGGAATTACGT-1,GSM8576303_BM2,BM,v2,61,121,662.0,556,2.1148038,-0.06947938919067383,2.836536464691162,1.3991847773960657,0.8088104502360027,0.3016229709946966,-0.20887546462706294,0.20528312853404454,-0.14393099809444396,2.194840861729213,-0.18389569324661928,0.949815678802227,-0.04663046574432578,0.4519272422790527,-0.3196051788330078,1.9630223388671875,-0.0926391855875651,2.405203323364258,-0.037055676778157555,1553,1457
CTGACTGTACGCACCT-1,GSM8576303_BM2,BM,v2,49,157,1030.0,905,1.3592232,-0.047421202659606934,1.1159576892852783,1.273017703465053,0.9419835726420085,0.3842349775344971,-0.17121694174157567,0.03661955101149422,0.15461998975428215,2.2196700766427173,0.33566889801178595,1.6520280847156263,-0.04194843049017375,-0.4297871780395508,0.159751193523407,0.6686129131317139,-0.15016713460286457,0.7052039082845052,-0.04957230885823568,1940,1233
CTGACTTCAGTGGCTG-1,GSM8576303_BM2,BM,v2,96,50,5652.0,3318,1.4861995,0.008950845003128052,2.320679168701172,1.034811101640974,1.7626693852742514,0.08697704522006483,-0.4009958902994792,-0.022134004831314114,-0.19230365665340537,-0.39739484160287036,-0.27985397256521816,-0.5455260589961695,-0.13002873107090893,0.35777807235717773,-0.05750500679016113,1.1515471096038818,0.007543692588806161,1.7123569615681968,0.06790595531463622,791,2108
CTGATTAAGCATAACA-1,GSM8576303_BM2,BM,v2,66,130,710.0,481,3.943662,-0.020352511405944823,1.6195176887512206,2.423689967564174,0.7577213096618652,-0.16639949997744885,0.35776092509599644,0.19714428271566117,-0.11914464737419413,1.3161459143502372,-0.10073273440441453,2.608887548986126,-0.049957105777407654,0.26977652549743647,0.38029309511184695,-0.177888427734375,-0.07236448923746745,0.45037810007731116,-0.0271366818745931,1650,1550
CTGATTCTATCCGTCA-1,GSM8576303_BM2,BM,v2,36,194,381.0,319,1.0498688,-0.024786996841430663,0.6461668562889099,1.3356874302455357,-0.264394645690918,-0.0796369453031854,-0.10618259629092543,0.3659033029420035,-0.104166943569238,-0.1481155548095703,-0.10889193523361022,0.7890012700857161,-0.044361517733375495,-0.11567266464233399,0.6741381502151489,-0.10575786590576172,-0.05508221944173177,-0.2974439811706543,-0.02203288714090983,2337,992
CTGATTGCATGGCATC-1,GSM8576303_BM2,BM,v2,87,69,6213.0,3658,1.3198133,-0.15069315910339356,1.8698850250244141,1.1658304922921314,2.028165079752604,0.02652703087971392,-0.037725094605367604,-0.36230787830693384,-0.33990469771333276,-0.37675764506203785,-0.2675392419458872,-0.47613631341738527,-0.11911453656702234,0.04301975250244139,0.054347658157348655,1.1502703542709352,-0.1534728749593099,1.6508049964904785,0.05754445473353069,995,1940
CTGCATACAAGCGAGT-1,GSM8576303_BM2,BM,v2,119,7,2867.0,1807,7.7084055,0.09846932709217071,2.0719657611846927,1.42035037449428,1.7043921025594078,0.13547487096135402,-0.3385633598848519,0.47620357036590577,0.16071610727907448,-0.013573597226824052,-0.2829299068833929,-0.3539216908146757,-0.13367486480098442,1.1020794296264649,0.6531294918060302,1.2579366302490234,0.10818587382634481,1.5596956761678062,-0.08699607849121094,329,2535
CTGCATACGGACAATT-1,GSM8576303_BM2,BM,v2,77,89,9642.0,4649,2.0638871,-0.12711158752441407,2.800589714050293,1.5167933327811107,1.9720231628417968,0.20537451663649225,0.07603477050159696,0.09195408923285353,-0.05913964949618389,-0.2963193021501814,-0.19438242170226622,-0.7415901424786503,-0.029445943644954273,0.3106135749816894,-0.6611599731445312,1.611806788444519,-0.16530474344889323,2.1661652755737304,0.2117804209391276,1210,1754
CTGCATGAGGTAGTAT-1,GSM8576303_BM2,BM,v2,95,33,17009.0,6153,1.7461345,-0.07102938205003739,2.7483685874938963,1.7068145315987722,1.5977950159708658,0.42172065604642694,-0.034433234647574695,0.07337035758154731,-0.1299383934042857,-0.4251193212781634,0.06843015659286317,-0.7540550193073423,0.10762000883985687,0.15886445999145515,-0.05685003757476803,1.56288649559021,-0.14363966623942057,2.4153149541219077,-0.03712991754213968,608,2089
CTGCATTGCCAGGATC-1,GSM8576303_BM2,BM,v2,40,198,265.0,241,2.264151,-0.018283827304840086,0.7679207468032837,0.2071666036333356,0.7279518191019694,-0.13217224366214858,-0.13217224366214858,-0.0835832050868443,-0.09430054060709168,-0.16089767456054688,-0.11748643285299401,0.3741396111244209,-0.024542050073610856,-0.12798678398132324,-0.09141913414001465,0.36933331537246705,-0.0487568728129069,0.36736774762471525,-0.0487568728129069,2380,1066
CTGCCGAGGAGTTAAT-1,GSM8576303_BM2,BM,v2,88,74,7632.0,4350,1.7950734,-0.13637764930725096,2.2740152549743655,1.3385092163085937,0.8559551111857095,0.12416727954604057,-0.13110735248165162,-0.04331688335963657,-0.3869809475874149,-0.2987719454084124,-0.3195538307768274,-0.6814432218456542,-0.01847437507011289,0.2946811866760254,0.09702675819396978,1.3389690504074097,-0.16203425089518228,1.9591475931803384,0.013548421065012611,1049,1959
CTGCCTAAGCCTGTGC-1,GSM8576303_BM2,BM,v2,93,63,9685.0,4504,1.393908,0.02290107607841492,2.6794759750366213,1.6572030203683035,1.5292519251505532,0.2201109104845897,0.10828495312886066,0.167830673626491,-0.18104408122065413,-0.5371716918945313,-0.26216218366201627,-0.6361657277049634,-0.038744539222461266,0.6726930999755859,0.39768977165222164,1.7600367336273193,-0.1222665278116862,2.314318529764811,0.1283180300394694,930,2052
CTGCGACAGAATCCAC-1,GSM8576303_BM2,BM,v2,85,53,18209.0,6422,1.2521281,-0.0779060384631157,2.205150270462036,1.6582647378104076,2.2647855122884115,-0.02047706655709136,-0.13263467544122326,-0.010378866876874615,-0.0627905873553557,-0.595681396484375,-0.007913231370918261,-0.8472855282538461,0.055199641852227976,0.4737934684753419,0.09559848308563235,1.1632258644104003,-0.17217981974283855,1.685651741027832,0.13298232952753702,823,1903
CTGCGGCAAGCCTATT-1,GSM8576303_BM2,BM,v2,111,19,13958.0,5609,1.311076,-0.04448203265666961,2.413192434310913,1.5883931405203684,2.08217295328776,0.19689415257618614,-0.0038999399096543153,-0.04176807590893339,-0.2071932685019001,-0.5526954060963222,-0.04084134197618111,-0.7672290500835628,0.003992904466956354,0.5153579139709473,0.25820651054382326,1.322750496864319,-0.06662152846654257,1.9322042083740234,-0.008252610365549723,458,2386
CTGCGTATGTAAGCGA-1,GSM8576303_BM2,BM,v2,62,138,2127.0,1091,1.316408,-0.07983590126037597,1.6774994564056396,0.6784179033551897,0.09404278119405118,-0.17151801174424258,-0.21521520040121422,0.1854705468245915,-0.1709734853837415,3.626063757760184,0.042662240175837,2.4211973151904624,-0.031224743631862156,0.4417860507965088,-0.2757421875,0.9313664646148682,-0.10265000661214192,0.9526305898030598,-0.04842379570007324,1736,1475
CTGCGTGAATAATTGG-1,GSM8576303_BM2,BM,v2,35,211,5766.0,3093,2.2025666,-0.10561710357666015,3.3179870986938473,1.9560057612827846,0.012127850850423005,0.5128734427762319,-0.09207694050367027,0.551931779044015,-0.09247881644971537,0.013749805177961039,0.6834635820733496,0.6103183814000307,-0.10550235901902986,0.8320965576171876,-0.6163572692871093,1.8352475357055664,-0.0821074930826823,2.6186585744222004,-0.07703898111979167,2519,973
CTGCTAGCATAGCTGT-1,GSM8576303_BM2,BM,v2,85,109,2858.0,1702,6.403079,-0.0968669319152832,2.5961987018585204,1.6504999324253629,2.041270319620768,0.318073866357765,-0.1428627281851011,0.049654357092721146,-0.2406845748595317,0.0123605507441929,-0.34976686531281376,-0.12091231163258975,0.1290451137354367,0.8097298049926759,0.19714897871017456,1.164086791038513,-0.07209716796875,1.5911642519632974,0.19549973726272582,1424,1903
CTGGAACAATCCGCTC-1,GSM8576303_BM2,BM,v2,82,98,16668.0,6048,2.0458362,0.19820789217948914,2.6903221130371096,1.7292080906459262,2.032008043924967,0.6149843552983907,0.031253967761172674,0.1256099455697196,-0.0984353645385605,-0.48656148753847395,-0.34573101446810495,-0.8111343078050951,-0.12198462262249633,0.36897630691528316,0.12764576673507688,1.6170809888839721,0.21726676146189375,1.9338736343383789,0.05797493060429891,1306,1847
CTGGCTAGCGTGAATT-1,GSM8576303_BM2,BM,v2,74,80,15100.0,5983,2.4039736,-0.09319590985774995,1.771637372970581,1.907250780378069,1.697577807108561,0.5294676583454792,-0.08382543393133429,0.3370806237629481,-0.18615305218792233,-0.3798351774215698,-0.1662111454699413,-0.7222736229261068,0.01974339841767675,0.7236713409423828,0.3167650938034058,0.8864748554229736,-0.09152369737625121,1.2551566569010415,0.2342774772644043,1113,1699
CTGGCTATGCAATAGC-1,GSM8576303_BM2,BM,v2,90,42,13975.0,5558,1.3810376,-0.06650996416807176,2.7402287673950196,1.7620228903634205,1.95477783203125,0.13613775456286814,0.004306880482571329,0.2648113472121102,-0.04897073317491468,-0.46943023123059957,-0.17234886650100767,-0.5770430009408514,-0.15991075246926123,0.48572580337524407,0.2594376802444458,1.5617918844223022,-0.05588264743487041,2.132993481953939,0.012181164820988966,705,1996
CTGGCTGTACTAGATG-1,GSM8576303_BM2,BM,v2,87,51,21260.0,6707,1.0959549,-0.08359387949109076,1.8595065021514892,1.646846945626395,2.3584435526529948,0.5051830264937925,-0.10779687746871974,0.010967708996364012,-0.21424048570546275,-0.2717150827135359,-0.2856906070766679,-0.6050673850087855,-0.12394711795269243,0.31579193115234383,0.2778901338577271,0.8905477523803711,-0.0730940955877304,1.2707045110066733,0.11368894259134928,801,1940
CTGGCTGTAGATGAAT-1,GSM8576303_BM2,BM,v2,96,34,11264.0,4992,1.4737216,-0.1342337989807129,2.2679725074768067,1.6842388371058872,1.8664395395914712,0.3312114127668511,-0.07270342183400347,0.05553073031561717,-0.18812985226017895,-0.42247775527409137,-0.24748553162118997,-0.6739671834934706,0.1087107221780779,0.3080706214904786,0.138998384475708,1.186702486038208,-0.13202237447102866,1.7123620986938477,-0.11260052998860677,619,2108
CTGGTGCAATTGCGAT-1,GSM8576303_BM2,BM,v2,38,206,569.0,500,2.9876976,-0.036522502899169924,-0.6830148315429687,-0.4238812255859375,0.5128718598683675,-0.1504768769903834,-0.17394513968961783,-0.2360784476143973,-0.13890177335985068,1.3662277167184014,0.8187154766067444,1.737037362439749,-0.05882819386936674,-0.22777458190917968,-0.30081958770751954,-0.12650057220458985,-0.07791467666625977,-0.2711326217651367,-0.009739333788553874,2466,1029
CTGGTGGCGATGTCAG-1,GSM8576303_BM2,BM,v2,45,161,992.0,871,1.3104838,-0.09504729270935058,1.2063277101516725,1.544947978428432,0.20440244038899746,0.9901904092735077,-0.22299019687147026,0.6586817114693778,0.15084665845370518,1.3577286878313337,-0.12557266419192395,2.463659844256773,0.2849309339276439,1.139608383178711,-0.3275634002685547,0.10482625555992126,-0.10638189315795898,0.6496571731567383,-0.042243245442708334,1982,1159
CTGTCAATGGCTATTA-1,GSM8576303_BM2,BM,v2,103,37,11587.0,5397,1.6311383,0.02185013651847839,2.2628742027282716,1.4252898080008372,1.7283173370361329,0.38143704693958935,0.018543919679835374,0.031005788871220186,0.025538667420407946,-0.5234379791532244,-0.21336441178877186,-0.6135784775047266,0.09468825802935621,0.08062555313110342,0.08533505916595463,1.4519811725616454,0.06279212792714436,1.9507573064168295,0.04096570253372192,651,2238
CTGTCCTACTAAGGCA-1,GSM8576303_BM2,BM,v2,47,165,1097.0,886,1.1850501,0.5364211201667786,0.24459966659545895,-0.06831061635698588,0.47967418670654294,0.14902217464753426,0.05675041696085581,0.0826228242261069,-0.2509298242607226,0.5600510117667061,-0.1579904671174934,2.401148901232594,-0.05651384392040688,-0.2623754501342773,0.28464934587478635,0.6624110832214356,0.6402331574757895,0.8358569208780926,-0.05399556477864583,2025,1196
CTGTGCGACGAATCAC-1,GSM8576303_BM2,BM,v2,80,92,12011.0,5044,1.9398885,-0.046085377335548405,1.8884715366363525,1.677459487915039,2.1659854380289714,0.15311136877680404,0.15922245839787025,0.23991212572370257,-0.11828935941711002,-0.574092529296875,-0.16630437527315683,-0.8115698426018968,-0.0485398736233222,0.39762142181396476,0.03919875860214228,0.9372671556472778,-0.019262874126434334,1.2562574577331542,0.11925413131713868,1242,1810
CTGTGGATCCTTCAAG-1,GSM8576303_BM2,BM,v2,59,135,1006.0,775,3.578529,-0.03588687419891357,2.710122013092041,0.42872008187430255,0.752190653483073,0.34031500490793737,0.10112004025667751,0.9383003602709089,0.21336031077194056,0.12122235815865653,0.14373641320500508,0.3930910435984713,-0.06639608600795668,0.19494836807250981,-0.34335472106933596,2.500614543914795,-0.04784916559855143,3.493529446919759,-0.04784916559855143,1703,1419
CTGTTACCTAATGAGT-1,GSM8576303_BM2,BM,v2,115,17,12596.0,5154,1.8180374,0.17030574440956114,2.048452434539795,1.6593129839215959,1.7012264506022134,0.5486776417039005,0.011836686766291238,0.2082847680364336,0.2369935615014893,-0.6033715209960937,0.040916610913104334,-0.899658203125,0.04806404774392439,0.3220007705688477,0.25005700826644894,1.1221970672607422,0.28415932496388757,1.6352838961283365,-0.011157807906468711,437,2461
CTGTTCAGACAATTCC-1,GSM8576303_BM2,BM,v2,58,106,2.0,2,0.0,0.0,0.0,0.0,0.0,0.0,0.0,0.0,0.0,0.0,-0.034206398040894044,0.0,0.0,0.0,0.0,0.0,0.0,0.0,0.0,1392,1401
CTGTTCCAGACTAGAA-1,GSM8576303_BM2,BM,v2,41,203,169.0,166,1.7751479,0.48142104625701904,-0.08194400787353516,0.46239833014351983,-0.08194400787353516,0.600593632004826,-0.06581848021970696,-0.05853143419538225,-0.07043897524945715,0.5525367388044086,-0.08227310027463369,0.5578163527345155,-0.06874497304826775,-0.06145800590515137,-0.08194400787353516,-0.06555520629882812,0.6145800590515136,-0.08194400787353516,-0.04097200393676758,2433,1084
CTGTTCGTGGTTGTAG-1,GSM8576303_BM2,BM,v2,49,145,16593.0,6534,1.2716206,0.005480925440788265,2.8989396858215333,1.4934554726736888,1.2843832143147789,0.6040849398417645,0.012755817882780796,0.20050289733069282,0.16505754555145158,0.09318793814522885,-0.04217563575530148,-0.26974351294088683,0.05169067481105874,0.4796695137023925,-0.021683773994445765,1.888974443435669,0.07369526783625285,2.3925449371337892,-0.11956377665201823,1811,1233
CTTAACCACGTCTAGT-1,GSM8576303_BM2,BM,v2,95,47,12731.0,5432,1.3667426,-0.14452392578125,2.5012656116485594,1.7650412423270092,1.6939279301961265,0.26001386948857447,-0.1653085499061501,-0.13398679307528905,-0.2280955117987259,-0.4439064201627459,-0.13823966855504904,-0.7848766059226295,-0.048272833785297536,0.08490639686584478,-0.3872971081733704,1.4679567308425903,-0.17663116455078126,2.0341625467936195,0.10052653233210244,759,2089
CTTACGAAGATATCGC-1,GSM8576303_BM2,BM,v2,36,204,4984.0,2694,4.012841,-0.008070362806320203,-0.37878663301467896,0.016099409375871954,-0.2084759966532389,0.052189887766857235,-0.3550942049447791,0.09177126475742886,-0.3071235503713176,1.8246159264700754,0.31293457674692915,1.5712567893564988,0.23772683216764282,0.017855815887451165,-0.2556762862205505,-0.13428012537956235,-0.14964865366617838,-0.44353275140126547,-0.09062555313110351,2444,992
CTTACGAAGGTGAATT-1,GSM8576303_BM2,BM,v2,103,5,7098.0,3601,1.9301212,-0.10507967948913574,3.053830623626709,1.8133224378313337,1.493902842203776,0.5011724276715014,-0.18795997550688592,0.3771013563019889,0.018492710282946023,0.11274389593941825,0.28764178953975084,-0.4951026516244144,-0.011871020894494072,0.4536493301391602,0.1895897006988525,1.7936232433319093,-0.11303326924641927,2.534350789388021,0.06726188937822977,308,2238
CTTAGACAAGTTCGGT-1,GSM8576303_BM2,BM,v2,54,140,16259.0,5859,1.1808845,0.11059399724006652,2.634999132156372,1.7606509617396762,2.31156374613444,0.4707989041585041,-0.1253826875352887,0.057351260185241726,0.017380436375352915,-0.3212052620479039,-0.2884598871072133,-0.33990428088838276,-0.1258361099550388,0.2225773620605469,0.5044551181793213,1.6840970516204834,0.17533184210459393,2.160105056762695,-0.1194748051961263,1757,1327
CTTAGCAATTGCACCA-1,GSM8576303_BM2,BM,v2,50,140,3568.0,2365,1.9618833,-0.09683889389038086,2.8336628246307374,1.8650758252825055,1.1721322504679361,0.7878672099975217,-0.09977892788401704,0.12763405323028565,-0.27294489032559544,0.20045369338989255,-0.060322334967463836,-0.4697409606505675,-0.0761981554479407,0.695954818725586,0.38762676954269404,1.5973978996276856,-0.16841859181722005,2.275246429443359,-0.08904725392659506,1757,1252
CTTAGCACTCTTATGC-1,GSM8576303_BM2,BM,v2,85,81,4726.0,2855,1.1426153,0.03434618830680847,2.327699527740479,1.4691341073172435,2.0191084798177084,-0.3131003322371517,0.33557700618409037,-0.043339986460549484,0.16042091677630965,-0.32159660039629256,-0.3488908943880993,-0.48212224867977094,-0.15014453862337457,0.48907238006591797,0.3924627876281739,1.391722677230835,0.0688591496149699,1.8438120396931967,-0.09610524495442709,1124,1903
CTTAGCCTCGTTGCGA-1,GSM8576303_BM2,BM,v2,107,17,6098.0,3453,1.7546736,0.01498000174760819,2.884823913574219,1.5216436767578125,1.3466832987467448,0.3432059019923689,0.04453576684887223,-0.20969697960785455,-0.31601710715744763,-0.32654111521584644,-0.2684502684208284,-0.7286933725083663,0.01655715018196509,0.03686495780944821,0.2291896772384644,1.798706434249878,0.02322382648785909,2.3860482915242516,0.2216583259900411,437,2312
CTTAGCGTACGGTCTA-1,GSM8576303_BM2,BM,v2,104,20,5416.0,3035,1.4032496,0.17919341325759888,1.9985610580444335,1.3640521403721402,1.9706253941853842,0.47862613440517443,0.04442626528540222,0.24222143377576555,0.08821307309963056,-0.49205325317382814,-0.2509110007420122,-0.7990361156079593,0.18853080261245098,0.5586125564575195,0.5783892679214477,1.295271686553955,0.04548245271046958,1.7135478973388671,-0.11127114613850911,469,2256
CTTAGTTGCGACTAGC-1,GSM8576303_BM2,BM,v2,48,168,501.0,431,1.9960079,-0.05491835117340088,-0.08372241020202636,0.03315109252929688,0.04305341084798181,-0.1569662438817771,-0.13252753139020929,-0.12170477730887277,-0.12205350159915607,0.22963969421386718,2.442874854827023,0.6745182130617926,-0.08392604085423003,0.48347414016723633,-0.1402628993988037,-0.11982694244384766,-0.07099445978800456,-0.3102302551269531,-0.05071032842000325,2058,1215
CTTCAACGAGCTTCAG-1,GSM8576303_BM2,BM,v2,39,201,669.0,564,1.9431988,-0.0708860683441162,-0.06830216526985167,0.5563061114719936,0.04708590030670168,-0.1441464711384601,-0.12190298670267005,0.5274233031272888,0.7089193264480698,0.40815026419503353,-0.13346089129467087,-0.16727397585875237,-0.046464993649681145,0.3810909748077393,-0.25915760040283203,-0.1546471405029297,-0.06461731592814128,-0.26261947631835936,-0.03692418098449707,2412,1047
CTTCAAGAGCTTATAG-1,GSM8576303_BM2,BM,v2,106,38,11670.0,5104,1.1739503,-0.031995189785957334,2.484523820877075,1.965894230433873,1.8667969385782877,0.2732752384430912,-0.10058056685819206,0.22427840403148103,0.06973921310887005,-0.49798157841818674,0.06272392579350605,-0.8255366685863652,-0.13897024065056104,0.6850324440002442,0.5347593688964843,1.3083218717575074,-0.13769432067871093,1.9307484817504883,0.11230020364125569,662,2293
CTTCCGACATAAGCTT-1,GSM8576303_BM2,BM,v2,86,94,12330.0,5406,1.5247364,-0.12172620773315429,1.5794980907440186,1.564150401524135,2.1544895553588868,0.6723542768792454,-0.23143822436899,0.0619647584642683,-0.25119065260038087,0.5224968768528528,-0.2656676872188307,-0.16396631330451705,-0.015194911113292811,0.63721830368042,0.22667747974395747,0.8758748903274536,-0.1457939656575521,1.0378972498575847,0.09449009339014688,1263,1921
CTTCCTAGAACTTGGC-1,GSM8576303_BM2,BM,v2,47,187,1119.0,905,1.9660411,-0.11801856994628906,-0.08018566489219664,-0.25624283245631624,-0.06469957351684569,-0.1564497890242611,-0.1933368544980704,1.2767496762956891,-0.178846812863063,0.15620034381321501,-0.2111657996733026,1.9304500627380545,-0.061643485254889364,0.4997395229339599,-0.3137366485595703,-0.17831040954589844,-0.09741771697998047,-0.3708361053466797,-0.06123252868652344,2262,1196
CTTCGAATAACCACCG-1,GSM8576303_BM2,BM,v2,115,21,16431.0,5690,1.9292799,0.0023940035700798085,1.7276139163970947,1.6449384743826732,2.428519795735677,0.3595606055125654,-0.24654137896725453,0.053086741311209495,0.025570079531769152,-0.5648433725152697,-0.22603254026198488,-0.7081642606914443,0.03063913148292989,0.429542007446289,0.7895358180999756,0.8487251796722413,-0.06186317145824434,1.2009914334615073,0.03751570661862691,480,2461
CTTCGAATAGAAGGCA-1,GSM8576303_BM2,BM,v2,107,7,5936.0,3256,1.2803234,-0.09002948760986328,2.9858376502990724,1.6337663922991073,1.6531644185384116,0.4161251500907193,0.11949723736691326,0.02430355412619456,-0.21563796776511165,-0.567220947265625,0.15200324805386095,-0.4779076923688557,-0.11577547316583212,0.2487503814697265,-0.3924982237815857,1.8108246307373048,-0.11512399037679036,2.4666728337605797,-0.08171414693196614,329,2312
CTTCGAATGTTCCATA-1,GSM8576303_BM2,BM,v2,85,65,11497.0,5348,1.3655736,-0.08847703009843827,1.4282065582275392,1.6783408791678294,1.8779231262207032,0.1412366585559156,0.05922263570031555,-0.0033730518817901567,0.03763808805923996,-0.29456671006338936,-0.2730654470891838,-0.6161210751830675,0.03367953641074045,0.5251661109924317,0.37990242004394537,0.5760536098480225,-0.16823499043782553,0.8109020932515462,-0.12156174977620443,952,1903
CTTCGAGGCCTCGCAA-1,GSM8576303_BM2,BM,v2,53,169,1214.0,965,2.7182865,-0.0738491153717041,0.5220639944076537,2.168181642804827,0.9149941444396972,0.7945197442449241,-0.26974661953477974,0.30271937336240495,-0.1761606648180068,0.013366507938929961,-0.2669155932813284,0.6567800774213108,0.23872208206674167,0.1669246292114258,-0.45287586212158204,-0.259774658203125,-0.0889296849568685,-0.08932248115539548,-0.06669726689656576,2068,1308
CTTCGCTCTGGTGACA-1,GSM8576303_BM2,BM,v2,104,28,4063.0,2636,0.91065717,0.0438753217458725,2.3817994689941404,1.3593707493373324,1.3345782852172852,-0.07233730090191087,-0.08827141927564824,-0.12686531186103822,0.03834595164948201,-0.4595361328125,0.15482539536962553,-0.460471396935409,0.0862731159819167,0.08048322677612307,0.056448895931243914,1.85692724609375,0.06912623008092245,2.374728686014811,0.335238938331604,555,2256
CTTCGTAACAGGCCTC-1,GSM8576303_BM2,BM,v2,32,198,3841.0,2250,2.2650352,0.05768560945987701,2.7242081642150877,1.5776693725585937,2.6954331080118816,-0.04450599950958928,-0.04149584461065525,0.46479676723480223,-0.29576462797585734,-0.232646593775068,0.7785109592728826,-0.3216710979849357,0.08549170400358001,0.3931305313110352,-0.2482328879833221,1.1452736320495607,0.08792060295740764,1.672574144999186,0.13246325254440308,2380,917
CTTCGTCCACAGACAT-1,GSM8576303_BM2,BM,v2,94,24,11724.0,5087,1.8850222,0.028211534619331347,2.393933753967285,2.1365296609061106,1.7767036565144858,0.1998321339787249,-0.04152056956113376,0.16433882815497264,-0.1183592468024374,-0.4565789466585432,0.2803402425773651,-0.871358516175132,-0.024748926937637264,0.34032382965087893,-0.11760427951812746,1.2363947372436523,0.06106638352076213,1.7257306989034018,-0.006027617057164508,512,2071
CTTGAATCTGGTCGTG-1,GSM8576303_BM2,BM,v2,95,63,10098.0,4806,1.2774806,0.03363284111022949,1.9558366203308106,1.7329124450683593,2.0394285583496092,-0.08855137193059348,0.06806573865062121,-0.1270284271240234,-0.08475998625909503,-0.46832309286934987,-0.17937935260405025,-0.8853431036008285,-0.03302700979026145,0.2558876419067382,0.22047329902648927,1.2285083866119384,0.09974615732828776,1.6038016637166344,-0.008247292836507158,930,2089
CTTGAATGCCGTATAG-1,GSM8576303_BM2,BM,v2,35,199,1761.0,1309,2.7825098,-0.08070355415344238,3.096929740905762,1.7353035518101285,1.5105157216389975,0.2526884418893531,0.6795164462279397,0.5141175774165563,-0.22126660715884672,0.240349475315639,0.1498747781577359,0.2251991361579639,0.1884342300583281,0.4399145126342774,0.258361656665802,1.2152473239898682,-0.12026411692301432,1.860459359486898,-0.0716776974995931,2390,973
CTTGAGCTGAATAGTC-1,GSM8576303_BM2,BM,v2,88,56,3327.0,2062,1.2623985,-0.07425491333007812,3.376000804901123,1.7024105398995535,2.0684715143839516,-0.029805553486069503,0.07103855200902659,0.529634791782924,0.13560526360267017,-0.05130071803501679,-0.07817555431381287,-0.2592442824307933,-0.10620639468199455,0.8451678085327148,0.4193364548683166,1.7892371006011962,-0.08975507100423177,2.525051027933756,-0.0712521235148112,855,1959
CTTGCGCTATGGTGTC-1,GSM8576303_BM2,BM,v2,74,126,168.0,128,1.7857144,0.0,0.26669739723205566,0.8202257101876396,1.6998795572916667,-0.01647805976101672,-0.04943417928305017,-0.12895257132393972,-0.047026210664678096,0.5489736873081752,-0.03295611952203344,3.1486441117576534,-0.0137685801358831,-0.06154555320739746,-0.06154555320739746,-0.03282429504394531,-0.02735357920328776,-0.22897945404052733,-0.015959628423055015,1607,1698
CTTGGTTATCTATTAA-1,GSM8576303_BM2,BM,v2,47,197,318.0,289,3.4591193,-0.026096954345703124,-0.09114891052246094,-0.3505652236938477,-0.09114891052246094,-0.11612288540146916,-0.11612289306150383,0.33359621150153024,0.4632910801844181,-0.1295767822265625,-0.08817434502413952,2.0522966704912635,-0.023352978213521457,0.5011530113220215,-0.19476573944091796,-0.10174002075195313,-0.03479593912760417,-0.24617740631103516,-0.01159864584604899,2369,1196
CTTGTATCGCATACCG-1,GSM8576303_BM2,BM,v2,101,29,1513.0,1111,1.3879709,0.15064074397087096,1.9274173545837403,1.2972636631556917,2.088031209309896,0.10347216435704368,-0.23475824685460592,0.2676201442309788,-0.2117789413320984,-0.30778860473632813,0.13447716580816063,-0.5293315401013265,0.21290376408102418,0.5163530540466308,0.6958715772628784,1.3720574893951416,0.2502905003229777,1.2117529169718426,0.2705843273798625,565,2201
CTTGTATCGTTGCTAT-1,GSM8576303_BM2,BM,v2,103,41,8258.0,4192,1.1140711,0.01822561264038086,2.3821920013427738,1.6109825570242748,1.4695517476399742,0.12316661570445603,-0.0937902154555898,0.2512715721130371,-0.03944841936090371,-0.24380735942295623,0.03965737972872324,-0.889894011836724,-0.00810925215339843,0.40592439651489254,-0.04674762248992925,1.3944156436920165,0.06587375640869142,1.8206487274169922,0.02106971184412637,694,2238
CTTGTCAAGTCTAATC-1,GSM8576303_BM2,BM,v2,58,146,10722.0,5177,2.3223279,-0.04678844720125197,2.1981158447265625,1.3442026628766741,1.70121337890625,0.2633772011262825,0.028800857935701363,-0.05006518227713452,-0.07337165181382094,-0.4817137133053371,-0.23520826694955785,-0.5821646735400733,-0.08195702278716908,0.525022373199463,0.13817265033721926,1.3692552185058593,-0.04518727978070576,1.8209997558593751,-0.15235252380371095,1821,1401
CTTGTCGCTGAATACC-1,GSM8576303_BM2,BM,v2,104,48,12037.0,5104,1.7113898,0.012029021978378296,2.662484397888184,1.9702384076799666,1.4193206532796225,0.5335334371850193,-0.10003119915706699,0.3525242648805891,0.09939528019077892,-0.46409025382995606,0.07484369009852887,-0.4023238846805386,0.050023099720078026,0.592202091217041,-0.25854236841201783,1.6826882286071778,0.07454847176869711,2.2976315943400065,-0.08546768188476563,769,2256
CTTGTCTATCACATCT-1,GSM8576303_BM2,BM,v2,101,39,9674.0,4361,1.7262766,-0.14263707160949707,2.300881290435791,1.366665246146066,2.276379648844401,0.37794751144317257,0.16139836511048378,0.04051121643611366,0.14560638408996607,-0.3592449475697109,-0.21663865650514041,-0.6287268397906368,0.0054581810506855455,0.16844657897949222,0.41833852291107176,1.2802195854187013,-0.13895423889160155,1.8259553400675455,0.12901937564214072,673,2200
GAACAAGCTCGCACGT-1,GSM8576303_BM2,BM,v2,83,61,15249.0,5912,1.3181192,-0.008477166295051575,2.342101945877075,1.5963522883823942,1.924717877705892,0.5136599559860535,-0.12693760535939974,0.12777909755706784,0.030600829442602395,-0.3015796917506627,-0.08879055938567504,-0.5463938546203584,-0.13097716977932308,0.5281973838806152,0.2682056760787964,1.3176921463012694,0.036115527947743725,1.866814422607422,-0.1258236567179362,909,1866
GAACAGCGTATCGCTA-1,GSM8576303_BM2,BM,v2,80,60,16607.0,6017,2.4266877,-0.06400032341480255,2.6953128433227542,1.794882027762277,1.5345532353719078,0.07964945557605785,-0.08473108885825809,0.17629341397966658,0.037090330010694006,-0.33026311874389647,-0.15203087253264153,-0.7150981116500591,0.005751387384913903,0.3408239936828614,0.06124825716018678,1.5644012660980224,-0.05955986420313518,2.326456387837728,-0.08525919596354167,898,1810
GAACAGTGCGCAATGT-1,GSM8576303_BM2,BM,v2,80,90,13779.0,5670,1.8796719,0.12204933047294617,2.3779365253448486,2.0006098175048828,1.967419548034668,0.21775710343357074,-0.2456439637754816,0.3663152255330767,-0.049889180585101556,-0.46917359447479245,0.07629628976186115,-0.6033489011506676,0.03966452851391479,0.555170612335205,0.39047250270843503,1.455240068435669,0.040486964384714746,2.0519778823852537,0.06447512865066528,1220,1810
GAACATTCCGGCAGGT-1,GSM8576303_BM2,BM,v2,50,180,242.0,216,7.85124,0.44943775177001954,-0.1634378433227539,-0.34389095306396483,-0.1634378433227539,-0.037167173791601955,-0.0522085978802907,-0.042803595406668525,-0.03219468135888392,-0.1119248046875,0.5490119754071217,0.506686451565385,0.0,-0.10245285034179688,-0.10245285034179688,-0.05199976348876953,0.574281571706136,-0.23153152465820312,-0.012484381993611654,2187,1252
GAACATTGAGTTATCG-1,GSM8576303_BM2,BM,v2,113,21,15298.0,5870,1.5622958,0.044791099429130565,2.2908592987060548,1.6954790714808872,1.9540771611531578,0.31276780055708675,-0.14132398623402476,0.21545516218457905,-0.21227675854452213,-0.4185449198314122,0.19227015924262236,-0.37460939333285725,0.07712888043313104,0.497604274749756,0.5647679424285889,1.278282434463501,0.029451880455017093,1.7771820958455407,0.06363350709279378,480,2424
GAACCGGAAGTCGTGG-1,GSM8576303_BM2,BM,v2,56,162,418.0,361,2.8708134,-0.06431617736816406,0.48793911457061767,1.2477240099225724,-0.6194180297851563,-0.08563644531740242,-0.09855134037125063,-0.11025630405970982,-0.11978657676019094,0.7371587350027902,-0.10965174173255522,1.823295040990111,0.42702735213282467,-0.2030916404724121,-0.1870125961303711,-0.0724306640625,-0.03215808868408203,-0.3097090148925781,-0.03215808868408203,1993,1364
GAACGCAGGCCTGTGC-1,GSM8576303_BM2,BM,v2,100,14,11134.0,5026,1.7334292,-0.0346869707107544,2.315049057006836,1.6462570517403736,2.0542356618245443,0.3005305648328789,-0.03571444110356048,0.4066630370276315,-0.12001628984060142,-0.47136368070329937,0.3380636699707154,-0.7102837379689642,-0.0425820309500909,0.5586922454833984,0.2008689212799072,1.186634750366211,-0.046451841990152995,1.8499250793457032,-0.010414702097574877,404,2182
GAAGCGGAATTAATGT-1,GSM8576303_BM2,BM,v2,102,24,9043.0,4585,1.4596926,0.059140177369117725,2.8202436447143553,1.4344515773228237,1.7350980122884117,0.27864607941194713,-0.07030380750208565,0.4224381998607091,-0.2835119752136352,-0.15849096625191822,-0.15348269757496785,-0.45027294826416137,0.18271651386871776,0.6125422286987305,-0.25244162559509276,1.8504173526763916,0.09018993457158408,2.5041892623901365,0.06686949014663696,512,2219
GAAGCTTAGAGCATCC-1,GSM8576303_BM2,BM,v2,104,18,9968.0,4989,1.8760033,0.1325691020488739,1.961660852432251,1.2694986615862165,1.6120633188883462,-0.09972575917301407,-0.17070644146672487,-0.048426762308393156,-0.10860305646380292,-0.614901123046875,-0.16813290741548964,-0.7483499329019255,0.1806222843872392,0.2989829635620118,0.10677084445953366,1.353125524520874,0.1889096689224243,1.6896573384602867,-0.09183827718098958,447,2256
GAAGCTTAGCATGCGT-1,GSM8576303_BM2,BM,v2,82,108,2215.0,1418,4.9209933,0.147903316617012,3.3153087806701658,1.7372525787353514,1.3437473487854004,0.5739796410602738,-0.26332662191735695,0.060440141132899694,-0.21739384779615867,-0.35140631103515624,-0.3000073413772277,-0.710964791726746,-0.05930277805200359,0.668824691772461,0.08916057586669923,2.0609545803070066,0.21427854935328167,2.8087314860026042,0.21058085521062214,1414,1847
GAAGTAATGACTGGAC-1,GSM8576303_BM2,BM,v2,110,32,19614.0,6518,1.672275,0.12236294865608216,1.9502159023284913,1.9282273973737443,1.7476668421427408,0.4137869015276192,-0.13690138396625884,0.1548939217839922,-0.19329429385216082,-0.6026278155531202,-0.18434118075543138,-0.8619294619457376,-0.1152360647316747,0.43405115127563487,0.19822534799575808,0.9355060892105103,0.11123977740605673,1.5612008794148764,0.18868608474731444,598,2368
GAAGTCGACATCAACT-1,GSM8576303_BM2,BM,v2,53,137,23534.0,7467,1.2450072,-0.06906780511140823,2.1708693981170653,1.9190471431187222,2.0096309661865233,0.7235197159181157,0.03178735293674528,0.06352583851133076,-0.16345146792470752,-0.4010059648241316,-0.04617849315505429,-0.7495171064841324,0.10005494069275897,0.2865645408630372,0.05537042617797849,1.216199954032898,-0.05215999960899352,1.7422630055745443,0.028144721984863286,1725,1308
GAATACGGTGCATATT-1,GSM8576303_BM2,BM,v2,29,191,1709.0,1225,5.324751,0.1524125212430954,1.5761034393310547,2.5486388397216797,1.279052645365397,0.08823773205040927,0.3018814130412117,0.20715967263494217,-0.17350613831790607,0.5286732973371233,0.08888017915817625,0.31070505326912023,-0.058120951556519376,0.42477103233337404,0.08799240469932557,0.53628147315979,0.2437635763486226,0.7915729395548503,-0.04490381558736165,2304,862
GAATAGTTCAGTGCGA-1,GSM8576303_BM2,BM,v2,32,196,1601.0,1125,2.1861336,-0.07921851634979248,2.063097848892212,1.8778963797433033,1.8874257151285807,-0.20916112263997397,0.3089634220420938,0.15678065538406372,0.08829628142771836,-0.06007269900185719,-0.27292121366324673,0.27035906948042054,-0.04652094040941072,0.7285947608947755,0.563016755580902,1.0772067155838012,-0.07921851476033528,1.649173469543457,-0.03300771395365397,2358,917
GAATCCATTGTATGAC-1,GSM8576303_BM2,BM,v2,95,45,18515.0,6390,1.5014852,-0.07191821441054344,1.8729549884796142,1.3761878531319753,2.1723875045776366,0.09611355971141028,-0.21042771361302318,-0.12724954622132434,-0.20575087923423901,-0.5481277156216758,-0.15407479072670383,-0.7070711261359751,0.0006466086736004462,0.11631787300109864,0.588182954788208,0.9947808198928834,-0.12476462046305338,1.469212760925293,0.12418577909469605,737,2089
GAATGAACCTTATCCA-1,GSM8576303_BM2,BM,v2,97,61,7959.0,4137,1.3192612,-0.11802995681762696,2.5619177627563476,1.863044651576451,1.5858905919392905,0.35115242004394526,0.21016278406428796,0.20145126717431205,-0.15426130974043892,-0.3404226594652448,-0.2724879202115009,-0.866511095290216,0.06851160491987249,0.6834544944763183,0.1539157104492187,1.4098901243209838,-0.11768262227376303,1.9240389760335288,0.02888547023137411,909,2126
GAATGGCACTTGTAGA-1,GSM8576303_BM2,BM,v2,91,87,7114.0,3748,1.7149283,-0.011397629976272583,2.856000385284424,1.5685687037876677,1.5678945795694985,0.7515250430049667,0.03708754909907136,-0.025546722752707307,-0.2324030768222317,0.13339105115618022,0.044518108827521996,-0.30508619346874677,0.09568088829574513,0.6468823623657227,0.15488079309463498,1.824872371673584,-0.006135382652282723,2.4625858561197917,0.05670513629913329,1188,2014
GAATGGTTAGCTAAGG-1,GSM8576303_BM2,BM,v2,48,194,713.0,512,4.2075734,-0.027097318172454834,2.3867947673797607,1.5546578543526783,1.1036742146809895,1.3387030501921013,-0.12307805900114129,-0.17581707545689174,-0.1356103454414958,0.15876674624851775,-0.16323685550306696,0.9720563056484965,-0.027279178568180774,0.2134820079803466,0.3489685988426208,1.4856815700531005,-0.07225951512654623,1.6256111780802407,-0.009032439390818279,2337,1215
GAATGTATGACCTTCC-1,GSM8576303_BM2,BM,v2,83,105,15399.0,5776,2.72745,-0.12397660255432129,2.548531675338745,1.6976701245989119,1.7366915384928383,0.8051396929116614,-0.11608970924416834,0.037805707795279364,-0.36919759406059727,-0.6052107543945312,-0.22403938033015852,-0.8237499930143128,-0.05583097744993831,0.3545132064819335,0.13241407871246336,1.5282495546340942,-0.1539031982421875,2.04846071879069,0.2167010434468587,1381,1866
GAATTCTGATAAGTAT-1,GSM8576303_BM2,BM,v2,101,47,8173.0,4149,1.5661323,-0.11406630516052246,2.7029769897460936,1.558504660470145,1.718665568033854,0.25819518144829684,0.048968192427170654,0.016837933063507116,-0.2127610549690584,-0.20400706563677107,-0.16694262180941172,-0.5052294294534685,-0.13761161957811188,0.3512940216064453,0.24541046619415285,1.5518032007217406,-0.12811537424723307,2.403329277038574,0.026048860947291044,759,2200
GACAACGGTAGAACCT-1,GSM8576303_BM2,BM,v2,58,148,15014.0,6133,1.8449448,0.01207666695117951,2.215454978942871,1.4629528045654296,2.0281584294637045,-0.03815851106222379,-0.16391194762680222,-0.05794157113347731,-0.18536121529045527,-0.4436619631903512,-0.41007475884085204,-0.5238447991679293,-0.02317792582946221,0.14936390876770023,-0.0010820770263672008,1.2908717918395995,0.05598133484522502,1.7089175415039062,-0.09834868748982747,1843,1401
GACAAGACTCAAGTTC-1,GSM8576303_BM2,BM,v2,90,84,4691.0,2664,1.2150928,0.05292746603488922,3.186088924407959,1.4453714752197264,2.0647426096598305,0.4368858471452951,-0.17751355911217678,-0.002719025441578482,-0.13532146112478713,0.13408112062726707,0.2129377275106898,-0.10827695054724484,-0.05616883783532469,0.08099413871765138,-0.10215378761291505,1.7961284027099609,0.05169509967168173,2.5342664082845054,-0.10066842397054036,1156,1996
GACAATTGTCTTGCTT-1,GSM8576303_BM2,BM,v2,46,150,19483.0,6139,1.185649,-0.12653811454772948,2.9102653312683104,1.8950823320661272,1.3696863301595052,1.0303453728855854,-0.0943829077656626,0.1710711622238159,0.08947328636990776,0.39475599779401505,0.2689057057162365,0.23881339158216341,0.02387712214388532,0.24402953147888184,0.024139733314514134,1.6699764099121093,-0.1417080052693685,2.448700841267904,0.13930524826049806,1864,1178
GACACGCACGTTAGGA-1,GSM8576303_BM2,BM,v2,90,56,8026.0,4195,1.3082482,0.2539567971229553,2.8616725730895993,1.1904351915631974,1.525102310180664,0.1373598834118211,-0.13371502805973562,0.02130175658634731,-0.22183104157691796,-0.04035754231044231,-0.06750960330886535,-0.382032855245091,0.08131415206199638,0.39791517257690423,0.1956034755706787,1.850946632385254,0.38323365847269697,2.332573674519857,0.015692546367645277,855,1996
GACAGAATAGGTGCCT-1,GSM8576303_BM2,BM,v2,61,145,2499.0,1648,1.6006403,-0.0940306282043457,3.381351490020752,1.6787951115199498,0.24650973002115883,0.3998960826291617,0.14926675921257926,0.6525631884166172,-0.2786126341724123,2.4881581529889787,-0.14950331722397403,1.7082069996790827,0.20393004193401976,0.4546341514587402,-0.39537017822265624,1.7421004791259767,-0.0985448964436849,2.5975159327189123,0.2092685421307882,1811,1456
GACAGACGGACAGAAC-1,GSM8576303_BM2,BM,v2,93,73,13919.0,5715,1.0920324,0.012845861911773684,2.4993710899353028,1.6856776537214007,1.7906259282430015,0.5791784788231296,-0.23656893542492724,0.08969981670379634,-0.1279617617767559,-0.45831588908604215,-0.026014264807643683,-0.6129773033431026,-0.045882458883415356,0.302325496673584,0.10615722656250004,1.2781726808547973,0.029610268274943036,1.9557324727376304,-0.11774622599283854,1038,2052
GACAGACGTATGCTGT-1,GSM8576303_BM2,BM,v2,40,182,661.0,548,0.9077156,-0.08507194519042968,-0.4738857650756836,-0.13896397318158837,-0.010453492800394704,-0.22119054832611698,-0.14302124268558608,0.507024563721248,-0.08736749774747045,1.492705117361886,-0.1855725054760056,2.5196453891801696,-0.055985105117695444,0.29786803245544435,-0.2721536445617676,-0.153571533203125,-0.057817389170328776,-0.3839288330078125,-0.018537290891011558,2208,1066
GACAGAGGTAAGGTAA-1,GSM8576303_BM2,BM,v2,103,25,4335.0,2540,1.6378316,0.02857650041580201,2.6772993850708007,1.4712935856410434,2.615552151997884,0.39387785191516805,-0.15415024743706623,0.3329204055241176,0.03698729883194751,-0.3018946920122419,-0.1120555151897262,-0.26653765169108934,-0.09006987962146733,0.43643819808959955,0.5171350002288818,1.6935766801834107,0.08816391309102377,2.082034034729004,0.12404339154561361,522,2238
GACCAACGTAACGTCG-1,GSM8576303_BM2,BM,v2,34,196,1929.0,1493,1.866252,-0.1199501895904541,1.0405046033859253,1.304366193498884,1.0593795267740886,0.0417570280262744,-0.3253321207192049,0.7525703954696655,0.03578502552166757,0.9475745217459541,2.2041005341403457,0.7951807212280975,0.14810383571302901,0.4597329902648926,1.1701530361175538,-0.008811782717704775,-0.11462950388590495,0.12863120714823406,-0.08426331837972005,2358,954
GACCACTCGCATTCAG-1,GSM8576303_BM2,BM,v2,98,60,10621.0,4837,1.431127,-0.013542887568473827,1.6083322811126708,1.6652813720703126,1.6000578053792318,0.21015304398823936,-0.15534933845817667,-0.0037842713083540147,-0.22411271909002492,-0.42573745604923785,-0.10426850539134691,-0.5355712617689445,-0.06993444076777648,0.2987293434143067,-0.2918741083145142,0.9025879573822022,0.007494714260101315,1.2115082931518555,0.13090485016504924,898,2145
GACCGTGATGCAGACA-1,GSM8576303_BM2,BM,v2,41,197,846.0,725,1.891253,-0.07015339374542236,-0.20041295409202575,-0.4093741226196289,1.1226193555196127,0.3056542456868183,-0.18098844964820218,-0.2654410443987165,0.21518432542626797,1.3693225446428572,-0.18109277932040663,2.1011693585067555,-0.05992357522849268,0.29336871147155763,0.9628586053848267,0.1998393042087555,-0.07020541508992513,0.09232888062795003,-0.06802752812703451,2369,1084
GACCTGCTCAGAACGC-1,GSM8576303_BM2,BM,v2,108,14,5716.0,3103,1.4520644,0.036763144731521605,1.9415861701965331,1.3027125603812082,1.9234245554606118,0.23910806073721158,-0.3846039676283258,-0.15237822055816652,0.0014989833777135364,-0.35001389503479,0.7277080715899487,-0.5544125553745551,-0.1067771847616106,-0.03669319152832029,0.022943830490112282,0.9763201608657837,0.05411881923675538,1.6593224906921387,0.2309828599294027,404,2331
GACCTGCTCCAACTTA-1,GSM8576303_BM2,BM,v2,53,125,1279.0,896,4.9257236,-0.06145071029663086,3.870555000305176,1.1731833321707588,1.5466357040405274,0.9023014283084486,-0.22232110816312123,0.5468922328948975,-0.2173816713699297,0.28479327011108396,-0.14862123359159293,0.15719422397997557,-0.05113438471851733,0.6217688369750977,-0.30339832305908204,2.2997908115386965,-0.0653059196472168,3.295520909627279,-0.07467806498209635,1596,1308
GACGCCTCGGCGCCAA-1,GSM8576303_BM2,BM,v2,102,8,9507.0,4321,1.598822,-0.016194177865982054,3.1190624237060547,1.7466199711390902,1.7791001001993814,0.35555911255648814,-0.03594097513887162,0.38524922779628207,-0.12875440556935686,-0.29294934163774766,0.13452766506547426,-0.42104993319122813,-0.0007418253506361466,0.7656643676757813,0.05740572929382326,1.7265435104370117,-0.0024691597620646044,2.4457256317138674,0.019456429481506346,340,2219
GACGGTCTGGCTAATC-1,GSM8576303_BM2,BM,v2,45,193,383.0,332,1.0443864,-0.016499451398849486,-0.02443319439888003,-0.3679377746582031,0.29201441129048666,-0.12749255230149112,-0.1142399799392884,0.2740506378241948,-0.11046649528437835,1.3281214348929269,-0.10602057123758707,1.9373637105223085,-0.02214691462932817,-0.20926349639892577,-0.2422623825073242,-0.08738389587402344,-0.04399853706359863,-0.29519468307495117,-0.03299890200297038,2326,1159
GACGTAGAATGAGTGA-1,GSM8576303_BM2,BM,v2,106,8,8437.0,4172,1.2919284,0.07449863135814666,2.667202262878418,1.5761472974504744,2.2825135676066077,0.16822798663832578,0.019362579593012852,-0.055989763907023815,-0.11078761578386939,-0.39762013217381065,0.3362713358009675,-0.5076306604584706,0.1337975201876486,0.17651681900024407,0.0763430142402649,1.5441242561340331,-0.019089770714441956,2.2070516459147136,0.16664345661799113,340,2294
GACGTTACCACGCAGG-1,GSM8576303_BM2,BM,v2,113,19,18454.0,6250,1.3384632,-0.06442316830158233,2.5419236183166505,1.7803580474853515,2.1020411809285484,0.15104219999658053,-0.1693756926422207,0.295150705746242,-0.16949609425826195,-0.43188611616407124,-0.026526368286715007,-0.6810397692631898,-0.0016290039709864618,0.5086720657348633,0.3036951732635498,1.4504817056655883,-0.06653863032658894,2.1250943501790367,0.14774043560028077,458,2424
GACTAGCCGCGACAGC-1,GSM8576303_BM2,BM,v2,43,183,792.0,684,2.020202,-0.09141997337341308,-0.19698139190673827,-0.37673274993896483,-0.19698139190673827,0.15698157639867333,-0.20492190625294146,0.4447700834274292,0.24923390850296678,1.097259400503976,0.25437033798799935,1.5275074272119187,-0.08985152660600292,0.1971047401428223,1.5684042596817016,-0.2249982147216797,-0.11318663279215495,-0.2552106475830078,-0.04571919759114584,2219,1122
GACTATTCGGCCTACT-1,GSM8576303_BM2,BM,v2,48,188,1964.0,1441,3.9714868,0.3387583136558533,-0.22763170480728145,-0.3578364849090576,0.29830384572347013,0.1881789026490177,-0.2897890696085122,0.9081698267800468,1.0985210776280245,-0.38981735229492187,-0.25974653619360255,0.5524170236413796,-0.09905438135134294,0.3529888820648193,0.6489115524291993,0.4652345418930054,0.49389115333557126,-0.17834732214609783,-0.07030370712280273,2272,1215
GACTGGTGGCTTGGAG-1,GSM8576303_BM2,BM,v2,94,40,15676.0,5510,1.1418729,0.014185683429241175,1.594163589477539,1.5734962027413502,2.3420826721191403,-0.31712914871642867,-0.08599012389103705,0.07796509640557425,-0.19243458995456048,-0.5539194946289062,-0.07505296128820704,-0.7017238177251952,0.09273055358678248,0.38677825927734366,0.18823130607604976,0.782857045173645,0.02411929726600645,1.0542230351765949,0.08311606963475546,683,2070
GACTTGAGTGCAGCGT-1,GSM8576303_BM2,BM,v2,89,83,5406.0,3075,1.1283759,-0.08764850616455078,2.8169593048095702,1.7954830060686384,2.1597886912027993,0.20354190648320208,-0.026551206975029773,-0.17342756475721088,-0.11675217729389689,0.3339560786655971,-0.20015701184789822,-0.1787384861610537,-0.09824208125172046,0.2226701736450195,-0.26041556239128116,1.751757474899292,-0.13583028157552082,2.3776102447509766,-0.11155043284098308,1145,1977
GACTTGGATGAACCTT-1,GSM8576303_BM2,BM,v2,34,194,998.0,815,2.9058115,-0.10342948913574218,0.4154523801803589,0.5510149329049246,0.3445971202850342,0.21452721438733452,-0.17838518686562657,1.032221439906529,-0.18359748818471303,1.0003552605765207,-0.2198147754592589,0.8135772062285178,-0.08269754192173082,0.38349882125854495,-0.29096094131469724,-0.21606709289550782,-0.08214622497558594,-0.4233404541015625,-0.03999525705973307,2337,954
GAGCATTGCAGGAGCC-1,GSM8576303_BM2,BM,v2,108,24,12763.0,5257,1.04991,0.16655111074447632,2.9669673728942874,1.6348117937360491,1.7044505564371744,0.1972849771200892,-0.0889303745788469,-0.2644737594468253,0.14593650003558928,-0.5785731201171875,-0.09069564399949037,-0.4886017853781681,-0.0016459152316772585,0.13072279930114739,-0.09947176218032838,1.8696176242828368,0.10450717926025394,2.3597969563802086,-0.017099558909734094,512,2331
GAGCGTGGACAGACCG-1,GSM8576303_BM2,BM,v2,62,136,1116.0,842,1.2544804,-0.08619880676269531,0.7306322240829468,0.8214295741489954,0.4383102639516194,-0.17487062507843876,-0.23949087671486727,1.1499262428283692,-0.1866063552462952,3.3017779541015626,0.20513109366099042,2.241919891489089,0.2083669538580217,1.0674645805358889,-0.27396764755249026,0.38209848070144653,-0.06129692713419596,0.3993649323781332,-0.07323668162027995,1714,1475
GAGCTAAGCGACGCGG-1,GSM8576303_BM2,BM,v2,35,197,1538.0,1135,2.4707413,0.2644241774082184,3.7257561683654785,1.0955236271449498,1.429709275563558,-0.24297525796545558,0.07727728461781525,0.6057258932931082,0.3817703715124142,0.8848819798060827,-0.22352509709247145,1.3317608170404187,0.24054440441661923,-0.2926790809631348,-0.33298233032226565,2.336333080291748,0.35048499584198,3.0899021657307943,-0.06045489629109701,2369,973
GAGCTATTACCGCCAG-1,GSM8576303_BM2,BM,v2,82,64,12561.0,5333,1.488735,-0.07041536897420883,2.7684682083129886,2.0738565826416018,1.6353505325317383,0.38101466975537646,0.10990916116444194,0.2485548251015799,-0.08616914531514142,-0.49077011973517287,0.2936190448132863,-0.5496760950792556,0.004053525476647696,0.33854764938354487,0.03741163730621333,1.5105335245132445,-0.06622769157091778,2.2566310246785486,0.10393108129501342,941,1847
GAGCTTCTCACCAATA-1,GSM8576303_BM2,BM,v2,88,46,831.0,625,1.5643803,-0.05776959896087647,3.366022605895996,1.7522445733206615,1.5164570999145508,-0.13694606918886484,0.18859943301255036,0.49707515375954764,-0.14816096177415383,-0.23406192016601562,-0.1237367530424432,-0.30171948631337825,-0.04307949142968095,1.4189119338989258,0.3637922525405884,1.679581205368042,-0.05353085199991862,2.5616723505655923,-0.05135075251261393,748,1959
GAGGATGCTCACATCG-1,GSM8576303_BM2,BM,v2,81,101,6413.0,3294,2.775612,-0.08109745025634765,2.728488101959228,2.1543288203648157,1.6710583114624022,0.2610429424837411,0.1333945460929586,0.04191720008850097,-0.12950144021959029,-0.5358171997070312,-0.2663993129289772,-0.4938043974275671,-0.10522263162088075,0.16126016616821293,0.03790067911148076,1.580367691040039,-0.13945481618245442,2.490360984802246,-0.05329170862833659,1338,1828
GAGGCCTAGTGATGCT-1,GSM8576303_BM2,BM,v2,96,66,10523.0,4881,0.9883113,-0.12181051254272461,1.6516985893249512,1.231429225376674,1.9982665379842124,0.23857062504473464,-0.2985122724298903,-0.131761212689536,-0.025312426926608567,-0.34065554428100586,-0.39389449154516776,-0.5370234560760762,0.058288038519862057,0.0446610069274902,0.005174574851989799,0.7913040990829467,-0.14105140686035156,1.1007985560099283,-0.08767699559529622,963,2107
GAGGTAGAGTGACAGC-1,GSM8576303_BM2,BM,v2,48,160,1656.0,1251,2.5362318,0.165870361328125,0.9944804239273072,0.25806371416364393,1.675579242706299,0.3263293988254654,-0.31494342849915286,0.4341949898856027,-0.23897427884077274,1.326009232657296,-0.19803947234249497,2.9563539967669508,-0.07203213480494966,0.10527904510498043,0.14740467071533203,0.32433186197280883,0.24717936197916668,0.5581282234191894,-0.09963567097981771,1972,1215
GAGGTGTATGGTTCTG-1,GSM8576303_BM2,BM,v2,94,50,5523.0,3149,1.3760637,-0.13548812866210938,2.249388017654419,1.4919023677280971,1.5836115264892578,-0.2332819851048021,-0.016962646822510807,-0.187911194562912,-0.19431786350768657,-0.5152186279296875,-0.09342976770247802,-0.629397228031579,0.014445097883047125,0.32687229156494146,0.6598304700851441,1.2077496938705443,-0.1635571034749349,1.7794611740112305,-0.09095974604288737,791,2070
GAGTCCACGAACTAAC-1,GSM8576303_BM2,BM,v2,97,45,8513.0,4120,1.58581,-0.10466787338256836,3.055063896179199,2.078247059413365,1.2125048764546713,0.11009115339761755,-0.1966610069050573,0.18813648768833707,0.049714039155707934,-0.46957450791767663,-0.12174715526611452,-0.6971515842274989,-0.12947050517037412,0.3507618713378906,0.06466094017028812,1.7583135375976562,-0.15048014322916667,2.6818507385253905,-0.06502953847249349,737,2126
GAGTCGCTATGCGAGG-1,GSM8576303_BM2,BM,v2,26,208,19319.0,6511,2.080853,0.047104648947715766,3.0065874671936035,1.8871269335065568,1.2091846084594726,0.5294328425303999,-0.09961327464157865,0.13572334868567326,0.01958652875777689,-0.44271229580470495,0.4128680928165176,-0.6464510919492288,0.08926810502777394,0.6472681427001953,0.22387461185455326,1.9876153087615966,0.12396755774815879,2.626704521179199,-0.020612641771634424,2487,806
GAGTGCAACTACCAGA-1,GSM8576303_BM2,BM,v2,106,0,26891.0,7951,1.8630769,0.005816541314125068,2.4281861209869384,1.8167755671909878,1.485536677042643,0.6418939862385331,-0.12558243032576916,0.2724180388450622,-0.09046499015755016,-0.3944257437842233,0.1792942754714843,-0.5186176857806578,-0.013548199305255498,0.6213924789428711,-0.04117019414901735,1.340287455558777,0.03651011864344281,1.8625599161783852,0.08540291468302409,254,2294
GAGTTAGTTCGGAGGT-1,GSM8576303_BM2,BM,v2,54,156,668.0,604,1.3473053,-0.062341103553771975,1.8694970703125,-0.05716778346470425,0.2949392890930176,-0.196062141632938,-0.21831690163976217,0.48527865546090265,0.17988297942228312,0.07912857273646762,0.3282574841296338,0.06109922158523806,-0.07438162989264367,-0.13853578567504882,0.47102170944213867,1.0201578178405761,-0.09235719045003256,1.64231258392334,-0.07388575236002604,1929,1326
GAGTTCAGTCGGTCAT-1,GSM8576303_BM2,BM,v2,63,141,6776.0,3150,2.1251476,-0.15745384216308594,2.3099158573150635,1.7833388519287108,0.023609317143758135,0.18527665291445317,-0.18405128390503148,0.18437124695096696,-0.31588777908281473,3.8471661137172153,-0.2103843357428968,3.292570801732181,0.039621596539809165,0.3790218162536621,0.011687464714050244,1.0109805660247804,-0.14483474731445312,1.6063165537516273,-0.058408317565917967,1768,1494
GATAAGACCAGTCTAC-1,GSM8576303_BM2,BM,v2,44,190,1079.0,896,3.0583873,-0.07730112075805665,0.012788953781127876,0.43136740003313334,-0.07409145196278893,0.4106284801261013,-0.24529918992375754,0.4687178257533482,0.23778263067447694,0.7191406391688755,0.12458167976164913,1.3041170802349555,-0.09378591959908504,0.4049854183197021,-0.30204938888549804,-0.18842158508300783,-0.08754137674967448,-0.3971900939941406,-0.06210711161295573,2294,1140
GATACTTCGTACAGTT-1,GSM8576303_BM2,BM,v2,97,75,15447.0,5907,1.8450184,-0.010901760160923007,1.943784523010254,1.847562495640346,1.6621158599853516,0.4872402321382699,-0.2303808740138734,-0.026473915576934792,-0.2136354870450726,-0.5932556436061859,-0.3045507789136894,-0.9112054579609993,0.20181368478535466,0.4476140785217284,0.15962037801742557,0.943795886039734,-0.008328201373418165,1.561584332784017,-0.03258616387844085,1059,2126
GATAGAGTCATCTTAC-1,GSM8576303_BM2,BM,v2,47,175,1503.0,1172,1.7298735,-0.10740385055541993,-0.029436242580413774,0.81143310546875,-0.1915138880411783,0.07733322051634267,-0.2945507003600339,1.0439407164709908,-0.20128165958262445,0.4936535987854004,0.4504103756333929,2.5109673680189357,-0.03752751318400338,0.8010529136657714,-0.3775299072265625,-0.01142171859741209,-0.10384251912434896,-0.062159449259440114,0.27605117797851564,2133,1196
GATATGCTGTAACTGT-1,GSM8576303_BM2,BM,v2,105,25,9701.0,4727,1.4431502,0.01781273484230042,2.9947672080993653,0.9730719212123324,1.6956865183512368,-0.18328160789596987,-0.2996326332726974,0.1416710485730852,-0.22403236963785042,-0.2025681498391288,0.05946828275320526,-0.36718949055511685,-0.01540825339543167,0.5247008895874024,-0.18811051726341244,2.065036827087402,-0.04301438252131143,2.5231932957967125,-0.10838498433430989,522,2275
GATCACTCGTAGCTAG-1,GSM8576303_BM2,BM,v2,80,64,18241.0,6610,1.5898252,-0.03445017099380493,2.384820137023926,2.0559408133370534,1.5642161305745443,0.3136548172517953,-0.14010302184712803,-0.10048395071710858,-0.13977535655154003,-0.45568149430411203,-0.19618928049462864,-0.7651752442664406,-0.05240033485516833,0.45626068115234375,0.11845655441284175,1.2167389240264892,-0.008672857284545893,1.8377330907185874,0.04600541392962139,941,1810
GATCCAATGCTCGTGC-1,GSM8576303_BM2,BM,v2,102,34,25513.0,7778,1.250343,-0.06065758883953096,2.1276763153076175,1.2607810429164341,2.2535943857828773,0.53297314011907,-0.11070051620010668,0.11158629076821458,-0.2909372636054902,-0.26728016662597653,0.06479436135196304,-0.5855504524673506,0.09669939966466948,0.42947511672973626,0.3409910011291504,1.2596406164169311,-0.05257557153701782,1.7204294331868493,0.07653837045033773,619,2219
GATCCATACCACCTAG-1,GSM8576303_BM2,BM,v2,58,162,396.0,351,4.79798,-0.0735246467590332,1.6535929203033448,0.838945939200265,-0.28287878036499026,-0.15297656078415223,-0.15297656078415223,-0.15323436192103795,-0.11428957613969601,0.2698161348615374,-0.17060603865657945,1.9194549458138894,-0.021931289826463533,-0.15378847122192382,-0.2028049087524414,0.7226735229492187,-0.05446269989013672,0.9226846440633137,-0.01089254061381022,1993,1401
GATCCGGACTATGCCA-1,GSM8576303_BM2,BM,v2,47,149,14791.0,5748,1.6834561,-0.009164734482765197,3.206946220397949,1.7591575404575894,1.6250399017333985,0.5589817748012313,0.08686782461572362,0.09846539293016704,-0.13872938638235086,2.0618453783307755,-0.21822119956035688,1.0347088085039235,-0.057469664975529314,0.171966724395752,-0.010999264717101997,1.8696299667358398,-0.06915014942487081,2.6165038426717127,-0.01395650903383891,1854,1196
GATCGCAGTTACATAC-1,GSM8576303_BM2,BM,v2,54,164,342.0,312,2.631579,0.38183906078338625,0.6342104816436768,0.2348520115443638,1.0310527229309083,-0.12593933473150415,-0.16973028221283573,-0.1870013427734375,-0.1504020363007029,0.7777204568045479,-0.07117374833807888,1.902907757379636,-0.02515030227251501,-0.11932050704956054,-0.15341209411621093,0.3279824113845825,0.5227375221252442,-0.2180789566040039,-0.022727718353271486,2015,1326
GATCGTGCAGCTTAGT-1,GSM8576303_BM2,BM,v2,58,154,799.0,635,4.0050063,-0.10579254150390625,2.3846186923980714,1.437735699244908,1.3747752634684245,-0.15949063894739113,-0.16212296390150446,0.1324752994946071,0.23252384847078078,0.06879075241088867,0.2519929677128313,0.8144525393543627,-0.10485293241155227,-0.16147102355957033,0.4113755464553833,1.5928521652221679,-0.052076956431070964,1.9450051244099935,-0.07380561828613282,1907,1401
GATCGTGGATCTACAG-1,GSM8576303_BM2,BM,v2,70,132,1544.0,684,1.23057,-0.04179561614990234,0.14865556716918943,0.2719227818080357,0.23831319173177085,-0.24045781821132184,-0.23417249932346573,-0.22190580095563617,-0.15033435548274088,1.6482652413504464,-0.10099072437209776,4.201788981831771,-0.06825765827358168,0.1669173812866211,0.2672654914855957,-0.1905042724609375,-0.06578418095906576,-0.24494272232055664,-0.047796630859375,1671,1624
GATCTTATCTCCATCA-1,GSM8576303_BM2,BM,v2,84,94,6682.0,3464,1.7360072,0.11999080419540405,3.254720039367676,1.2735398646763394,1.4269687207539878,0.5229613263923002,-0.2495384425591684,0.3905153111049107,0.07968872539147065,0.8093688496180944,0.46409386324595253,0.6432738098407867,-0.11848847818054609,0.48481143951416017,-0.267568142414093,2.1721493263244627,0.1600690809885661,2.620556729634603,-0.12668497721354166,1263,1884
GATCTTCATTCGAACC-1,GSM8576303_BM2,BM,v2,51,165,577.0,498,1.9064125,-0.0654433822631836,0.28746669650077816,0.09605163982936316,0.32547164122263594,-0.2566004220740383,-0.24491932880447573,-0.1481104714529855,0.7608943750660194,0.2856611554282052,-0.10780258638313017,1.6550068064366867,-0.029281155375026218,-0.17445171356201172,-0.1889946937561035,-0.21169844055175782,-0.048476581573486326,-0.23838666915893555,0.0,2025,1270
GATGACATGTTCACCA-1,GSM8576303_BM2,BM,v2,99,13,11780.0,5068,1.8251274,0.1727650487422943,2.6468158817291263,1.9696035766601563,1.7878408686319986,0.603515060072443,0.2682804670131419,0.1635617760249547,-0.135913466119005,-0.48731962537765505,0.06722496551682194,-0.6667526862079551,0.06298488338521663,0.5653505325317382,0.05009286642074584,1.5200668973922729,0.14616353034973142,2.0947513961791993,0.0979370967547099,394,2163
GATGAGTCCGCTGTCG-1,GSM8576303_BM2,BM,v2,59,151,2712.0,1841,1.7699115,-0.10959108352661133,3.250242385864258,1.5369788905552455,1.3920006688435875,0.4746916629224417,0.024475303930040715,0.05102924057415553,-0.18095111573664713,-0.41234292602539063,-0.029339767842886444,-0.6221012909140363,0.08719698854740834,-0.04489856719970703,-0.1194447588920593,1.977492546081543,-0.09269161224365234,3.0479231897989907,-0.07596246083577474,1875,1419
GATGGACTACAGGTAG-1,GSM8576303_BM2,BM,v2,88,90,12021.0,5380,1.4890609,0.0213824701309204,1.8421058750152588,1.504254379272461,1.8390214538574219,0.47512444147623206,0.1290583465541154,0.1644949933460781,0.22964359959568392,0.2562995027814593,-0.1135427836912224,0.14211026865592502,0.03620486474334336,0.22770515441894523,0.2928676414489746,1.0186624774932862,0.031981703440348286,1.3424881235758463,-0.029664328893025713,1220,1959
GATGGAGTCCGCGATG-1,GSM8576303_BM2,BM,v2,48,162,1807.0,1389,1.7708911,0.34571569323539736,0.32827588319778445,-0.005432511738368451,0.44926156997680666,-0.2539085173702623,-0.26296261706984186,-0.283419189453125,-0.24766728529615867,1.0079565396990096,-0.24571776485826116,3.085319418463702,-0.1154361827261496,-0.2887699127197266,0.16803338885307312,0.3204881796836853,0.4806327931086222,0.18998948097229007,0.2419680651028951,1993,1215
GATGTCCGATACGGTC-1,GSM8576303_BM2,BM,v2,106,40,23409.0,6987,1.5250545,-0.11438928604125977,2.4837302875518796,1.808211669921875,2.085583737691244,0.25786924745184353,-0.0694185854440712,0.07568933316639492,-0.10691580555744457,-0.4872826874596732,-0.24308243094677912,-0.7102068306044216,-0.12123331927613124,0.3376009559631348,0.20522141456604004,1.327649953842163,-0.13801648457845053,2.0615970865885416,0.017916688521703084,684,2293
GATTAATCGAATCCAA-1,GSM8576303_BM2,BM,v2,25,213,11795.0,5068,4.5951676,0.3439930844306946,2.6297663497924804,1.8803773062569753,0.46287811279296864,0.6538978503889826,-0.13508977660213606,0.42174521786826,0.10854409397795117,-0.3632106293269566,0.15612243169761564,-0.26302915702958807,0.0034437771040092546,0.8728474617004394,-0.2413607931137085,1.7375704307556152,0.46420299847920743,2.188320655822754,-0.07817497889200846,2541,787
GATTAATTCACTAGAA-1,GSM8576303_BM2,BM,v2,111,29,20383.0,6647,1.7122113,0.03712664604187012,2.229134664535523,1.5885946110316684,1.8719800567626954,0.44420443289729966,-0.06742155654500154,0.223724444593702,-0.20621481295057462,-0.310602377482823,-0.031790124843398215,-0.6463100706742342,-0.06961417592497596,0.4802911376953124,-0.12558628082275392,1.352127100944519,-0.014833562374115011,1.7790785471598305,0.050393340190251684,565,2386
GATTATTCCAACTACC-1,GSM8576303_BM2,BM,v2,91,91,12749.0,5461,2.1413443,0.13396308660507203,2.411996212005615,1.4150169045584544,1.7717232767740885,0.2549887268418768,0.1291052488096131,0.08119239466530936,-0.004935203689656442,-0.5324479452541896,0.14351379536241893,-0.6173830368374819,0.013693276324871051,0.4532458114624024,0.049713850021362305,1.313141053199768,-0.05478256424268088,2.0868303298950197,0.05044718503952027,1231,2014
GATTCCTACCGGCATT-1,GSM8576303_BM2,BM,v2,96,30,11387.0,5470,1.6773515,-0.05913079321384429,1.7320547199249268,1.6503530665806363,1.8881248728434243,0.7093962780443062,-0.10742923013793282,0.28399707283292497,-0.35088114478868193,-0.5681275024414062,-0.16325904303286448,-0.7502499881663922,-0.040657957471114226,0.5178640365600586,0.47318318843841556,0.825982250213623,-0.04814783811569215,1.1415755971272787,-0.03169633309046427,576,2108
GATTCCTGGCACGCGG-1,GSM8576303_BM2,BM,v2,42,202,491.0,410,2.0366597,-0.061236577033996584,1.2494657516479493,1.123153555733817,0.840443738301595,-0.150246646988344,-0.1379501465333992,0.6384123798779079,-0.09728120732785638,0.6426404882158552,0.3637011209166193,1.639762895790751,-0.020549186924159926,0.48989261627197267,-0.1377822971343994,-0.0884090805053711,-0.020412192344665528,0.2295616865158081,-0.023968572616577147,2423,1103
GATTGAAGACATTCGT-1,GSM8576303_BM2,BM,v2,61,125,1071.0,833,2.5210085,-0.0875900936126709,3.1436237335205077,1.4034588623046875,-0.06992961565653477,-0.18009086210564915,-0.24833873764099365,1.0254304007121495,-0.24392475029800545,2.6245232958112443,0.3643574149733088,1.3256863605941818,-0.031352164761332055,0.9444224739074708,-0.3197349166870117,2.1595147438049316,-0.10900100708007812,2.7676981480916343,-0.054500516255696616,1596,1457
GCAACCAAGGAGCAGT-1,GSM8576303_BM2,BM,v2,87,43,989.0,754,1.718908,0.25885523557662965,3.012000570297241,1.1672331673758372,2.1447573598225915,0.10112477019129984,-0.3002011402543769,0.4904604595048087,0.1677956717745281,-0.389833740234375,0.33510749311332244,-0.036390128551713585,-0.04040193877764196,0.36374528884887697,0.258404049873352,1.6412273864746094,0.35316683133443194,2.0562064615885416,-0.024079556465148925,716,1940
GCAAGAATTCCGACCG-1,GSM8576303_BM2,BM,v2,83,69,12150.0,4884,1.3251029,-0.016386710405349725,1.8070440864562989,1.5644419315883091,2.6105377451578775,0.38632958002358553,-0.03316924193092824,0.11304448536464151,-0.30946120559998436,-0.5280863037109375,0.027497338482653788,-0.5527881013581303,-0.025880344419214205,0.43405918121337894,0.5291612911224365,0.9497802267074584,-0.1312256622314453,1.4155587514241539,0.005935266017913818,995,1866
GCAAGACGCTCAGACC-1,GSM8576303_BM2,BM,v2,85,77,9073.0,4549,1.1793232,-0.14563006401062012,1.6846787357330322,1.597647487095424,1.9585982386271157,-0.12322587109952568,-0.01820344536453572,-0.0880291358062199,0.011603604073510798,-0.5733256225585938,0.06873082492246207,-0.8566657456775639,0.04056227138607066,0.43556901931762704,0.6880681419372559,0.7739726867675781,-0.185672238667806,1.2442024230957032,-0.11847119649251302,1081,1903
GCAAGATATCCAAGTA-1,GSM8576303_BM2,BM,v2,103,31,6339.0,3412,1.3882315,-0.12310879707336425,2.50046594619751,1.3293222154889788,2.584373550415039,0.28909971675719603,-0.07144070355562526,0.5691613279070173,-0.2990341405130731,-0.3106804959433419,0.3314828489678931,-0.26020029704385617,-0.09805594194655451,0.7263134574890138,0.5454672336578369,1.5289003648757935,-0.14836451212565105,1.9458655420939126,-0.11685775756835938,587,2238
GCAAGTCGAAGAGTCG-1,GSM8576303_BM2,BM,v2,86,50,24274.0,7461,1.746725,0.039570530056953435,2.204728784561157,1.779021650041853,1.3072876358032226,0.6864861924964263,-0.14020200166904712,0.09551094634192325,0.10078142912135085,-0.46938716711316797,-0.12709646052624807,-0.5112836548374575,-0.04753201228431635,0.3516481399536132,0.13901787996292114,1.2308518114089966,0.03857178131739297,1.754476547241211,-0.05192207475503286,791,1922
GCACAGGTCAACAGCT-1,GSM8576303_BM2,BM,v2,71,119,336.0,245,4.7619047,-0.008565692901611329,1.8252225303649903,3.1171703447614396,1.0474405670166016,-0.11008119391629016,-0.05504059695814508,-0.06260337829589843,-0.05296534453558717,-0.11234790802001954,-0.05504059695814508,0.3285021247022561,-0.02299514872915793,-0.13007109642028808,-0.11293971061706543,0.3597591018676758,-0.011420923868815104,0.2932884534200033,-0.034262771606445315,1532,1642
GCACCACGACAGTGAG-1,GSM8576303_BM2,BM,v2,88,98,14507.0,5756,1.7026262,-0.07755032688379287,1.64717924118042,1.8595368848528182,1.9694052886962892,0.37349036515477196,-0.2295757525964366,0.046339895044054336,-0.06460152890318199,-0.3891909879956927,-0.17843702567150316,-0.5109192710137664,-0.014165838521370391,0.2538163375854492,0.16842979669570923,0.7627460975646972,-0.1533106231689453,1.189443359375,0.06802529255549113,1306,1959
GCACCTATTACAGCCT-1,GSM8576303_BM2,BM,v2,56,154,863.0,703,1.0428737,-0.07598109722137451,3.2449691772460936,1.5793560082571847,1.1613710403442383,-0.1322294794412023,0.332987406030853,0.5810614681243896,-0.13961990924824275,0.18959092140197753,-0.17815736211447353,0.32829532047246124,-0.04249502028394866,0.49683687210083005,0.3386518454551697,1.9371261138916016,-0.11323112487792969,3.0366199429829916,-0.03376937548319499,1907,1364
GCACGAACGGCATGTA-1,GSM8576303_BM2,BM,v2,107,23,11584.0,5215,1.7265193,0.15018006324768066,2.704550304412842,1.4463762446812223,1.3620012982686363,0.19023743977987145,-0.07129706121763141,0.3584855672291347,0.025282298645131984,-0.3699565856116158,-0.1940905614550334,-0.358499157120146,-0.13224935851641148,0.5554747772216798,-0.153600640296936,1.7990434875488281,0.23367156982421877,2.337973073323568,-0.0036880199114481538,501,2312
GCACTGCGTAATGAAT-1,GSM8576303_BM2,BM,v2,103,3,22771.0,7115,2.26604,0.02195880830287933,2.6297047615051268,1.9234588296072825,1.64416135152181,0.2893537986709411,-0.1738982821632512,0.4690688289914813,-0.11992213797286255,-0.3639171311514719,-0.15998016543177712,-0.46358751496326894,-0.08997872023202999,0.7514914321899414,0.5246377944946289,1.490685221672058,0.06279229402542116,2.0914385732014975,0.06103204091389974,286,2238
GCACTGTTGGATTGGT-1,GSM8576303_BM2,BM,v2,96,52,7209.0,3808,1.2900541,-0.12166535377502441,2.214631156921387,1.6607251848493303,1.8048846689860025,-0.09198512059138964,0.11632430560275597,0.04479574084281923,-0.3403998432323379,-0.4411314445904323,0.15727656050379502,-0.5751240976933437,-0.12155892544944814,0.37030755996704096,-0.11485690116882319,1.220826681137085,-0.15232234954833984,1.7326163736979165,-0.08273658752441407,812,2108
GCAGATACGAGTATAG-1,GSM8576303_BM2,BM,v2,88,88,7654.0,4231,1.5416776,-0.028201505541801453,2.1237377548217773,1.6767389896937779,1.5616983795166015,0.37871686426032497,-0.03626807476006494,-0.10196252073560441,-0.11758017954746328,0.9122978581019812,-0.3124907430874775,0.07604669907406214,0.04956654631394325,0.41792869567871094,0.5029475927352905,1.1571606359481812,0.0023732097943623687,1.3813833491007486,0.01656298081080118,1199,1959
GCAGATCGTAGGTAGT-1,GSM8576303_BM2,BM,v2,109,5,9530.0,4549,1.521511,-0.02956696689128875,3.0241182708740233,1.8514549146379744,1.4125577672322593,0.2645844465278717,0.0001776370247136838,-0.11037629944937571,-0.31419628558469215,-0.5569994506835938,0.14846300408543356,-0.6689676719566777,0.0705377502386545,0.11395906448364257,-0.40651558637619023,1.9951172218322755,-0.04183326959609984,2.5795778783162437,-0.00202486912409465,308,2349
GCAGATTCACGCGGCT-1,GSM8576303_BM2,BM,v2,100,62,21106.0,6849,1.3598028,-0.051868293285369876,2.100489110946655,1.7809229169573104,1.5736030451456704,0.421249066969477,0.04036349027374325,0.08569107021604261,-0.04467388864330618,-0.5218052693775722,-0.27896768189817067,-0.9321650596958793,-0.04769734293936767,0.3557284545898438,-0.16042007446289064,1.1932157173156739,-0.02684135119120279,1.5796073913574218,0.10852173169453938,920,2182
GCAGCGAGTAAGTAAT-1,GSM8576303_BM2,BM,v2,102,32,6089.0,3380,1.445229,-0.13113629341125488,2.0257560062408446,1.0685893957955495,2.4353595225016273,0.3393844983663904,0.012179195094368434,0.3634663248062134,-0.16966948843958723,-0.0925398968287876,-0.20663774133207327,0.2950130405041995,0.029619182516264442,0.30554306030273437,0.3504884099960327,1.168880069732666,-0.13922117869059245,1.6885769526163736,0.052400092283884675,598,2219
GCAGGCCACTTAGACG-1,GSM8576303_BM2,BM,v2,47,159,418.0,382,0.71770334,-0.05627665519714355,1.440054988861084,1.3992632239205496,1.6299129486083985,0.6429884299695732,-0.10602149810178213,0.3574539840221405,-0.14742963293561961,0.748888944353376,0.3939042991423703,0.3612837555995952,0.3923954437928826,0.6778994655609132,-0.11591772079467773,0.2963786964416504,-0.021438725789388022,0.3185452779134115,-0.042877451578776045,1961,1196
GCAGGCTCAGATACAA-1,GSM8576303_BM2,BM,v2,84,100,11552.0,4999,1.7745845,0.14543768644332886,2.4578073501586912,1.5847474125453402,1.9353937784830728,1.05316144874297,0.147293478335995,0.15448604583740233,-0.194416437683855,-0.21372615814208984,-0.06716767946879065,-0.5989965057555917,0.06366424798279686,0.5029019927978516,-0.15146329164505,1.8317321529388428,0.2612407143910726,1.949851531982422,-0.09885000864664714,1328,1884
GCAGGCTCAGTGCAAT-1,GSM8576303_BM2,BM,v2,50,156,463.0,427,2.37581,-0.04676810264587403,0.05089598298072817,0.09994457789829797,0.443039878209432,-0.11103644619983842,0.3468956267498583,0.23637811711856296,-0.1072048198186224,2.2332804521833145,0.41677905804660903,1.64278617869859,-0.09416396505880675,0.47991650581359857,0.5734526944160462,0.25419890046119686,-0.1373437754313151,0.17189109325408936,-0.041571645736694335,1929,1252
GCATAAGGACATGGTT-1,GSM8576303_BM2,BM,v2,58,144,8716.0,4417,1.7094997,0.05973712921142579,3.0043307876586915,1.058233849661691,1.6532193756103515,0.24211765005885355,-0.22006282714749642,-0.04931137153080534,-0.1272120614350452,-0.32679423958914616,-0.030594260817072005,-0.5623010779844377,-0.12514905481530517,0.2528712844848633,-0.2340724098682404,1.9735615940093993,0.10861863454182943,2.7311513519287107,0.14359260559082032,1800,1401
GCATGAGTACCAACGA-1,GSM8576303_BM2,BM,v2,44,188,2581.0,1914,1.9759784,0.04075455546379089,-1.0766028594970702,-0.0796742207663399,-1.0766028594970702,0.9853255145521048,-0.2476847698410831,0.4532896525519235,0.9977366146473332,0.3977468032836914,0.8317994247957406,1.7419344754827102,-0.1063094555131541,0.5501933670043946,-0.5070276641845703,-0.042546817064285286,0.08472277164459227,-0.4303447723388672,-0.08838005701700846,2272,1140
GCATTGCGAGATGGTG-1,GSM8576303_BM2,BM,v2,38,190,1521.0,1198,2.301118,0.17560815930366516,1.297367296218872,1.1987540653773716,0.02107203165690097,0.46178638791463467,-0.24256225953619165,0.7634588323320661,0.7645591817036838,1.4510740062168666,0.6821132089239528,1.2685150492111308,-0.06794642121999855,0.24822493553161623,0.6543694353103637,0.4206078772544861,0.230789262453715,0.4571773433685303,-0.1054058837890625,2294,1029
GCATTGCGCATCGGCC-1,GSM8576303_BM2,BM,v2,52,172,598.0,532,4.347826,-0.043122448921203614,0.07187073469161986,0.8429967335292272,0.8475051625569661,-0.21321280605821724,0.2090226562968356,-0.15164569309779577,-0.15321413493771266,0.12667602048601423,1.2750588229382374,1.4453583476870309,-0.05788248177342767,-0.2687725830078125,-0.2577210807800293,-0.20351876831054688,-0.07666213353474935,-0.4418270874023438,-0.019165531794230143,2101,1289
GCCACGAATTAGTTGT-1,GSM8576303_BM2,BM,v2,58,130,305.0,260,1.9672132,-0.017600363492965697,2.0879992485046386,0.613784168788365,1.3659965833028158,0.5018577561321028,-0.08482102696675374,-0.14010753086635044,-0.1405089851095205,2.497304849897112,-0.08754488167513805,2.6509140431595215,-0.023624648983846575,-0.12320254325866699,0.7568156313896179,0.9084768104553222,-0.0352007261912028,1.4898362223307293,-0.011733575661977132,1650,1401
GCCACGAGCAGAGCGG-1,GSM8576303_BM2,BM,v2,93,53,4647.0,2716,1.3126749,0.04044840574264526,2.0171586227416993,1.1125224413190569,2.3520324579874674,0.3516112082454574,-0.001864479248782247,0.18579031399318152,-0.31726948647922637,-0.13680599212646483,-0.032372522545626836,-0.21169127713913882,0.04878973800863996,0.3641761398315429,0.5329101753234863,1.2432913894653321,0.0824529234568278,1.5412990061442056,-0.11827083587646485,823,2052
GCCACTATGGTTGGCC-1,GSM8576303_BM2,BM,v2,42,168,7081.0,4008,2.4149132,-0.1763039207458496,-0.5830681276321411,-0.11444323403494694,-0.5450718156496683,0.322967517806823,0.0920713095574699,0.9295925440107073,-0.017230357101009453,1.1459917733328684,0.10969735101523653,2.8442516235468602,-0.1305933702712091,0.47981311798095705,-0.16306941628456117,-0.07231135272979738,-0.2413866933186849,-0.26282615025838213,-0.12389656066894532,2058,1103
GCCACTCCTTCTTAAT-1,GSM8576303_BM2,BM,v2,116,14,15689.0,5694,1.7591944,0.13977201700210573,2.200324268341064,1.7831135995047436,2.064658851623535,0.5253664719531814,-0.23377763158072706,-0.0903346249035426,-0.09184901420571401,-0.39964813613891603,-0.1790974561469143,-0.8307055409208354,0.18882907316988745,0.28454687118530275,0.2273417234420776,1.1439014196395874,0.20827514966328942,1.6701706377665202,0.13346158027648924,404,2479
GCCACTTGAGTAGAAC-1,GSM8576303_BM2,BM,v2,93,23,11623.0,4850,2.3487914,0.11232696890830994,3.035654716491699,1.6552419934953964,1.6220674641927084,0.01683716649511252,-0.07207451671002857,0.35482737609318327,-0.10569334410762282,-0.43883155768258225,0.10833402809847792,-0.654014098678545,0.13592144329733039,0.6874154472351074,0.11564178228378297,2.0688192195892334,0.17264467080434162,2.6566823959350585,-0.09362556457519532,501,2052
GCCAGAAGATTGTAAG-1,GSM8576303_BM2,BM,v2,78,90,11322.0,5053,1.881293,-0.052962518334388725,2.5042331123352053,1.7194955008370534,1.716705551147461,0.5847520196294209,0.264072625580972,0.1218216575895037,-0.1453451138268813,-0.5447155626841954,-0.05383915738408346,-0.698078780480565,0.000941105908424042,0.6991690254211427,-0.5615915596485138,1.5604505844116212,-0.03602908531824747,2.270324834187826,0.0024941690762837754,1220,1773
GCCAGTATCTAACAGA-1,GSM8576303_BM2,BM,v2,81,103,6482.0,3321,2.468374,-0.10900010108947754,2.9681279373168943,1.5874193681989397,1.2394082260131836,0.6382105589870468,-0.01758729269363657,0.2657539057731628,-0.35219849419798754,-0.24565045738220215,0.18208800740988856,-0.4427766146161526,0.03295376556831718,0.6320083236694335,0.04715457916259769,1.8737345066070556,-0.11422548929850261,2.55635508219401,0.11040812095006305,1360,1828
GCCATAATAGCTAGAC-1,GSM8576303_BM2,BM,v2,57,143,6472.0,3734,2.0859084,0.10969239592552185,2.8821536254882814,1.3961978585379466,1.3360174051920573,0.1331740531576685,-0.09738600356648591,0.1304141170637948,-0.023562019494923703,-0.16489103262765065,-0.10216843890377797,0.018199609772928227,-0.09877151130829881,0.388377513885498,-0.6778746795654297,1.922830472946167,0.1265048011144002,2.446656634012858,0.046611012617746986,1789,1382
GCCATAATGTTAGTGC-1,GSM8576303_BM2,BM,v2,40,202,1005.0,866,1.9900497,-0.0853837013244629,1.1171953201293945,0.9299467086791993,-0.13988726139068608,0.33829270644360276,-0.17815871028057542,0.38574330704552784,0.2659623723414605,0.883184200831822,0.18925578479307242,0.7370302331984786,-0.09637700151277069,0.2791161251068115,0.3628837990760803,0.5399895963668824,-0.07395556767781576,0.5099997393290201,-0.055845120747884114,2423,1066
GCCGCTAGCATTATCC-1,GSM8576303_BM2,BM,v2,59,129,133.0,113,3.0075188,0.0,2.1295018291473387,1.7852180889674594,1.4527103996276856,0.7047982072255697,-0.017402424869767154,-0.0681471688406808,-0.04351031677770751,2.9324912697928296,-0.017402424869767154,2.209216496402671,-0.014540952324067186,-0.04333203792572021,-0.04333203792572021,1.0486353178024292,-0.028888025283813477,1.2168428421020507,-0.057776050567626955,1639,1419
GCCGCTGGCTTGACTT-1,GSM8576303_BM2,BM,v2,91,45,18565.0,6197,1.1742526,0.09284067571163178,2.506380043029785,1.6426229204450333,2.0642324701944985,0.08850873522011632,-0.12556561600252325,0.13504349436078755,-0.11097147417907777,-0.5149734084265573,-0.24229488099914004,-0.37693612756116507,0.06106029340884829,0.37097961425781245,0.15869562149047856,1.3551433019638062,-0.1461773935953776,1.9865894953409828,0.032112667957941696,737,2015
GCCGGCGTCGGATTCT-1,GSM8576303_BM2,BM,v2,98,66,8125.0,4036,1.4523077,0.14571036338806154,2.8346417427062987,1.421578619820731,1.6718201319376627,0.4000923805926219,0.011765782612873366,0.03956934247698102,0.06397944837625619,-0.1912397414616176,0.22811914447799747,-0.6190428619531063,0.008082324226430598,0.3830744171142578,-0.12704209804534916,1.8043994522094726,0.2100727844238281,2.399762191772461,0.12786874532699583,963,2145
GCCGGCTGGAGGTAGT-1,GSM8576303_BM2,BM,v2,49,141,14850.0,6391,1.8518518,0.005101031661033623,2.9180583572387695,1.5697979191371372,1.2622851943969726,0.35115882383292935,0.16891772433799096,0.07645935876028875,-0.18427894201329434,-0.377363181250436,-0.2630668237027395,-0.8349589148280947,0.04641904469761615,0.5182081985473632,-0.19244393348693845,1.8626348304748535,0.009742808341979992,2.5917160797119143,0.06176703929901123,1768,1233
GCCTATGACAGTACCT-1,GSM8576303_BM2,BM,v2,50,178,122.0,112,4.0983605,-0.022092227935791017,0.0,-0.2760121726989746,0.9181649684906006,-0.035489522788419305,-0.05323428418262895,0.4891850471496582,-0.050641210168002326,-0.10879110717773438,0.7976903666454146,0.6700559919655381,-0.031959709705122366,-0.02552773952484131,-0.04761996746063232,-0.053021347045898434,-0.02945630391438802,-0.1434588050842285,-0.01472815195719401,2165,1252
GCCTTCACTATTAATC-1,GSM8576303_BM2,BM,v2,55,139,26746.0,7570,1.1665295,0.01201103448867799,2.2449042320251467,1.596517857142857,2.5898661931355793,0.37864382870226015,0.007881372466008008,-0.06341099722044807,-0.10724904041430816,-0.26549356951032366,-0.11179166050799877,-0.5518459073649157,0.08425417305296244,0.09733500480651858,0.4042677497863769,1.3622465753555297,0.0644739818572998,1.7511521021525063,0.13355794906616208,1746,1345
GCCTTGCGCTGTGAAG-1,GSM8576303_BM2,BM,v2,43,173,1321.0,1097,1.2869039,-0.09288407325744628,0.3244373416900635,-0.6363095092773438,0.04648594220479335,0.6052389278948067,-0.24340337730315795,0.3308458645003183,0.24771892658472547,1.2635850121634347,0.13207102061275497,2.7069205378297423,-0.028835843873504026,0.08865038871765135,-0.3334275054931641,0.32647803831100464,-0.10447282155354817,0.15824367205301915,-0.07876990636189779,2111,1122
GCCTTGGAAGTCGCTA-1,GSM8576303_BM2,BM,v2,113,3,13147.0,5275,2.1525822,-0.04952618300914764,3.092848014831543,1.7775099400111607,1.4889957427978515,0.2505207913946435,-0.13107920472675266,0.05546135834285193,-0.12297085358185991,-0.6119773559570313,-0.41570362628224383,-0.8446954468181241,0.1281830303278088,0.36296157836914056,0.14338580608367923,1.8199612789154052,-0.13315447489420573,2.5613415145874026,-0.08430992126464844,286,2424
GCGAACAACGGAATCG-1,GSM8576303_BM2,BM,v2,101,43,10224.0,4752,1.2617371,-0.03501712620258331,2.7886547470092773,1.4233348192487443,1.6198721949259438,-0.14917614230190418,0.004994583622313642,-0.032691813537052694,-0.2820064585764194,-0.3461136079515729,-0.08164426887849247,-0.45315949091632435,0.048677315876559366,0.37760992050170894,0.48857482910156247,1.7881895542144775,-0.11128971099853516,2.5473141860961914,0.08071069637934367,716,2200
GCGAAGATCAGAACGA-1,GSM8576303_BM2,BM,v2,83,75,7050.0,3634,1.3758866,-0.1403455066680908,2.691336212158203,1.8423678370884486,2.0675928370157877,0.05692018131654425,-0.23905252979462405,0.20488091605050224,-0.03067156676137439,-0.2818406885692051,-0.1559439718005169,-0.5197311194036746,0.15142772238869454,0.8048006057739259,0.6090540838241577,1.453025553703308,-0.11520544687906902,2.2171890258789064,0.042044707536697395,1059,1866
GCGAATAGTGAAGTCC-1,GSM8576303_BM2,BM,v2,51,155,633.0,575,2.527646,0.2891778528690338,2.4532506561279295,0.92533018384661,0.3332229153315226,-0.1851522912940826,-0.16249167201030684,0.19144178645951407,-0.12125704964798979,0.9456994203839982,-0.07931217515324972,1.034277307907207,0.3841007882773819,0.3526559162139892,0.4937182831764221,1.3316480369567871,0.394974627494812,1.4965220642089845,-0.01880831559499105,1918,1271
GCGACAATAATGCGCA-1,GSM8576303_BM2,BM,v2,72,126,127.0,103,7.874016,-0.05473466396331787,1.142199101448059,1.1783917454310826,0.6691208108266196,-0.03954924924306601,-0.052756305679260006,-0.06451635088239398,-0.052154584737083634,0.5861479781014579,-0.08792717102541023,2.6400727000469675,-0.029387739680757457,-0.02734494924545288,0.0,-0.05254528045654297,-0.029191821416219076,-0.2395756721496582,-0.01688543478647868,1607,1661
GCGAGCGGCTTGACAT-1,GSM8576303_BM2,BM,v2,106,14,7543.0,3979,1.6836802,-0.010841208100318911,3.032606830596924,1.37302732195173,1.5709307098388672,0.20962916129085435,0.029386029049232654,-0.034493848936898386,0.0742764515902144,-0.6063462524414063,-0.16057822742615357,-0.7631788317789168,-0.10849988540547006,0.41919242858886707,-0.17026314258575437,1.8094419040679932,-0.012673950990041094,2.4485009765625,0.0391944686571757,404,2294
GCGAGTAAGAGCCGGT-1,GSM8576303_BM2,BM,v2,70,128,528.0,313,3.5984848,-0.05237220287322998,0.6849762988090515,0.59788969039917,1.3002170117696126,-0.13658866729123526,-0.09584467478066563,-0.10505468096051897,-0.09373018324887514,1.4719789265223913,-0.048075461483384714,3.776609866982567,-0.047390636981733694,-0.22776870727539061,-0.19984838485717774,-0.05954893493652344,-0.049878292083740235,-0.26277885437011717,-0.06872098286946615,1628,1624
GCGATCAGCGGAGCTG-1,GSM8576303_BM2,BM,v2,89,89,7470.0,4023,1.4190093,-0.015521043241024018,1.8228165531158447,1.634795706612723,1.4133139673868813,-0.14276951695063028,-0.113660743984763,0.28092199189322337,-0.0018625449704870456,-0.3194718179702759,0.016073296347775157,-0.629168677650042,-0.12733500435848363,0.515712890625,-0.18425831794738767,1.0192169065475465,0.017944217125574743,1.389683163960775,-0.10486519495646159,1210,1977
GCGATGTATTGACTTA-1,GSM8576303_BM2,BM,v2,92,66,6021.0,3524,1.4449427,0.022062777280807494,2.749811134338379,1.444508296421596,1.4006156539916992,0.5013701350813411,-0.018104569910588897,0.34321686267852786,-0.15673676280764542,-0.3651869694846017,-0.2566106534865965,-0.5055251066659578,-0.11159972376471398,0.7078702163696289,0.587832145690918,1.5536577968597411,0.00331978956858317,2.197473030090332,-0.09457373936971028,963,2033
GCGATTCAATACTAAC-1,GSM8576303_BM2,BM,v2,35,223,10050.0,4477,2.845771,-0.13789040565490723,3.0234109497070314,1.2251545933314731,1.816158129374186,0.6090141472567516,-0.16879961740950092,0.442179684979575,-0.1663343508712981,-0.5051867778641838,0.16242539930535127,-0.44178723466019165,-0.004521664299878048,0.5981268310546876,0.2187629699707031,1.8093841590881348,-0.13355331420898436,2.4137520853678383,0.148289315700531,2648,973
GCGATTGATATGAATA-1,GSM8576303_BM2,BM,v2,47,153,3276.0,2286,1.6483518,0.10146563291549682,2.1804761695861816,1.6534273420061385,0.8028877385457356,0.5139547485903085,0.21077749746938718,0.737701793398176,0.08976708549580709,1.0403069185529437,0.8259996515680028,0.9079422315266537,-0.10895891637610108,0.5633558464050292,0.10559131145477296,1.3961350173950196,0.14580779711405434,1.7840600522359213,0.16792018175125123,1897,1196
GCGTAATAGCTCCTAC-1,GSM8576303_BM2,BM,v2,36,206,4096.0,2708,2.8808594,0.013176633119583142,2.2922128677368163,0.9602736009870256,1.0540935834248861,0.3129190685279877,0.25619449385677473,0.8625177322115216,0.011002996345548077,1.1460550755092078,1.5550487242549298,1.5428367964030456,-0.1532467451671626,0.24451654434204106,-0.23563964605331422,1.3509540061950682,0.011980083783467627,1.784325033823649,0.11122921784718832,2466,992
GCGTAATGTCAACCTG-1,GSM8576303_BM2,BM,v2,46,176,1301.0,1038,1.3835511,-0.08106593132019042,-0.1301241898536682,0.13280833925519675,-0.04005094210306803,0.26217401745807695,-0.1984580319569293,0.00909405878611974,0.1494412328491336,0.32690010179792134,-0.22239691186621485,2.064524033382778,0.265297232743992,-0.29446136474609375,-0.3593141174316406,-0.1371349639892578,-0.08261007308959961,-0.29298091888427735,-0.05044102350870768,2144,1178
GCGTACCATGCCAGAT-1,GSM8576303_BM2,BM,v2,31,197,9971.0,4331,1.5645372,0.045577433109283444,2.1992332458496096,1.7355794743129185,2.3621672312418616,0.37087618969530467,-0.08188066849131315,0.7094918843678066,-0.11761244115310276,0.024565119607107944,0.14569606503329596,-0.2536287211731776,0.06674992798158785,0.8734798049926759,-0.040783355236053476,1.1289424409866333,0.09008724530537923,1.4496960703531898,0.13486056327819823,2369,899
GCGTAGAATTGGCAGT-1,GSM8576303_BM2,BM,v2,112,0,21353.0,6706,2.2947595,0.012346443533897411,2.5180827713012697,1.847854232788086,1.6199882761637368,0.25161705342641316,0.06369745423584511,-0.07114185452461241,-0.1055452344459537,-0.5618460734231132,-0.08739722301682312,-0.7858647821276437,-0.033069710946380226,0.21850387573242191,0.033787386417388876,1.4230188884735107,-0.0097178061803182,1.9753900527954102,0.034156793753306075,254,2405
GCGTCGCCTCATGTCA-1,GSM8576303_BM2,BM,v2,100,64,6030.0,3314,1.8573798,0.30137093544006344,3.071379108428955,1.4053067779541015,0.9640430641174316,0.5221682753428877,0.132493264909045,0.20933628967830115,0.027083277360757663,0.37964102499825614,-0.11434438501495914,0.10539576191230104,0.10618404436888655,0.564837417602539,-0.1197766244411469,2.272151777267456,0.4442498397827148,2.682807642618815,-0.1026193618774414,941,2182
GCGTCGGTTCCTACAT-1,GSM8576303_BM2,BM,v2,71,127,329.0,224,4.255319,-0.025849895477294924,-0.13786611557006836,-0.24196331024169923,1.3033918380737304,-0.09650829422426033,-0.06920989928954098,0.3428732534817287,-0.06651869612641867,0.34583886882237025,-0.04152593650971072,3.3595092495472985,-0.02313189858558194,0.5745634841918945,-0.08616632461547852,-0.06893305969238281,-0.04595537185668945,-0.20749679565429688,-0.028860543568929035,1618,1642
GCGTCGTAGGTAGTGC-1,GSM8576303_BM2,BM,v2,80,80,7727.0,3836,1.5918208,-0.10824216842651367,2.675902967453003,1.3702141571044921,2.0601468531290688,0.08614630680007629,-0.02079004948671287,-0.16729041423116414,-0.07846010824329192,-0.5214328002929688,-0.013057154345225142,-0.530076704569311,-0.02388099976033972,0.24169036865234383,-0.1566504979133606,1.4567020568847657,-0.1330370839436849,2.0711743672688803,-0.10433158874511719,1113,1810
GCGTCTACCGGACTTA-1,GSM8576303_BM2,BM,v2,45,167,2104.0,1474,1.9486692,-0.09924436569213867,-0.63164803981781,-0.04206261226109098,-0.39073758920033774,0.7313378259360073,-0.29020792030426396,0.16845527802194865,1.1197919260025806,0.49903561728341245,0.9746369156971515,1.951084160736172,-0.11762041693565829,-0.33830833435058594,0.4460435843467712,-0.2702317199707031,-0.11224803924560547,-0.48717044830322265,-0.09914941787719726,2047,1159
GCGTCTCGCCTCAATA-1,GSM8576303_BM2,BM,v2,76,84,11698.0,5101,1.6242093,-0.13028208732604982,2.5410016345977784,1.7633804648263112,1.5960980224609376,0.31031563770340154,-0.14344042508819632,0.07088525874274121,-0.14998337659394698,-0.6328616333007813,-0.08287509282430011,-0.7346067349725578,0.06854423569124246,0.5793751144409178,0.058144946098327654,1.3536959466934204,-0.17178933461507162,2.0548383712768556,-0.08377626419067383,1156,1736
GCGTCTGGATGGTTCG-1,GSM8576303_BM2,BM,v2,96,22,16582.0,6516,1.405138,0.11887958884239197,2.420364055633545,1.5912278420584545,1.8533218638102211,0.4466522276162143,-0.034647114715970095,0.05308518716267174,-0.012454309182434453,-0.30905083084106444,0.07861968456023194,-0.5508903595310843,-0.0018632712551640007,0.5186838150024413,0.07312008857727048,1.6949617099761962,0.21725581328074137,2.0318293126424156,0.01120850364367168,490,2108
GCGTGCCTGGTGTCTA-1,GSM8576303_BM2,BM,v2,60,144,1352.0,1063,1.4053254,-0.09043188095092773,2.885326471328735,1.4293268748692103,0.817481762568156,-0.1545852906253922,-0.23403120232394423,0.5346587181091309,-0.20255679592362105,1.629212378365653,-0.2614367994438692,1.238607068304133,-0.049982096524846635,0.12552646636962894,-0.36386962890625,1.7124924402236938,-0.08012550989786783,2.042342357635498,-0.07801966985066731,1800,1438
GCGTTCGAAGGCGTTC-1,GSM8576303_BM2,BM,v2,107,9,6036.0,3508,1.2425447,-0.09645885467529297,2.3683654499053954,1.9411006927490235,1.4862523905436196,0.2211349393469263,-0.064888153415402,-0.15828135217939104,-0.3415450831197394,-0.2514375828334263,-0.3969105793290349,-0.571437901527061,-0.11963843019216652,-0.07757854461669922,0.23230465888977048,1.387064905166626,-0.11396835327148437,2.1846132151285804,-0.10414536158243815,351,2312
GCGTTCGCTCGAGTAC-1,GSM8576303_BM2,BM,v2,33,207,552.0,477,2.173913,-0.05901045799255371,2.643678750991821,1.448202563694545,0.8772265179951986,-0.20947314649221888,-0.20947314649221888,0.567124662058694,0.21669179135251135,-0.17322898864746095,0.38510837660257113,-0.18269360945528787,-0.05940649813453623,0.45733100891113276,0.5753519177436829,1.1989837455749512,-0.10818583170572917,1.381153335571289,-0.049175376892089846,2476,936
GCGTTCGTTCAAGCCA-1,GSM8576303_BM2,BM,v2,52,154,1664.0,1255,3.3653848,-0.08917558670043946,3.234152946472168,1.481555393763951,0.6318513488769532,0.10586640920983736,-0.24214196875392194,-0.05073568207877022,0.43148945181085785,0.520797600882394,0.49954531566206234,0.39449013136720157,-0.09801759015793768,0.012557258605957022,-0.5030234146118164,1.7917653064727783,-0.1165374755859375,2.76730042775472,0.27261959075927733,1907,1289
GCTACTTCGCAGTTCG-1,GSM8576303_BM2,BM,v2,108,4,26475.0,7754,1.4957507,-0.04156093001365663,2.529705390930176,1.7761754499162947,1.6768601989746095,0.18846684000099523,-0.12435257893079188,0.028030498027801554,-0.20398864973484374,-0.49215870012555807,-0.35622686267377857,-0.7663044255166132,-0.034397098556346664,0.27616539001464846,0.03261713027954105,1.4238330583572387,-0.003175702095031735,1.97107297261556,0.029102079073588055,297,2331
GCTATCGCTAATTCAA-1,GSM8576303_BM2,BM,v2,53,151,1600.0,1219,3.25,-0.1253668212890625,3.253681468963623,1.263614169529506,1.2535778363545735,0.6587613797092055,0.05654247239343205,0.7077560189792088,-0.23092312525883105,1.4174810671125138,0.6023351782297035,1.2210827559547022,-0.05982890545121775,0.06738594532012937,-0.3814478302001953,1.8995301914215088,-0.08584339141845704,2.619206008911133,-0.09451902389526368,1875,1308
GCTCAATCGCAAGTGA-1,GSM8576303_BM2,BM,v2,39,191,4891.0,3116,1.9014517,0.17128658652305603,0.2316613626480103,0.9497339466639928,0.07720494588216154,0.07529219996977043,-0.35093425459651106,0.9580276693616594,0.9929517335302265,0.566651864188058,1.0548662066938408,1.3653062855180136,0.16007226036927616,0.20240417480468748,0.19990868330001832,-0.005740372180938702,0.2709034395217896,-0.15301313082377116,0.07451022307078042,2305,1047
GCTCAATCTTGATCCG-1,GSM8576303_BM2,BM,v2,107,31,16395.0,6320,1.4089662,0.091541867852211,1.690227575302124,1.3315602111816407,2.0236844889322914,0.136019421868535,-0.27806894894105844,0.030688927514212483,-0.2701541628205185,-0.4391933488845825,-0.03416951593146267,-0.6835700394666091,-0.06674297352536641,0.5357966232299806,0.33548484325408934,0.9816835794448853,-0.004659014145533241,1.3703186798095703,-0.032259907921155295,587,2312
GCTCATGATACAGCTC-1,GSM8576303_BM2,BM,v2,100,32,3692.0,2316,1.7063922,-0.13140965461730958,2.577569894790649,1.227552272251674,2.0599492518107096,0.2994851750063609,-0.07118229727873637,0.03282980016299658,-0.03155107811441005,-0.4153782043457031,0.4284394716163237,-0.7592642355285235,0.07360143492342985,0.5103814506530762,0.23621589183807368,1.5218963327407837,-0.13843462626139322,2.477570826212565,0.16164602438608805,598,2182
GCTCGCACGCCTCCTA-1,GSM8576303_BM2,BM,v2,72,92,5218.0,2982,3.334611,0.16663525342941282,1.8254464340209962,1.6381126621791293,2.1020653915405276,0.21151636546874142,-0.1364757345109853,0.6078463322775705,-0.19687289553395168,-0.541900146484375,-0.09710929192692402,-0.7860977889707425,0.21114015487787935,0.6699209594726562,0.08723399639129636,0.85166916847229,0.1089207633336385,1.4245205434163413,0.0886858034133911,1242,1661
GCTCGCCGCATGCCTA-1,GSM8576303_BM2,BM,v2,51,153,2142.0,1600,3.127918,-0.08240920066833496,2.565649938583374,1.0716708374023436,0.870475959777832,0.18362834080156074,-0.2477376547204443,0.550410739013127,0.22038825593714928,0.9110832802908762,-0.024012532100141315,0.44263499672323725,0.14685854678643173,0.30072746276855467,-0.0319133138656616,1.3602635307312012,-0.10409582773844402,1.91405881245931,-0.0811883799235026,1897,1271
GCTCGCGGTCACGTGG-1,GSM8576303_BM2,BM,v2,44,176,565.0,498,1.4159292,-0.05124833583831787,0.4047043800354004,0.4613464246477399,0.16066468556722002,-0.11438114671822054,-0.1731858770531344,0.15156750679016112,-0.14493438370931455,0.3527236344473702,-0.1790890980915851,1.3387328190862962,-0.05896261074398988,0.3034336090087891,0.4059303092956543,-0.1373514404296875,-0.05856952667236328,-0.2449011993408203,-0.02928476333618164,2144,1140
GCTCGCTGCCGCGGAA-1,GSM8576303_BM2,BM,v2,53,165,470.0,429,4.255319,-0.031035366058349608,-0.07359398841857911,-0.10433568681989402,0.7510142580668132,-0.14796383409615022,-0.1105718344569685,0.2962175164903913,-0.1097726903877149,-0.2094427490234375,0.9472641849134822,0.3653382642385715,-0.010414552368573695,0.3103536224365235,-0.35690677642822266,-0.12254369354248047,-0.031035366058349608,-0.4545919036865234,-0.04138048807779948,2025,1308
GCTCTATTAACCGATG-1,GSM8576303_BM2,BM,v2,51,147,894.0,730,1.6778523,-0.08125850677490234,2.708577127456665,1.3390973009381975,1.4694935989379883,0.9128404659439762,0.20980169331281948,-0.17337572370256696,-0.1542463111330923,1.8585039912632535,-0.12049453612791008,0.803038806494679,-0.12585211120195836,-0.18153081893920897,0.5905894589424133,1.630445538520813,-0.09167626063028972,1.90300199508667,-0.058339436848958336,1832,1271
GCTCTGCATCGGTCAG-1,GSM8576303_BM2,BM,v2,107,15,4739.0,2900,1.9413378,0.17482653260231018,2.5115711879730225,1.1105128370012556,1.6818096033732095,-0.3702336506671216,0.15003210364301794,0.005880002975463872,-0.3048967509010118,-0.48917227172851563,0.03992994913614417,-0.6153620474633412,-0.10154330490419529,-0.05601710319519043,0.125008602142334,1.7757030982971191,0.03058757543563842,2.249501914978027,-0.0822848383585612,415,2312
GCTCTGGTCTTGCACT-1,GSM8576303_BM2,BM,v2,35,191,214.0,199,2.3364487,-0.009663846492767334,2.267404556274414,1.8660282952444895,1.4022822380065918,-0.1397182663760511,-0.09314551602405717,-0.08835517883300781,-0.044304167302085196,-0.07731077575683594,0.6287321814571519,0.5719067682355843,-0.02594321206112036,-0.07731077194213867,-0.11937924385070801,0.4522680158615112,-0.025770257314046224,0.9406143824259441,0.0,2305,973
GCTGACTTCCGGATGA-1,GSM8576303_BM2,BM,v2,111,23,21320.0,7091,1.575985,0.16038079261779786,2.8727688598632812,1.7431652069091796,1.346419474283854,0.36361973735702086,-0.05378629062891138,-0.14454289214951654,-0.14036982844122797,-0.22768329783848357,-0.371135439738691,-0.6605029087852997,-0.09421736324850687,0.3484495735168458,-0.09067137479782106,1.8777321510314942,0.16580543359120686,2.5015551757812498,-0.12324249267578125,501,2386
GCTTATAATTAATGGT-1,GSM8576303_BM2,BM,v2,90,66,4931.0,3157,1.7643479,-0.11165870666503906,1.873317108154297,1.528268596104213,1.5198803202311197,-0.07066498032535418,-0.05219043484379765,-0.2829553461074829,0.029477393876027713,-0.33856281498500285,-0.35667076264040537,-0.08276229302469396,0.04788043880736953,0.11766031265258792,0.6556339883804321,1.0521382293701171,-0.216201171875,1.5562989171346029,-0.10880570729573567,963,1996
GCTTATGTCTTATGTA-1,GSM8576303_BM2,BM,v2,61,129,2169.0,845,1.2909175,0.14266339242458342,0.4001759886741638,0.23231448037283758,0.2568204005559286,0.12949932172116504,-0.12480241706572383,0.03497884009565627,0.1262436152675627,4.2299895738874165,-0.12869949034418926,2.4057417473651306,-0.059886100308207055,-0.24503641128540038,0.1516274631023407,0.32065014910697937,0.2279507247606913,0.1993557850519816,-0.045990012486775714,1639,1457
GCTTCGATTGATTACC-1,GSM8576303_BM2,BM,v2,92,58,6635.0,3680,1.3262999,0.015012877583503725,2.7411469268798827,1.8244388471330915,1.3415707397460936,0.5136976644217249,0.07243337456139082,0.2008645258631025,-0.053602802328920895,-0.11231254523141043,0.21648141274969263,-0.5695191520058183,-0.14707060948314282,-0.021782045364379887,0.2004907655715943,1.8529480247497558,0.09256086111068726,2.282133000691732,-0.09505311965942383,877,2033
GCTTCGCAATGCTCTA-1,GSM8576303_BM2,BM,v2,101,57,12840.0,5120,1.1915888,0.01813241779804231,2.4210865020751955,2.2089206586565293,1.2311153729756674,0.9135349802224032,0.05381268751874302,0.0741705199650356,-0.3707784308403474,-0.4484337679999215,-0.14207358819892607,-0.6976004844658212,-0.029240757655548802,0.43124500274658206,0.24124596595764158,1.250707646369934,0.04863325516382852,1.7863958104451498,-0.012443461020787555,866,2200
GCTTCTAATTCAGCAC-1,GSM8576303_BM2,BM,v2,57,153,2029.0,1453,1.4785608,-0.0845394229888916,2.828034782409668,1.6115910884312221,2.121167246500651,0.4434810910358965,0.0012061543937941788,-0.05248195358685087,-0.21271127957669234,0.4181776766095843,-0.21457292181420998,-0.15261902379395292,0.12883334717608827,0.7201613998413086,-0.40109825134277344,1.5004991874694824,-0.07712368647257486,2.146350135803223,-0.11271923065185546,1897,1382
GCTTCTACAACCTTCT-1,GSM8576303_BM2,BM,v2,47,173,1715.0,1327,2.5655978,-0.11048375129699707,-0.27395841717720026,-0.03604427610124861,-0.5141405487060546,0.23904703467725272,-0.24470398990983466,0.49668628965105327,0.3220034920188476,0.5887880292619978,0.08943296005448181,1.3577446183216537,0.17570530876788748,0.576780891418457,-0.4512741851806641,-0.21298182678222657,-0.1109396743774414,-0.455018424987793,-0.05329596837361654,2111,1196
GCTTCTCATAAGGTGC-1,GSM8576303_BM2,BM,v2,50,176,276.0,246,2.8985507,-0.019784895181655885,-0.15827916145324708,-0.30976205825805664,0.44458176612854006,-0.04358030801796051,-0.029053538678640342,0.8526176003047398,-0.0829149590522307,0.42992597198486326,-0.08989003192947571,2.2212994905583354,-0.03641441844453747,-0.12999893188476563,-0.14808475494384765,-0.043405986785888674,-0.024114437103271484,-0.1876545524597168,-0.03617165565490723,2144,1252
GCTTGCATGTTCCAGA-1,GSM8576303_BM2,BM,v2,39,197,458.0,419,1.9650655,-0.07820633411407471,0.6511258840560913,0.11268833841596332,0.6150698026021321,0.3887549667473299,-0.12992576997442898,0.29973582182611735,0.3444497643852156,1.1710508510044642,-0.08794286643644893,1.1262266921631325,-0.03149248289581913,-0.17540897369384767,-0.15641266822814942,0.27413860154151914,-0.0729925791422526,0.2184530973434448,-0.04171004295349121,2369,1047
GCTTGGATTAGGAGCG-1,GSM8576303_BM2,BM,v2,47,141,30624.0,8522,1.4857628,0.11556572914123536,2.4889892292022706,1.6762278529575894,2.0665808868408204,0.42815157878829774,-0.14562820717991598,0.06415420600346156,0.04741712939870979,-0.3386592401776995,-0.2287535195848549,-0.6752443775348901,0.006556092606980646,0.28169528961181645,0.18050892114639283,1.4592698698043822,0.0864835850397746,1.953537483215332,-0.11070400238037109,1768,1196
GCTTGGTCACGCCGGC-1,GSM8576303_BM2,BM,v2,41,177,7698.0,4261,2.0265005,-0.014467610120773328,-0.5698013186454773,-0.17515238625662666,-0.3557382901509603,-0.15457249094683478,-0.42626830564445284,0.8583207716260637,-0.18155054503467014,1.9557918548583983,-0.20453766215757194,3.1029356337462266,-0.15864655155463506,0.5515270233154296,0.08397061347961421,0.006078466892242451,0.027343306541442847,-0.09942734718322754,-0.12525246938069662,2154,1085
GCTTGGTCTGAGGAAG-1,GSM8576303_BM2,BM,v2,64,130,520.0,404,4.8076925,-0.045108065605163575,1.980382595062256,1.3975626564025878,0.29910849889119473,-0.12882093253384633,-0.1261377066493513,-0.14928391592843193,-0.12386176647634424,1.3077423858642578,-0.11297166203878012,2.8581766309582717,-0.04036516151172203,-0.1653962516784668,-0.1653962516784668,1.038155059814453,-0.04009606043497722,1.7138023312886557,-0.030072046915690105,1650,1512
GGAATCGAACATTCGT-1,GSM8576303_BM2,BM,v2,52,166,616.0,542,0.97402596,-0.05693741321563721,0.2081003403663635,0.121281179700579,-0.029138881365458225,0.347760764949293,-0.08702927708147042,0.20565573811531068,0.2824357397186429,0.6443432470049176,0.2862160248928759,1.7255236981356248,-0.03821302900378336,0.3952433681488038,-0.231068172454834,0.6136490235328674,-0.09710803985595703,0.7607226912180582,-0.06642698287963868,2036,1289
GGAATGAAGGTGTATC-1,GSM8576303_BM2,BM,v2,45,147,21684.0,7123,1.378897,0.06446933388710022,2.3597646522521973,1.827723639351981,1.8562473424275718,0.7188552507913735,-0.12155604075236492,0.07714667865208213,-0.03858931904877494,-0.1508221310206822,-0.18386296096097038,-0.12573472193995006,0.18622141122132227,0.564116268157959,-0.0001484251022338956,1.4247958574295043,0.12439855734507241,1.9300448608398437,0.12166056394577025,1832,1159
GGAATGCGCATTCACT-1,GSM8576303_BM2,BM,v2,34,208,1702.0,1298,2.5851939,-0.11085745811462402,2.5557959270477295,1.9842321232386997,0.4145089181264241,0.25522264227809677,0.41981764600253696,1.3340083803449359,0.12091935817891827,0.578029048374721,1.4485345652783252,1.3084187640211153,-0.1110040293443923,0.9951927185058593,0.11627585887908931,1.1980490913391113,-0.10282430648803711,1.6833642578124999,-0.05141215324401856,2487,954
GGAATGGTATCTCACC-1,GSM8576303_BM2,BM,v2,49,163,654.0,573,0.764526,-0.06278812408447265,-0.4945177841186523,-0.2817844772338867,0.43567667325337733,-0.14147089762860035,0.24597670289202114,0.5302535482815334,-0.15377680824957468,0.9014552699497766,-0.13986411343616653,2.317707005077446,-0.03745749492773274,0.31232308387756347,-0.2876523780822754,-0.09625566101074219,-0.06732018788655598,-0.24725889205932616,0.8929866790771485,2004,1233
GGAATGGTTGATGCAG-1,GSM8576303_BM2,BM,v2,47,163,680.0,589,1.4705882,-0.04819561958312988,0.03105509400367734,-0.43719478607177736,0.8643389256795246,0.8188139262448353,-0.18720945488496957,0.8723748193468366,0.25436588676552574,0.22998897361755372,-0.23492183455501695,2.3400570859387875,-0.05766780264425598,0.8608342933654786,-0.2545499801635742,0.16616675782203674,-0.10318394978841146,0.10443216482798262,-0.06426082611083984,2004,1196
GGAATGTCAGACAAGA-1,GSM8576303_BM2,BM,v2,78,88,12349.0,5265,1.5790753,0.24882225155830384,2.9349167251586916,1.8774456133161272,1.7548703257242837,0.4041626395949398,0.18963456577907267,-0.12225796324866156,-0.22417305170196614,-0.603534423828125,-0.3315772413010578,-0.8079249753133677,-0.13724484539672033,0.30867832183837896,-0.17081062793731694,1.9034751472473146,0.37665069739023843,2.5992511622111003,0.07835364739100138,1199,1773
GGAATGTTGCCTTGAG-1,GSM8576303_BM2,BM,v2,105,29,12891.0,5571,1.086029,-0.03615813821554184,2.557543210983276,1.7963153839111328,1.6447547403971352,0.4075601953100488,-0.02805554258091586,0.19528785058430265,-0.24707583309049444,-0.2574589168003627,-0.27147161924695395,-0.2746577619477635,-0.0531033580963815,0.32335191726684565,0.2521930599212646,1.5481717185974122,-0.025888895591100053,2.1669923782348635,-0.09859656651814779,565,2275
GGACAGACCGGTACGA-1,GSM8576303_BM2,BM,v2,42,190,5636.0,3450,2.0936835,-0.06737336456775667,-0.05675528049468992,0.8803751155308314,0.05864054361979165,0.2086379417932656,0.1182533259782994,0.517790162222726,0.5019692615363816,0.9526693921770369,0.5736839445719277,2.5395251317083667,0.1325487224161911,0.06799737930297844,-0.27750199317932134,-0.29884713745117186,-0.013184576829274486,-0.7031398010253906,-0.11203375498453776,2294,1103
GGACAGGTAACCGACA-1,GSM8576303_BM2,BM,v2,100,34,4157.0,2501,1.4192928,0.02529175937175751,2.8725104618072512,1.3322432926722934,1.3944475936889649,0.18209169188656482,-0.15577495399043945,0.39816099303109304,0.1438044841983403,0.1142263946533203,-0.1526380368025906,0.6526162155751186,-0.1122949587418729,0.6987874031066895,0.20123775243759157,1.8455150394439697,0.10672495126724243,2.3222686004638673,-0.1015957005818685,619,2182
GGACAGTCATGGTGAG-1,GSM8576303_BM2,BM,v2,42,178,469.0,425,1.4925373,-0.062111425399780276,-0.32396697998046875,0.2842870943886893,0.193628191947937,-0.09538344111308515,-0.13279995286321067,0.230470712355205,0.324911698522111,1.0924072777884346,0.45523430879815036,1.6637416411680548,-0.03126413870177813,0.4436028575897216,-0.25515064239501956,-0.1322687530517578,-0.0724633280436198,-0.16198348999023438,-0.010351903438568115,2165,1103
GGACCGCTCGGCTGCA-1,GSM8576303_BM2,BM,v2,67,115,705.0,500,6.099291,0.29242886185646055,1.6570429992675781,1.5370775277273996,1.3407672437032063,0.2937129467845442,-0.1746336542458898,0.19443317123821804,-0.14601758284691754,0.8366558042253767,-0.17479636870234846,2.7301751152323854,-0.018256835489465086,-0.1750813102722168,-0.1834140968322754,0.8570466661453247,0.4080402739842733,0.5552307415008545,-0.04145462354024251,1489,1568
GGACGTACAGCACCTC-1,GSM8576303_BM2,BM,v2,107,11,5027.0,3165,2.2478616,0.008834596872329709,1.7729695701599122,1.7303400966099332,1.9450717035929361,-0.26008131082756936,-0.1626080026314714,-0.2559993163176945,0.05490911782788199,-0.5589767456054687,0.43382693581791765,-0.4694937338422152,0.02636112188447126,0.12733074188232424,0.151033706665039,1.0147100954055785,0.03334952831268309,1.513582420349121,-0.12725420633951823,372,2312
GGACGTTAGAAGATTG-1,GSM8576303_BM2,BM,v2,60,120,1778.0,1280,1.7997751,-0.10387407302856445,3.802540683746338,1.8185750361851285,0.4381865501403809,0.3574358387644512,0.04014057115925773,0.25842468874795094,0.06824772469196169,1.5250368292672294,-0.26557956067433797,0.8255469312146663,-0.057103016232484136,0.45616615295410157,-0.012063902616500866,2.281999830245972,-0.09784570693969727,3.2015275700887047,-0.06932729721069336,1542,1438
GGACGTTCGCTCTGTA-1,GSM8576303_BM2,BM,v2,86,80,2111.0,1489,1.2316438,-0.059213662147521974,2.5611498832702635,1.8082835606166294,1.7013894399007163,0.06386283339266796,0.27735074402201265,0.10427468112536842,-0.2938581537722175,0.48931750651768274,-0.2995017178087349,-0.289497835867014,-0.0703470754943438,0.327011022567749,0.3589402651786804,1.8097373962402343,-0.09317078908284505,2.5565486780802407,-0.052408571243286135,1113,1922
GGACTCGCTCGATAGC-1,GSM8576303_BM2,BM,v2,57,137,2805.0,1845,0.81996435,-0.10629026412963867,3.2914860153198244,1.8987659672328403,2.3847801589965822,0.6196573489162338,-0.08930910002959574,-0.10698576450347902,0.18732422499982634,-0.216482350894383,-0.3028366517829129,-0.599394676669332,0.3382469537959917,-0.008690223693847643,0.31507460594177245,1.8884370651245117,-0.12026077270507812,2.4058396657307943,-0.0949535624186198,1725,1382
GGAGAATCTGACTATT-1,GSM8576303_BM2,BM,v2,109,25,9042.0,4448,1.2497236,-0.018988356888294214,2.749691791534424,2.1066936928885323,1.687931365966797,0.22628505833177687,0.07327110823446897,0.14134838478905815,-0.029485696951873586,-0.4817575959478106,-0.25893772390472836,-0.7908843368834755,-0.008063385664902403,0.7077166748046875,-0.026747198104858372,1.3904275979995728,-0.06114915887514749,2.350862668355306,0.009445895751317337,523,2349
GGAGACAAGTGAACAG-1,GSM8576303_BM2,BM,v2,48,176,419.0,384,1.431981,0.0,0.08671520948410033,0.22711296898978095,0.13650736014048254,-0.1774811648939508,-0.18018331872411522,0.20503373060907637,-0.08479792204149131,0.7860790743146623,0.4425439753206858,2.882797943437088,-0.053918044839129355,0.5107983016967774,-0.12854063034057617,-0.12535498809814452,-0.04284687360127767,-0.2959447479248047,-0.03213515599568685,2144,1215
GGAGATTCGCTATTCT-1,GSM8576303_BM2,BM,v2,37,199,1177.0,955,1.9541206,-0.08600598335266113,-0.06564337968826295,0.668810637337821,-0.16212929248809815,0.11231680088732615,0.08974019973632322,0.4278874547140939,0.5224112572359638,0.9789219578334265,-0.19496701711631684,1.2327474482564662,-0.0865288740836534,0.8287577247619629,0.2071786165237427,-0.18842662048339845,-0.10717168172200521,-0.36464126586914064,-0.06002370834350586,2390,1010
GGAGCAGTAACAATGA-1,GSM8576303_BM2,BM,v2,111,13,12223.0,5159,1.210832,-0.06950994729995727,2.062314624786377,1.7998920549665178,2.2929669570922853,0.2529203192775986,-0.12379470790725156,0.0729724206243243,0.019636166764242513,-0.44926936783109395,-0.21049829754963456,-0.6488759183929385,-0.1121601386358274,0.6619722747802735,0.36068065643310543,1.064980239868164,-0.06392528851826985,1.4788779830932617,-0.08799413045247396,394,2386
GGAGCCGGCGACATAA-1,GSM8576303_BM2,BM,v2,31,191,1505.0,854,3.9202657,-0.010169944763183593,0.9799131774902343,1.4877900314331054,3.0734540049235024,0.6762601113223647,-0.21344465998760667,-0.019324378967285172,0.13411499348225478,0.04793715994698661,0.19510731831133124,-0.06771043391607179,-0.022575404019963823,-0.33281517028808594,0.820215301513672,-0.15313717651367187,-0.047459742228190105,0.01810028235117589,0.28475845336914063,2304,899
GGAGCGAACAGTCAGA-1,GSM8576303_BM2,BM,v2,82,72,9074.0,4431,1.3665419,-0.0277422085404396,2.501471862792969,1.9337875257219588,1.9728953297932945,0.016730304702697485,0.036758354595182174,-0.013726009641374826,-0.21816557194432226,-0.5786165771484375,-0.27309929510675757,-0.6800588049344568,-0.011788822260479004,0.23712406158447263,0.5286882209777832,1.4883085126876832,-0.006939359108606977,2.130337028503418,0.042835987011591595,1027,1847
GGAGCGAGTATTGAGT-1,GSM8576303_BM2,BM,v2,58,138,887.0,770,1.9165727,-0.08312198638916016,2.141295280456543,1.8696676853724887,1.1855615043640135,0.24148648618215537,-0.15366970200136484,-0.27364048549107145,0.18810718761230172,0.5962679225376675,-0.1510530188380475,0.8807724571410898,-0.04207180650442239,-0.2479839515686035,0.3946811580657959,1.7514502143859862,-0.07522439320882161,2.088053181966146,-0.07522439320882161,1736,1401
GGAGCGTCTAGACACT-1,GSM8576303_BM2,BM,v2,49,155,2648.0,1991,1.6993959,0.04890358209609985,1.6040831184387208,0.9198467636108398,0.44152186075846367,-0.09886269492796623,0.020889288792306504,0.3810086270741054,0.9215649344420462,1.0868662545340402,0.3020097031650773,1.2927937960236096,-0.110810759883599,0.3052390861511231,-0.5598561477661133,1.2764529514312744,0.13879060427347822,1.4206830215454103,-0.09266095479329427,1918,1233
GGAGCGTGGAATAAGG-1,GSM8576303_BM2,BM,v2,40,180,1295.0,1018,1.003861,-0.10287783622741699,-0.6836997222900391,-0.12427512850080225,0.03825009346008301,-0.22375831450803213,-0.2109673588151434,0.2777113154956273,-0.16557858529951647,1.2660368172781808,-0.24467812963278898,3.116723955763381,-0.06541156128748951,0.48965078353881836,-0.355030517578125,-0.1754699249267578,-0.07941448211669921,-0.3048740005493164,-0.050536489486694335,2186,1066
GGAGCGTTATTGGCGA-1,GSM8576303_BM2,BM,v2,95,71,7130.0,3640,1.0098177,0.24865869402885438,2.8401903533935546,1.6183151463099887,1.8744758987426757,0.11621081254568444,0.13915087611799737,0.08020516259329658,0.015490379774614371,-0.5849835205078125,-0.0226328530943537,-0.5311808438680545,0.02043793888357205,0.736856632232666,0.7035617303848266,1.8048825092315675,0.15456459601720177,2.2283262634277343,-0.07318700154622396,1016,2089
GGAGGCTACGTTCTAT-1,GSM8576303_BM2,BM,v2,52,160,1272.0,1001,1.4937106,0.18227179050445558,-0.2937227725982666,0.1591017477852958,0.24640363057454417,0.5195926719880009,-0.21131207569535956,0.7926931462969099,-0.1499682101274288,0.7202074366978235,0.09219034991589897,2.2440543791934604,-0.06199413017938601,-0.349979248046875,-0.38270523071289064,-0.19555325317382813,0.2836250495910645,-0.40406070709228514,-0.06462261199951172,1972,1289
GGAGGTGGTCAAGTTG-1,GSM8576303_BM2,BM,v2,97,19,12757.0,5432,1.363957,0.04435401260852814,2.873818988800049,1.6970993041992188,1.312673683166504,0.386108318007136,0.17662331925270142,0.045508607796260314,-0.16009336639221605,-0.5619967263085501,-0.004765829408025168,-0.8313998023935613,-0.012031742161780962,0.3634789276123047,-0.06660449028015136,1.8289964866638184,-0.07819364468256633,2.4764778645833334,0.09215114116668702,458,2126
GGAGTGGAAGACGGAG-1,GSM8576303_BM2,BM,v2,62,120,531.0,409,1.6949153,-0.08215120315551758,3.436399383544922,1.1459615489414758,0.9866135152180988,-0.11333764317524002,-0.12533489671576933,0.5638906799043928,-0.12905484830752484,3.3800093078613282,-0.0719835289032105,3.4673190423191906,-0.020049104754556745,0.40821014404296874,-0.20418975830078126,1.877432062149048,-0.05974632898966471,2.6585854721069335,-0.029873167673746745,1542,1475
GGATAAGTCCAGGATA-1,GSM8576303_BM2,BM,v2,94,52,5487.0,3000,1.8771642,-0.10998904228210449,2.068293514251709,1.797094530378069,1.9416969045003256,0.08955053153286974,0.2599084315734968,0.05577184711183819,-0.03960636391095146,-0.38859782654898506,-0.17424945706823264,-0.48642109361613817,-0.12437340397162726,0.3406402206420899,0.5096419715881347,1.0266692047119141,-0.1362758509318034,1.5443740781148276,-0.09504629135131835,812,2070
GGATCGCTGACGTCAG-1,GSM8576303_BM2,BM,v2,46,196,338.0,313,1.7751479,-0.027345681190490724,-0.2052321434020996,-0.13682143211364747,-0.2052321434020996,-0.06868545501586423,-0.09887716760597076,-0.10355283464704242,-0.08228543563012065,0.3928729703085763,-0.0961596400862238,2.0122643980060992,-0.011478308063225457,-0.16069076538085938,-0.1435880756378174,-0.09577500152587891,-0.022803572018941242,-0.13682143211364747,-0.05700892766316732,2358,1177
GGATCTATTATCACAG-1,GSM8576303_BM2,BM,v2,82,56,12977.0,5214,2.1422517,-0.05034927189350129,2.7095095252990724,1.748130111694336,1.5858944193522133,0.24095699777564855,-0.08479710016453051,0.2293366629736764,-0.20121521970262501,-0.5318996605191912,0.011587048630159025,-0.42817812958019696,-0.04676944948911439,0.6045572853088379,-0.1801160430908203,1.5065294666290283,-0.03680090347925821,2.3102187728881836,0.00903026819229126,855,1847
GGATGCTAAGATTCAC-1,GSM8576303_BM2,BM,v2,35,207,5237.0,3303,2.7496657,0.18485303163528444,2.80023907661438,1.657872554234096,0.2388983472188313,0.3264510258134589,0.08148843942533879,0.8824561616352626,0.2634268880524794,0.7663644027709962,1.3895302240149565,0.6803827221761614,0.002909941046944281,0.8805809020996094,-0.30555778503417974,1.6648065996170045,0.2939625708262126,2.032350031534831,-0.09255808512369791,2476,973
GGATGGTCACTCAGTC-1,GSM8576303_BM2,BM,v2,62,118,1103.0,821,2.4478695,-0.09397275924682617,1.5421094989776611,0.8567026465279716,0.6015101369222005,0.18685876605022383,0.10931327352562104,0.34853611469268797,-0.14522432256223136,3.9566253945486882,-0.23186685952795558,3.099038516343611,-0.1084850362483287,0.16216909408569335,0.27262659549713136,0.803999529838562,-0.10990247090657553,1.2143843332926432,-0.023091816902160646,1521,1475
GGATTAGAGTTGCAAT-1,GSM8576303_BM2,BM,v2,46,192,906.0,744,1.986755,-0.055980653762817384,-0.22668169260025028,-0.12948542186192108,-0.5376853179931641,-0.23832734808864364,0.11971872535438557,0.4620675795418876,-0.16056758148280803,0.5751390675136021,-0.16510005169604197,2.443897075415343,-0.05844363910239815,0.3013879489898682,-0.376123046875,0.10869173574447633,-0.14532646179199218,0.005748046239217097,-0.0580540148417155,2315,1177
GGATTCTTGGAGCACT-1,GSM8576303_BM2,BM,v2,86,102,18903.0,6605,2.0208433,-0.0822577628493309,1.7732711410522461,1.821959893362863,1.857868092854818,0.660533360209331,0.13726656859589936,0.14408817461558754,0.06788837856022589,-0.3819027009691511,-0.15352596767456178,-0.6995482931658268,-0.07184843906163026,0.4606543731689453,-0.07047494173049929,0.8533508930206299,-0.08788035829861958,1.4021083450317384,0.08528147061665853,1349,1921
GGCAAGATGATTCAAC-1,GSM8576303_BM2,BM,v2,54,144,3045.0,1986,2.692939,-0.12287479400634765,3.4434586715698243,0.9867875562395368,1.2223483276367189,0.44874017401392674,0.18601951774207598,0.30111496720995223,-0.2658267963923151,1.002860241481236,-0.30392618447422504,0.8199916548834094,0.15222937388708127,0.8879913711547851,-0.1695781862735748,2.364837646484375,-0.15898334503173828,3.051965929667155,-0.06789552052815755,1800,1326
GGCAATACCTTCAGAA-1,GSM8576303_BM2,BM,v2,72,124,198.0,166,10.606061,-0.029562599658966064,1.800182065963745,2.013664338248117,1.5357554372151692,-0.14521490809429122,-0.11081029133624341,-0.04504777090890067,-0.04517684761637603,-0.12613377380371094,0.0,0.5594552082160518,0.0,-0.12166736602783203,0.906586389541626,-0.07883360290527344,-0.02627786636352539,0.47248579025268556,-0.013138933181762695,1585,1661
GGCACGCCGATTCGTG-1,GSM8576303_BM2,BM,v2,40,194,4756.0,3191,2.6703112,0.07943707585334778,0.5495004272460937,0.4326954432896204,0.6521478907267253,0.25122590141602785,-0.3718045399370921,0.555449115208217,0.4905123070425251,1.26966506086077,0.4678142654847907,1.481304771262413,0.12933723147054876,0.2936346435546875,0.34527808189392095,1.1463831357955931,0.14350865840911864,0.9466096433003742,-0.12767149607340494,2337,1066
GGCACTCCTTCCTCGG-1,GSM8576303_BM2,BM,v2,49,167,570.0,507,0.5263158,-0.04380208015441894,0.11016625046730044,-0.4754071807861328,0.23183869202931723,-0.07462984108063112,-0.07462984108063112,0.19884796738624572,-0.09394652795654997,0.3561837166377476,1.4448031421646057,1.862453770660371,-0.03919649124145508,0.3437584590911865,-0.24026926040649413,0.3023665564060211,-0.03893518129984538,0.2942033084233602,-0.03893518129984538,2047,1233
GGCATACTAAGAACTA-1,GSM8576303_BM2,BM,v2,44,164,4634.0,2735,2.1148038,-0.006640424728393546,-0.05202674150466924,0.1873179953438895,-0.6081193415323893,1.3418531858298672,0.11796302160721572,0.8612893567766462,-0.14528602212850453,1.3966592777797155,0.16659968062098246,2.801984395642523,0.15862023453241567,0.23912569999694822,0.05609153747558593,0.08480024290084837,0.023733787536621115,-0.12701516787211103,-0.058871065775553386,2015,1141
GGCCGATAACATCTTG-1,GSM8576303_BM2,BM,v2,100,44,10538.0,4739,1.1766938,0.11717767477035523,2.6117597579956056,1.5201222446986606,1.540592130025228,0.28480223862521625,0.0020499329285175727,0.0780214479991368,0.5986779558819628,-0.23085924448285788,-0.22130888461109144,-0.6467945235116142,-0.03353773798947139,0.4784356498718262,-0.29083950877189635,1.5252161254882812,0.2480876890818278,2.100274798075358,0.01741432070732117,726,2182
GGCCGCCAGAAGTTCG-1,GSM8576303_BM2,BM,v2,109,21,16890.0,6154,1.5216104,0.05437343835830688,2.826317768096924,1.5960083879743303,1.9144619115193686,0.08607416507230709,0.01954456355061529,0.11968682697841104,-0.269479585972371,-0.23995279938834052,-0.2966598178966936,-0.6005100634731246,-0.062323948538086205,0.3080796241760254,0.19606242656707762,1.629235032081604,-0.007759832938512179,2.234970474243164,-0.05365507821242013,480,2349
GGCCGGCAGCCTGAGT-1,GSM8576303_BM2,BM,v2,47,157,996.0,788,1.4056225,0.2505446565151215,3.293144416809082,1.9143551690237866,1.0134037653605144,-0.1444731716171326,0.11180126933756054,0.984761244910104,0.13667686240281718,0.9104929526192802,0.6558421424115038,0.7347713975184031,-0.06447086078208565,1.297698917388916,-0.2725849723815918,2.0244415702819825,0.3041950209935506,2.69950740814209,-0.07204618453979492,1939,1196
GGCCTTACCGCTAGTT-1,GSM8576303_BM2,BM,v2,103,33,30103.0,8074,1.2789422,0.1478068745136261,1.9242981719970702,1.2370111301967075,2.4689701843261718,0.2567659669133075,-0.08732052459432282,0.01058634894234789,-0.1948140760547452,-0.47612727539879934,-0.02619003675070153,-0.6083014596571514,-0.0730646487507587,0.22985219955444336,0.5232328414916992,1.1449463319778443,0.11672194321950277,1.5015184783935547,0.007077204783757535,608,2238
GGCCTTCGGACAACCT-1,GSM8576303_BM2,BM,v2,95,51,4492.0,2794,1.6251113,0.029586962461471564,2.0496134757995605,1.9146857016427175,1.8456290562947593,-0.03469116620749357,-0.20864804818311508,-0.17110520005226137,-0.15188962896973981,-0.2087859044756208,-0.1488773253069345,-0.5376097195900527,-0.11472565055693557,0.3437414741516113,0.45558718919754027,1.1862598342895507,0.07991247653961181,1.590330899556478,0.31234632809956864,802,2089
GGCGAAGTACCATTGC-1,GSM8576303_BM2,BM,v2,82,94,18567.0,6591,1.7611893,-0.044433692097663874,2.7665856742858885,1.9519144112723217,1.5037417475382486,0.5723783213450726,-0.09351963567378124,0.17373740162168227,-0.27937296768509357,-0.05163581085205082,-0.14406016409157751,-0.20202066754334724,0.25703753240956556,0.48307737350463853,-0.22167362689971926,1.5521383590698243,-0.07064123352368674,2.1611726888020835,0.08677403767903646,1263,1847
GGCGACAACTTGTCTA-1,GSM8576303_BM2,BM,v2,45,191,761.0,648,1.7082787,-0.033113131523132326,0.2864971613883972,0.744741325378418,-0.3757654571533203,-0.21797691866097202,0.9412470591594895,0.9178615767615181,-0.20983331456225376,0.2366451939174107,-0.1499262124180315,1.856234005519322,-0.035557724485461344,1.0227840042114258,0.4023031497001648,-0.16149539184570313,-0.07064134597778321,-0.2872732543945313,-0.07064134597778321,2305,1159
GGCGACCTCCAACAGG-1,GSM8576303_BM2,BM,v2,32,194,1357.0,900,2.5792189,-0.04938141822814941,1.7993313026428224,1.3472521700177873,1.65741725285848,0.06958512130032585,-0.19318824982547378,0.30827714034489223,-0.1765597105709393,1.3119761265345984,0.5094053639944299,1.332839397090279,0.23934378079920007,0.18297449111938474,-0.28442827224731443,0.355720456123352,-0.03751445134480794,0.8889633051554362,-0.03751445134480794,2337,917
GGCGACGTCATGGCTC-1,GSM8576303_BM2,BM,v2,96,58,7038.0,3665,1.491901,0.017485092580318454,2.385402936935425,1.6805180576869418,1.8698175938924155,0.24210932838868898,-0.10957582299215524,-0.10832040820802963,-0.21545063412389545,-0.23573670223781035,-0.16499620867541515,-0.39566204531880833,-0.11122695871647573,0.327976303100586,0.410390739440918,1.4845600214004517,-0.13428919474283854,1.9144911321004234,0.1971907639503479,877,2108
GGCGCAAGTACTTCTG-1,GSM8576303_BM2,BM,v2,78,80,10624.0,4728,1.8166416,-0.04700351595878602,2.493018522262573,1.8677025386265347,2.284741058349609,0.005842223224869714,0.04925792010707275,0.1296548639025007,-0.21261544321288936,-0.48668803051539833,-0.2742894820898891,-0.726074893088263,0.11470967719790348,0.16471597671508786,0.16009217262268072,1.3226615600585938,-0.032184446652730306,1.8378373591105142,0.02332804520924886,1113,1773
GGCGCCGTTGCGCAAT-1,GSM8576303_BM2,BM,v2,104,34,29411.0,7685,1.2750331,0.0026603519916534313,1.573393430709839,1.349622334071568,2.631329701741537,-0.04435247111033247,-0.14370437798251112,0.022579357283455948,-0.2117686296065616,-0.5138828659057617,-0.26002764749718477,-0.8253233291044445,-0.07976099285846246,0.2640499305725098,0.3460136938095093,0.81201451587677,-0.016111787160237617,1.112628256479899,0.03632361729939779,619,2256
GGCGCCTCTAAGACCG-1,GSM8576303_BM2,BM,v2,82,76,13110.0,5213,1.3272312,-0.11971819877624512,2.5557916164398193,1.602192611694336,2.4559249877929688,0.2589316080851727,0.0002826022062230593,-0.01211246609687805,-0.01106742538002442,-0.4898751331056867,0.06715180787695457,-0.5494641146746715,-0.05137079182658648,0.4322062301635742,0.369222526550293,1.3738022031784056,-0.1598846181233724,1.9893791961669922,0.011328388055165617,1070,1847
GGCGGAAGCACCGGTG-1,GSM8576303_BM2,BM,v2,25,211,7741.0,3913,4.430952,-0.007313285470008854,2.756111640930176,1.8799658530099048,1.086919962565104,0.46672330419701263,0.1662983235038018,0.4814865609577724,0.28703420571113675,-0.4653537571770805,0.4695712265719372,-0.35994533061524026,-0.11807256096961515,0.9749150276184081,0.3123188734054565,1.8392347164154053,-0.03910181125005088,2.587718302408854,-0.10566534042358398,2519,787
GGCGGATATGCCGAAG-1,GSM8576303_BM2,BM,v2,46,190,2822.0,1945,2.834869,0.15675917863845826,0.10612652778625487,1.0192490877423968,-0.6186183683077495,0.5060540116934412,0.023187369501460775,0.4302330923080444,0.6438850390340186,0.5947892156328474,-0.05656205865752745,1.5521129085142111,-0.12577960635191643,0.3033966159820557,-0.4586824035644531,0.024435186862945546,0.16581024487813315,-0.5376250839233399,-0.07568581899007161,2294,1177
GGCGGTCACTTCTACA-1,GSM8576303_BM2,BM,v2,106,42,23596.0,7322,1.6189184,0.11205834865570069,1.5576053428649903,1.6087132917131697,2.026986198425293,0.016833819538713934,-0.05082617829192043,0.17800833974565777,0.24575148671072522,-0.49039125074659073,-0.009754126330456137,-0.7132649891442786,0.021636351071519594,0.5015778541564941,-0.0018938112258911621,0.827482253074646,-0.0026307145754496386,1.1070333544413247,-0.038831703662872315,705,2293
GGCTCAGGACCGAGGT-1,GSM8576303_BM2,BM,v2,92,88,14843.0,5712,1.7045071,-0.0077590554952621515,2.0267350959777835,1.4479336656842912,1.8610546875,0.5213318522196697,0.08606793684858183,0.16584942647389,0.15372288270997947,-0.5006954077311925,-0.16120977191082447,-0.8105033702384019,-0.0437906857647809,0.431368179321289,0.3108531379699707,1.155958939552307,-0.08515439311663309,1.461787478129069,-0.01894948919614156,1199,2033
GGCTCAGTGACCTGTC-1,GSM8576303_BM2,BM,v2,100,18,9742.0,4604,1.6321083,0.027421746850013737,2.230073518753052,1.8565074157714845,2.039454447428385,0.20530519715274675,0.1084534100123814,-0.03863394532884867,-0.2238487066229103,-0.3810320908682686,0.05233136238343267,-0.48647878679767437,0.08210333836044356,0.3190878295898437,0.43883715629577635,1.2555493478775024,0.06422599236170452,1.7136832491556802,0.13520780245463054,447,2182
GGCTCGCCTCGGTTAT-1,GSM8576303_BM2,BM,v2,91,89,10692.0,4749,1.7489712,0.034670507311820975,2.2912238597869874,1.7410345676967074,1.7825103759765626,0.3286157726762764,0.10105830926834958,-0.18551470552171978,0.1532578362922809,-0.39717939771924704,-0.25263657603397904,-0.805497161779742,0.042034931288012375,0.007978534698486306,0.27854351520538334,1.3745574855804443,0.07804833968480429,1.7503464698791504,0.021254070202509565,1210,2014
GGCTGACGTGCCTCGA-1,GSM8576303_BM2,BM,v2,53,163,941.0,793,2.0191286,-0.06746655464172363,-0.47077196002006527,-0.13831242016383577,0.3265697542826336,-0.21725958705427179,-0.2395722416031313,0.04982835343905856,-0.19723972003576065,0.16728817340305874,1.0451406321851127,1.3763600511267453,-0.07627233722865981,-0.25251710891723633,0.32401527643203737,0.10990226483345031,-0.1390220006306966,-0.05762075901031494,-0.04906658490498861,2004,1308
GGCTGAGCTTGCGTGC-1,GSM8576303_BM2,BM,v2,93,35,15436.0,5726,1.8268982,0.01591908454895019,2.9260411834716797,2.050513937813895,1.8134847259521485,0.5090423109062225,-0.005833631948842011,0.2753718675885881,-0.17489461483059482,-0.2834050483703613,0.057568808157281215,-0.3168755345696571,-0.04272566728601063,0.6642481803894044,0.1915663862228394,1.6563866271972656,-0.005660947163899727,2.331406593322754,0.23706768671671552,630,2052
GGTACCGTTGCGTACA-1,GSM8576303_BM2,BM,v2,39,181,891.0,755,1.2345679,-0.07672887802124023,-0.30397657275199885,0.13798876353672573,0.5517484474182129,0.43686280145223844,-0.16891058190280653,0.7944995648520333,0.19771860009863684,0.9650371900285994,-0.17928501113830322,2.0165595990013645,-0.033601981681465304,0.31415846824646,-0.3543375778198242,-0.11816796112060547,-0.06675593694051107,-0.07190076033274334,-0.04172245979309082,2197,1047
GGTACCTTAGGCTCAG-1,GSM8576303_BM2,BM,v2,90,64,7749.0,4193,1.7421603,-0.04001611948013306,1.4526152420043945,1.4135400826590403,2.1458426920572915,-0.002638123600358422,-0.0827035633093724,-0.11644929664475578,-0.11340058342726367,-0.3768783509390695,-0.29585571269912414,-0.5677265574582357,0.1555758992411832,0.3302449417114258,0.7037988424301147,0.512440399646759,-0.05080884615580242,0.7235221608479817,0.08509546438852944,941,1996
GGTACGGCTACTCGCT-1,GSM8576303_BM2,BM,v2,46,164,2168.0,1353,1.4298892,0.11493818402290344,0.014658291339874285,0.2182067162649972,0.29057059605916347,1.349479876368879,-0.21980356116850214,0.8772156735828944,0.2880636217942552,1.3254385223388672,-0.19577096839506464,2.517380345930646,-0.11324580403782378,0.22235495567321778,-0.30861495971679687,0.5215311517715454,0.14750089168548583,0.2322625891367594,-0.08050020217895508,2015,1178
GGTACGGTATTACTCC-1,GSM8576303_BM2,BM,v2,89,73,4878.0,3058,1.5580156,0.16363387823104858,2.3216736125946045,1.6063196781703404,1.5899611918131509,0.06765513152003766,-0.07337582282341562,0.007362527506692085,-0.12063075585585856,-0.4928622741699219,-0.41220791368599397,-0.6708664350061608,-0.10621243675283137,0.2149110984802246,-0.5437433624267578,1.6742250938415526,0.23104365984598793,2.1754069900512696,-0.12638346354166666,1038,1977
GGTAGCGTTACGGTCT-1,GSM8576303_BM2,BM,v2,45,175,2786.0,1986,2.9073942,0.1302959716320038,0.1516780948638916,-0.15042293548583985,0.27245943705240894,0.3119295284930003,-0.3383675387585498,0.679751261983599,0.8478353904789704,0.4335582111903599,0.06318125906718303,1.7396869183958208,-0.11125574815993342,-0.11884816169738766,0.15521715641021727,0.4542896547317505,0.2111936299006144,0.32276625315348306,-0.06602890650431315,2133,1159
GGTAGCTAATTGAATT-1,GSM8576303_BM2,BM,v2,105,49,16082.0,5887,1.7535133,0.054286162257194515,2.900043621063232,1.9450238582066128,1.2644020462036132,0.10066679108094984,-0.04386066679152961,0.2679655732427324,-0.04848022710774408,-0.43961676788330073,-0.011044737325614784,-0.6868700807412312,0.08188029423656079,0.5033731269836426,0.18173705101013182,1.6810627822875976,0.025638894637425746,2.4525331115722655,0.23659616947174072,780,2275
GGTCAATATGTAAGTT-1,GSM8576303_BM2,BM,v2,95,39,9707.0,4838,2.1118782,-0.1386481285095215,1.3242396163940429,1.2387228993007113,2.2771776962280272,0.18488167567425462,0.05445423388850462,0.08184356042316981,0.05538523211812951,-0.46117273569107053,-0.26038178789567756,-0.4178660974292261,-0.197667205093691,0.5180109214782715,0.46325498104095464,0.5826213760375977,-0.0945513916015625,0.9758264923095703,-0.12521162668863933,673,2089
GGTCCTTGTTCTTAAC-1,GSM8576303_BM2,BM,v2,85,69,3492.0,2214,1.975945,0.09123451054096222,2.23599778175354,2.0078263092041015,2.398874308268229,0.40622642145578164,0.10530467903347307,0.019470460925783417,-0.09970353223532863,-0.4227342224121094,-0.10337869828963378,-0.6760197069820941,-0.12164868604416815,0.26456595420837403,-0.10471521735191347,1.1795472192764282,-0.10997830708821614,1.4827525838216147,-0.07393505732218425,995,1903
GGTCGCTCAGCGCCAG-1,GSM8576303_BM2,BM,v2,45,145,17219.0,6185,1.6667634,-0.0864050394296646,2.3312647056579587,1.8704926627022878,2.087473920186361,0.7212876287330107,-0.14123358100020061,0.29275392770767217,-0.20972365353178693,-0.4508074738638741,-0.17069983362672803,-0.505391149712889,0.06631586169922227,0.5436528778076173,0.33490606784820554,1.1759922103881837,-0.0853572980562846,1.7358333460489908,0.06559309482574462,1811,1159
GGTCGCTCCTCAGGAC-1,GSM8576303_BM2,BM,v2,96,76,17241.0,6137,1.0324227,-0.12028264999389648,1.6462843704223633,1.9112126704624721,1.979474334716797,0.4987070503005062,-0.13109941162463928,0.0006184509822300122,-0.10133216915880122,-0.3876750170843941,-0.287406577642663,-0.8493244754845206,-0.133650478900679,0.3382827758789062,0.2876404619216919,0.7086188478469848,-0.142098871866862,1.0382796859741212,0.11371204694112141,1070,2107
GGTCTAGTTATGAATC-1,GSM8576303_BM2,BM,v2,109,17,9105.0,4530,1.5156507,0.007751711606979378,1.9982387924194336,1.413998761858259,2.214884033203125,0.2390330517627149,-0.010903932004568573,0.11174543142318727,-0.16759478133377656,-0.01897346442086356,-0.4569350399645457,-0.49181512446782966,0.16910868614540575,0.05610200881958005,0.06561225175857544,1.3567637405395507,0.025162466367085773,1.8041123962402343,0.14367968002955117,437,2349
GGTCTGCGCTTGCCAC-1,GSM8576303_BM2,BM,v2,35,205,2305.0,1669,2.0824294,-0.1504560089111328,2.371048040390015,1.6797220393589565,0.6512533696492513,0.2047579369870534,-0.0491520278561888,0.5123304292133877,0.23088620375571953,1.0483991906302315,1.858981415928607,1.2149372411711448,0.16497636744297134,0.17411606788635248,0.37581735849380493,1.3371100072860718,-0.1116616694132487,1.838373317718506,-0.04106426556905111,2455,973
GGTCTTAGGATTAGTA-1,GSM8576303_BM2,BM,v2,87,97,11902.0,5173,1.5039489,0.2551922464370727,1.936890869140625,1.851019973754883,1.7605587132771812,0.30202046742879723,-0.12172378812517437,0.06945911134992322,-0.1248977142818824,-0.041242117745535656,-0.02864938423815505,-0.1746507024719297,-0.10062207471604315,0.7607782745361328,0.21911595344543455,1.1309802770614623,0.26082167625427244,1.2598182805379232,0.10666562557220458,1296,1940
GGTGAGTCAGTACGAA-1,GSM8576303_BM2,BM,v2,103,27,1695.0,1249,0.9439528,-0.08363265037536621,2.6110908222198486,1.889424705505371,1.886739018758138,0.3674310843149821,0.26769895684903744,0.14155930348805018,-0.2408999904862106,-0.38098074340820315,0.4033609671765063,-0.15858113182813988,-0.05185177502216109,0.040676927566528354,0.7135666751861572,1.6255982751846314,-0.10945046742757161,2.2922094217936198,-0.10069339752197265,544,2238
GGTGATACTCAACCGC-1,GSM8576303_BM2,BM,v2,98,48,9768.0,4519,1.3513514,0.06670094013214112,3.209826202392578,1.8739317648751392,1.400180231730143,-0.058762982188458435,0.01594232199729617,0.06661001920700071,0.055552031727438334,-0.6012844848632812,0.1836483363645623,-0.852462256514786,-0.016293061659640118,0.23196613311767578,0.038285069465637256,2.1325732192993163,0.10401891708374025,2.863401565551758,-0.0826237678527832,769,2145
GGTGTCGCACGCATGC-1,GSM8576303_BM2,BM,v2,109,9,7675.0,4015,1.3420196,-0.15267077445983887,2.664743480682373,1.709025846208845,1.5434569295247398,0.12715705666676108,0.11223284348768536,0.1046253892353603,-0.08335693517865289,-0.2293415203094482,-0.13409287192256575,-0.7826982488568197,0.11400966196252196,0.034845428466796946,-0.07195062160491938,1.5621524696350098,-0.155262451171875,2.143489418029785,-0.10839457194010417,351,2349
GGTGTCGGCGGTAGTC-1,GSM8576303_BM2,BM,v2,101,65,2416.0,1596,1.986755,-0.06547491550445557,3.2713823890686036,1.9803388759068081,1.6284992472330728,0.5931043557852627,0.18332380860000935,0.14916359901428222,-0.2289262569394699,0.2558921072823661,0.36067507257423254,-0.35060272795127656,0.15144602050031475,0.7772144889831543,0.4649084162712097,1.8622624607086182,-0.05456242243448893,2.965413042704264,-0.05653171539306641,952,2200
GGTTAACGCCTGGTGC-1,GSM8576303_BM2,BM,v2,45,179,893.0,747,1.9036955,-0.07503867626190186,-0.29878405690193177,0.6936464527675085,-0.08601471741994227,0.36197044236592973,-0.1708897510206843,0.09447737302098955,0.5513150614887976,0.7537847900390625,-0.15486645985798664,2.569684918294817,-0.10072305538510316,-0.25260391235351565,0.32594905614852904,-0.14759071350097655,-0.05836341222127279,-0.3080708312988281,0.36685573736826577,2176,1159
GGTTCCGTCACTGTTG-1,GSM8576303_BM2,BM,v2,89,57,3547.0,2294,1.3532563,0.05083836972713471,3.26328742980957,1.856616548810686,1.3250974464416503,0.47487769931195734,0.31345162197426,0.06864047765731812,0.20144517998494332,0.4417787290300641,0.10681792579022753,0.18329407773333328,-0.09179225383988963,-0.18828818798065183,0.4583922576904297,2.330912519454956,0.13663040081659952,2.7908816655476887,-0.0848706563313802,866,1977
GGTTCTAGGTCTCGGT-1,GSM8576303_BM2,BM,v2,88,52,22989.0,6999,1.161425,-0.04298943966627121,1.8837494468688964,1.7381738717215405,2.5528942362467446,0.0012721675466820792,-0.06867583866305416,0.24849029268537248,0.0025568181161650383,-0.4100912437438965,-0.26188098091677015,-0.7436070926808899,-0.07348407574948049,0.45726905822753916,0.12864453315734858,0.8538404150009156,-0.13244850158691407,1.2503900527954102,0.1383806753158569,812,1959
GGTTGACAAGGTGCCG-1,GSM8576303_BM2,BM,v2,29,209,40737.0,8670,0.9598154,0.01905766606330872,2.25810977935791,1.5985526602608815,2.3668435923258464,0.17943152749394797,-0.057352971018420795,-0.005665823050907681,-0.11416290141108382,-0.29084643731798443,0.11782887661792191,-0.45630690372573113,-0.08447588240140236,0.2833202552795411,0.272042829990387,1.2445691204071045,0.006714094877243032,1.8650860850016273,0.051847755511601756,2498,861
GTAACACTGACTTAAT-1,GSM8576303_BM2,BM,v2,50,158,844.0,759,1.5402843,-0.05744733333587646,0.24126157522201536,0.7888012777056013,1.167015546162923,-0.1541287678791337,0.26188557228683673,0.46050525699343003,-0.16911972832884692,1.086707085745675,-0.20014950549267382,2.5854629030163654,-0.07711051454480063,0.24542346000671383,-0.29728620529174804,-0.13308653259277345,-0.1106393051147461,-0.2988990592956543,-0.08510716120402018,1950,1252
GTAACAGGCCTCAAGT-1,GSM8576303_BM2,BM,v2,90,44,9864.0,4495,1.4294404,-0.04038633912801742,3.0849929428100586,1.7969854627336774,1.9617222722371421,0.22951821869156924,-0.04622719360369071,0.28894726446696695,-0.1980945939564871,-0.3878038569859096,-0.33195619518498337,-0.3781495734349193,0.041997327214805175,0.22810567855834962,0.16268631458282468,1.8669203033447266,-0.013399487733840934,2.58584218343099,-0.08107934951782227,726,1996
GTAACATATGTCGACC-1,GSM8576303_BM2,BM,v2,31,215,31898.0,8356,1.5016615,0.0847061038017273,1.9582637119293214,1.6983659035818919,1.94865234375,0.3930453114720234,-0.10572366843056691,0.09083195686340328,0.21800476910391647,-0.46496116065979,-0.13955058390835678,-0.6055337340354006,-0.034103052670980794,0.3978529930114747,-0.07814997196197515,1.0546501607894898,0.0897372269630432,1.5118488184611,0.0136876098314921,2562,898
GTAACCATAACTAGGA-1,GSM8576303_BM2,BM,v2,62,126,2484.0,1344,2.8180354,0.15742131888866423,1.038854217529297,0.45973238536289757,0.39611412684122727,0.7940118925638466,0.04658730024588359,0.5968503420693534,0.39642337224447377,3.0047096099853516,0.3830426782968054,2.804416274292928,-0.0940811362042523,0.13828792095184325,-0.2572835922241211,0.8836004638671875,0.19374930938084917,0.7759190654754639,-0.04843732833862305,1607,1475
GTAACCGCTCGGTGAC-1,GSM8576303_BM2,BM,v2,54,148,4242.0,2575,1.6030173,0.00024193227291108288,3.455588645935059,2.054966790335519,0.375807113647461,0.7305010494936901,-0.019669640016364287,-0.0810088731561388,-0.11884801352653551,-0.4714904479980469,1.0090308553243736,-0.47015646948681816,-0.11152088242089188,-0.08069790363311768,-0.24763424992561345,2.241477270126343,0.06508648475011192,2.9479285176595056,-0.08428998311360678,1843,1326
GTAACGGAGGACCGGT-1,GSM8576303_BM2,BM,v2,36,200,679.0,589,2.6509573,-0.08955093383789063,1.583553066253662,1.0861143030439104,0.22032999038696288,-0.13063300565543423,-0.20809443217204757,-0.25273042951311386,0.22702279141629467,0.2697524302346366,0.38177413011650485,0.2625617475774807,-0.09246353175016057,-0.19948732376098632,-0.2545956039428711,0.7155744433403015,-0.07347768783569336,0.849066120783488,-0.04812635103861491,2401,992
GTACAGGAGTCGATCC-1,GSM8576303_BM2,BM,v2,89,59,1181.0,897,1.4394581,-0.06743563175201416,3.1537982177734376,1.8684361594063894,0.8059207153320314,0.5609324457176239,-0.19994573325038434,0.055235763107027325,-0.20340910203818946,-0.2415474853515625,-0.14444044794902267,-0.06461044263062521,-0.09051762651277069,0.6904459953308105,0.6064715790748596,2.0538662357330324,-0.08991417566935221,2.8944196955362953,-0.0749284807840983,887,1977
GTACAGTAACAGGCGA-1,GSM8576303_BM2,BM,v2,50,166,756.0,650,2.1164021,0.25296640157699585,0.7035310292243957,-0.0028370475769042836,0.1503690306345622,-0.18817316384679342,-0.20685981842408696,0.26617404409817286,-0.13882684571012044,1.0852297548566545,0.9586821406720631,1.6702217465964855,-0.08812739225041946,0.3608446979522705,0.6287846851348877,0.5108655500411987,0.38942604382832846,0.5930725987752279,-0.05310355504353841,2036,1252
GTACATTGACAGCGAA-1,GSM8576303_BM2,BM,v2,84,66,9887.0,4667,1.2642864,-0.0560407656431198,2.0551878738403317,1.4796046665736606,1.9747635650634765,0.26309397900439646,-0.1819497211459582,-0.044228305646351385,-0.169759280067753,-0.47228809670039584,-0.018964267638792442,-0.4471875105699666,-0.14533584389910603,0.18683778762817382,0.325517725944519,1.1599815921783447,-0.02911250034968059,1.670548610687256,-0.11762339274088542,963,1884
GTACCGAATGTAACGC-1,GSM8576303_BM2,BM,v2,71,91,10909.0,4770,3.5658631,-0.1331591510772705,1.498145217895508,1.5633691951206754,1.91603640238444,0.19820623704228535,-0.219876072424551,0.5606040702547346,-0.16067180738944867,-0.3711666826520647,0.15893615106023457,-0.3771177604580199,-0.03871441184617187,0.8947719383239747,-0.17920079708099368,0.637230993270874,-0.15969964345296225,0.870745054880778,-0.10076886494954428,1231,1643
GTACCTACTGCCGGAC-1,GSM8576303_BM2,BM,v2,79,85,14218.0,5612,1.6036011,0.11154214084148406,2.6756877613067624,1.5665868159702847,1.8044510396321616,0.7013597363927757,-0.04387453323250451,0.08060856410435269,-0.12331081885955786,-0.33055007212502613,-0.15486360003191785,-0.6532795270360214,0.1670766285944762,0.43353866577148437,0.2803533720970154,1.4141605911254884,0.022694300015767416,2.0634031550089516,-0.08712673823038737,1167,1791
GTACCTACTTAGTCCA-1,GSM8576303_BM2,BM,v2,87,87,11621.0,5757,1.4370537,-0.14125659942626953,2.043219394683838,1.8155010768345425,1.299982852935791,0.2244855543695779,-0.07483742911447688,0.30356583697455275,-0.23478196968175427,0.7443911579677038,-0.14826636764419127,-0.1893237553758338,-0.1607516243953833,0.3691913223266602,0.18219401359558107,1.047043599128723,-0.18238990783691406,1.4816220792134605,-0.04034474849700928,1188,1940
GTACCTGTTCGCCTTA-1,GSM8576303_BM2,BM,v2,39,199,374.0,337,2.4064171,0.39873624801635743,0.7642444753646851,-0.09968406677246094,0.4873443031311035,0.45607384428920517,-0.1004371719666753,0.6615934719358172,0.33752512629286857,0.3640592090061733,-0.10946735703801534,0.38548326949488054,-0.03571598641824402,0.5096629047393799,-0.13828350067138673,0.7333649225234985,0.4873443063100179,0.974688606262207,-0.03322802225748698,2391,1047
GTACGACATTATGCGT-1,GSM8576303_BM2,BM,v2,46,186,1045.0,861,0.861244,-0.09593015670776367,-0.47571678161621095,0.3179467092241559,-0.47571678161621095,0.3307191478200706,0.1335423236185972,0.7592268473761422,0.13537612968519772,0.8418698348999023,-0.22914152643287997,1.9416865488712531,-0.0474757220121038,0.13665841102600096,-0.42925220489501953,-0.14760057067871094,-0.04930816968282064,-0.22752378463745118,-0.03929934819539388,2251,1178
GTACGAGTCCGGAATC-1,GSM8576303_BM2,BM,v2,52,162,1425.0,1112,2.7368422,0.16969356298446656,0.32639489650726317,0.25727957316807337,-0.2682885519663493,-0.26661936442057294,-0.2851107187539219,-0.028717273644038588,0.3206228220311531,0.3582204895019531,1.1786886544591453,1.9742283405073537,0.56470075343965,0.05584928512573245,0.1463789510726929,0.0569840006828308,0.27061217308044433,-0.44891704559326173,-0.08051820755004883,1993,1289
GTACGCGAGGTCAACG-1,GSM8576303_BM2,BM,v2,48,196,157.0,140,5.7324843,0.0,1.1670222187042236,1.0934023066929408,0.779219856262207,0.6252101597536999,0.5426779140772248,-0.0595667484828404,0.5359300716070674,0.5262111843654087,-0.03349134529450811,1.1587506945272648,0.0,-0.06254508972167969,-0.1250901699066162,-0.03609893417358399,0.0,-0.30961347579956056,0.0,2358,1215
GTACGCTCGGAGCGTG-1,GSM8576303_BM2,BM,v2,95,69,6013.0,3280,1.6464326,-0.1285222911834717,2.6422514247894284,1.4026370021275112,2.110318514506022,0.23300006303442528,-0.4321834150567112,-0.012807490655354081,-0.045747035212366505,-0.5475110473632813,-0.2067476457141968,-0.4049520740573038,-0.12324110453560848,0.6236823463439942,-0.16124426484107968,1.3866399145126342,-0.15180380503336588,1.9864823023478189,0.06589209040006001,995,2089
GTACTAGACAATGTAC-1,GSM8576303_BM2,BM,v2,52,140,13730.0,5568,1.5294975,0.0618839180469513,2.8934680938720705,1.6059677777971542,1.8073325475056967,0.3372838353536215,-0.06160255854525104,-0.00013978753771104468,-0.18248618581087142,-0.5419673011643547,0.08118264359163951,-0.7917874530886415,0.0031402416220104312,-0.052270069122314466,-0.14251146793365477,1.7553693885803223,-0.056266739765803014,2.2980143864949545,-0.015880323648452765,1757,1289
GTACTTCGTTACTTGA-1,GSM8576303_BM2,BM,v2,89,55,9798.0,4700,1.5921617,0.02542328953742981,2.4288100910186765,1.6338101959228515,1.5196085484822592,0.15644424220165576,0.0332861058820067,-0.036081030368804945,0.005647788319097791,-0.22267691639491488,0.15989225552263991,-0.4279385504535152,0.012003121645772913,0.11658590316772455,0.3788057088851928,1.4520860776901245,0.09362564245859781,1.9270641581217447,0.0045773450533549,844,1977
GTAGCAACCGGTTATT-1,GSM8576303_BM2,BM,v2,98,42,9041.0,4290,1.117133,0.13190591037273408,1.8701847839355468,1.2563231004987443,2.3881574122111,-0.12009136528375158,-0.3158265810483362,0.01922046014240808,-0.15163633557943063,-0.5012007141113282,-0.20197879023341292,-0.5719534334720381,0.0013567986447196312,0.5334585762023926,0.29497554779052737,1.1866184377670288,0.18721261580785115,1.4938915697733561,0.020364350477854412,705,2145
GTAGCCTCGTGCAGAT-1,GSM8576303_BM2,BM,v2,86,82,1894.0,1313,1.2671595,-0.07349372386932373,3.169950408935547,1.851146501813616,1.3793356450398764,0.08736242659120677,0.006721712636044819,0.00940434830529352,-0.2004864536930292,0.09630535970415388,0.31825919563033017,-0.2770302870586758,-0.1417854872325923,0.21708992004394534,-0.3918416976928711,1.9265198612213135,-0.07349372227986653,2.493314348856608,0.2694769883155823,1134,1922
GTAGCGACTAACTATG-1,GSM8576303_BM2,BM,v2,89,71,6140.0,3406,1.514658,-0.09180985450744629,2.2142959594726563,1.5299764033726286,1.8406435012817384,0.11097098114978832,0.10953415814857681,-0.19316757346902574,-0.16271321999455787,-0.20528300326211113,-0.4106206319418298,-0.2508488348323569,0.00374226756429627,0.035138416290283137,0.2478897976875305,1.217409083366394,-0.13690670013427733,1.6053640492757162,-0.08698283513387044,1016,1977
GTAGCGTGCTACAGAA-1,GSM8576303_BM2,BM,v2,104,46,8417.0,4087,1.8058691,-0.028489984571933746,2.773610954284668,1.6157827976771761,1.7680891799926757,0.20709952101650003,-0.027135893454581783,0.10869416475296023,-0.04565468744035145,-0.4550932032721383,0.6488764180715783,-0.6054229830049714,0.10478946586583285,0.3084009552001953,0.35936444282531743,1.5738137016296387,-0.019997525612513223,2.1723578643798827,0.06368398149808248,748,2256
GTAGGACTAATCCACG-1,GSM8576303_BM2,BM,v2,97,43,8328.0,4093,1.1287223,-0.021629067659378054,2.9205816650390624,1.9437311008998324,2.1502779388427733,-0.10908694104497213,-0.12124754099482032,-0.23272818309920174,-0.20818076649016645,-0.490848915372576,0.5524964418755957,-0.4396908184940269,-0.005621815230679533,0.028691902160644545,0.19418687343597407,1.773873279571533,-0.020507051150004063,2.381039454142252,-0.08441283543904622,716,2126
GTAGGTGACGGCCTGT-1,GSM8576303_BM2,BM,v2,63,125,432.0,320,2.3148148,-0.02388155698776245,1.6959486770629884,1.5089772524152483,0.9553279050191243,0.6579854296871935,-0.09221557249505836,0.259042478459222,-0.12306025376634133,2.7065398744855607,0.42839741850473795,3.2921329052084816,-0.03205578119162745,-0.0955262279510498,-0.14328934669494628,0.9502228012084961,-0.05307012875874837,1.1511835352579753,-0.02122805118560791,1596,1494
GTAGTTGCTTGATGGA-1,GSM8576303_BM2,BM,v2,116,10,3892.0,2351,1.5159302,0.14912857770919802,3.131746635437012,1.4182144165039063,0.8667186355590821,0.34014004109853724,0.0874920476802929,0.5666789136614119,-0.048404335438888,0.07267107554844449,0.2865696547021828,0.26657137500474004,-0.1036632973075713,0.6762101554870606,-0.16112034320831303,1.9071220245361329,-0.10964736938476563,2.873420550028483,-0.033303969701131184,361,2479
GTATAAGGAACGACCG-1,GSM8576303_BM2,BM,v2,61,127,6793.0,2996,2.2523186,-0.035736660361289974,0.31317138910293574,0.4044974436078752,1.2212736829121906,0.8385760305397003,-0.18336172912289067,0.6348452959741865,0.5056600037823433,3.8720027029854913,0.51952484046599,3.027840995605703,0.01378579896339864,0.3559374237060547,-0.22417734980583193,0.34817966890335084,0.03223817904790241,0.080711849530538,-0.06792901992797852,1617,1457
GTATACGATATTCAAT-1,GSM8576303_BM2,BM,v2,95,17,14289.0,5502,2.225488,0.02909508466720581,2.021064414978027,1.483024357386998,2.2216183090209958,0.9445008657064782,0.2136512347082946,0.1705021606172834,-0.036159765022580725,-0.5898506469726562,-0.19087195731549855,-0.7884400645244156,0.21714718206959743,0.4725831985473634,-0.06567828178405766,1.0952576322555543,-0.03303748607635498,1.455877030690511,-0.002588763236999511,436,2089
GTATAGCACCAGGTCT-1,GSM8576303_BM2,BM,v2,51,179,94.0,74,24.468084,-0.035073013305664064,0.0,-0.15408491134643554,0.7794002691904703,-0.02432002982940061,-0.02432002982940061,-0.013361147471836634,-0.026798863124027635,-0.06163396453857422,2.4341668871990647,-0.03138524573921357,-0.015692622869606786,-0.02338200807571411,-0.02338200807571411,-0.0429283561706543,-0.015588005383809408,-0.15408491134643554,0.0,2176,1270
GTATAGTATCAACCTA-1,GSM8576303_BM2,BM,v2,44,172,976.0,848,2.4590163,-0.0802692985534668,0.4573795461654663,0.5832237298148019,-0.5310803985595703,0.30813245696715086,-0.2073128328744666,0.7152639974866595,1.7594657332693218,1.081301926749093,0.2063550566094946,0.921151953941338,-0.08120818426145003,-0.2778646469116211,0.2601595878601074,0.13888696098327638,-0.09680015563964844,-0.05755728403727217,-0.058625653584798175,2101,1140
GTATGCCGGCCAGTGA-1,GSM8576303_BM2,BM,v2,34,200,1911.0,1364,1.9361591,-0.09149177551269531,2.6577198123931884,1.3257493591308593,1.985164763132731,0.024690837266454713,-0.2729330407567771,0.07820836390767777,0.046334122908783915,0.494540296282087,0.6479153594817503,0.47029511606247515,-0.0675442714819172,0.22476006507873536,0.2923328709602356,1.0014937410354614,-0.11792133331298828,1.7058333841959634,-0.03659671465555827,2401,954
GTATGGATGCAATTCC-1,GSM8576303_BM2,BM,v2,55,147,5763.0,3375,1.5790386,0.33062881588935855,2.387916212081909,1.5232734680175781,1.395306313832601,-0.04197050481436243,-0.005580799373072987,0.07050097908292496,0.025871872853120204,-0.3931358100346156,-0.28394262043826546,-0.628950282002684,0.0015356622972058642,0.6065363693237306,-0.4078982663154602,1.4452094202041625,0.41244751135508223,1.9123291651407877,-0.1323656463623047,1832,1345
GTATGGCTCATTCTTG-1,GSM8576303_BM2,BM,v2,92,34,15518.0,5641,2.4616575,0.04094624102115631,3.080730800628662,1.9289652252197265,1.8793451436360677,0.10845087713984602,-0.11953126611343007,0.1402634249414716,-0.1367507124844995,-0.5593032542978015,-0.07946084349988458,-0.8084672263690403,-0.04852917121789371,0.45387092590332023,-0.06122769117355342,1.732665678024292,-0.052741593718528754,2.63753973642985,-0.00908445616563161,619,2033
GTATGGTTCAGAGCAT-1,GSM8576303_BM2,BM,v2,108,10,5513.0,3177,1.7050607,0.0033000600337982078,2.346317071914673,1.60080929347447,1.8503950627644858,-0.03852556891230696,-0.14219863005773264,-0.16945040004593986,-0.038260962501491524,-0.5455469360351562,-0.09885462316643284,-0.7565069006593436,0.18115758804438326,0.35008571624755863,0.08455192804336553,1.5481817560195923,0.05007011890411377,1.9930639394124352,0.06744478066762288,361,2331
GTATGTCCTGCGGCCT-1,GSM8576303_BM2,BM,v2,80,58,9966.0,4575,1.9566526,0.1298345947265625,2.440003490447998,2.1840162876674105,0.9310775756835938,0.4172950595258231,-0.06393121907031202,0.2805618616512844,0.0397583660511418,-0.5448689118112836,-0.15113498025151145,-0.88925688567349,-0.029529576619313755,0.8749218177795409,0.13238958358764652,1.4190043191909791,0.10555593093236287,2.045339113871256,-0.10579058329264322,877,1810
GTATGTCTTCGCGTCA-1,GSM8576303_BM2,BM,v2,91,57,12609.0,5611,1.6813388,0.06364390254020691,2.386427373886108,1.5507683018275669,1.675597241719564,0.07034149179496918,0.03429140363420757,0.03248938901083809,-0.2056303422469562,-0.4411530061449323,-0.36119890883265726,-0.37712002737753003,-0.04104112412991254,0.3710937118530274,0.5604070377349853,1.2970731906890869,-0.05981458981831868,1.8245645650227866,-0.09775342305501301,866,2014
GTATGTGCCGACGGAT-1,GSM8576303_BM2,BM,v2,30,212,37398.0,8682,1.911867,-0.049442777335643756,2.4233587741851808,1.6027638571602956,2.1260725021362306,0.15861156427237877,-0.2251550536421066,-0.04702449015208654,-0.11571749604436349,-0.4730095336096627,-0.08944847353969715,-0.631640750404058,0.046730724642855104,0.22570224761962887,0.06119008541107174,1.3928387756347655,-0.06292624294757844,1.9541734059651694,0.08420635859171549,2530,880
GTATGTGCGGAACTTG-1,GSM8576303_BM2,BM,v2,107,5,12229.0,5290,1.6763432,0.1201557445526123,3.0771346282958985,1.7461173793247768,1.2938165855407715,0.7229200711690758,-0.011991332744088423,0.06402221475328718,-0.24505464707638855,-0.5058497359412056,-0.04775436336256894,-0.9102267066904363,-0.14793613613051856,0.36265613555908205,-0.11939841270446783,1.80866996383667,0.06467252095540366,2.5288449223836267,0.006704686482747399,308,2312
GTATGTTCGGATTCAA-1,GSM8576303_BM2,BM,v2,38,186,491.0,441,2.6476579,-0.06291024684906006,0.8315557336807251,0.744714126586914,0.7957089042663574,-0.14497026190700302,-0.16956326281689257,0.2732622608116695,0.38476522887187364,0.49298730904715393,-0.0983720112995929,0.789959212163265,-0.030823781186302236,0.45592699050903324,0.5784001374244689,0.16485433888435364,-0.061236578623453775,0.16655778408050537,-0.030618289311726887,2251,1029
GTATGTTGTAGTAACC-1,GSM8576303_BM2,BM,v2,98,24,10290.0,4976,1.4091351,-0.14277227401733397,2.0134150981903076,1.4379444885253907,2.15301513671875,-0.01248822633521146,-0.1995441608571213,0.4257321861812047,0.059047370185336734,-0.30969779654911583,-0.07286531187923079,-0.6350053969417071,-0.11915438607235083,0.617256031036377,-0.14074212551116938,1.1109293642044067,-0.17005896250406902,1.546560910542806,0.17449712991714478,512,2145
GTATTAGAGGACTCGC-1,GSM8576303_BM2,BM,v2,65,129,237.0,185,9.704641,0.0,1.572186117172241,1.649503424508231,1.2480718739827474,-0.07835350649423867,-0.09347681252353163,0.35414697204317364,-0.08453002973408959,1.8345437992640905,-0.03024661588860324,2.5451693383982175,0.0,0.6401696300506592,-0.11297110557556152,-0.07804009246826171,-0.02510469118754069,0.4599564329783121,0.0,1639,1531
GTATTCAGGACTCCGT-1,GSM8576303_BM2,BM,v2,48,192,1160.0,563,2.3275862,-0.0396185302734375,1.2696341037750245,0.4131654630388532,1.8434792518615724,1.7421882238732762,-0.15217265546561246,0.15379167829241072,-0.10644108244887737,0.47066130283900676,0.3408752416511137,0.7455244535224893,0.29302843922279487,-0.21015020370483398,0.5578524255752564,0.5815467081069946,-0.02263916015625,0.5772283236185709,-0.0150927734375,2315,1215
GTCAACCTAGATTGAG-1,GSM8576303_BM2,BM,v2,63,121,532.0,438,2.255639,-0.02239147663116455,0.9778005933761597,1.0365243475777763,0.3639370059967041,-0.12258180365504989,-0.12258180365504989,0.16767695886748177,-0.18403162040819754,3.5014321986607144,-0.07462147632277155,2.908144757937379,-0.05009278675053744,-0.19739730834960936,0.5639128994941711,0.41997078371047974,-0.059710604349772135,0.4368354638417562,-0.05198405583699544,1553,1494
GTCAACGCTAGACCTA-1,GSM8576303_BM2,BM,v2,100,50,7359.0,3805,1.521946,-0.005586596429347987,2.429799003601074,1.5064703151157925,1.6445864868164062,0.23955970787140263,-0.12738569269765745,0.034112082549503875,-0.16718239182582703,-0.47963140869140625,-0.0865692386186745,-0.7455922356616502,-0.013139420650606526,0.15827123641967777,0.12627002954483035,1.5080063819885254,0.0285674273967743,2.1599731063842773,-0.07454847971598308,791,2182
GTCACTAACCGGCCAG-1,GSM8576303_BM2,BM,v2,55,141,3149.0,1929,1.2384884,0.08791477441787719,3.211810436248779,1.3128663853236606,2.337677167256673,0.3307015024514562,-0.1120878360220843,0.13590136289596555,-0.2847538376947529,-0.2444552105494908,0.008364990533116345,-0.5746791762793624,0.12433837541340638,-0.09790571212768556,0.8088815689086915,1.9167606925964356,0.08099144299825031,2.8218609364827474,-0.03334941864013672,1768,1345
GTCAGAATCTGCCTTG-1,GSM8576303_BM2,BM,v2,109,7,6703.0,3533,1.506788,0.08994029223918915,3.433155727386475,1.5401168823242188,1.5590758641560873,0.5214062196662628,0.08327615596204396,0.13895225116184778,-0.1435180623854373,-0.07902762167794358,0.16927718398082686,-0.3666722991665395,0.018981581051991978,0.3552935028076172,0.4560726165771485,2.2240128536224364,0.2160000570615133,2.827701848347982,0.10347708821296693,329,2349
GTCAGCCTGCAGTACA-1,GSM8576303_BM2,BM,v2,82,80,9131.0,4536,1.4565765,0.12873602867126466,2.722100296020508,1.5376865168980192,1.6686687850952149,0.3206231163208743,-0.13043776299853604,0.04111498117446899,-0.26840705416312827,-0.347987391608102,-0.10343818587950432,-0.5003375645909076,-0.04745770729399597,0.3783388137817383,-0.0082000613212585,1.792455114364624,0.22474402109781902,2.256345926920573,0.044040240049362175,1113,1847
GTCAGCGAGCCGGTCA-1,GSM8576303_BM2,BM,v2,48,170,1099.0,921,2.2747953,-0.0998917579650879,0.15495838642120363,-0.11827965736389162,-0.21974124590555827,0.5503919086303097,-0.17243340120736853,0.36725550481251307,-0.15198648010079022,0.15367727088928224,0.7992023310986867,1.0170197765756317,-0.06639052397452745,0.6203817558288574,-0.3360749816894531,0.14095175099372864,-0.10792322794596354,0.5007865873972575,-0.06724108378092448,2079,1215
GTCAGCTTCCTTCGCA-1,GSM8576303_BM2,BM,v2,58,156,654.0,526,3.5168197,-0.03488229274749756,1.3519474935531615,1.059494149344308,0.6640794944763183,0.22760022835559157,-0.1702540294233575,0.16179651073047094,-0.1296939357987106,0.5777305401393346,-0.20535160355778584,1.2570957154578468,-0.05618624079147441,0.3839858531951904,-0.24389539718627928,1.0647139015197753,-0.0744155502319336,1.4128176307678222,-0.09522602081298828,1929,1401
GTCAGGATGCACAATT-1,GSM8576303_BM2,BM,v2,110,8,7689.0,4030,1.4956431,-0.012620630562305446,2.802058563232422,1.473825912475586,1.538433100382487,0.1420963188730569,-0.0868198494082269,-0.14538276672363282,-0.24444531840571507,-0.19600690868922638,0.7438740940936598,-0.7603980782276604,-0.1314893632927197,0.2646912002563476,0.45270312309265137,1.7093941593170165,-0.0017037459214528372,2.5429913330078127,-0.10445919672648112,340,2368
GTCAGGATGCTGTTGA-1,GSM8576303_BM2,BM,v2,84,76,10896.0,4988,1.0737885,-0.0017103207111358598,1.812627592086792,1.405043149675642,1.9902150217692056,0.1495028777294849,-0.13344934666491898,0.2083599281311035,0.0010285681991171192,-0.40741269057137625,-0.047282583742256634,-0.7389690856576995,-0.03947624069846603,0.5511395645141602,0.1609900021553039,1.0633146648406981,0.0541771936416626,1.4675661404927574,0.12828914483388265,1070,1884
GTCAGTAGGTTGGAGT-1,GSM8576303_BM2,BM,v2,102,48,15069.0,5431,1.0086933,-0.10460004806518555,2.2402754974365235,1.8249423108782088,1.9729434204101564,0.1532745390053255,-0.12767910519620157,0.05093955448695592,0.01634477173457416,-0.3670419382367815,0.20403618793410955,-0.7114862700779623,-0.03723482757606762,0.4395631790161134,0.12019340515136723,1.1261817836761474,-0.1181143315633138,1.848801155090332,-0.08757481892903646,769,2219
GTCAGTATTGGACTAT-1,GSM8576303_BM2,BM,v2,99,53,10247.0,4644,1.6492631,-0.023061421215534214,2.709456539154053,1.0868080357142855,1.6053879419962565,0.4402403553805677,0.04698505294917987,0.002062789712633406,-0.10815205566228242,-0.3652073643548148,-0.17271731512613564,-0.7500083520222716,-0.01998617762230044,0.40755981445312495,0.06954357385635379,1.816872163772583,-0.16014266967773438,2.398961842854818,0.015605032841364538,823,2163
GTCATAACCACGCACC-1,GSM8576303_BM2,BM,v2,100,12,9515.0,4718,1.923279,-0.05815531164407731,2.372729654312134,2.00442391531808,1.838689282735189,0.4054848247742557,0.15501352595790535,0.3564005368096488,-0.09478394837834236,-0.4059085171563285,-0.05674657572704145,-0.6851567217396182,-0.013075627908039192,0.9118589210510253,0.23565689086914066,1.2991339769363404,-0.052260276873906455,2.013479359944662,-0.01983978788057962,383,2182
GTCATCGTGATGCGAG-1,GSM8576303_BM2,BM,v2,90,88,12030.0,5372,1.762261,0.039658653736114505,2.0305111408233643,1.8084859139578684,1.9199333190917969,0.45506030871686204,-0.18081401602263023,0.058285330704280325,-0.04485505650973548,-0.10510987036568781,-0.24382563623558562,-0.46192675423187807,-0.03428150914888026,0.16169071197509766,0.16739984989166257,1.1922896366119384,0.03841965039571124,1.5128796895345054,-0.0006150293350219715,1199,1996
GTCATCTGATCCGCTA-1,GSM8576303_BM2,BM,v2,111,1,17081.0,6449,1.762192,-0.14576104164123535,2.4846763038635253,2.045480630057199,1.5113869730631508,0.6314726134380662,-0.05749537571367008,0.2717364910670689,-0.22550466370006786,-0.4858153729438782,-0.21713612237608582,-0.5026598712741929,-0.13295315736092178,0.5412770080566406,-0.1526566195487976,1.3041450786590576,-0.1642381795247396,2.027940101623535,0.09368797143300375,265,2387
GTCATTGTGCATAAGT-1,GSM8576303_BM2,BM,v2,33,203,1638.0,1242,2.3199024,-0.13880641937255858,3.100610599517822,1.4470197078159879,1.4382704353332518,0.3869879777172962,0.14857425596682555,0.652948442867824,0.3549621381380984,0.4132527836390904,1.8237127472597914,0.43118733481958527,-0.10494134890153103,0.18109033584594725,0.13548728466033938,1.4818163137435914,-0.1197152328491211,2.035467618306478,-0.05228799819946289,2433,936
GTCCTACAAGGTTGTA-1,GSM8576303_BM2,BM,v2,101,5,21981.0,7011,2.538556,0.03210661292076111,2.5682850074768067,1.6975335802350724,1.8350803248087564,0.5785945141650588,-0.12436196698721153,0.1275255829947335,-0.1143137219983732,-0.4984989504132952,-0.19579437841852027,-0.6972493526462398,-0.06992695155559771,0.2287964630126953,-0.03417469978332521,1.5150057058334352,-0.025751167933146163,2.158767776489258,0.029549379348754887,308,2201
GTCGAGCGAGCTTAAT-1,GSM8576303_BM2,BM,v2,98,64,12911.0,5440,1.3709241,0.0602172315120697,2.3063391399383546,1.8210816628592357,1.1627382787068687,0.09667831826880274,-0.1601848819785192,0.13732529946735927,0.07752555577031817,-0.4319523421696254,-0.29613210326696493,-0.937527650154677,0.033852417425592723,0.15631360054016108,-0.04694302082061763,1.0560250453948974,0.11031680266062419,1.838590825398763,-0.10454347610473633,941,2145
GTCGAGTAGAAGTTCT-1,GSM8576303_BM2,BM,v2,60,142,224.0,206,1.7857144,-0.02865635395050049,2.8069177436828614,1.0818258993966239,1.4533023007710775,-0.06137907265659317,-0.06137907265659317,0.853047958442143,-0.06961263421613371,1.2567789718082971,-0.015344768164148292,1.1078428659777397,0.5330136895522632,0.573127088546753,-0.15283388137817383,0.9093616518974305,-0.03820847193400065,1.705683987935384,-0.03820847193400065,1779,1438
GTCGCAATAGTAACCG-1,GSM8576303_BM2,BM,v2,105,15,10831.0,4969,1.3572154,-0.04320575922727585,2.436141138076782,1.4668113817487445,1.7686985778808593,0.310460868130726,-0.1956426408601368,0.11678045272827148,-0.21355045066229206,-0.350516942024231,-0.2948888809566038,-0.5015476796908209,-0.12631281910326658,0.5686370849609375,0.1417492556571961,1.5909864835739136,-0.037553027073542286,2.333254699707031,-0.10121532440185547,415,2275
GTCGCAGACAGTATAG-1,GSM8576303_BM2,BM,v2,42,170,6798.0,4015,1.6475433,0.031222026348114024,0.08358597278594981,0.31776180812290733,-0.6622752793629962,0.09055366908690055,-0.1415132546110257,0.501192318030766,-0.1293618186204296,1.6225310516357423,0.04509756794895037,2.683986826573899,-0.1582512055467439,0.2941455841064453,-0.5884324264526367,-0.054981556653976416,0.0873574415842692,-0.15458265781402591,0.03539614836374917,2079,1103
GTCGCATAAGGAAGGC-1,GSM8576303_BM2,BM,v2,63,117,3525.0,1954,2.1843972,0.031151383519172682,0.12829975843429564,0.29701908384050635,0.23087019284566246,-0.05659298173873775,-0.32908725355523655,0.6440724522726876,0.1566448040882974,3.6161661398751392,-0.2938387767378106,3.570529593945921,-0.13271356109004692,0.20392511367797855,0.2171540951728821,-0.22955673217773437,0.10651971578598024,-0.5086188507080078,-0.08621480305989583,1510,1494
GTCGCATCACAAGCAG-1,GSM8576303_BM2,BM,v2,84,64,19942.0,6966,1.3890282,0.0008596622943878307,2.237548599243164,1.5436089433942521,2.166468709309896,0.23147214943146616,-0.09200136851662544,0.25109977654048377,0.004345328603862442,-0.20578973088945662,-0.052727172652401566,-0.6943298355387819,-0.005012279388888569,0.36903625488281244,0.27459111690521243,1.3744288702011107,0.03671942551930746,1.7272713470458985,0.09677130699157713,941,1884
GTCGGCACTTGAAGGC-1,GSM8576303_BM2,BM,v2,77,81,16025.0,6118,1.7659906,0.04325323820114135,2.749604530334473,1.782916281563895,1.8891115061442056,-0.030712904221561532,0.040852693600416545,0.16732571022851128,-0.1182237974308184,-0.5252897987365722,-0.1516241816631762,-0.6959608410371687,-0.06646452334103167,0.46582408905029304,0.14000555992126462,1.7251548728942872,0.07999711036682128,2.222387898763021,0.24505800247192383,1124,1754
GTCGTAATTCCTGTCC-1,GSM8576303_BM2,BM,v2,103,11,14507.0,5537,1.447577,-0.07258145481348038,1.8609380149841308,1.5674089813232421,2.2646644337972006,0.019628569782977168,0.06396200844288147,0.2689656618663243,-0.08899782136283935,-0.42172084168025425,-0.0697994888068203,-0.5165051019546055,-0.060398051574154774,0.4590774917602539,0.23492271900176998,0.9937257919311524,-0.1656918716430664,1.4874618975321452,0.059586896896362304,372,2238
GTCGTGCTCGAATAAG-1,GSM8576303_BM2,BM,v2,29,217,14606.0,5814,2.4236615,-0.016397846937179578,2.158709878921509,1.695495856148856,1.6058071009318033,0.46390941344111797,-0.14032743651498958,0.45580614634922567,0.015336397384162592,-0.47174182523999897,-0.024986110059132982,-0.49531129451177497,-0.12486987786005008,0.6716040229797363,0.07735018491744994,1.0192458257675172,-0.08026676098505654,1.6122507921854652,-0.015446687539418538,2584,861
GTCGTGTCCTGATTGC-1,GSM8576303_BM2,BM,v2,86,100,16275.0,6153,1.9477727,0.014940057992935185,1.5723804092407228,1.6899446650913785,2.026550318400065,0.2099990308524135,0.04968190808714773,0.0004191827774048251,0.015582303458239966,-0.30432838930402484,-0.1294430427283168,-0.5684814903445806,-0.01390228386921942,0.38995939254760736,0.1323008394241333,0.8293367404937744,-0.01231622894605,1.1375085067749025,0.014932776689529415,1328,1921
GTCGTTCAACCATCCA-1,GSM8576303_BM2,BM,v2,101,63,7769.0,3739,2.0980823,-0.10279017448425293,3.023107452392578,1.7383064488002231,1.4269510142008461,0.24538247125694557,0.05943307955922983,0.291534355708531,0.04599884636715401,-0.463938032422747,0.3484634567934825,-0.6266820885648205,0.033208386667165635,0.411681785583496,-0.12765488386154178,1.8176528148651123,-0.11923781077067057,2.831507059733073,-0.08568228403727214,931,2200
GTCTAAGACTAGGCTC-1,GSM8576303_BM2,BM,v2,46,172,3792.0,2475,2.399789,-0.002399224042892445,-0.19129764556884765,-0.2847730881827218,-0.222378249168396,0.03818925365386716,-0.3477111571285141,0.2628348527635847,0.07458541942726038,0.2746471099853516,0.5377018959167971,0.9832704549553526,0.27176003762425305,0.09347639083862302,0.09102859973907473,0.08788114619255066,0.06176184495290121,-0.06940167903900152,-0.10693068186442058,2101,1178
GTCTAGGAACTTATTG-1,GSM8576303_BM2,BM,v2,56,134,12612.0,6017,1.3399936,-0.02667867422103881,3.1024346351623535,1.5320545741489957,1.0186185836791992,0.5616045275845203,-0.061225627526016846,0.3592929989950997,0.19988603666089272,0.13725845336914066,-0.01901181874026253,0.1070062412397288,-0.06936109580335315,0.472376365661621,0.4222806739807129,2.0458633651733398,-0.02170994758605957,2.8081922149658203,-0.12580628712972006,1693,1364
GTCTATAACTGATTGT-1,GSM8576303_BM2,BM,v2,39,187,861.0,751,2.5551684,-0.07767693519592285,0.39165980577468873,0.5509614181518554,0.04988385200500489,0.6148067861196985,-0.2275183038060445,0.40972441060202464,0.17567863788362703,0.26442076873779297,-0.13010349809884067,1.1838613018207786,-0.025518514966004647,-0.22394641876220703,0.34312886714935303,0.12066473913192749,-0.10356924692789714,0.11987969398498532,0.3548774751027425,2262,1047
GTCTATACAGGCATGG-1,GSM8576303_BM2,BM,v2,94,46,14194.0,5761,1.0567846,0.0566820740699768,2.3851782608032224,1.7966398075648715,1.942568155924479,0.24561101174258804,-0.022090042588085668,-0.15348640867641994,-0.11549022546128762,-0.24361908503941127,-0.32050085426813146,-0.7236763829810051,0.05834183048310468,0.30807989120483403,0.27125408172607424,1.3085359134674073,0.03771307229995727,1.8018339029947916,0.08581523497899372,748,2070
GTCTATCACGACCAGG-1,GSM8576303_BM2,BM,v2,43,177,142.0,127,2.8169014,-0.021343066692352294,0.34910969495773314,0.45103143964494974,1.7502719815572103,-0.03704156071306711,-0.07132761545449376,-0.024392076219831194,-0.03669294996726137,-0.05396784973144531,-0.017143025455704654,-0.08594523180251154,-0.028648411667586974,-0.12805840492248535,0.8750657415390015,-0.07104230499267578,-0.028457422256469727,-0.15877046585083007,-0.014228711128234863,2154,1122
GTCTATCATTACGCTA-1,GSM8576303_BM2,BM,v2,27,209,11133.0,4786,2.4072576,-0.00022085189819334716,3.0197940063476563,1.5980424172537668,1.530173797607422,0.6452435068337314,-0.17209181201505852,0.3563608356884548,-0.03590816578999728,-0.264918705531529,0.1630064617677865,-0.3695995743642717,0.3066070434116791,0.31566831588745115,0.023417668342590292,1.7496112766265868,0.006632804870605469,2.5378381983439127,-0.07869656880696614,2498,824
GTCTATTCCTTAGCCA-1,GSM8576303_BM2,BM,v2,112,18,24475.0,7493,1.40143,0.01630833983421326,1.8682316493988038,1.8474763270786831,1.9942281595865885,0.3243276019651727,-0.12732360777469182,-0.015439326763153072,-0.17528265087613307,-0.3409055282047817,0.0598577926436582,-0.7103842838612865,-0.057943172902868906,0.41700012207031256,0.2584166049957275,0.9685899505615234,0.0013303299744923947,1.35350004196167,0.006659526824951176,447,2405
GTCTCATGCTTGCTGT-1,GSM8576303_BM2,BM,v2,107,41,21090.0,6762,1.4509246,0.005104051828384387,2.6413391685485843,1.9737920052664621,1.7687677001953126,0.4742071676445773,-0.04423530034750822,0.21742590938295636,-0.1152807457057658,-0.38728933906555174,-0.09183584207511808,-0.6364477697977742,-0.08212561498209477,0.5288315200805664,0.10313023328781123,1.4841836490631104,0.016560524304707835,2.0503455607096353,0.17812796036402384,694,2312
GTCTGATACACTGAAT-1,GSM8576303_BM2,BM,v2,101,23,13429.0,5989,1.2733636,-0.054349344372749325,1.8475438117980958,1.48335084097726,1.571964200337728,0.6618429829317882,-0.18135122697516137,0.03277784790311544,-0.2066679122845169,-0.4883899800436837,-0.2206585467101101,-0.768643668262522,-0.13123527629263448,0.4398445320129395,0.11926735877990724,1.0374611520767212,-0.0857002361615499,1.4114204533894859,-0.029619367122650148,501,2201
GTCTTGCGTTAGTTCC-1,GSM8576303_BM2,BM,v2,48,190,492.0,419,4.6747966,-0.03824862241744995,0.8528475666046142,1.1622293853759766,1.4399595959981282,-0.11231842960219786,-0.12191870509381275,0.5581560638972691,-0.14411773244426038,-0.1635050811767578,-0.05457851302671624,0.9602359577884838,-0.030804259665060365,0.3824100685119629,1.3156764602661133,0.23657608318328857,-0.07139742533365885,0.15737321853637698,-0.0509981632232666,2294,1215
GTCTTGTAAGTTCTAG-1,GSM8576303_BM2,BM,v2,53,135,17212.0,6360,1.4059958,-0.1465505599975586,1.7860107421875,2.1060085950578964,1.9231859842936196,0.5919301931159084,-0.31457449356441314,0.2080460619926453,-0.08238171281943396,-0.46412663180487496,0.15432748593479756,-0.8330481858175759,0.20631886077178635,0.5402270126342774,0.16913621902465825,0.8845178318023681,-0.17086465199788411,1.454458866119385,-0.03079175134499869,1703,1308
GTGAAGTCCGTGACGT-1,GSM8576303_BM2,BM,v2,57,129,867.0,656,1.6147636,0.2638558280467987,1.5932838821411133,1.5025523703438894,0.7683093452453613,-0.09820247941227801,-0.12866569427122554,0.4550634319441659,-0.1467068079207893,3.0037076808384486,-0.14478190165446944,2.3699561747242828,-0.050908328702785825,0.30104952812194824,0.3895451617240906,1.2362256650924683,0.3265233087539673,1.094149176279704,-0.05899709701538086,1639,1382
GTGACTAGCGCAGTTG-1,GSM8576303_BM2,BM,v2,114,16,26051.0,7569,1.5047407,-0.010530389547348029,2.248866891860962,1.777348393031529,1.4419084548950196,0.760913082873486,-0.013425225166500243,0.16890968935830253,0.217408331700441,-0.21985111345563613,-0.33664172409049953,-0.6346445029899692,-0.011279140314228359,0.5587557220458984,0.05317325830459596,1.2109822368621825,-0.04419052441914875,1.7762453079223632,0.042399028142293294,426,2442
GTGACTAGTTCCTCGA-1,GSM8576303_BM2,BM,v2,45,143,22864.0,7358,2.1606019,0.23634452104568482,1.8710457611083984,1.7486585780552457,1.7615095901489257,0.4002128633629366,-0.15191488025247263,0.12583000046866277,-0.03631241332298901,-0.5284903853280204,-0.18536948008709647,-0.6800083560888741,-0.04657824013171466,0.42667388916015614,0.16092021942138668,1.065003999710083,0.20533442815144856,1.2911406580607094,0.06323498964309693,1789,1159
GTGACTCAAGTGAGTT-1,GSM8576303_BM2,BM,v2,47,195,344.0,306,3.1976745,-0.03403520345687866,-0.09971985816955567,-0.2743625259399414,-0.09971985816955567,-0.04736158072230327,-0.06374672043275642,0.7381147687775749,-0.07995571038101328,0.38458872849600656,-0.05467502563354002,1.4988977609636227,-0.05710604366840132,-0.13952271461486818,-0.15654030799865723,-0.04717213439941406,-0.04538027127583821,-0.19276453018188477,-0.011345067818959553,2348,1196
GTGACTCAGATCGGCC-1,GSM8576303_BM2,BM,v2,98,70,2849.0,1809,1.7901018,-0.07908064365386963,2.932209644317627,1.7066834150041852,1.8622841771443686,0.43823438380137986,0.02919712671245983,0.291398183958871,-0.006336913116633064,0.2957461869376046,-0.07970120222214239,-0.17988077060373947,-0.06451965818469156,0.4447073173522949,0.19211873769760135,1.6639963645935059,-0.09229667663574219,2.380928548177083,-0.04710774103800456,1006,2145
GTGAGGCAATGGAGCG-1,GSM8576303_BM2,BM,v2,108,36,10317.0,4740,1.2503635,0.11693222761154176,1.157801055908203,1.5674947248186384,1.8319121042887367,0.5004945088581867,-0.15187198734119306,0.001121132373809841,0.0011608858260764854,-0.600958984375,-0.22859637493110563,-0.7145131936123593,0.16326875357476997,0.2475441551208497,0.5155016946792602,0.6000892658233643,-0.04373769323031107,1.143128318786621,0.0002115992705027242,641,2331
GTGATGCAGCCTTAGT-1,GSM8576303_BM2,BM,v2,37,189,704.0,582,2.1306818,-0.02041195869445801,1.7130330562591554,1.5798937552315846,0.525103505452474,0.7213865082905475,-0.19674178586906219,0.507442078249795,0.25622871192419966,-0.2437154541015625,1.3724750534118897,-0.2645754718140468,-0.07100239056068779,0.8441081047058105,0.36782902479171753,0.16601725363731384,-0.08164783477783204,0.5189021015167237,-0.0635038693745931,2283,1010
GTGATGGACGCTATCG-1,GSM8576303_BM2,BM,v2,96,72,25871.0,7508,1.2446368,0.004091827273368848,2.39961501121521,1.6138373892647877,1.8578404998779297,0.2564131619939843,-0.23142342771255484,-0.07730471747262135,-0.11433989641561987,-0.571785706451961,-0.21826615199506527,-0.7775172254611753,0.13920985978036007,0.23964458465576166,0.050474944114685005,1.4025003757476806,-0.05087059378623962,1.9765092722574868,0.08841133117675783,1027,2107
GTGCAAGATCGAGTCA-1,GSM8576303_BM2,BM,v2,85,95,13449.0,5401,1.5688899,-0.11152797698974609,2.3193878841400144,1.5853931862967356,1.9311152013142905,0.2259961376228486,-0.1688851981209532,0.1885831604685102,-0.3698325170828483,1.8833501216343471,-0.07275334802497341,1.0275992231652469,0.004035688943853755,0.6031553268432618,0.27760259866714476,1.3306777439117432,-0.11720166524251302,1.8996386337280273,-0.11565701802571615,1274,1903
GTGCAATTCGAGCGTT-1,GSM8576303_BM2,BM,v2,106,16,7822.0,4009,1.1633854,-0.027699432671070112,2.884385852813721,1.8696880122593473,1.6912749099731446,-0.2599831521511078,-0.11337336212208543,0.08709345545087543,-0.3903307108619493,-0.5786888427734375,0.05325076426846914,-0.6405024538789934,-0.10774750677531197,-0.18564322948455808,-0.06276890277862546,1.982158281326294,-0.002732506195704143,2.6572636667887366,-0.09080860137939453,426,2294
GTGCAGCCAGCTTCTG-1,GSM8576303_BM2,BM,v2,95,65,9166.0,4504,1.1346279,-0.14854833602905274,1.85312255859375,1.7145873587472096,1.8900472386678062,-0.050936857380541434,-0.1851724467603078,0.08730327435902185,0.10796858773483292,-0.31653683240073066,-0.30609486679954223,-0.5288640613866789,-0.12003104958758258,0.43748899459838864,0.2405695414543152,1.000986322402954,-0.1446899668375651,1.561024850209554,-0.09585529327392578,952,2089
GTGCCACCATAATGTA-1,GSM8576303_BM2,BM,v2,92,84,4471.0,2630,1.3419816,0.18073949456214905,2.9101067543029786,1.2925119127546036,1.2999444961547852,0.1842073925048951,-0.15637072672874028,0.246418297290802,-0.09724235529788341,0.07182916150774277,0.008053882533766654,-0.1806387329833048,0.07246310336020625,0.5001544761657716,0.15864820957183834,1.898090919494629,0.3092940791447958,2.389898376464844,-0.06439297993977865,1156,2033
GTGCCATACCACCGGC-1,GSM8576303_BM2,BM,v2,42,182,435.0,411,1.1494253,-0.03971968650817871,-0.42163398742675784,0.09768522398812429,-0.42163398742675784,-0.17129573285819058,-0.14577304886048098,0.6562917154175895,-0.12028811654252104,1.1912072187151228,-0.07656806731319811,2.6232027088578573,-0.05331501544721975,0.377948579788208,-0.25756637573242186,-0.11976936340332031,-0.07638368606567383,-0.2927025604248047,-0.02118383248647054,2208,1103
GTGCGAGGTTAACAGG-1,GSM8576303_BM2,BM,v2,49,165,465.0,406,2.3655913,-0.03892192840576172,0.3214560437202454,0.17118283680507118,0.4791407871246338,-0.10547163017303589,-0.09296659293423695,0.28944221496582034,-0.13767241338604158,0.7153623700823102,-0.12774386271894217,2.0151333978054966,-0.05224419920236472,-0.17801849365234376,-0.19358726501464843,-0.15486981201171876,-0.05189590454101563,-0.2760379409790039,-0.031137542724609377,2025,1233
GTGCTCTACCTGACAA-1,GSM8576303_BM2,BM,v2,50,174,550.0,485,1.4545455,-0.029539628028869627,-0.571976203918457,-0.3450673294067383,-0.571976203918457,-0.17149354559350685,-0.2070834454762409,-0.16801478794642857,-0.1854243674729137,0.7657627514430454,0.37369409335186204,1.7879880336421334,-0.059475757931702886,-0.2764890480041504,-0.33556835174560545,-0.1708075714111328,-0.039386170705159505,-0.19070184707641602,-0.02953962961832682,2122,1252
GTGGAGACAACCAGGA-1,GSM8576303_BM2,BM,v2,93,57,7792.0,3977,1.3347023,-0.03274040848016738,2.294361782073975,1.731591557094029,1.6359801610310873,0.04942531662293709,0.15829897747597882,0.09341733660016743,-0.10793589925941657,-0.4661925076757158,-0.16572040127941884,-0.4322036965352805,0.009763790742777223,0.5548261451721191,-0.11561175823211667,1.1744514236450194,-0.1350775909423828,1.8338815434773763,0.029831560055414832,866,2052
GTGGCGAGAATGCGAA-1,GSM8576303_BM2,BM,v2,111,11,10501.0,4859,1.4189125,0.03857060611248017,2.4206901168823243,1.5279843248639788,1.5491535441080728,-0.02397004763285321,-0.16521665069199265,-0.02885591932705467,-0.09096836790021601,-0.4101712953022548,-0.29804062340632975,-0.6057755233914603,0.062366641836449854,-0.03839495658874503,0.3774427700042725,1.48134286403656,0.06205084721247356,1.870514055887858,-0.0908746592203776,372,2386
GTGGCGCACGATCGTT-1,GSM8576303_BM2,BM,v2,112,16,12559.0,5307,1.5367466,-0.04590168565511704,2.9589258193969727,1.9444471195765902,1.394963518778483,0.3803845323233241,0.08008576246492494,0.16074141332081382,-0.14110738431826703,-0.5576455360821315,0.25419431422130173,-0.7204028107404481,-0.15651161398663616,0.5196867752075195,0.3996733570098877,1.6880005455017089,-0.14783367156982422,2.5097230529785155,0.1555281313260396,426,2405
GTGGTTAACCGTTGGC-1,GSM8576303_BM2,BM,v2,87,81,2120.0,1481,1.3207548,0.1656268948316574,2.8675516510009764,1.3742922755650113,1.757615254720052,0.30181034932653583,0.2376252220611222,0.26804966245378764,-0.30945917255215794,0.6584250439235142,0.022090017795562744,-0.36643098127579066,-0.08190661948799287,0.7502286529541016,0.07867652297019956,1.748881175994873,-0.08136057535807292,2.3753754170735677,-0.08336598714192708,1124,1940
GTGGTTAAGTTATGTC-1,GSM8576303_BM2,BM,v2,52,146,752.0,613,2.3936172,-0.026601107120513917,3.9071749305725096,1.399637167794364,1.085407600402832,0.4636496707617519,-0.18689551602405716,-0.2772664097377232,0.17243787288860954,0.15931635311671663,-0.14152205134012613,-0.29447565782790214,-0.07361891445697553,-0.21609661102294922,-0.20279605865478514,2.2371696224212645,-0.044335177739461266,3.291834004720052,-0.044335177739461266,1821,1289
GTGGTTAGCCGCTCTA-1,GSM8576303_BM2,BM,v2,92,44,10206.0,4543,1.4109347,-0.09995650291442872,2.3238797187805176,1.6209371294294084,2.0906413396199546,0.04064007456522867,-0.04455509380027606,0.08254928554807389,-0.1569839945300114,-0.3531367618015835,-0.218121037186389,-0.4201188274906557,-0.04561888000080479,0.26504262924194333,0.6611425113677979,1.2629041156768799,-0.13461555480957033,1.8117916615804037,0.02664171179135641,726,2033
GTGGTTGACTGGATAA-1,GSM8576303_BM2,BM,v2,100,10,15505.0,5839,1.5994841,0.058311884403228764,2.3808730602264405,1.62048949105399,2.0388294219970704,-0.1180708494531103,-0.10356602775455548,0.09690732853753226,-0.15166108031473927,-0.387406640461513,-0.5245186066531752,-0.5332237426066558,-0.04540429242162439,0.5973665618896484,0.21930448055267338,1.4494261436462401,-0.006551369825998937,1.9853158696492514,0.06446677287419637,361,2182
GTGGTTGCCTTCTACC-1,GSM8576303_BM2,BM,v2,99,51,9762.0,4689,1.3214505,-0.03463682681322097,2.5144586181640625,1.72495730808803,1.678292554219564,0.27583013289424785,0.02751491538970824,0.07011124951498848,0.018414958988209995,-0.2793460668836321,-0.18925720309636682,-0.6960058108272168,0.12364615461398862,0.46554201126098627,-0.05207593202590943,1.4661388292312623,-0.04745579441388449,2.3309568405151366,0.3035284026463827,802,2163
GTTAATGCACTGCCTT-1,GSM8576303_BM2,BM,v2,92,48,8877.0,4363,1.2842176,-0.03975759387016298,2.3172278022766113,1.6104307992117748,2.1033769861857095,0.07392614194188252,-0.24123932333151227,0.23438804694584436,0.16032713219810107,-0.5805581665039062,-0.27496855182341307,-0.6334540717096593,-0.1220609037668113,0.601219596862793,0.07680929899215694,1.3718200845718385,-0.02564680576324463,1.8721678415934244,-0.008502030372619651,769,2033
GTTAGGCTTAGACCTT-1,GSM8576303_BM2,BM,v2,103,29,1372.0,1017,1.3119533,-0.04758490562438965,2.15005708694458,1.2801851163591658,2.0549670155843103,-0.24618827482782693,-0.2776284581686119,-0.027480003663471753,-0.1999713711888879,0.008689361844744004,-0.20891194171216115,-0.557221892696099,-0.028387712952274605,0.033687410354614256,1.040432138442993,1.7073977336883546,-0.0775457763671875,1.9985977427164712,-0.06344654083251954,565,2238
GTTATCACGCTTGCTC-1,GSM8576303_BM2,BM,v2,64,136,1846.0,1126,1.3542795,-0.08983110427856446,1.3751347255706787,0.9432019587925501,0.18566459337870278,0.07223207620253044,-0.24009876174620357,0.193053822687694,-0.21100579291838287,3.672550922938756,-0.2579224674577215,3.51204410198208,-0.05176961501972787,0.4487718486785889,0.11109732985496523,0.7655559597015381,-0.08055532455444336,0.8235935719807942,-0.08684643427530925,1714,1512
GTTATGCAGTGACGGC-1,GSM8576303_BM2,BM,v2,100,4,13011.0,5295,2.4440858,0.0798431271314621,2.320462226867676,1.8247278703962053,1.606786092122396,0.5484125891842517,0.02614592835606344,-0.0829616682870048,-0.12707695929768922,-0.6062597045898438,-0.22282354180592606,-0.6589721346404385,-0.0010878233415854144,0.4095079803466797,0.07454835891723632,1.357160312652588,0.03872664292653402,1.9419850540161132,0.02041846672693888,297,2182
GTTATTCCACAATCTT-1,GSM8576303_BM2,BM,v2,38,200,327.0,299,2.4464834,-0.025894179344177246,0.655985836982727,-0.17939971923828124,1.056563580830892,-0.055462764448908915,-0.0970598320405646,-0.09071486336844307,0.38246222494861604,0.8428935666765485,0.47836634911686543,0.824244223070739,-0.03475728771030503,0.0,-0.10357670783996582,0.34870826959609985,-0.08055966059366862,0.3960264619191488,-0.034525572458902996,2401,1029
GTTATTCTCGCTAAGA-1,GSM8576303_BM2,BM,v2,105,33,15920.0,5976,1.3756281,-0.07846193075180052,2.21129732131958,1.7682886505126953,2.4398951212565105,0.6446429869257302,-0.2723908308109058,0.22389612095696587,-0.26071416009316617,-0.52449895967756,0.06271164197040852,-0.6614286090360735,0.002455484604218322,0.4941602897644042,0.47099450111389163,1.20736283493042,-0.06773062070210774,1.6822950871785483,0.19197745402654012,608,2275
GTTATTCTGAGCTTGC-1,GSM8576303_BM2,BM,v2,92,56,9018.0,4199,1.2641385,-0.01647406101226806,1.8256579113006592,1.744975030081613,2.248363482157389,0.4023705486312928,-0.07465078498328204,0.022339625358581527,-0.03773535844784898,-0.4693640441894531,-0.2506220043902416,-0.48573955524916385,0.10045715214993559,0.3441515731811524,0.15115524053573604,0.8390298957824707,-0.003146521250406903,1.4715342267354332,-0.08589327494303385,855,2033
GTTATTCTGCCTTAAC-1,GSM8576303_BM2,BM,v2,46,140,30034.0,8323,2.2641008,0.11720904350280761,1.805671911239624,1.5760808563232422,2.091598014831543,0.24955815483767352,-0.22651807302999138,0.07151956319808961,0.11876682341220779,-0.465150997025626,-0.2339608188135079,-0.7330435632173533,-0.04493370197877672,0.4473811531066896,0.3535748100280762,0.8689289274215698,0.09982932726542154,1.2842812983194984,0.05400926033655802,1757,1178
GTTATTCTTACATATG-1,GSM8576303_BM2,BM,v2,98,16,10662.0,4498,1.6976178,-0.10587861061096192,2.4431096267700196,1.727280818394252,2.001221135457357,0.5510272022231995,0.11063669894662176,0.2734520142418998,-0.18190496664675737,-0.33156562818799706,-0.11687686237465422,-0.5777817770252978,-0.10928298642971372,0.3659151077270507,0.23954382658004758,1.5104027633666992,-0.14252455393473307,2.083215637207031,0.2460975702603658,426,2145
GTTATTGATCTGCCAC-1,GSM8576303_BM2,BM,v2,34,206,4391.0,2822,2.5506718,0.13285594940185547,2.7562864303588865,1.2429361452375138,0.3972326596577962,0.559724507082897,-0.1904260347577531,0.4793561349596296,0.5710803099065055,0.17514764295305518,1.9231966528069062,0.7741349842952974,-0.12747578972938076,0.3838365554809571,-0.030457382202148442,1.7404461650848388,0.00474322001139324,2.2223637771606444,-0.0980416742960612,2466,954
GTTATTGGCTTCCTCG-1,GSM8576303_BM2,BM,v2,51,169,1947.0,1480,2.978942,0.5472466182708741,0.7421636295318603,0.8922712598528182,0.9810546747843425,0.014339416141969596,0.08138858430767226,-0.12903250464371274,0.22850561132208513,0.41677935409545896,0.2839797601163626,1.3623572794840184,-0.050743877487694655,-0.34729087829589844,0.03971934914588926,0.4094632091522217,0.7801019414265951,0.15942442099253334,-0.02621637503306071,2068,1270
GTTCATGACATTCACG-1,GSM8576303_BM2,BM,v2,90,62,10347.0,4989,1.5366774,0.034856383800506596,2.1159209918975828,1.886534630911691,1.3826947720845542,-0.002879327080814731,0.09391242994088517,0.1517973583085196,0.18595966100204792,-0.2584555451529367,-0.23943538263619665,-0.4966927559926663,-0.05573173703077541,0.12386180877685549,0.037345266342163064,1.1959989767074584,-0.057158840497334815,1.7338640530904135,-0.13098808288574218,920,1996
GTTCATTAAGTAACCG-1,GSM8576303_BM2,BM,v2,106,24,14095.0,5910,1.4118482,0.06849998295307158,2.846874828338623,1.5273513466971262,0.8888255310058595,0.2658831460408896,-0.084755145197139,0.2658431581088475,-0.142168948311714,-0.375223575592041,-0.15805751204969415,-0.2779065229977309,-0.045264725317090956,0.4511913299560547,-0.2760271596908569,2.1370774154663086,0.12378302017847698,2.4542050298055016,-0.03589066545168558,512,2294
GTTCATTGCAATAGAT-1,GSM8576303_BM2,BM,v2,32,208,1239.0,994,1.6949153,-0.11576698303222656,2.7979051208496095,1.2072398594447544,1.3166443443298341,0.211492359398838,-0.21801220078066172,0.5836034512519837,-0.1871359969961609,0.8518675052097864,0.593336183862035,1.7157289389795904,-0.08139577007933751,0.19527540206909183,0.8016738796234131,1.5549120311737061,-0.06827405929565429,2.0081824239095054,-0.058802280426025394,2487,917
GTTCCGATCAATTGCG-1,GSM8576303_BM2,BM,v2,48,148,17154.0,6161,1.2300338,-0.10322253301739692,3.0676551055908203,1.3250356728690014,1.6264265569051108,0.17174568042218924,0.01933987894348216,-0.008413085086005023,-0.1895530751334123,3.0300406951904297,-0.209584226091224,1.900866807478615,0.1667892625439316,0.4304289054870606,0.28950229644775394,1.95064422416687,-0.10120477139949799,2.587941970825195,-0.04304226020971934,1843,1215
GTTCCGTGATGCGTAG-1,GSM8576303_BM2,BM,v2,101,51,10465.0,4431,1.4046823,0.03967236280441283,2.7594374656677245,1.6719098336356029,1.908299191792806,0.31375010425307187,-0.02727661253184477,0.10807557378496441,-0.09799789694357838,-0.2423324661254883,-0.3427046575699465,-0.47984664735035154,0.0037132482172087256,0.41535614013671873,0.2551273083686829,1.7433842525482177,0.08740056037902832,2.2362757110595703,0.03535277525583903,802,2200
GTTCCTGGCCAAGAAC-1,GSM8576303_BM2,BM,v2,81,73,9443.0,4532,1.5567087,0.12177325725555421,2.742410049438477,1.5805328260149276,1.9825175857543946,0.19082451345451384,-0.1703157578127451,0.09833316700799122,-0.2706620504365219,-0.4572733142035348,-0.0328230484422431,-0.7860652596929958,-0.024816549521507497,0.46809757232666016,0.4905225467681885,1.8444198684692383,0.22214385350545246,2.3823139953613284,0.040566333929697676,1038,1829
GTTCGAGCGTTGCTTA-1,GSM8576303_BM2,BM,v2,83,109,5189.0,2844,7.7857003,-0.1165669822692871,2.5618882369995117,1.6883371189662388,1.1421993764241538,0.1990738556566966,-0.17482071119823883,0.32756437812532696,-0.009223144658510651,-0.3287841097967965,0.24590177756236736,-0.7085731346106597,-0.13306210665094773,0.5651298713684083,-0.07797011017799382,1.5285646877288819,-0.11188971201578776,2.352820828755697,-0.07160202662150066,1424,1865
GTTCGCCATTACCAGT-1,GSM8576303_BM2,BM,v2,96,20,14725.0,5961,1.8675722,0.033145698308944704,2.6343961811065677,1.444370651245117,1.9892797724405924,0.8378122226301447,0.02003575301484961,0.378526759147644,-0.10283354165072911,-0.4706619059698922,0.05274632034531568,-0.5708381846218531,-0.08566500259382955,0.6067503356933595,0.07124856472015384,1.61148987865448,0.08672919432322185,2.124569282531738,-0.032973028421401984,469,2108
GTTCGCTGAGCTCGGT-1,GSM8576303_BM2,BM,v2,44,166,2414.0,1702,1.6155759,-0.13226303100585937,-0.19878967046737672,0.03819263730730327,-0.40910895109176637,0.9394610301557793,0.3469296861365138,0.48963644061769757,0.5842653960416515,1.2118717618669783,-0.04976357489704608,2.9648706394096807,-0.06792394906882472,0.3011191082000732,-0.0025010120868682595,-0.2921387023925781,-0.1580057907104492,-0.4367657470703125,-0.08035758972167968,2036,1141
GTTCTAACATCAACCA-1,GSM8576303_BM2,BM,v2,63,131,982.0,764,3.0549898,-0.0663965892791748,1.0441288471221923,1.661573066711426,0.8720107396443684,-0.19683261856017822,-0.18037086701297378,0.09876242467335292,-0.1626742125240643,2.0624777548653737,-0.10112997614236242,2.7537982863867843,-0.06698918822627739,-0.2707720947265625,-0.2981533432006836,0.13181099557876588,-0.056336498260498045,0.456669864654541,-0.06654259363810221,1660,1494
GTTCTAACGGAACGGT-1,GSM8576303_BM2,BM,v2,94,62,10887.0,4714,1.2491963,-0.03127612560987472,2.7687183380126954,1.3823863656180246,1.7610383987426759,-0.11929874152064801,-0.07464782096022377,-0.191529153415135,-0.1838103904130758,-0.21975634711129327,-0.3311396761831031,-0.5005261827178107,-0.023670932762003355,0.061093540191650475,0.31085536718368534,1.6680536861419677,-0.04083826025327046,2.375334192911784,0.028665790955225617,920,2070
GTTCTTCGTCGCCAAC-1,GSM8576303_BM2,BM,v2,88,50,8801.0,4374,1.318032,-0.12701327323913575,2.765637283325195,1.6734544917515346,1.5690586217244467,0.07532007675094299,-0.3069207395757674,0.35781112875257215,-0.1133949431151188,-0.286747110911778,0.06655446018081113,-0.5307082208668168,0.07781381940795956,0.4141213798522949,0.2532629203796387,1.6920952854156495,-0.15843514760335287,2.5307478841145836,0.022573188543319717,791,1959
GTTGAAGGACCAAGTC-1,GSM8576303_BM2,BM,v2,56,150,10941.0,4948,1.480669,-0.052062969803810116,1.8499767303466796,1.2186990029471263,2.161819648742676,0.08293365953437776,-0.052341040016520124,0.1638570775304522,0.11605353107522659,-0.4138522302082607,-0.32919095007770033,-0.5498293378780581,-0.038566450030325924,0.3166164588928222,0.18483784675598147,0.9761955251693726,-0.03600990374883016,1.3378689956665037,0.27834765434265135,1864,1364
GTTGACTTAGGTACCT-1,GSM8576303_BM2,BM,v2,58,132,149.0,138,2.0134227,0.0,2.639538860321045,0.37135710580008363,0.8483107248942057,-0.05085764352576321,-0.01695254720358485,0.4533255055972508,-0.05034531973152926,0.6334558841160366,-0.01695254720358485,0.6726647365127519,0.0,0.7598131656646728,-0.0633177661895752,1.1241337728500367,0.0,1.9087958908081055,-0.014070614178975423,1671,1401
GTTGACTTCCAAGGAA-1,GSM8576303_BM2,BM,v2,84,74,7759.0,4150,1.2888259,-0.13185927391052246,2.259455547332764,1.8228612518310547,2.0046132659912113,0.2188416369947564,0.007729038587604098,0.17725659642900737,0.019632497772641533,-0.3670290645871844,-0.29728266237730006,-0.7692587112191768,-0.13484604086651897,0.604647216796875,0.07509863138198858,1.2654600191116332,-0.13462806701660157,2.113976046244303,0.03820650935173035,1048,1884
GTTGAGCTAATACTCA-1,GSM8576303_BM2,BM,v2,64,118,3329.0,2153,2.0426555,-0.1290524959564209,0.912059817314148,1.08429997580392,0.2096834913889567,0.27304976436507744,-0.3113532008894955,0.529644911629813,-0.04178177749237175,3.3935214821951734,-0.06404571312977128,3.0238973520631873,-0.11826010838451001,-0.12925712585449217,0.2941025948524475,-0.09373337435722351,-0.12306926727294921,0.038901953697204616,-0.08047782897949218,1521,1512
GTTGCCGCGGTAGACA-1,GSM8576303_BM2,BM,v2,87,65,5844.0,3304,1.3518138,-0.14325521469116212,2.524705305099487,1.3937143489292692,2.0203939819335934,0.17783817804482083,0.009996217759395576,0.12343124968664987,0.10605045522376738,-0.5041845092773437,-0.34326539556664154,-0.526257506038633,0.032097670513054316,0.6090879249572754,0.3527847003936767,1.7039605255126953,-0.14392213185628255,2.4915139643351236,-0.07749310811360677,952,1940
GTTGCCGTCCGCTCTG-1,GSM8576303_BM2,BM,v2,106,30,17861.0,6167,1.231734,0.09849863290786744,1.6798925971984864,1.5369269125802174,2.273273048400879,0.19574191579857025,-0.06360092535144762,-0.10747390781130106,-0.14647010062690452,-0.49025918664251056,-0.3102827498232983,-0.7304431087447265,0.014857696263924997,0.28524894714355464,0.455764536857605,0.9135944156646729,0.10204780896504723,1.4683655484517417,0.04310703078905742,576,2294
GTTGCTAGCGTTAACG-1,GSM8576303_BM2,BM,v2,33,223,6445.0,3339,3.3669512,-0.09020915985107422,3.3693046951293946,2.2686944144112724,1.311083196004232,0.3930822893318881,-0.08769920716255614,0.08489411081586568,-0.22302719232150878,-0.5759168090820312,0.0814273419629139,-0.6427598244163242,0.04106557883557972,0.3115023040771484,0.23119093894958498,1.9854440326690674,-0.11403409322102864,2.8586408869425455,-0.08127126693725586,2648,936
GTTGCTTACAAGTAGG-1,GSM8576303_BM2,BM,v2,51,159,1277.0,1019,2.192639,0.15860740900039672,-0.2769096255302429,0.24930317470005575,-0.08033893108367918,0.12407718700577455,0.1159540431908472,0.368571264403207,0.1434328094448069,1.2669473212105888,0.11024497216006357,2.3668326892651623,-0.08984523491571414,0.08048837661743163,0.12087915897369383,-0.19963404846191407,0.2404271856943766,-0.3859932327270508,0.28317273139953614,1961,1271
GTTGTACCGCGACGAA-1,GSM8576303_BM2,BM,v2,61,123,648.0,554,2.0061727,-0.04198854923248291,3.4144254112243653,0.9890238462175642,0.6564004007975262,0.3273906951927277,-0.08993531039440968,0.16029979143823897,-0.15616754132902042,1.3082949938092912,0.2786899412492193,0.848658997854816,-0.01878682238943625,0.5490235519409179,-0.18526159286499022,2.1768514194488526,-0.03732315381368001,3.421440111796061,-0.009330788453420003,1574,1457
GTTGTCAACTCAGAAT-1,GSM8576303_BM2,BM,v2,29,211,19496.0,6637,1.8978251,0.051277419328689566,2.3192223739624023,1.72964969090053,1.9149302673339843,-0.014485171521045115,-0.03347049686871789,0.16917872905731202,-0.2728900373640775,-0.44226389639718194,-0.13604425570093487,-0.8205261804227747,0.17476026255240948,0.38329212188720707,0.05838818311691285,1.0425530166625976,0.012777647972106926,1.6920989100138346,0.18049490054448447,2519,861
GTTGTCTGAGAATTCT-1,GSM8576303_BM2,BM,v2,109,19,16007.0,5954,1.2931843,-0.056384868919849396,2.750125560760498,1.6900966862269808,1.9538954035441078,0.11992343649806753,-0.10862230734789574,0.08562298263822288,-0.24648998552690118,-0.49164063004085,-0.3666760789821426,-0.43527052203623695,0.06604791464764456,0.46090471267700206,-0.1596896624565125,1.597254705429077,-0.1457055409749349,2.3852572886149086,-0.017720248301823935,458,2349
TAACAATTAGACGCCG-1,GSM8576303_BM2,BM,v2,39,185,819.0,714,1.4652015,-0.07742924690246582,-0.2506949210166931,-0.5140729522705079,0.461479434967041,0.45578506241840533,-0.1980467493754314,0.7686553318159921,-0.19790557598999373,0.42398565346854067,0.3472396235868155,1.3387729721581376,-0.15809434212294202,0.3027978324890136,0.4093096399307251,0.18731072473526,-0.05380137125651042,-0.006481205622355157,-0.05380137125651042,2240,1047
TAACAGACGTGAAGGC-1,GSM8576303_BM2,BM,v2,53,149,1841.0,1368,2.4443238,-0.11632869720458984,3.0613176345825197,1.028383799961635,0.7220975875854492,0.9199908076519947,0.05230932063366994,0.7510738979067122,-0.2497297576641968,0.5806227318899972,0.22348398520764579,0.8424164131069458,-0.08325030819681667,0.4401174163818359,0.7390122175216675,2.07493398475647,-0.14473728179931641,2.4378933334350585,-0.07445037206013998,1854,1308
TAACAGTTACTCGGAC-1,GSM8576303_BM2,BM,v2,43,195,4082.0,2822,2.2292993,0.4682880115509033,-0.05909639358520513,0.4942538670131139,-0.5342696285247803,0.23858884108593192,0.22389142375120946,0.5633106013706752,0.6933314656801415,0.870946665082659,0.2710038016598866,2.3218966801351693,-0.11399646733431208,0.3961927795410156,-0.6034557342529296,0.026611794471740724,0.6685507583618164,-0.3544916375478109,-0.11268591562906902,2348,1122
TAACATCAATCCGCAC-1,GSM8576303_BM2,BM,v2,100,22,9270.0,4834,1.5102482,-0.05435632050037384,1.611822338104248,1.3295390973772323,1.7160686365763345,0.15637671516602297,-0.09163878159624234,0.025542442458016512,0.029943610818670086,-0.450618723324367,-0.23236874835079455,-0.6650053705030754,-0.15013766448769794,0.04468109130859377,0.2468104696273804,0.965368371963501,-0.058121125698089596,1.3785366630554199,-0.003763190110524492,490,2182
TAACATTAAGCTCACC-1,GSM8576303_BM2,BM,v2,41,199,321.0,294,1.8691589,-0.06073366165161133,1.0796562957763671,0.7003808484758649,1.0479648240407307,0.4223799810830847,-0.1839112584370686,-0.1586511666434152,0.42617618261767465,0.3264913237435477,-0.08795434116838448,-0.09316764421911047,-0.03493786498204174,-0.19426458358764648,-0.15955964088439942,0.3339280924797058,-0.023136631647745768,0.4954564062754313,-0.023136631647745768,2391,1084
TAACGAGCACCGCCAG-1,GSM8576303_BM2,BM,v2,103,23,8826.0,4521,1.6315433,0.019886857271194464,1.9642883682250976,1.6758074079241072,2.2123571777343747,-0.2860658190336572,-0.12856539240939413,0.09303870473589215,-0.16361352541482796,-0.2774244179044451,0.17759151439590143,-0.5748823282245479,-0.14462432605308173,0.17944970130920412,0.5635865592956543,1.1512293252944947,0.10643935044606526,1.6834813944498697,-0.10373292287190755,501,2238
TAACGAGCCTTCGCCT-1,GSM8576303_BM2,BM,v2,52,148,1510.0,1190,3.0463576,0.16248852491378785,2.2035693359375,0.9291412190028601,0.21364466667175297,1.151673152264821,-0.26713280122442895,0.3642285946437291,0.12213805402052291,0.9515703157697404,-0.2716940454689853,0.48495362566164335,-0.06815793850277894,0.1418880462646484,0.0605763006210327,1.4297451171875,0.23487807273864744,1.853029047648112,-0.06301753362019857,1843,1289
TAACGCATCACCTATT-1,GSM8576303_BM2,BM,v2,73,81,4539.0,2688,3.1504736,0.043947980999946595,2.3443618774414063,1.8934032767159596,2.162863349914551,0.3431398399383668,-0.1669163675193327,-0.05284632716860088,0.032831147611995126,-0.03996697344098776,0.19384972828937824,-0.2531309973587812,-0.08730527378568713,0.2031128120422363,0.177381100654602,1.058971258163452,-0.11214146931966146,1.5761381022135414,-0.07159243265787761,1124,1680
TAACGCGGCCAGATTG-1,GSM8576303_BM2,BM,v2,105,3,15539.0,6006,1.6410323,-0.12315680503845215,2.4798129081726072,1.9141288212367464,1.9778554916381836,0.3151186537072362,-0.07902184533990803,0.1761119100025722,0.1339192035205043,-0.20406890433175223,0.019277129307329444,-0.553964532576037,0.06101123472873912,0.3413614463806153,0.06060458421707149,1.3366770677566528,-0.15701496124267578,2.0403981399536133,0.12786319971084592,286,2275
TAACGCTCTACGCAAG-1,GSM8576303_BM2,BM,v2,26,216,7921.0,3748,3.5727813,0.00955801784992219,1.6767729759216308,1.0732571792602539,0.8696466128031413,1.264041029305822,-0.4185360828077937,0.4301425763538906,0.6374360526432719,-0.35399743420737134,0.12976182799741448,-0.5069772801714685,0.014375174034133284,0.8446868705749512,-0.0457321977615357,0.8860576906204224,0.07268924474716187,1.1552846336364746,-0.08960993448893229,2573,806
TAACGTAAGGCGTGAA-1,GSM8576303_BM2,BM,v2,47,171,6874.0,3898,2.6476579,0.08491311430931092,-0.5387029558420181,-0.5143834475108555,-0.33357852300008134,0.034973383428581306,-0.37810268172298567,0.47812783820288524,0.7511147031811384,0.4003097872052874,0.5513490337923348,1.317232268197196,-0.18949865814823433,0.10194564819335938,-0.3154007250070572,-0.05310075974464418,0.16044150511423744,-0.4333788112799326,-0.1410430145263672,2090,1196
TAACTCGCGGCCGTTG-1,GSM8576303_BM2,BM,v2,60,116,4088.0,2432,3.2045012,-0.11094285011291503,2.6751224517822267,1.2343420900617326,0.6663880666097004,0.4917254495812229,-0.1814381062676697,0.9577472972869874,0.09386391391824417,0.6753167702811105,-0.11430028930725342,0.3812459139215866,-0.12345319146277921,0.8037556266784667,0.35836544990539554,1.5301021690368652,-0.1774025344848633,2.2791644287109376,0.11602660497029621,1499,1438
TAACTGAGAATTAGAA-1,GSM8576303_BM2,BM,v2,100,58,9850.0,4494,0.9543147,0.04967940151691436,1.9925129127502441,1.690977783203125,1.7132174682617187,0.48906547190195104,-0.23716195609059335,0.05351709842681884,-0.11352056164844965,-0.4995263954571315,-0.19304064502677762,-0.6475236239849321,0.12058023089759072,0.44948945999145495,0.17201382160186762,0.8439553127288819,0.13840245962142944,1.3714552688598634,0.14175222794214887,877,2182
TAACTGATTAACTAGT-1,GSM8576303_BM2,BM,v2,62,156,584.0,478,11.986301,-0.05236388683319092,1.2659978294372558,2.474796611240932,1.6223234558105468,-0.1438752752710059,0.2843168218178238,-0.11444298880440848,-0.12003183228238606,0.7473897029331753,-0.09308265777955572,0.3612138706108525,-0.07777712009097106,-0.1192137622833252,-0.13369975090026856,0.267229902267456,-0.06760128021240235,0.7619305992126465,-0.06760128021240235,1929,1475
TAAGAACGACTAACGT-1,GSM8576303_BM2,BM,v2,82,106,3060.0,1883,3.0718954,0.14511391997337342,3.297964973449707,2.0779885646275114,1.4809302520751952,0.9746062363007941,-0.14507728804819758,0.05832958136286054,0.1692793434680216,-0.2543237318311419,0.42984862691427334,-0.20676452704381165,0.3464368731497804,0.2236181735992432,-0.5015282440185547,1.819709545135498,-0.08706835428873698,2.8202411778767904,-0.0744521141052246,1392,1847
TAAGAACGCACGTCTT-1,GSM8576303_BM2,BM,v2,88,96,15708.0,5808,1.5151515,-0.07431467309594153,1.7256277656555177,1.957496119907924,2.172859853108724,0.1772897272224886,-0.01095847692287183,0.019144977160862497,-0.0026841518872105508,-0.5030892840794154,0.019491749594968022,-0.8051596183904866,0.21493989737813335,0.3853844833374023,0.4793902206420898,0.7945973930358887,-0.1647744115193685,1.1322626368204751,0.07662224411964416,1285,1959
TAAGAACGGCAGGTGC-1,GSM8576303_BM2,BM,v2,31,201,13646.0,5429,2.1471493,-0.1365847396850586,3.213862361907959,1.932415553501674,1.6045005544026694,0.181501464192647,-0.0004917015922664691,0.24646911757332934,-0.1962127202951757,-0.178850305557251,0.38806103319528107,-0.08367091468745202,-0.044174322974533275,0.22771415710449217,-0.006882534027099596,1.7937067127227784,-0.1383365758260091,2.7817621994018555,-0.02493267337481181,2412,899
TAAGAATAACTCCTCG-1,GSM8576303_BM2,BM,v2,76,100,3455.0,2172,3.9073806,-0.07164286613464356,2.6196781158447267,1.6815369524274553,1.4325109481811524,0.44028887882768863,0.1369830635998759,0.36276547363826206,-0.2861324627283309,-0.47391720581054686,0.19160395788859175,-0.658401335645842,-0.08704057475864488,0.9345547866821289,0.6852633047103882,1.539770658493042,-0.08074481964111328,2.1599116261800133,-0.05808601379394531,1328,1736
TAAGACAAGAGCGATA-1,GSM8576303_BM2,BM,v2,101,21,7058.0,3782,1.7852082,-0.1282583713531494,2.3735939788818357,1.6598095267159596,1.9480590947469076,0.12084164006643033,-0.2786278096479174,0.046389605658394895,-0.18735190727063686,-0.3372844313212803,0.314540689728825,-0.46583779489091115,0.12183613482280525,0.7259572219848632,0.6875084495544433,1.3796497440338134,-0.14005802154541017,2.0147554016113283,0.13712804396947226,479,2201
TAAGACGTGCGTGGCA-1,GSM8576303_BM2,BM,v2,101,11,9922.0,4639,1.6831285,-0.12329537391662598,2.9609617805480957,1.6937665993826732,1.4956480280558266,0.5874317286004982,-0.17809788474938135,0.016041419846670957,-0.12038543250684702,-0.30749876512799945,-0.09089888339061813,-0.6023516732688604,-0.03780684740865675,0.23422798156738278,0.26643278837203976,1.686928539276123,-0.1438699467976888,2.409006792704264,0.10113990465799967,372,2201
TAAGATACTAGAGCCT-1,GSM8576303_BM2,BM,v2,76,80,11699.0,5135,1.7266433,0.00544017761945724,2.2044124317169187,1.7890593283517018,2.166823755900065,0.6124597476668148,0.46893624307366527,0.09317169598170694,-0.11831341431953846,-0.6370158081054688,0.044904571939184956,-0.7733910979840579,-0.15558547461592911,0.3809717178344727,-0.024389019012451163,1.129186622619629,0.012963625192642214,1.6248721567789712,0.09660457928975423,1113,1736
TAAGCAGTACAGGCAG-1,GSM8576303_BM2,BM,v2,91,55,8746.0,4368,1.3263206,-0.044763586521148674,2.2626748752593997,1.8125442504882812,1.93335817972819,0.33520622521519183,0.07172209629708842,-0.17026344759123668,-0.0731762200654944,-0.37981029510498043,-0.19805155796219548,-0.5938854505551742,-0.10070782219803573,0.36778032302856445,-0.002108049392700151,1.2195413417816163,-0.05856856346130371,1.7311305236816406,-0.10592638651529948,845,2015
TAAGGTATAATCTTGG-1,GSM8576303_BM2,BM,v2,90,90,14590.0,5897,1.5901303,0.006507413983345034,1.756928367614746,1.4929734802246093,1.7545444997151693,0.2163619631265541,0.0635919763791582,-0.06671705569539754,0.06229631890052173,-0.5515928703716824,-0.3291433788686392,-0.775231344244967,0.11949524874883781,0.40165380477905266,-0.068160240650177,1.0543008527755737,-0.006069287459055578,1.442572898864746,0.10662668069203694,1220,1996
TAAGGTATGGCGTCGG-1,GSM8576303_BM2,BM,v2,95,19,18427.0,6612,2.01335,0.0853242826461792,2.494136199951172,1.4234542192731585,1.992848103841146,0.7383994529524961,-0.05622605065538905,0.14444420916693557,-0.10573758827190732,-0.3463920734950474,0.1097131847856514,-0.5943396822946756,0.10806526250830088,0.5469957923889159,0.1724920415878296,1.6054410219192505,0.14838992436726886,1.9308121871948243,0.03019216775894165,458,2089
TAAGGTCCGGTTATAC-1,GSM8576303_BM2,BM,v2,48,154,2383.0,1729,1.8883759,-0.1183173942565918,2.819898223876953,1.6766279384068081,1.6714240074157716,0.6733002729683994,-0.0730992463971443,1.0295245000294277,0.3056142828867565,1.0468824768066407,0.5809674061924578,1.1016698628806885,-0.07189106141160799,0.7305286979675292,0.30987184286117553,1.4865622215270995,-0.1008511225382487,2.1262905248006185,-0.13183714548746744,1907,1215
TAAGGTGACCTTCCAG-1,GSM8576303_BM2,BM,v2,45,159,566.0,486,2.2968197,-0.07483505249023438,3.2270062160491944,1.7067950357709611,1.8006952794392905,0.2970580753073635,0.2273723039555946,-0.23604705810546875,-0.13608837400944662,-0.1926433563232422,-0.09403380428452089,0.2659425902343779,-0.12009271199271183,-0.2341442108154297,-0.21951019287109375,1.350299322128296,-0.058536046346028645,2.243978182474772,-0.0487800407409668,1961,1159
TAAGTGAAGTCTGGAT-1,GSM8576303_BM2,BM,v2,43,149,16838.0,6086,2.1023874,-0.14593215942382812,3.0014230728149416,1.9485496629987444,1.1946219126383462,0.8096100929750497,-0.08061034434565306,-0.006806388582502043,-0.16638163523843824,-0.3154776733943394,-0.2195883658995112,-0.7133796287062985,-0.11113056720503224,0.4165665435791016,-0.006083416938781783,1.7803662853240967,-0.1418390401204427,2.64809196472168,0.14608440001805623,1854,1122
TAAGTGCCGATATTGT-1,GSM8576303_BM2,BM,v2,93,55,10416.0,4815,1.1520737,-0.05005883306264877,2.1374639511108398,1.375146288190569,2.0420300801595053,0.06199393885202675,-0.11444558019413731,0.047026883534022734,0.08568809435497382,-0.3019292360033308,0.10021106162703175,-0.48164845747321355,0.04689886757419984,0.13852999687194822,0.3152357959747314,1.1507972745895385,-0.16608065287272136,1.7504371070861815,0.23878483454386396,845,2052
TAATAGCCACGAACTA-1,GSM8576303_BM2,BM,v2,96,60,8174.0,4139,1.1989233,-0.01946317911148071,2.6708679676055906,1.7370142364501953,1.8749794642130533,0.19487768004697015,0.11340234064878024,0.21482199634824484,-0.15184758522449043,-0.43080045700073244,-0.04480024226698054,-0.3519289390695632,0.08322331089301396,0.42651184082031246,0.24584903717041018,1.576396245956421,-0.047517754236857085,2.2749834060668945,-0.08815298716227214,898,2107
TAATGTCACTTCCTAA-1,GSM8576303_BM2,BM,v2,43,175,987.0,837,2.0263424,0.2470042860507965,-0.31140572428703306,-0.1327554852621896,-0.10313238302866612,-0.2153176150647512,-0.20563971278179122,0.05093604207038882,-0.154877955045946,0.4897138377598354,0.28856181380260426,1.853780001259033,-0.07495090945455052,0.208854398727417,-0.2578202438354492,-0.18294999694824218,0.31327373027801514,-0.5011103439331055,-0.0240979798634847,2133,1122
TAATTAGGAGCACGCA-1,GSM8576303_BM2,BM,v2,88,62,1873.0,1357,2.0288308,-0.08771945953369141,2.8666767978668215,1.4004108210972377,1.4470477803548178,0.6987597262524218,-0.2313324342291039,-0.29772944859095984,-0.2245413225496396,0.16182056971958703,-0.27932052918706074,-0.4583980381088769,-0.0826121400666717,-0.28180862426757813,0.8593940591812134,1.5459191884994508,-0.12927078247070312,2.021027615865072,-0.03077875773111979,920,1959
TAATTGATAGGCCTTG-1,GSM8576303_BM2,BM,v2,43,193,773.0,658,1.8111255,0.28321082949638365,0.01243877291679385,-0.08500747271946502,0.12221041202545169,0.3420014989423944,-0.17477902638385573,1.0224667637688774,-0.10377817235908399,1.5822666996547154,-0.14552746814896303,2.031322332950932,-0.08840669081515114,0.46364633560180657,-0.2995216751098633,-0.21885865783691405,0.34029881000518797,-0.3165092468261719,-0.04390865643819173,2326,1122
TAATTGTCTACTGTTA-1,GSM8576303_BM2,BM,v2,49,151,1162.0,649,1.7211703,-0.06221524715423584,2.12904914855957,1.4036198043823243,1.0802791976928712,0.7616347558048355,0.19426472626126365,0.11072996582303729,-0.11605056718973854,1.5123591591971262,0.27454886474762574,0.9305306121006908,-0.0683266876527927,0.2845130348205567,-0.19058517456054688,1.0198408203125,-0.0527886962890625,1.1078882726033528,-0.06032993952433268,1875,1233
TACAAGCGGATCAGAC-1,GSM8576303_BM2,BM,v2,83,95,7111.0,3622,1.8000281,-0.15097246170043946,3.5467994308471678,1.323960386003767,1.3749075826009116,0.703513752504525,-0.200244619185666,0.0057648675782339676,-0.23316081322659443,0.5375068566458565,-0.13505936913700944,-0.07189526928236933,0.02097188454917842,-0.025695123672485387,-0.6755512237548829,2.028416133880615,-0.14920945485432943,3.052298838297526,-0.08516331990559896,1274,1866
TACAAGTCCAGAGCTG-1,GSM8576303_BM2,BM,v2,104,2,22229.0,7155,2.0333798,0.0737292593717575,2.2516924667358396,2.083611744471959,1.80849489847819,0.4949496022189956,-0.0620690631374024,0.15014634472983224,-0.2941255239351236,-0.5130374284471784,-0.018257310591548337,-0.7223316256174763,0.06381479525726114,0.4239598846435547,0.040800580978393564,1.253918074607849,0.028419890403747566,1.7520737202962242,0.20439841111501061,275,2257
TACAAGTGCTATGGAT-1,GSM8576303_BM2,BM,v2,30,190,2365.0,1568,6.1310782,-0.09924551010131837,2.1863212394714355,1.4952134650094167,2.3993188349405923,0.42859156734972115,-0.3414425217961691,0.7127163866588048,-0.2021348401263655,0.4312612195696149,-0.26621470010902987,0.2915585207916288,-0.08648855734191485,0.8589903259277343,0.260925874710083,0.865322401046753,-0.10475916544596355,1.272928867340088,0.1984910209973653,2294,880
TACAAGTTGTGAACAG-1,GSM8576303_BM2,BM,v2,83,83,8980.0,4651,1.5144767,-0.05061187982559204,1.783090171813965,1.7938534000941684,1.7219539260864258,0.12833711947781967,-0.1084822151623987,0.2938220340864999,0.4738775730328242,-0.4676284381321498,-0.2278581086890286,-0.84501740116401,0.17627301540722212,0.7019962501525879,0.3472904539108277,0.8081032943725586,-0.13286853790283204,1.175601132710775,-0.1251931889851888,1145,1866
TACACTACATCTAGGA-1,GSM8576303_BM2,BM,v2,86,98,14642.0,5811,1.7415653,0.02750003278255464,1.57326171875,1.417861328125,2.1936170069376626,0.42392795344433154,-0.10954244548537168,0.20259592805589943,0.07986704316531545,0.07416869735717768,-0.20485628177841986,-0.33169628126852124,0.025057513898993952,0.49464406967163077,0.3195723915100097,0.764320442199707,0.0727070418993632,1.0339561462402345,0.15486480394999186,1306,1921
TACACTACATTCTTGT-1,GSM8576303_BM2,BM,v2,31,185,7469.0,3884,2.6509573,-0.11603708267211914,2.797309265136719,1.6357477787562777,0.7726362800598146,0.5976354606659059,0.14772451710441098,0.691164187022618,-0.07704147783108434,-0.34749978324345177,0.13878006293591721,-0.36993912128108347,0.9174867192942252,0.666832618713379,0.09022733211517331,1.7933143329620362,-0.10799508412679036,2.5705195617675782,0.07355575998624166,2240,899
TACACTTCATTAACTC-1,GSM8576303_BM2,BM,v2,46,198,3772.0,2346,3.7910924,0.042852690815925604,-0.16733826637268068,-0.2559372057233538,0.29766069412231444,0.11402478227653656,-0.07658589843765318,0.6995586572374617,1.0478502407066168,0.47998726654052737,-0.30388549437005835,1.565363661783425,0.07722923019588393,0.4089389419555664,-0.5779067611694336,-0.07654012572765351,0.09129935344060262,-0.5432804489135742,0.10837336619695029,2380,1177
TACAGCATGTAACGAT-1,GSM8576303_BM2,BM,v2,56,136,12749.0,5698,1.3726567,0.0369424831867218,2.6711530113220214,1.8496881866455077,1.8142281595865883,0.5073574077652161,0.02514211336771649,-0.08716499720300952,-0.16596318921055211,-0.30695925685337616,-0.040647268774040235,-0.4501201978465855,0.1701185710135265,0.15728678703308108,0.3757120037078857,1.783502836227417,0.06845129807790123,2.2851146443684898,-0.13741166432698568,1714,1364
TACAGCCTCATTGGTG-1,GSM8576303_BM2,BM,v2,38,192,536.0,481,2.9850745,-0.09679862022399903,0.7128239631652832,1.303743087223598,0.29644387563069663,0.2876967852374157,-0.14889877196775383,0.2300654447078705,0.299912254682487,0.2506883738381522,0.8971141840080659,-0.18438358434894742,-0.06996285995380991,0.3338607311248779,0.4827816843986511,-0.14830317687988281,-0.1092086919148763,-0.2622622299194336,-0.049640318552652996,2315,1029
TACATACCAGTCTGTC-1,GSM8576303_BM2,BM,v2,108,40,16776.0,5871,1.7107774,0.09840963840484618,2.6852260780334474,1.7403812953404019,2.028116658528646,0.7036078387953669,-0.007863843434170181,0.2188650897571019,-0.017336935378272578,-0.39360953630719864,-0.2695234458609278,-0.7827828485350823,-0.1130722225112403,0.6714797019958497,-0.1318240427970886,1.6323772916793824,0.1665581194559733,2.2761329650878905,0.06096773743629455,684,2331
TACATCGTTAGTCGAC-1,GSM8576303_BM2,BM,v2,33,221,22073.0,6938,2.437367,-0.049175231158733373,3.1011979866027835,1.736505878993443,1.5366560109456382,0.08459863844645549,-0.0728560056210385,0.034175029482160335,-0.16077497993099168,-0.454878684588841,-0.25785618661397913,-0.7569518776205104,0.00913080787384385,0.48680133819580085,-0.1935101056098938,1.9438677806854248,-0.05095229744911195,2.687600301106771,-0.059736156264940894,2627,936
TACATTCGGTACATAC-1,GSM8576303_BM2,BM,v2,102,20,8143.0,4364,1.7806705,0.06131828486919402,2.3791553020477294,1.378972375052316,1.4961933135986327,0.17224282145978936,-0.14678332782379871,0.13618777275085447,0.07169019692850753,-0.4448590055874416,-0.1575002397399351,-0.7193241033092327,0.11687668343632698,0.5491992759704589,0.3062113380432129,1.5879610681533813,-0.006109846830368054,2.127735265096029,-0.10999992370605469,469,2219
TACCATGGACGGTTGG-1,GSM8576303_BM2,BM,v2,48,142,21848.0,7780,1.3777004,0.06895758748054504,1.9454453849792481,1.8206551470075334,1.7011348470052086,0.35278206273733853,-0.056876944866388335,0.11434333494731364,-0.007804919011369427,-0.051060367584228494,-0.32677291722661517,-0.6123993625348274,-0.04408241809843143,0.444072437286377,0.09077947616577153,0.9814380950927735,0.035005343755086266,1.627757193247477,-0.072438778479894,1778,1215
TACCATTACACGCAGA-1,GSM8576303_BM2,BM,v2,73,85,14295.0,5607,2.8751311,0.004712448716163636,2.097212924957275,1.662936008998326,2.2823053741455075,0.40995889207924224,-0.28107299267117214,0.06795413596289501,-0.15946909125301129,-0.6414412231445312,-0.09685613783487829,-0.6605071758606746,0.12315211908700711,0.3384268379211426,0.42270684719085694,1.1002858819961547,-0.054538605610529575,1.4967838541666665,0.12398125410079956,1166,1680
TACCGTATCCAGCCTG-1,GSM8576303_BM2,BM,v2,57,145,10624.0,5086,1.6001506,0.08372168779373168,2.1662294387817385,1.503979274204799,1.9103808720906577,-0.124873238873769,0.05928919811872524,0.23923814024244033,-0.15873397748293666,-0.23403091021946504,-0.35125462262027235,-0.4152032501516955,-0.051687232142784006,0.4640925216674805,0.42947870731353754,1.2940943880081177,0.12136684735616049,1.8720244852701822,0.09907262484232586,1811,1382
TACCGTGCAGTCGATA-1,GSM8576303_BM2,BM,v2,32,220,15057.0,5907,1.9592216,0.04254235029220582,2.8550096130371094,1.604678955078125,1.822294133504232,0.3152852383962118,-0.19430996642602427,0.17523173638752532,-0.24434629035103386,-0.565424987248012,-0.13187007588076305,-0.4780896368328471,-0.12483672327643273,0.49450029373168936,0.4517422580718994,1.7822874011993408,0.04486722946166993,2.451796099344889,-0.022795076370239253,2616,917
TACCGTGGCATGTATT-1,GSM8576303_BM2,BM,v2,52,156,1086.0,887,3.1307552,-0.12098103523254394,1.9407557773590087,0.748665259225028,0.8995558547973632,0.20727224665952015,-0.18667274689578628,0.15412495630128042,-0.1936048709902176,1.1844177180698938,0.23791623067664333,0.7176434945740156,0.30849538782070374,0.39117327690124504,-0.22528018951416015,0.5741864142417907,-0.077439390818278,1.113434975941976,-0.08732641855875652,1929,1289
TACCTCATCGCTGCTC-1,GSM8576303_BM2,BM,v2,50,160,1101.0,908,1.7257038,0.23108163118362426,0.2753480696678161,0.4285177149091448,0.012094241778055737,-0.2208166620338777,-0.2182371913189869,0.39423522608620776,-0.18693507503301846,1.3185772225516184,-0.16622013260561777,2.805406764278247,-0.04652649924259058,-0.37298160552978515,-0.40443241119384765,0.36033982944488524,0.21139426231384278,0.35993468602498374,-0.06162176132202148,1972,1252
TACCTCGTAGGAACTT-1,GSM8576303_BM2,BM,v2,97,21,11118.0,5185,1.5650296,-0.03892939418554306,2.0148057746887207,1.351498271397182,1.714821637471517,0.3220955042475198,0.025416583489633104,0.14007121324539185,-0.23230895554975464,-0.40007746764591756,0.31795360189843846,-0.34654534994584374,-0.05666803096421956,0.5286731147766114,0.1644065403938293,1.2336573886871338,-0.037374748786290504,1.8912323252360026,0.012257412672042847,479,2126
TACGACGTTCCAAGGT-1,GSM8576303_BM2,BM,v2,109,13,6463.0,3534,1.299706,0.12619235932826994,1.7494730949401855,1.3978977748325894,1.900594711303711,0.47163005047533885,-0.25097497471843855,-0.08823904531342641,0.18778337702319803,-0.4179902739524841,-0.2641979981378379,-0.39552898786440566,-0.08949492281715342,0.33641382217407223,0.42113686561584474,0.9311755800247192,0.03735341350237528,1.1067827288309733,0.16479193528493247,394,2349
TACGACTTAACGTCTA-1,GSM8576303_BM2,BM,v2,99,43,10153.0,4501,0.9750812,0.02888738572597503,2.096402769088745,1.3538684626988005,2.300769373575846,-0.1490900815730114,-0.06570058900326475,0.11877954074314667,0.08159990589783617,-0.20117876979282928,-0.018557296699309445,-0.5075882173796058,-0.1584895601208578,0.6402707290649414,0.5426108026504517,1.1778685712814332,0.028586068948109944,1.725925896962484,0.03024989008903503,716,2163
TACGACTTGAACGGAG-1,GSM8576303_BM2,BM,v2,85,73,4217.0,2703,1.6362343,0.014235118031501764,2.0855077075958253,1.5130256107875277,1.809085922241211,-0.38158355467769517,0.07433700725667042,0.12526325464248655,0.13278813621717744,-0.2970267387117658,-0.35100319490854043,-0.3468851944858482,-0.1125560094846175,0.20451961517333989,0.2154957270622253,0.9923133478164673,0.06238944133122762,1.3147025680541993,-0.14306180318196615,1038,1903
TACGCACCTCATCTGT-1,GSM8576303_BM2,BM,v2,33,205,1307.0,996,3.5195105,-0.06092044830322266,3.72968505859375,1.8663513946533203,0.850455830891927,0.8481991951724133,0.11918679722683631,0.015698920999254518,-0.21291130524993285,0.7621042180742537,1.3259122649349842,0.23218791208239786,-0.06729128536762007,0.05775472640991214,0.1764275693893433,1.7684744853973389,-0.10280414581298829,2.813439000447591,-0.10999643961588541,2455,936
TACGCTCATTCGCTGA-1,GSM8576303_BM2,BM,v2,95,81,1955.0,1295,1.8414322,-0.04074208736419678,3.1490606117248534,1.56719115121024,2.1277404276529945,1.118728923031604,0.10729970880028031,0.327440562588828,-0.25763975651694576,-0.08241636507851735,0.6313261114449864,-0.09973805725631635,-0.060763736699251523,0.2599685096740723,0.08130924105644227,1.648813850402832,-0.0724303690592448,2.4043543116251627,-0.06035864512125651,1124,2089
TACGCTGCGTGCTGTT-1,GSM8576303_BM2,BM,v2,48,180,592.0,501,2.5337837,0.3011944997310638,0.5157525849342346,0.0459838417598179,-0.2884347724914551,-0.11231889686431272,-0.13548634234202434,-0.10382174900599889,1.1237651361972156,0.6156880356924874,0.35795786533968516,2.23606270180224,-0.06253588119609244,-0.19283054351806642,-0.23609577178955077,0.33177427649497987,0.4304361391067505,0.3763247919082642,-0.038457969029744465,2187,1215
TACGGACACGCCACTC-1,GSM8576303_BM2,BM,v2,88,86,16467.0,6555,1.3056417,-0.10582834109663963,2.197646474838257,1.5891184779575893,1.702585792541504,0.21046277126633978,-0.05614190079737724,0.055015797615051265,-0.3080082429977796,-0.12459553255353661,-0.12615125581442593,-0.3854330584964039,0.06422910857177766,0.36660808563232417,0.15960542201995853,1.2184279699325562,-0.17287659962972005,1.9479249191284178,-0.12512051900227864,1177,1959
TACGGACAGAACGCTA-1,GSM8576303_BM2,BM,v2,105,37,12443.0,5570,1.34212,0.2894337296485901,2.1827501010894776,1.9036500113351003,1.6804391098022462,0.24650779929027022,0.17051391935321153,0.04257881709507533,-0.23065181111293984,-0.47453112547738213,-0.33056148802898966,-0.7760956744562517,-0.13234124407672243,0.546306438446045,0.02253166198730472,1.2606194429397584,0.19618782997131348,1.5396845054626465,0.08742312908172609,651,2275
TACGGCGAACAGGTCG-1,GSM8576303_BM2,BM,v2,91,93,13428.0,5618,2.0703008,0.18865681409835816,2.261223039627075,1.7057317461286272,1.5008385594685874,0.43280104365214767,0.20113965771489623,0.18479982342038836,0.017024477534346827,-0.2986957969665527,0.04409045723068672,-0.5650060629456064,0.02264259737038543,0.921241283416748,0.016694889068603502,1.2762159509658813,0.28612266222635907,1.7839197667439781,0.009678676525751745,1253,2014
TACGTATGCCACGACT-1,GSM8576303_BM2,BM,v2,47,155,3590.0,2333,2.6183844,0.04326343297958374,2.8702987289428714,1.843037327357701,0.9224866485595704,0.7788461164298307,-0.34131217864622554,0.7778267111097064,0.2620890049772384,1.1484422694614955,0.39347390764688395,0.7889014908817106,0.07402547093845854,1.196487274169922,-0.21098822116851812,1.6457282238006592,0.10465627988179524,2.4146169662475585,-0.10205729802449544,1918,1196
TACGTTCCTTAACTTG-1,GSM8576303_BM2,BM,v2,54,134,18835.0,6855,1.2211308,0.06806463301181792,1.2750094223022461,1.692839573451451,2.1943025080362952,0.5377263831326282,0.029362942799028124,-0.1489335429668427,-0.20898091998004642,-0.2678849064963205,-0.3289130579036882,-0.5455160673604145,0.03245277109905034,0.42209388732910147,0.16733479022979736,0.5511151585578918,0.03622745434443156,0.8721120643615723,0.12387883742650349,1693,1327
TACTAAGGACAACGTC-1,GSM8576303_BM2,BM,v2,99,23,8192.0,4335,1.7944336,-0.039102328121662144,2.4162623500823974,1.4479619053431918,1.8256231562296548,0.23921449404643724,0.03313395119369955,0.04552138430731634,-0.1562056467760502,-0.6283665161132812,-0.31957130774436704,-0.6981715500526209,-0.14645319177000315,0.6890499114990235,0.026843435764312695,1.5055857830047608,-0.0017211441198984878,1.9315608723958335,0.02865792870521544,501,2163
TACTAGACGATGTAAC-1,GSM8576303_BM2,BM,v2,81,75,9582.0,4359,1.4923816,-0.061828070282936104,2.3771963214874265,1.7285505458286832,2.053583234151205,0.04170172473034228,-0.29872847677166275,0.056649610655648386,-0.22363589354533425,-0.481918239729745,0.006060641453448035,-0.5912931768914769,-0.12571795674778471,0.27347732543945313,0.20145165205001836,1.2132099018096925,-0.15402140299479167,1.7999678548177085,0.21060026407241822,1059,1829
TACTAGTAGGAAGTTG-1,GSM8576303_BM2,BM,v2,83,103,14280.0,5701,2.114846,0.012723690271377569,2.4303970050811765,1.809502705165318,1.5955547205607095,0.6460808328835361,-0.05653592381611405,0.46071604728698734,-0.014612931967074416,-0.23124092755998882,-0.07642672483222074,-0.4444774239541014,0.2617210848105148,0.6123235321044922,0.23877073764801027,1.3061478462219238,0.04120519797007244,2.0119447708129883,-0.07415038426717123,1360,1866
TACTCCGTTGCAGCCT-1,GSM8576303_BM2,BM,v2,104,12,10556.0,4495,1.3452065,0.14060938358306885,2.69809476852417,1.523967056274414,2.401706937154134,-0.035876000741399405,0.202380207989726,-0.0219021884032658,-0.20722704776915382,-0.35268322086334225,0.006013214348789209,-0.694202795124694,0.03723846071632801,0.15153176307678218,0.27483183860778804,1.5994362230300903,0.11199078639348348,2.091294263203939,-0.0883679453531901,383,2256
TACTTAACTTGCCTTC-1,GSM8576303_BM2,BM,v2,96,32,12838.0,5412,1.5422964,0.11827584266662597,2.5313570785522463,1.952389940534319,1.914186108907064,-0.04825792015795727,-0.01185770658535723,0.28870853321892875,-0.2156895029461877,-0.25414823968069894,0.1300447293553486,-0.4656988849804477,0.11180028167918454,0.5990321731567382,0.4255534934997559,1.4608345375061036,0.19245736440022784,2.084159393310547,-0.002565772533416749,598,2108
TACTTAGACAACTCGC-1,GSM8576303_BM2,BM,v2,94,72,9197.0,4550,1.3265195,0.14594605326652527,2.332428350448608,1.602915485927037,1.6895430628458656,0.4478663613039806,-0.20096466805287905,-0.09798337187085837,-0.3628656338142461,-0.5663473510742187,-0.2922901295753846,-0.9658502156302433,-0.011252707911589221,-0.05898878097534177,0.10499707937240599,1.4367354116439819,0.1148226300875346,2.0818248240152992,-0.13103235880533853,1027,2070
TACTTAGATCATTACT-1,GSM8576303_BM2,BM,v2,39,205,283.0,267,3.8869257,-0.026946003437042235,1.6352878379821778,1.0408959061758858,0.28087917645772303,-0.1731470100372192,-0.12986026135793172,0.8990495184489659,-0.07206189939832278,0.4091019466945103,-0.014428917183933488,0.4897349939136011,-0.03616913213025803,0.6747782516479492,-0.21556802749633788,0.30538802647590635,-0.03592800458272298,0.3045831251144409,-0.03592800458272298,2455,1047
TAGAACCTGTGCGGTG-1,GSM8576303_BM2,BM,v2,63,123,293.0,237,3.0716722,-0.03559046745300293,1.9352519702911377,1.4800514929635185,0.5728510411580404,0.5217076516055678,-0.07146680594448104,-0.13853515625,-0.1083385718927684,2.2019948457990375,-0.1000535344503012,2.1491889066687024,0.0,-0.07457499504089356,0.8151866912841796,0.9535123119354248,-0.023726978302001954,1.0430177688598632,-0.011863489151000977,1575,1494
TAGAATTCAATCGCTA-1,GSM8576303_BM2,BM,v2,106,6,7581.0,3842,1.635668,0.09649289190769196,3.282058639526367,1.3451238141741073,1.6877183151245116,0.4040903394002034,-0.09005090811439992,-0.042264424732753214,-0.09265755821435706,0.1939793635777065,-0.11747591706164867,-0.3094700091408631,0.032264086624119906,0.49191053390502926,0.13018359422683712,2.251321180343628,0.17644833962122597,2.8072652689615882,-0.09272724151611328,318,2294
TAGACAGTACAAGGCC-1,GSM8576303_BM2,BM,v2,24,204,678.0,518,7.079646,-0.034459919929504396,1.9200095272064208,2.0375977434430803,1.7943450546264648,-0.06908291889481755,0.2693874227268834,0.1795151550429208,0.2598670718614263,-0.13496963500976564,0.3376795192320184,-0.30046701111249474,-0.046254926079871674,0.3084500122070313,0.4187217473983765,1.0025678253173829,-0.036757246653238936,0.9438987604777018,-0.06432518641153971,2444,769
TAGAGTTAATGACAAT-1,GSM8576303_BM2,BM,v2,85,49,12088.0,5304,1.9937128,-0.06789430409669875,2.097202320098877,1.61870361328125,1.5137464396158853,0.3734192436478703,0.06251959505261734,0.06950428179332191,-0.06562281416129051,-0.4959560804367066,-0.38580251254709846,-0.7099370885558234,-0.06983746898254292,0.4733289337158203,0.34636399269104,1.0570806217193605,-0.08647522966066995,1.4844166946411133,-0.029366592168807992,780,1903
TAGAGTTGGTCTAATT-1,GSM8576303_BM2,BM,v2,102,46,10297.0,4790,1.544139,-0.1284845733642578,2.5042657089233398,1.4828963906424388,1.842133127848307,0.30239976266301777,-0.008197618912364701,0.08359682968684601,-0.03162475555488625,-0.45282499340602334,0.0038954311585330803,-0.5496628291312022,-0.03550752434497369,0.6254943847656249,0.25266336917877197,1.4508306016921997,-0.14959498087565104,2.174842109680176,0.25187835534413655,748,2219
TAGCCGCATTCTACTG-1,GSM8576303_BM2,BM,v2,53,153,2476.0,1646,2.6655898,0.11135787844657898,3.603019313812256,1.7473900168282643,0.701119499206543,0.25849224094406187,-0.0731532130512231,0.28063241549900597,-0.031532609750636015,0.2934019028799874,-0.2423767947767633,0.5692329927921752,-0.07597408038657784,0.6444757461547851,-0.4746558380126953,2.2784263191223144,0.20484057585398358,3.312852846781413,-0.05390541712443034,1897,1308
TAGCGTAGCTGACTCC-1,GSM8576303_BM2,BM,v2,40,196,1237.0,1031,2.9102669,-0.08826089859008789,0.08856407165527347,-0.3018113558632987,2.3427430725097658,-0.178252407824658,0.12810357945169176,0.5728678240094867,-0.15674616204291839,1.6248031289236886,0.44938204757659794,1.433523616077573,-0.05183107260889655,-0.34662799835205077,0.7456007528305053,0.3942896113395691,-0.09561597188313802,0.5433641179402668,-0.05884060541788737,2358,1066
TAGCGTAGGCCGGCAC-1,GSM8576303_BM2,BM,v2,97,13,9847.0,4759,2.7317965,0.017566187381744397,2.193666877746582,2.182958090645926,1.6396272404988608,0.775103526900571,0.6568441979172445,0.11896721703665603,0.17844014093615318,-0.14546930694580074,0.08944258776055763,-0.6872246519145435,0.30717645555534623,0.8088878631591796,0.28341883420944214,1.1510214595794679,-0.025243554115295427,1.9013360850016274,0.20703068097432453,393,2126
TAGCGTATCTACGGTA-1,GSM8576303_BM2,BM,v2,88,76,8892.0,4706,1.5856949,0.036958835124969475,2.4726052856445313,1.5401468222481862,1.6453522618611656,0.31954247405730096,-0.013154417361873894,-0.11575399313654217,-0.07075191939701764,-0.5943345336914062,-0.12264712843071507,-0.6935928510225173,-0.1509398646002648,0.2614395904541016,0.06623409271240233,1.5264379615783692,0.05836560249328612,1.7933502960205079,-0.13299840291341145,1070,1959
TAGCGTCTGTGATGTC-1,GSM8576303_BM2,BM,v2,51,171,993.0,826,2.5176234,-0.07813920974731445,0.3831873846054077,0.5382803399222238,0.08022305488586423,0.2857840061187744,-0.22275161743164062,0.5133983506475176,0.2101337195321082,0.049113022668021034,0.17573783531725165,1.8722130728819457,-0.08068064875250695,0.4335389041900635,0.4721208906173706,-0.13530645751953124,-0.06627065658569337,-0.34753185272216797,-0.03205711046854655,2090,1270
TAGCGTGCTTACCGGT-1,GSM8576303_BM2,BM,v2,104,22,9674.0,4749,1.8089725,-0.04058769434690476,1.3534217071533203,1.2153024618966237,2.266029853820801,0.12908333803276462,-0.011745353984340345,-0.06171965377671379,-0.15559629558589774,-0.4530134344782148,-0.4552512724236791,-0.7398997612104662,-0.020928854395993485,0.14017237663269044,0.14667523145675654,0.6637030658721924,-0.02064490278561909,1.1575233840942383,0.08767405033111572,490,2256
TAGCGTGGCGGATAGG-1,GSM8576303_BM2,BM,v2,61,143,3220.0,1917,1.2111802,-0.10945708274841309,3.145624485015869,1.7905469294956755,-0.15315841992696133,0.12818426683724643,-0.02768405593132331,0.6040075547354562,-0.06033303773749624,2.469996784755162,0.18947432510345336,1.9877404554006808,0.3075658550427035,0.6107014274597169,-0.46624107360839845,1.6008948822021485,-0.09320401509602864,2.4122992070515954,-0.07908053080240886,1789,1456
TAGCTAAGTCTGCAAC-1,GSM8576303_BM2,BM,v2,55,155,478.0,412,1.4644352,-0.06174844741821289,2.078930835723877,0.5949766976492745,1.46953644434611,-0.1530794810099774,0.33757798889212687,-0.11231350490025112,0.35496445771762697,-0.20454620361328124,0.40028575721035997,0.7370739824362706,-0.04369047984180834,-0.11141014099121094,-0.11141014099121094,1.5120929985046387,-0.04116563161214193,1.7089313634236656,-0.04116563161214193,1918,1345
TAGCTTACAGCGCAGC-1,GSM8576303_BM2,BM,v2,82,100,6385.0,3451,2.6938136,-0.08955550193786621,2.6234028625488284,2.1129483577183317,1.11633820215861,0.6598947498214291,0.2383616040372602,0.163568434715271,-0.37099126690096706,-0.4140730467523847,-0.28795736824652274,-0.12994279751727367,0.17480261796730018,0.6754091453552246,-0.02498280525207519,1.641050682067871,-0.14564441680908202,2.246308237711588,0.23398078362147015,1328,1847
TAGGAACCAAGAGCAA-1,GSM8576303_BM2,BM,v2,47,181,493.0,444,1.2170385,-0.07644886493682862,-0.34619136810302736,-0.23425477981567383,0.16346772352854405,-0.17735653612987104,-0.1677638593926487,0.3553345433303288,0.8797878377807467,0.7066085112435477,-0.13777860771700082,1.3758376296163177,-0.03303100278713559,0.5001174831390381,-0.24534841537475585,-0.13995167541503906,-0.09173863728841146,-0.23425477981567383,-0.02038636366526286,2197,1196
TAGGAAGACAGTTATT-1,GSM8576303_BM2,BM,v2,50,142,12386.0,5745,1.9861134,-0.031810120940208436,2.285745983123779,1.8211555371965682,2.004049186706543,0.5677906681734874,0.23501773353834915,0.11289504766464231,-0.23541235721262566,-0.33923042542593823,-0.1807998275182333,-0.6040488544383649,-0.0892688656013284,0.3031210327148437,0.1902225494384766,1.2645826435089111,-0.08569804469744363,1.8110754013061523,-0.02054943680763245,1778,1252
TAGGAATTAAGTTCGG-1,GSM8576303_BM2,BM,v2,55,145,4651.0,2644,1.99957,0.04557982325553894,2.6026414012908936,1.3390020969935823,1.6978084818522134,0.1760524334198978,-0.35032160502361004,0.032567208664757874,-0.1164935230476857,-0.04794189180646624,0.2929059152143548,-0.20638382720581516,-0.10185702535130034,0.12438798904418946,-0.0851952922344208,1.3503317785263063,0.0462530755996704,1.9294159571329752,0.11856738885243732,1811,1345
TAGGACAGGTACGCAA-1,GSM8576303_BM2,BM,v2,103,43,14016.0,5705,1.1272831,0.28296957969665526,2.533121566772461,1.4608464704241073,1.6534415690104165,0.15857033700828094,-0.10553846821590734,-0.09579493931361605,0.2293817370434642,-0.5629272284507751,-0.36197704196455005,-0.8585531771583045,-0.06661577792775711,0.497988052368164,-0.034646730422973615,1.5527811813354493,0.41572568257649745,2.1555759938557943,0.0018977892398834295,716,2238
TAGGACCGAGTAAGAT-1,GSM8576303_BM2,BM,v2,98,62,8309.0,4192,1.3720063,-0.023952178359031684,1.5309561538696288,1.8965099661690847,1.5473758824666342,0.5856746937855181,-0.1162290748890556,-0.03275276694978985,-0.07727378672671231,-0.3330244606563023,0.014164799188514321,-0.8106868396212248,0.006717452952640049,0.5153139495849609,0.1629256010055542,0.5598460149765014,-0.011349257628122972,1.1285176404317219,0.04585137764612833,920,2145
TAGGACTTGGCGGTAA-1,GSM8576303_BM2,BM,v2,27,207,21416.0,6846,1.461524,0.035135045051574706,2.532236385345459,1.6980793435232981,1.580707041422526,0.14276963735680026,-0.18596594393834665,0.10900134869984213,-0.0938954916929447,-0.5686204888820648,-0.037150212081081935,-0.49625793170837523,-0.06672148076479867,0.4885137176513673,-0.08110067844390867,1.3532578754425049,-0.037764414548873915,1.9960066223144532,-0.06231728494167327,2476,824
TAGGCAGATTCCAAGG-1,GSM8576303_BM2,BM,v2,62,122,309.0,279,1.618123,0.420891752243042,3.28619854927063,0.8836183874947685,0.20312080065409344,0.5114184474370566,-0.07315343067827952,-0.07661494663783482,-0.08688441935104764,2.379347148350307,-0.11541162820226217,2.357577926474815,0.46575189825443836,-0.14029725074768065,-0.17537157058715822,1.7375511474609375,-0.04676575024922689,2.772782128651937,-0.035074313481648765,1564,1475
TAGGCTAGACATTACG-1,GSM8576303_BM2,BM,v2,44,198,1307.0,1069,1.9127773,-0.07710310935974121,0.06670997142791746,0.8496410206386023,0.2729178428649902,0.15036846164718687,-0.20831884054773783,0.3225617333820888,0.09609058671343096,0.9271433922903878,0.10471057987596138,2.61630307359412,0.25031658741337454,0.30884656906127933,-0.3312688446044922,-0.26180450439453123,-0.11210848490397135,-0.4980617141723633,-0.05753834406534831,2380,1140
TAGGCTAGATACTCAC-1,GSM8576303_BM2,BM,v2,30,188,1063.0,767,5.738476,-0.035137667655944824,1.8468899345397949,1.8332784598214285,0.9494537925720214,0.18197890553608476,-0.23666263871403584,0.3106168733324323,0.1803307570349326,-0.2289215850830078,-0.24459955299714484,-0.3054888936497221,-0.0628862060956507,0.5989515304565429,0.21243718147277835,0.5888098516464233,-0.05465859731038412,0.48462244033813473,-0.04685022354125976,2272,880
TAGGCTCGTCTACACG-1,GSM8576303_BM2,BM,v2,84,96,6688.0,3554,1.5849283,0.006734448373317714,2.9330467796325683,0.9463045610700334,1.5945275243123374,0.9700089477630982,-0.09009603385739262,0.14393793957574025,-0.02562224918635614,1.1225111258370535,0.3222090422389019,0.8030730016165247,-0.12570958489539638,0.21750200271606446,0.11536771059036255,1.9313307094573975,-0.01079107801119486,2.393777872721354,-0.08664918899536132,1285,1884
TAGGCTGACGCCTTAA-1,GSM8576303_BM2,BM,v2,98,54,7105.0,3695,1.8296974,-0.0198731753230095,2.893012180328369,1.4013259669712612,1.6162674967447914,0.2551604523716202,-0.14587790167201747,-0.1431848704814911,0.023538672138421812,-0.27435203484126497,-0.25778204047057524,-0.682881918700978,0.020353451499774397,0.46200574874877925,0.364555230140686,1.842926971435547,-0.13018482208251952,2.5536671702067055,-0.11588925679524739,834,2145
TAGGCTGTCTTAAGAA-1,GSM8576303_BM2,BM,v2,95,79,7318.0,3697,1.475813,0.07751011550426484,2.606659564971924,1.661868351527623,1.8792071278889975,0.1456837673263856,-0.0015176845841618491,0.004383867808750663,-0.3670963844802113,-0.00037548773629325627,-0.1024106858245819,-0.7028098056666117,-0.09845003345668715,0.43615409851074216,-0.10976122856140136,1.5939722270965575,0.14188160816828407,2.17472843170166,0.08039820154507954,1102,2089
TAGGCTGTGGCTTCAC-1,GSM8576303_BM2,BM,v2,42,180,179.0,176,2.793296,-0.010101740360260009,-0.09450023651123046,-0.2088779640197754,-0.09450023651123046,-0.051431341822367596,-0.11634210793368788,-0.06926907130650112,-0.0694675500208464,0.5260166898454938,-0.016227695357847405,2.3253721738250235,-0.027118766067812106,-0.06061044216156006,-0.040406961441040036,-0.05122561645507812,-0.040406961441040036,-0.1684709930419922,-0.013468987147013346,2186,1103
TAGGTCATCCTTCGCA-1,GSM8576303_BM2,BM,v2,92,54,9846.0,4651,1.3406459,0.18230032682418823,1.634853448867798,1.5114191872732983,2.152133153279623,-0.018530032720910528,-0.03623758371848862,0.0062554022244044605,0.038842299020636795,-0.57033740234375,0.17341099302452728,-0.5409091529315864,-0.1389131738035471,0.41145950317382807,0.44601469516754155,0.8004881229400636,0.2855202452341715,1.2143823877970377,-0.11290461222330729,834,2033
TAGTATAACTCAACGT-1,GSM8576303_BM2,BM,v2,85,97,20007.0,6986,1.7193983,0.09573041081428527,2.4649956607818604,1.480141372680664,2.094020563761393,0.25470876693725586,-0.12041073439111671,0.130033860547202,-0.1996997885171185,0.8651774335588728,-0.24658873904661,0.2855520348992352,-0.14406348874904965,0.399703426361084,0.04696532726287839,1.6093455152511598,-0.028158757686614994,2.108314069112142,-0.06259127815564475,1296,1903
TAGTATCACCTCACAT-1,GSM8576303_BM2,BM,v2,40,190,5304.0,3395,1.9984918,0.04970324277877808,-0.22921725511550906,0.10945453916277204,0.1791983604431152,0.37110810586247583,-0.39434287442739707,0.35076948268072944,0.06963000617649923,1.4537474343436105,-0.3891176277375126,2.5591511090901307,-0.003966808090502538,-0.08925675392150872,-0.35262683153152463,-0.22985681557655335,0.10401482582092283,-0.4196141894658407,0.0312190294265747,2294,1066
TAGTCTGAGCTCGGAC-1,GSM8576303_BM2,BM,v2,94,84,1226.0,876,1.9575857,-0.08304283142089844,3.1199462890625,2.08900509425572,2.2039595921834314,0.18353509328451503,0.2395956457447746,0.36807798385620116,0.1239358938672335,-0.23794940185546876,-0.15374731347264056,-0.46928016611393664,-0.07644882458168388,0.5709111785888672,0.3536988735198975,1.808912530899048,-0.06643426895141602,1.9172315088907876,0.3247897593180339,1156,2070
TAGTGCCAATGTGGAT-1,GSM8576303_BM2,BM,v2,89,65,6907.0,3893,1.4767628,-0.02586471915245056,2.9442810821533203,1.437708511352539,1.7630597559611,0.04169453770281323,-0.35146062153888996,0.09147284575871056,-0.3189162552185933,0.053740712847028416,0.20699413138699824,-0.27605071872444187,0.09765841016833415,0.24407577514648438,0.3366331577301025,1.9903524532318115,-0.013598472277323387,2.457493324279785,0.14885751406351727,952,1977
TAGTGCGGTCAGACAT-1,GSM8576303_BM2,BM,v2,104,32,18507.0,6653,1.1779327,-0.030308239758014666,2.5141026401519775,1.5143680245535716,2.270429712931315,0.2680732466609603,-0.009636029524154821,0.1413822661127363,-0.33307855046532264,-0.29224223736354277,-0.18373880903404882,-0.3520742765666197,-0.0754350030925107,0.4277993392944336,0.19498753309249883,1.4288107204437255,-0.07260681966940563,2.1684948221842446,-0.12027482350667318,598,2256
TAGTTCGTGACAATGC-1,GSM8576303_BM2,BM,v2,99,15,11515.0,4943,1.5458097,-0.038280786573886866,2.0034505844116213,1.5096157291957308,2.181657346089681,0.3837924041901247,-0.159873866104765,-0.0324385832037245,-0.0023358077042619496,-0.380746787071228,0.24874618350262623,-0.6223865172549838,-0.10848078631714686,-0.030534963607788068,0.3253725099563599,1.1834146757125854,-0.02223536690076193,1.534318962097168,0.12444799661636352,415,2163
TATCAAGGTAAGTTGA-1,GSM8576303_BM2,BM,v2,52,142,2714.0,1811,1.9896832,-0.11196032524108887,3.1254723834991456,1.740250004359654,1.908467051188151,0.35441656763773843,-0.07376073785575038,0.12916313818522862,-0.2456608638380865,0.3109975722176688,-0.27746980353052836,0.8093316104702386,-0.08809652264486223,0.23273035049438473,-0.030879839658737196,1.6865944862365723,-0.138985226949056,2.3627154541015623,-0.05662360509236654,1778,1289
TATCACCATAGATAAC-1,GSM8576303_BM2,BM,v2,44,170,1707.0,1388,1.698887,-0.08664523124694824,0.9507580137252808,0.9074522726876395,-0.053808655738830535,0.18963296681522845,-0.2923742700293361,0.5553360792568751,0.3220750241312784,0.8550692836216517,0.3994512840447177,2.42912478094933,-0.11398502324251521,0.33499636650085446,0.7358787298202515,0.15164853596687317,-0.156094118754069,0.03483354091644286,-0.09317548116048177,2079,1140
TATCACCGAGGCTTAA-1,GSM8576303_BM2,BM,v2,87,77,4304.0,2741,1.394052,0.03419502675533295,2.813408107757568,1.7091409301757814,1.3502407582600913,0.15982240127272396,0.20000966472045756,-0.03016708408083235,-0.29802649205598586,0.5430819544110979,-0.38034020849021083,-0.13912167325115843,0.23636609344445847,0.1749831199645996,-0.6569222259521484,1.9980918598175048,0.07476529995600381,2.248044115702311,0.1107951029141744,1081,1940
TATCAGGAACGGTGTC-1,GSM8576303_BM2,BM,v2,83,59,19068.0,6615,1.3268303,-0.06888097375631333,1.9377407932281494,2.0333485412597656,2.0301748021443684,0.18912653463432588,0.0968889982209285,0.012988522733960783,0.03781203973795905,-0.59938818359375,-0.12948828241432525,-0.9342050232343225,-0.07514048622758596,0.522061996459961,-0.07105417490005494,0.9607083826065064,-0.09013436118761699,1.4110970306396484,-0.09767126719156902,887,1866
TATCATCTTGGAACCA-1,GSM8576303_BM2,BM,v2,73,127,438.0,287,4.109589,-0.02378242015838623,1.4363815116882324,1.1412685666765485,0.32338978131612145,-0.1179570883632185,-0.10727631136116733,0.23891461832182748,-0.10146928585019699,0.7775380581447056,-0.10187918115332423,2.516294184947174,-0.07369787741027423,-0.1918961524963379,-0.1196955394744873,0.2795302755832672,-0.08455972035725912,0.7741255029042562,-0.04813373883565267,1618,1680
TATCCGGTGGTAAGTG-1,GSM8576303_BM2,BM,v2,54,160,1154.0,849,2.7729635,-0.06965700149536133,-0.4988733673095703,-0.07595673833574568,-0.12077936967213948,-0.21362880722107178,-0.17461563784434614,0.12373714532170976,0.14316698853910045,0.8540009155273438,0.16327785440238127,2.019365438678921,-0.06304880436634858,0.22103484153747557,-0.3071351432800293,-0.1713570556640625,-0.12855195363362631,-0.29902334213256837,-0.11556163787841797,1972,1326
TATCCGTGTCAATCCT-1,GSM8576303_BM2,BM,v2,42,172,1699.0,1396,1.4714538,-0.16226955413818359,-0.3057950586080551,0.480017945425851,0.05172665913899743,0.04901645724553183,-0.020169731329996166,0.7257564353942871,0.33451312719384907,1.424058116367885,0.03756283636552743,2.181038683692881,-0.09064595011256685,0.8313971519470215,0.05491577267646791,-0.24458622741699218,-0.14561238606770832,-0.3649077224731445,0.2572617983818054,2101,1103
TATCGTTCACTAATTA-1,GSM8576303_BM2,BM,v2,103,1,30332.0,8068,2.2649348,-0.06401765793561937,2.176166563034058,2.001615982055664,1.9146282958984375,0.5474068926998888,-0.08346599323340553,0.12776249238422943,-0.03755234783904943,-0.46123217133113315,-0.005773115349581914,-0.5929869828265328,0.05985877315012855,0.7306148147583008,0.2382553100585938,1.1599053297042847,-0.1272374341885249,1.846186892191569,0.0831415875752767,265,2238
TATCTAACAAGTTCTG-1,GSM8576303_BM2,BM,v2,55,165,247.0,232,3.2388666,-0.03725351810455322,0.9971387815475464,1.4315332875932967,0.8870162200927735,-0.08976750967493019,-0.044883758667482426,-0.06386317116873605,-0.07667187360091332,-0.08940843963623046,-0.07480625933911426,0.6322480985325113,-0.03750354331611787,-0.055880279541015626,-0.055880279541015626,0.36135913133621217,-0.04967135747273763,0.37572263399759925,-0.04967135747273763,2026,1345
TATCTAACTGCATTAT-1,GSM8576303_BM2,BM,v2,61,147,606.0,537,1.6501651,-0.09302459716796875,2.373170928955078,1.1566164725167412,1.5605781046549478,-0.1750947576928809,0.20198638946655764,-0.24750342232840403,-0.1415941517127619,1.3345662645612444,-0.16093227279234124,0.9688945474926373,-0.057630103706513475,-0.1860491943359375,-0.16074703216552735,1.4259724836349488,-0.03816393534342448,1.7211498769124352,0.8968524805704752,1832,1456
TATCTACCACTAAGCT-1,GSM8576303_BM2,BM,v2,60,134,399.0,341,4.010025,-0.016302517652511596,2.7199012184143068,1.5123625019618445,1.3720866584777833,0.4386621215736052,0.34793669248680514,-0.1707478768484933,-0.07781297634529179,2.104559025355748,0.4124733439411025,1.0060083731251732,-0.043765148060433814,-0.14672266006469725,-0.2153015899658203,1.6943596897125244,-0.010868345101674398,2.159138298034668,-0.04347338040669759,1693,1438
TATGACGCTCAGACCG-1,GSM8576303_BM2,BM,v2,106,32,22062.0,6882,1.1105067,-0.04002325236797333,1.3596906089782714,1.328531832013811,2.480806452433268,0.011455156716955739,-0.12735232825396875,0.08294150318418225,-0.19323029988523494,-0.5406604351997375,-0.3200117007316834,-0.7687450054165044,-0.03602036413730392,0.4453264236450196,0.45867833137512204,0.6614891176223755,-0.08573663830757142,1.055290444691976,0.11570442994435629,598,2294
TATGCAGACTACCACT-1,GSM8576303_BM2,BM,v2,45,173,1012.0,836,2.7667985,-0.10144992828369141,-0.17845201134681704,-0.2569136769430978,0.028693391482035258,-0.31443884669537525,-0.25691947783811026,0.6424466323852539,0.5429107564129011,0.22959452547345843,0.09131126758085195,1.171900775722895,-0.07209232509536231,0.18165493965148927,-0.307691764831543,-0.1986024169921875,-0.06580855051676432,-0.4682150650024414,-0.05785168965657552,2111,1159
TATGGCCAATTAGAAT-1,GSM8576303_BM2,BM,v2,109,27,13030.0,5560,1.1511896,0.14892868280410768,2.0332062339782713,1.8172871616908481,1.9848404820760093,0.3939198662478282,-0.2594914116260312,0.2398301611627851,0.12215344924395855,-0.605323974609375,-0.019529875981281086,-0.7656343346702744,0.019401969982816514,0.5469304275512696,-0.009761962890625031,1.177352445602417,0.24621333122253417,1.5987599945068358,0.1599888515472412,544,2349
TATGTACAATCAACGG-1,GSM8576303_BM2,BM,v2,45,185,810.0,654,1.6049383,0.2915091824531555,-0.3506114959716797,-0.39354667663574217,0.0812539577484131,-0.16406148887542357,-0.2160934693363297,0.4348887872695923,-0.14114991983233346,0.6290424679347447,-0.14054389555291477,2.5105301627491032,0.30930345056155273,-0.21548736572265625,-0.2835419845581055,-0.23857850646972656,0.308759921391805,-0.335173225402832,-0.051823851267496744,2240,1159
TATGTCCAACCGTCCT-1,GSM8576303_BM2,BM,v2,79,69,14627.0,5887,1.811718,-0.15013570785522462,2.3429424571990967,1.9716967228480746,2.1513298161824546,0.6538665897874948,-0.0525850401619557,0.14048564842769073,-0.18138030753289877,-0.3212882033756801,-0.21784044724391644,-0.5943938515444616,0.08369349038955234,0.5448991775512696,0.16662784576416012,1.2201457271575928,-0.19399501800537108,1.650841725667318,-0.015244654814402264,995,1791
TATGTCCATCTAACAG-1,GSM8576303_BM2,BM,v2,33,197,1850.0,1215,2.108108,-0.07428567409515381,2.343165884017944,1.7307816968645369,2.7312047576904295,-0.28089613703838795,0.2422575004061132,0.29282307147979736,-0.21854398448692694,-0.02852241161891389,0.5122774173935734,-0.456884755384202,-0.0643734707928344,0.2146554851531982,0.435579035282135,0.7004128561019898,-0.07013478597005209,1.3074038632710774,-0.08047615051269531,2369,936
TATGTCGCGTCTAGGC-1,GSM8576303_BM2,BM,v2,94,68,6467.0,3626,1.3916808,-0.10514768600463867,2.169635171890259,1.438501292637416,2.026857172648112,0.6304682488422316,0.03351719736437375,0.3362238465036665,0.06565330011943205,-0.256298248563494,-0.38923819668321724,-0.48735620785765316,0.14144054400955158,0.4624520111083984,0.1422168970108032,1.1835241022109986,-0.14810592651367188,1.8027208518981932,0.21956963062286375,984,2070
TATGTTGGACTCAGCA-1,GSM8576303_BM2,BM,v2,101,25,16921.0,6423,1.3178891,-0.16085128784179686,2.51688325881958,1.0916195460728237,1.8165590413411459,0.7107209029446645,-0.05170055524549194,0.4693250860486712,-0.37168748740821994,-0.05712543106079104,0.16313099143016768,-0.43901555421596977,0.12652791243614425,0.4502241706848146,0.16225789546966551,1.8197775688171387,-0.1523073959350586,2.1917030715942385,-0.04091317812601725,522,2201
TATGTTGGCTGGCTGA-1,GSM8576303_BM2,BM,v2,39,189,4573.0,3010,1.946206,-0.17225885391235352,0.395419511795044,1.262421095711844,0.5842734909057617,0.5281274672971672,0.0051168370917140105,0.8169661392484393,0.48656544839559984,0.6645786514282226,0.8311470244304244,1.4755703724013536,0.04188049799643907,0.3559910392761231,-0.31108379721641544,-0.3650765686035156,-0.19043919881184895,-0.5063580091794332,-0.11165660858154297,2283,1047
TATTAGGTACGGCGAT-1,GSM8576303_BM2,BM,v2,77,91,13198.0,5710,2.6064556,0.1946461832523346,1.6568179035186767,1.5084137834821427,2.174251467386881,0.33786508357189743,0.018704254601238368,-0.013450911045074454,-0.25664461239702724,-0.48041868604932514,-0.3483118570473299,-0.8482880931229742,0.18050891966742044,0.343828067779541,-0.012231409549713135,0.7862501468658447,0.03554545323053995,1.0735912322998047,-0.008872711261113483,1231,1754
TATTCAGAGCCAGGTT-1,GSM8576303_BM2,BM,v2,101,61,18446.0,6254,1.4637319,0.08018934249877929,2.3091721725463867,1.9184993961879184,1.651688435872396,0.27207411628171624,-0.14722636521580706,0.24483262266431538,0.09278947078347255,-0.560403633253915,-0.10733358208912924,-0.7140452566905766,0.19930894674299318,0.7147003364562988,0.2486136889457703,1.2308069610595704,0.049015095233917255,1.8784264755249023,-0.03765153447786966,909,2200
TATTCCATAGCTGTTA-1,GSM8576303_BM2,BM,v2,95,21,19169.0,6828,1.7006625,0.07185691595077515,2.4853822994232178,1.6671815490722657,1.9450080998738608,0.2123329084082301,0.07962699026741388,0.14811079161507745,-0.028879343072654662,-0.3928176788602556,-0.15732674522093498,-0.6831907885415214,0.006042617622295021,0.2935316467285156,0.22583443164825434,1.5185783853530883,0.03769155899683635,2.0731418100992838,0.07187769571940104,479,2089
TATTCCGTTCGATACG-1,GSM8576303_BM2,BM,v2,42,188,5152.0,3251,1.6304348,0.12526745557785035,-0.37003297924995426,0.6089445713588171,-0.6703158648808798,0.12363171242327092,-0.09123020888879524,0.8364249352046422,0.6122705851526373,1.1187171543666294,0.8335474638575053,2.538676908352231,0.034325728366153246,0.564416103363037,0.33890224218368525,-0.05389881563186644,0.15649678230285644,-0.6113875198364258,-0.1045262336730957,2272,1103
TATTCGGAACAATTCA-1,GSM8576303_BM2,BM,v2,90,68,2410.0,1772,1.701245,0.5942186880111694,2.864434337615967,1.6541487993512836,1.9735615412394205,0.09592205740840559,0.31424288741487644,0.23006737334387645,-0.03481825096803373,-0.14186927768162322,-0.37019865962874937,-0.21027148215677,0.41127117002456093,0.14669858932495122,-0.02366623997688294,2.019031093597412,0.5519230842590331,2.431276435852051,0.161917564868927,984,1996
TATTCTCAATCCGGAT-1,GSM8576303_BM2,BM,v2,102,30,3463.0,2239,1.6459717,0.24980613589286804,2.3196349906921387,2.018078188214983,2.4465539423624674,0.5870702783745456,-0.030951362400306603,1.0900174692698887,-0.05265793764244761,0.005498115812029136,0.4162902391579256,0.095863626650173,-0.09604754863969432,0.5981284713745116,0.3365701007843017,1.6231047763824462,0.3557050244013468,2.176007181803385,-0.09689828236897786,576,2219
TATTCTCGGTTGGTTC-1,GSM8576303_BM2,BM,v2,36,188,3018.0,1779,1.6235918,-0.1402900218963623,0.3328358960151673,0.3488925961085728,-0.4201610056559244,0.47980238634898487,-0.29191307466192895,0.594304210458483,-0.015078469275257106,1.601261021205357,0.6414310941734468,1.271437564495083,-0.06950480825949035,0.12655023574829105,0.6160668039321899,0.11333813476562499,-0.1549756876627604,0.07893294016520186,0.14237423578898112,2272,992
TATTGGTATCGCCTGC-1,GSM8576303_BM2,BM,v2,58,150,7836.0,3948,1.225115,-0.09175605773925781,2.2312564945220945,1.6148737880161832,2.4393883641560876,0.04365050792694092,0.09927157896110811,0.05007219808442254,-0.18216809670650902,-0.28651980672563826,-0.2903857057592476,-0.6301922648430784,0.009629972314788876,-0.11775446891784669,0.05575168371200556,1.2070893144607544,-0.15820842742919922,1.727501138051351,0.09486939509709676,1864,1401
TCAACCATAGCAGACA-1,GSM8576303_BM2,BM,v2,48,158,413.0,393,2.6634383,-0.042024827003479,0.33029311418533325,1.1796824210030692,0.556805804570516,0.5307249884050056,-0.054548462710706104,0.30198892389025006,-0.04623728973476115,0.7386788199288505,-0.11665166525476908,0.2444502729011748,-0.05415038294440148,-0.13246009826660157,-0.13246009826660157,-0.080149169921875,-0.03227362632751465,-0.292042121887207,-0.021515750885009767,1950,1215
TCAACCTGAGATAACA-1,GSM8576303_BM2,BM,v2,31,193,1529.0,1129,3.1393065,0.1666707682609558,1.3835656833648682,0.819309823172433,1.181976973215739,0.818504571914673,-0.23314919529190983,0.3264700753348214,0.38984153449315795,1.2862764957972936,0.6617980223582931,0.49239227252861456,-0.06101431622601196,0.46600296020507814,0.6377243709564209,0.8021522731781006,0.23569602648417154,0.8327624066670735,-0.013468345006306967,2326,899
TCAACCTGTTGGAGCC-1,GSM8576303_BM2,BM,v2,77,83,14437.0,5784,1.6208354,0.01847656011581421,2.8008666229248047,1.56767087663923,1.7123357645670572,0.36532927325451714,-0.05888210598655086,-0.017186578852789736,-0.03937657300048908,-0.5389858935219901,-0.21887743281552113,-0.8243959297498372,0.1959796879915583,0.22414801597595213,0.2057171368598938,1.7178581047058106,0.02035528500874839,2.3973940912882483,-0.03590271155039469,1145,1754
TCAAGGAAGAGCACAA-1,GSM8576303_BM2,BM,v2,30,218,14330.0,5821,2.4842987,0.0132903414964676,2.1762557220458985,1.7758224487304688,1.6433917872111001,0.7584353642291333,-0.09588414174143911,0.5877101741518294,-0.03810826433129455,-0.2944363599504743,-0.45050946584188317,-0.39139023266039785,-0.010558727717925362,0.7967613792419435,-0.08031347274780276,1.1769691314697266,0.03313465515772501,1.8429834747314453,0.08931008497873943,2594,880
TCAAGGCCTAACCGGA-1,GSM8576303_BM2,BM,v2,56,132,6362.0,3741,1.4775227,-0.020912046134471896,2.6911737251281735,1.7426188441685269,1.4538103866577148,0.6393254013904126,-0.08359647741005877,-0.008240460668291372,-0.22182818887373293,2.1457755759102954,-0.1248506343508341,0.9076559500177663,0.0001795795368439712,0.026729106903076172,0.21941123485565184,1.6991314125061034,0.026686668793360402,2.3985250854492186,0.03979944904645284,1671,1364
TCAAGGCGGAGGCAGC-1,GSM8576303_BM2,BM,v2,86,88,7995.0,4392,1.6635398,0.055057156085968006,2.7663779640197754,1.4251029750279018,0.8886293156941734,0.10103484808680524,0.10984219112275861,-0.04366761888776505,-0.22238333548281553,1.2103300824846541,0.3977078510575506,0.2629138730744959,-0.1257761500825818,0.45279537200927733,0.15412412643432616,2.038036516189575,0.08827269554138181,2.5008435821533204,0.030949104626973464,1199,1921
TCAAGGCGGATTACCG-1,GSM8576303_BM2,BM,v2,89,85,7010.0,3622,1.3694723,0.2439543616771698,2.8391223526000977,1.1952226693289623,2.1139814631144205,0.43239659286407106,-0.10047797314134466,0.25352214983531407,-0.3628791874664219,0.4528388442993164,0.19978696419053293,-0.019397310419713487,-0.09947977770094904,0.34336277008056637,0.26601099967956543,2.0494800281524657,0.30242770989735923,2.280482037862142,-0.0869970703125,1167,1977
TCAATAACGGTTACCG-1,GSM8576303_BM2,BM,v2,115,7,7702.0,3807,2.3370552,0.012324318587779992,3.019652442932129,1.4216685812813894,1.42645144144694,-0.11485355517950402,-0.11689252013525464,0.2792377747808184,0.07796233431316035,-0.3211632661819458,0.38787936206802304,-0.15789373311877597,0.13885670711758724,0.17554149627685556,-0.2945276439189911,1.8190681896209717,0.027105362812678016,2.3463205973307293,0.19930438915888465,329,2461
TCAATTCCGCACGGCG-1,GSM8576303_BM2,BM,v2,100,6,20229.0,6846,2.4667556,-0.00024203181266785334,2.2493330764770505,1.7129596819196429,2.087414754231771,0.7970831978273201,0.06245421528884615,0.15507951532091413,-0.05676134072802275,-0.5520042250497,-0.03137659356297262,-0.7487442596303879,-0.01890389854133072,0.6007393264770508,0.230738480091095,1.2382474842071534,-0.05226550102233887,1.743142375946045,0.13512696981430056,318,2182
TCAATTGCAAGACCAA-1,GSM8576303_BM2,BM,v2,80,98,2754.0,1675,2.6870008,-0.06897557735443115,2.965988464355469,1.8229208700997486,2.0821771494547523,0.616513783673206,0.20740557127277942,-0.013282077993665431,-0.23354459833620614,-0.44386663818359373,-0.27163040590094756,-0.6151086692041998,0.14181618665345908,0.6482703399658203,0.3621504855155945,1.5970045051574706,-0.08685813268025716,2.4526736958821616,0.19540346384048463,1306,1810
TCAATTGGCCGGATGT-1,GSM8576303_BM2,BM,v2,103,9,13605.0,5582,1.4332966,0.10539369106292726,2.6373873233795164,1.7210962568010604,1.8050312678019205,0.15503553980325596,0.27728566942855126,0.0002524209022521928,-0.2079364049156523,-0.2047012062072754,-0.4083953305899379,-0.5886461353027694,0.1746898159198999,0.6970330047607421,0.5332591152191162,1.581565689086914,0.026942464510599784,2.123241055806478,-0.12637860616048177,351,2238
TCACCGCTGCTCAGTT-1,GSM8576303_BM2,BM,v2,32,200,21516.0,6663,1.412902,-0.09219441577792167,2.274639148712158,1.500083203996931,2.258559087117513,-0.01816184166444834,-0.13079591872564894,0.21272698640823362,-0.20049672857738154,-0.27974112020220077,0.32591817465173195,-0.47726055256815225,-0.016466073027507452,0.5031615638732909,0.6102029323577881,1.2800095529556275,-0.1452480443318685,1.7626132202148437,-0.059996454517046605,2401,917
TCACCGGTCCGGAGAA-1,GSM8576303_BM2,BM,v2,48,146,22470.0,7542,1.6154872,0.04113921165466308,2.247461280822754,1.5868450818743025,2.033838551839193,0.8084392432706902,0.1710858552946965,0.19547675813947407,-0.027162905555253525,0.45047516250610353,-0.06135320041074327,-0.26033403592278836,-0.10294989651481576,0.43904094696044915,-0.025269255638122545,1.3034411554336547,-0.06628882646560669,1.7893196105957032,-0.058397156000137326,1821,1215
TCACGCAGGATCGGTA-1,GSM8576303_BM2,BM,v2,104,36,10033.0,4734,1.3555268,0.1213182419538498,2.216375141143799,1.4687285396030971,2.203094113667806,0.34097399577558285,-0.08754456925515258,0.17255150011607578,-0.15977960749332212,-0.33522103200639997,-0.264564464848683,-0.5521912844503372,-0.09536898056132681,0.4660777282714844,-0.006775951385498025,1.1998272886276244,0.04920962492624917,1.736353670756022,0.24719631830851235,641,2256
TCACGCGTATTCACGC-1,GSM8576303_BM2,BM,v2,101,3,14881.0,5795,2.244473,0.14158743023872375,2.4655980110168456,1.8036322784423828,1.8296897252400717,0.45898240828609843,-0.26436945869535533,0.22493500096457342,-0.1396894875579909,-0.4271993528093611,-0.15107844297186912,-0.5711765677908351,0.01682731060602291,0.8179044151306153,0.30145163059234614,1.4851778240203857,0.11559757232666015,2.1342675654093424,0.13266576766967772,286,2201
TCACTACAAGGCATAA-1,GSM8576303_BM2,BM,v2,93,51,11029.0,4979,1.2149787,-0.11588058471679688,2.0592592811584476,1.4295116751534596,2.2428083674112953,-0.16803206353781214,0.05621776892683389,-0.06076229163578578,-0.08749382280200607,-0.5042673642975943,-0.1155012214040182,-0.7803470151765006,0.0314993193142709,-0.07335449218750001,0.30816252708435055,1.0198360767364503,-0.13856427510579428,1.6717257499694824,0.02010915398597718,802,2052
TCACTACATACGAGAA-1,GSM8576303_BM2,BM,v2,29,193,2851.0,1836,2.5955806,0.09410947859287262,2.4190831470489504,2.188525063650949,2.3075338490804036,0.022357700340240372,-0.15406433488196913,0.2907819356237139,0.16339321083774633,0.1933050662449428,-0.28940551635251943,0.019540250472803056,0.11211876272583739,0.2192212104797363,0.4775930976867676,1.2479378452301026,0.14865657885869343,1.7936135164896645,0.16371410449345908,2326,861
TCACTCGAACCTTGCG-1,GSM8576303_BM2,BM,v2,45,199,901.0,732,2.7746947,0.2617759931087494,-0.18524313092231748,-0.1298852007729666,-0.08136376857757566,-0.17927552801538185,0.23695708046134561,0.7613294621876308,0.19750347236995566,-0.27508172607421877,-0.1566845078066171,1.8913338204929724,-0.058562861192946465,0.6488050651550293,-0.4107645034790039,-0.1685860137939453,0.3136234521865845,-0.43618087768554686,-0.06648279190063476,2391,1159
TCACTGTAGCGGTTGT-1,GSM8576303_BM2,BM,v2,45,163,903.0,689,1.7718716,-0.05144855499267578,0.7417104530334473,0.2408061926705497,0.5468929100036621,0.4977286943948891,-0.16807546960302147,0.5389291105951581,0.5978948497108588,1.3794375762939453,-0.23794050101774283,1.932944419400004,0.29735216175492635,0.3675604057312012,-0.29819072723388673,0.49522163581848144,-0.0707675806681315,0.41575860341389975,-0.01660713831583659,2004,1159
TCACTGTCGCAATGGC-1,GSM8576303_BM2,BM,v2,35,201,2104.0,1539,2.3764257,0.09171659409999847,3.1426089286804197,1.6108717673165456,1.9427764892578125,-0.189811492061998,-0.20870242444386922,0.48353237254279,-0.009691994403943721,0.7731397683279855,0.1726568487274599,0.703889095200331,-0.09394337186877359,0.9139937019348143,0.4416797614097595,1.696996738433838,0.15145039796829227,2.3947533671061194,-0.10115683237711588,2412,973
TCACTGTCGCACGATA-1,GSM8576303_BM2,BM,v2,30,214,23481.0,7191,1.6694348,-0.0010566836595535256,2.376261024475098,1.7442556326729908,2.101372350056966,0.20004238469533658,-0.22373043246058577,0.17570926836558753,-0.143984079556147,-0.5676683807032449,-0.25654069965622994,-0.6079346236423702,-0.031925298737885285,0.6577535438537598,0.17585654735565182,1.3226307249069214,-0.10112000524997711,1.9262700144449867,0.09724037885665894,2551,880
TCAGAACTATACCGAC-1,GSM8576303_BM2,BM,v2,108,42,14007.0,5171,1.9061897,-0.03438025027513504,2.5043765449523923,1.8372761426653181,1.9619817479451498,0.36578861872355145,-0.16267265838517997,0.09276031732559209,-0.10886672701544806,-0.26759664181300574,-0.22386431287091418,-0.7615866122744114,-0.02685095988435461,0.610085277557373,0.2272435092926025,1.4027656469345093,-0.04573062300682067,2.083267148335775,-0.0906619389851888,705,2331
TCAGAACTGTAACATA-1,GSM8576303_BM2,BM,v2,90,48,1989.0,1408,1.4077426,-0.07185431480407715,3.0879240798950196,1.477228557041713,1.8420296478271485,-0.30031809366371737,-0.20980531623564572,0.37499999148505075,-0.25539540288099927,-0.1335719086783273,0.20082740850716713,-0.05214890949106632,-0.09042069735943072,0.24576984405517577,0.13585193872451784,1.6157574396133423,-0.07185431162516276,2.2408248647054037,-0.05389073053995768,769,1996
TCAGACTCTAGGCTGT-1,GSM8576303_BM2,BM,v2,80,74,10718.0,4754,1.5487964,0.06259099721908569,2.3989793109893798,1.9237437438964844,2.087115809122721,0.07469636034295268,-0.08367041069682957,-0.08717884608677451,0.06293675394952175,-0.59664599609375,0.1421910763744369,-0.8085915475426562,0.13088455856246436,0.24603744506835934,0.29153017520904545,1.2355827846527099,-0.012726149559020988,1.748564542134603,-0.009300309816996255,1048,1810
TCAGATTACATGACGA-1,GSM8576303_BM2,BM,v2,67,131,499.0,331,2.4048095,-0.03213703393936157,1.8471760749816895,1.6561365931374685,0.8832780520121257,-0.13758117798341804,-0.13458120200528678,-0.14217442103794642,-0.10766572050515423,0.826050900050572,-0.07340792767015326,3.6211898964637763,-0.025716549598130602,-0.1659564971923828,-0.12185715675354004,0.30768934869766235,-0.050773817698160806,1.0473088073730468,-0.05527381261189779,1660,1568
TCAGCTAGATGGACGC-1,GSM8576303_BM2,BM,v2,37,191,535.0,445,2.4299064,-0.05215335845947266,1.3921369409561157,2.364671412876674,0.14272921244303383,-0.18489045598899503,-0.13969634335682574,0.9964572416033064,-0.09584394088788839,0.22700027847290039,0.9096167403531362,-0.2489741792614828,-0.02000128662826231,0.43212779998779294,-0.20861339569091797,-0.13646784973144532,-0.08940575281778972,0.34949837366739905,-0.029801915486653646,2305,1010
TCAGCTCACCAGTGCC-1,GSM8576303_BM2,BM,v2,53,167,470.0,418,2.5531914,-0.038794207572937014,0.549336290359497,0.7078089496067592,0.4690466086069742,-0.1327624952936747,-0.17992594155920558,0.6498271097455706,-0.07306229009327711,-0.169473876953125,0.45224353300040987,0.9212034578405656,-0.08331641894858956,-0.18614814758300782,-0.23270118713378907,-0.09230721282958984,-0.031035366058349608,0.3356683476765951,-0.04585013071695963,2047,1308
TCAGGAGCTAGAACGC-1,GSM8576303_BM2,BM,v2,104,4,9117.0,4124,2.1607985,0.12693073153495787,3.023090496063232,1.89260251726423,1.3990608596801757,0.25674035367237996,-0.17268420695164252,0.2547048885481698,-0.052879629884642565,-0.022815983091081904,0.18910386524047235,-0.241975188598194,-0.011205146148129369,0.816288948059082,0.17740046739578252,2.098754814147949,0.2162168741226196,2.5842837397257483,0.17349749485651653,297,2257
TCAGGTCTAAGGCCGA-1,GSM8576303_BM2,BM,v2,110,12,8654.0,4207,1.386642,-0.038233119547367106,2.0471208572387694,1.4718675013950895,1.5421131134033204,-0.032321170630704,-0.21797086757554862,0.22555035863603862,-0.12803382230400306,-0.4886448991639274,-0.12898330779439476,-0.8381559640769191,-0.11889848133061556,0.7134869384765624,-0.055199372768402144,1.1278955497741698,-0.011013287305831898,1.5839607493082681,0.02369917352994283,383,2368
TCAGTCCGCCACTCTT-1,GSM8576303_BM2,BM,v2,101,37,16191.0,6074,1.2476068,-0.04620344221591949,2.389481430053711,1.5041214098249163,1.956806386311849,0.377987661514895,0.1463576071712387,0.11124227557863509,-0.24129559497973788,-0.369098858152117,-0.2601344963632912,-0.47230730715099706,-0.12231783258834941,0.34339012145996095,0.16919753313064578,1.5910397663116456,0.030459797382354742,2.0006216049194334,0.04062989433606466,651,2200
TCAGTCGCGACCTGAG-1,GSM8576303_BM2,BM,v2,98,72,5889.0,3199,1.969774,-0.10665775299072265,2.8503924942016603,1.7215189688546315,1.049605681101481,0.06561094594289019,0.07163006836699126,0.12892331089292253,-0.2121487434799438,0.022769341605050286,-0.07695938975935479,-0.14099007804921815,-0.11810337297068346,0.6562838935852051,-0.053892166614532444,1.7911255798339845,-0.09925407409667969,2.5498568979899088,-0.06611552556355794,1027,2145
TCATAGATAGCAATTG-1,GSM8576303_BM2,BM,v2,61,149,639.0,577,2.5039124,0.2742067730426788,1.570884141921997,1.1597278594970704,1.694245491027832,-0.1198561335184488,0.6697242584162858,-0.1334812709263393,0.2840212137055992,0.29629159573146274,-0.12424157230729559,0.18524828647492828,-0.1604376287268312,-0.18611780166625977,-0.16130731582641603,1.1598269081115722,0.4406057627995809,0.8255258623758952,-0.08437131881713868,1854,1456
TCATAGCTCGCAGACG-1,GSM8576303_BM2,BM,v2,87,99,13604.0,5714,1.9332548,0.11900931835174561,2.00852744102478,1.5982620893205917,1.8091404469807943,0.18458998825655404,-0.17276923627738494,0.15288423299789433,-0.33479649357946006,-0.355518537248884,0.1247591249435302,-0.49367693560921216,-0.05374442010917921,0.4931182479858398,0.19072412967681884,1.2062444772720338,0.024644816716512058,1.6786667505900064,0.0730719534556071,1317,1940
TCATCCTTGGTAACAT-1,GSM8576303_BM2,BM,v2,80,66,10133.0,4776,2.0132241,0.10340839922428131,3.170073013305664,1.8628838239397323,1.3594272740681967,0.2213669167943748,0.32215119119492064,0.16112235988889423,0.03682060354906569,0.23886156518118717,0.22513127997218363,-0.2590355571370111,-0.09318162290841941,0.2383140563964843,-0.42708743333816523,1.957134983062744,0.11300401767094928,2.556922938028971,0.011539982954661049,963,1810
TCATCTACAGCCTTGA-1,GSM8576303_BM2,BM,v2,105,45,12091.0,4927,1.6210405,-0.031573242545127875,2.5123442554473874,1.7172135489327565,1.774463628133138,0.19150820937022622,0.07433025548325417,0.1379728238923209,-0.1666304661121907,-0.3372084492274693,0.2929890366443189,-0.5251311478655953,0.10791595018721496,0.6793117523193359,0.0815108156204224,1.4010444984436035,-0.05850605567296348,2.11454475402832,-0.09213136037190756,737,2275
TCATCTATAAGCCAGT-1,GSM8576303_BM2,BM,v2,80,72,17587.0,6237,1.3305283,-0.02695238769054413,2.2443103981018067,1.5701005772181917,2.3738732528686524,0.301598855290547,-0.1831517203129097,0.163445508139474,0.13163380753637777,-0.46348165116991313,-0.07905458159236067,-0.8071082371536175,-0.028163637319438647,0.5452817344665528,0.2985579180717468,1.0019041118621828,-0.010987532138824474,1.5569379107157388,0.0939170742034912,1027,1810
TCATCTCACCGACTCA-1,GSM8576303_BM2,BM,v2,82,74,6973.0,3604,1.5488312,-0.1236592960357666,2.8426043224334716,1.8850769587925504,2.2295146814982094,0.22069364857960894,-0.165793735065887,-0.08819527609007699,-0.05876280941340556,-0.5301685180664063,0.39190518520922063,-0.4572147719583484,-0.1313455696874017,0.18858053207397463,0.26459214925765995,1.509157515525818,-0.14115697224934895,2.160703290303548,0.14978957494099937,1048,1847
TCATCTCATAACAGCG-1,GSM8576303_BM2,BM,v2,37,201,2857.0,1747,5.215261,-0.12466839790344238,-0.5743854904174804,-0.21377821377345496,-0.3236994409561157,0.009525683510255623,-0.2562864832131259,-0.1021601324422019,0.21465614688137835,1.465725337437221,-0.018713110900786978,1.9567322058965697,-0.056266003807119075,-0.2538560104370117,-0.021780297756195055,-0.20219523620605467,-0.1242251968383789,-0.6047017669677734,-0.063292236328125,2412,1010
TCATCTGATCCTGGCG-1,GSM8576303_BM2,BM,v2,86,70,4104.0,2706,1.6325536,0.15734397172927855,1.718960723876953,1.7901313781738282,1.7031875864664712,0.2658280316126873,0.15721843451928352,-0.06642124039786201,-0.059586010748277296,-0.35905866105215895,-0.32167427032348145,-0.6349919978404205,0.06270788111371253,0.3512947463989258,0.6296074962615967,0.9965691566467285,0.28743454297383625,1.3089357376098634,0.19506534814834595,1006,1922
TCATCTGATTGCTTGG-1,GSM8576303_BM2,BM,v2,34,198,3229.0,2040,2.35367,-0.09941356658935546,2.3107574081420896,1.6105386570521762,1.5271103477478027,0.08512850027965257,0.12896678465505612,0.08526134814534869,0.6948971293570807,-0.23384577710287913,0.5464443720009432,0.5251584414210552,0.12196672054173734,-0.09594890117645266,0.3087288403511047,0.9882801418304443,-0.14947797139485677,1.4873298708597817,-0.06486361821492513,2380,954
TCATGACACCGCACTC-1,GSM8576303_BM2,BM,v2,100,48,12778.0,5493,1.6043199,-0.014161146581172956,2.4434783935546873,1.6624740818568637,1.8684521993001304,0.16112799242318399,0.044963675262048475,0.055080712522779185,0.15724581165290302,-0.46814900691168654,-0.3554266745067505,-0.4721883230218494,0.045867941523558345,0.355013484954834,0.23673683166503912,1.3944897050857543,-0.01393943587938945,2.0136205673217775,-0.03385820984840393,769,2182
TCATGAGGTGCGGTCC-1,GSM8576303_BM2,BM,v2,63,137,4243.0,1785,1.0605704,0.1158528584241867,2.2236616325378415,0.9058552878243583,-0.43839060147603354,0.13860480660894312,-0.25894486760518637,0.27853843075888496,-0.24633262218923488,3.8288344116210937,0.14286351012417592,3.5763570542303507,-0.05461340782626363,0.09294000625610355,0.3852126169204712,1.6622619695663452,0.1658309769630432,1.9057616996765137,-0.07583225886027019,1725,1494
TCATTAATCAACTTCT-1,GSM8576303_BM2,BM,v2,35,189,260.0,221,2.6923077,-0.04594158172607422,0.7980008125305176,1.7728778675624304,0.7704617182413738,0.568273350895648,-0.10332243892562437,-0.07545051574707032,-0.07566670633660347,0.42213747188023154,-0.11808278953215205,0.9221937393524959,-0.03699992967131954,-0.12863643646240233,-0.1470130729675293,-0.07350653076171874,-0.04900435129801432,-0.18376632690429687,-0.01225108782450358,2283,973
TCATTGTTAGCCGTCT-1,GSM8576303_BM2,BM,v2,42,176,2153.0,1695,2.7403622,0.07770594120025634,0.4265382146835327,0.20803353445870543,-0.17191649913787843,0.4561100599756202,-0.28294954721228666,1.422551460947309,0.35919810453985634,1.6250282309395927,0.012667496999104855,2.6141458184012745,0.11366627200337864,0.6834044075012207,0.5455994033813476,0.0708588991165161,0.16982829411824546,0.04780560811360679,-0.09430604298909505,2144,1103
TCCAACATGAAGTGAT-1,GSM8576303_BM2,BM,v2,54,146,1875.0,1340,1.76,-0.07074578285217285,3.5234915161132814,1.919136526925223,0.3814811452229817,0.6363058396611347,0.13030218859205833,0.09742502519062585,0.029133375140911133,-0.07416843618665425,0.27438473557851406,-0.2804150731085817,-0.11354292799162384,0.6037304306030273,0.03403320908546448,2.2274177131652833,-0.07586943944295248,2.980160357157389,-0.04510565757751465,1821,1326
TCCAACGTGACATCTA-1,GSM8576303_BM2,BM,v2,88,58,947.0,718,1.5839493,-0.06730684280395507,3.567446632385254,1.374748044695173,2.0622109603881835,-0.3027006095671749,-0.2338947158261954,0.09783783742359706,-0.20354507577453437,-0.33086004638671873,0.3194556437343,-0.33288162026629353,-0.06788288986922911,0.7070889091491699,0.2910101747512817,1.8574681434631348,-0.0897424570719401,2.805716718037923,-0.02447521686553955,877,1959
TCCAATCCTCATGGTG-1,GSM8576303_BM2,BM,v2,89,79,16228.0,6014,1.140005,-0.022854037582874298,1.4258763122558593,1.3727706582205639,2.533010495503744,-0.11345671985044053,-0.15004775719743862,-0.18602727804865155,0.03294065093291476,-0.5543187255859375,-0.3151733832186963,-0.6017460704192676,-0.13393911579311293,0.1820866107940674,0.29843776702880864,0.6992583045959473,0.004105268716812133,0.8433692614237468,-0.031071818868319195,1102,1977
TCCACGGCTTCGAGTC-1,GSM8576303_BM2,BM,v2,52,158,3211.0,2180,1.8997198,0.022476227283477784,0.011680545806884712,0.15459892817905962,-0.5750374571482341,0.29549510794949824,-0.31558613604809865,0.39586494071143014,0.092518227928933,1.9978971579415457,-0.26782520707831325,2.2480044305496,-0.09162440716020213,0.337670373916626,0.2430985355377197,-0.07191948843002319,0.07428093274434408,-0.1063791974385579,-0.10683542887369792,1950,1289
TCCAGTAACACGCATA-1,GSM8576303_BM2,BM,v2,61,133,463.0,391,3.887689,-0.03117873430252075,1.4929429817199706,0.5508057458060128,0.448717368443807,-0.14202922223562217,-0.15455080514930816,-0.19049979073660714,0.31882297480345456,2.2590668487548826,-0.14312512807577968,1.7996365564552959,-0.03138798835293559,-0.14030430793762208,-0.12471494674682618,0.7938506336212158,-0.10616503397623699,0.6935416793823242,-0.0623574701944987,1682,1457
TCCAGTACGCGAGCTA-1,GSM8576303_BM2,BM,v2,41,183,56.0,56,3.5714288,-0.012976433038711549,0.0,-0.051905732154846194,0.0,-0.041691351128390515,-0.041691351128390515,-0.029660418374197823,0.0,-0.041524585723876954,-0.06253702860759444,0.0,0.0,-0.025952866077423097,-0.051905732154846194,-0.020762292861938477,0.0,0.0,0.0,2219,1085
TCCAGTGCAACGCACC-1,GSM8576303_BM2,BM,v2,101,31,7580.0,3368,1.6490765,0.004057739675045011,2.5559205627441406,1.3641888972691127,1.785926144917806,0.345548351126981,-0.13052121599857244,0.4114731124469212,0.30702734774270607,0.04363610567365378,-0.22117988065064673,0.06501907904561854,0.14540499248760658,0.4942317199707031,0.04612995147705079,1.6292941074371337,0.024841395616531384,1.9192363611857095,0.12813587427139284,587,2200
TCCAGTTGTCCAGAAT-1,GSM8576303_BM2,BM,v2,105,43,13081.0,5339,1.2843055,0.07139813661575317,2.226758279800415,1.8612217058454241,2.171403923034668,0.18699740214520189,-0.18334989895166776,0.15026172092982704,0.20194639605281295,-0.527057794230325,0.16442863194339252,-0.6720202177162938,-0.12697684524843356,0.466719512939453,-0.17878602743148808,1.3531709356307984,0.14800780296325686,1.8168936411539711,0.15223579088846845,716,2275
TCCGAATCCAGGCCAT-1,GSM8576303_BM2,BM,v2,41,193,5608.0,3400,1.9079887,0.13874904155731202,-0.7305863171815872,-0.33278582845415383,-0.43481829961140944,0.10812783576398494,-0.25704244088661515,0.49161639724458966,-0.07896196778758452,1.2269145475115095,0.03481318960228119,2.668776690445605,0.0006369857522922351,-0.0423794937133789,-0.03549565553665157,-0.10746789193153383,0.15529166539510092,-0.40351651271184286,-0.13812901814778647,2326,1084
TCCGAGACGTGCGTGG-1,GSM8576303_BM2,BM,v2,88,70,7447.0,4137,1.4502485,-0.13640920639038087,2.0657676124572752,1.4286251940046037,2.083520736694336,0.2009020225111261,-0.012546614265551315,-0.05809539454323909,-0.3211233144503268,-0.42721975251606525,-0.012826477667414071,-0.5949778509391462,0.02020721204671741,0.034211387634277335,0.31816208362579346,1.1491279487609862,-0.1653265635172526,1.6986041386922202,0.1895880564053853,1006,1959
TCCGCCTCTTCAACTC-1,GSM8576303_BM2,BM,v2,45,153,14623.0,6012,1.64125,0.09046563386917114,1.8728996562957763,2.298331560407366,1.3354802576700844,0.30553604512808313,-0.03236445844412805,0.5301365545817784,-0.11498471903010465,0.1651237776620048,-0.1628288241275343,0.18183341442338574,0.10356582605484463,0.9356397247314452,0.2700500917434693,1.0999637651443481,0.16308791160583497,1.4533002090454101,0.11151465018590292,1897,1159
TCCGCCTGAAGTGCTG-1,GSM8576303_BM2,BM,v2,48,166,458.0,391,1.9650655,-0.03910316467285156,0.5809479832649231,0.0893653174809047,-0.20111532211303712,0.36792152617351115,-0.1408907419227692,0.24305437956537518,-0.15736474417000582,0.901925106048584,-0.16601726424741936,2.6258579265122677,-0.010497494031918929,0.4312453746795654,0.5563754963874816,0.2632174894809723,-0.031282533009847006,0.22641261577606203,-0.020855021476745606,2036,1215
TCCGGCCGAAGATTAT-1,GSM8576303_BM2,BM,v2,40,178,3536.0,2347,1.4423077,-0.16276098251342774,-0.20144046306610108,0.044510912214006715,0.3996356232961018,-0.006987407264939294,-0.33862843953940763,0.12371285949434552,-0.36122894287109375,1.8240349546160017,0.05498284412675114,3.1253034439891545,-0.12055916754191354,-0.4070244216918945,-0.046060985326766946,-0.24962210083007813,-0.14950316111246745,-0.5701636123657227,-0.08014837900797527,2165,1066
TCCGTCATACGGAGCA-1,GSM8576303_BM2,BM,v2,85,55,19638.0,6681,1.6447704,0.09457085013389588,2.8775304031372073,1.7118975612095426,2.1819575500488284,0.6929829896214497,0.21494446222083158,0.11268066610608785,-0.13737887073334154,-0.446053818157741,0.0823653098569816,-0.6343340651986697,0.07300537567467841,0.23076128005981444,0.22631741285324092,1.8220584373474122,0.052036495208740235,2.2652216593424477,0.19462993621826172,844,1903
TCCGTCATAGCCTCCG-1,GSM8576303_BM2,BM,v2,46,168,1225.0,892,1.632653,-0.07358667373657227,0.6468226146697998,0.5868553761073523,-0.06503506183624264,0.6978084160142156,0.20527792838682613,0.07072731273514885,0.6932211972336959,1.1878392116001673,1.5688919121003055,1.3172999269553136,-0.04460139242594674,0.21455866813659671,0.39596976518630983,0.14589569783210754,-0.08334754943847657,0.31340085665384926,-0.06331897735595703,2058,1178
TCCGTCCTCACGTCGG-1,GSM8576303_BM2,BM,v2,41,187,2266.0,1675,1.5887026,-0.1456509780883789,-0.3226748663187027,0.2713226754324777,-0.533776741027832,0.2352997280028929,0.43163468765241286,0.4357773201806205,-0.020456579001868203,1.0535570046561105,0.5348538921540043,2.6850742329115604,0.14167190889612713,0.3841975021362305,-0.06734855771064757,-0.22342201232910155,-0.12782131195068358,-0.43933925628662107,-0.09007011413574219,2262,1085
TCCGTGTCGATAGCAA-1,GSM8576303_BM2,BM,v2,83,63,14042.0,5755,1.459906,0.0025833100080490112,2.5498577404022216,1.7624570574079241,1.7157292811075844,0.3471448737454702,0.11241304074220121,0.23922667094639372,0.10674746086301734,-0.5342224094527108,0.1727056915022761,-0.7076868258866688,-0.03552464390761101,0.6168824005126953,-0.15144128799438472,1.4541400089263916,-0.05241269628206888,2.1337917963663733,-0.007707298994064332,930,1866
TCCTACAGCCTTGTAT-1,GSM8576303_BM2,BM,v2,86,54,22091.0,7020,1.2041103,0.10869330108165741,2.323635787963867,1.7411657278878345,2.4583435567220056,0.2521907210828789,0.013925325986782311,0.14861303022929595,-0.10530560381628185,-0.4318909843989781,-0.030684928338690465,-0.663306107799936,-0.04411387689275914,0.6222133255004882,0.2771750783920288,1.3433887710571288,0.010990852514902755,1.842696444193522,-0.04938172598679861,834,1922
TCCTACCGGATACATC-1,GSM8576303_BM2,BM,v2,56,152,4286.0,2759,1.679888,0.06055301666259766,2.457457618713379,1.0018854468209404,1.4602636464436851,-0.1480534718218577,0.004368088810319415,-0.06306509750229972,-0.10897892730625447,0.3919815968104771,0.16148439277128046,0.014078509201825185,-0.10908055145468488,0.1992928218841553,0.08005904674530029,1.7994247055053711,0.0686980946858724,2.0322604751586915,-0.09230099995930989,1886,1364
TCCTCACGACATCCTG-1,GSM8576303_BM2,BM,v2,51,177,119.0,113,4.2016807,-0.022215232849121094,-0.08886093139648438,-0.22902482986450196,0.6516468302408853,-0.03568712104276481,-0.03568712104276481,-0.03808325631277902,-0.02546158492735942,0.5991765659877232,0.6691335195518402,1.8445246066480219,-0.014909552247732277,-0.06664569854736328,-0.06664569854736328,-0.03554437255859375,0.0,-0.14016389846801758,-0.014810155232747396,2154,1270
TCCTGAACATTGTTAC-1,GSM8576303_BM2,BM,v2,99,65,9466.0,4388,1.7008239,0.05557062089443207,3.157689456939697,1.7702317592075894,0.683946018218994,0.7166287238339344,-0.15681691896074199,0.16811571087156024,-0.16350002289794285,-0.4983977501051766,-0.020805127170669957,-0.3239037855702415,0.10992867823186567,0.485040626525879,-0.22959916591644292,2.0103709735870363,0.09443323691685995,2.588661549886068,0.04181548396746318,952,2163
TCCTGAAGCGCACCGA-1,GSM8576303_BM2,BM,v2,99,49,7427.0,3920,1.3868318,-0.016465339064598086,2.435571365356445,1.8051367514474048,1.7555170186360678,0.45339335973961764,-0.07749042877573697,-0.04072769709995816,-0.011644277131513558,-0.570403076171875,-0.3057764708756443,-0.8513135461999266,-0.10035426504659972,0.4130759048461914,0.5601541709899902,1.4549646587371825,-0.14668485005696616,2.113559430440267,-0.11105721791585287,780,2163
TCCTGAAGCGGTTGCC-1,GSM8576303_BM2,BM,v2,99,19,9302.0,4546,1.7845625,0.20729593873023988,2.4487318229675292,1.6534469386509487,1.938548329671224,-0.008164850104764754,0.13033621925358385,0.0025743075779506297,-0.13685974565335,-0.5091523658207485,-0.12392500461823491,-0.8546592149158452,-0.014706064162066892,0.271951904296875,0.6899692296981812,1.636228021621704,0.31191480795542403,2.0147365697224937,-0.11541258494059245,458,2163
TCCTGAGTGCCATACT-1,GSM8576303_BM2,BM,v2,85,63,15160.0,6040,1.378628,0.03956426739692687,2.0308588218688968,1.5364462389264788,2.4440994135538734,0.21006593646773375,-0.2751861094607748,0.07170940365110123,-0.24638835792408778,-0.28095105034964424,-0.13334939183001537,-0.23847266788793553,0.053440080393080736,0.4899087524414062,0.24055216789245604,1.1866725568771361,-0.018101553122202546,1.6190749168395997,-8.017420768735573e-05,930,1903
TCCTGGAGCAAGCCGC-1,GSM8576303_BM2,BM,v2,114,14,21554.0,6808,1.5867125,0.007108828425407415,2.480642194747925,1.8039318084716798,1.846339340209961,0.17731420677828502,0.0020018295522263863,0.27981833628245767,-0.1808587593764884,-0.35129332678658626,0.11161439485818025,-0.6291081457330077,0.09445803711764078,0.536324577331543,0.08131822824478152,1.379380919456482,0.02555869658788043,1.870746103922526,0.09316821972529095,404,2442
TCCTGGATCTGTAAGT-1,GSM8576303_BM2,BM,v2,96,78,10329.0,4629,1.4231775,-0.12351181030273438,1.9129988765716552,1.5948577771868024,2.2640536244710288,0.2565979363927879,-0.08824180284588762,-0.08911002261298046,-0.3434764785547994,-0.38883899429866253,-0.02469522024254245,-0.5589655780609366,-0.012283590187390947,0.3733811378479004,0.4178689670562744,0.8764417247772216,-0.14429271697998047,1.244096825917562,0.018979262908299765,1092,2107
TCGAATGCGTGCCTCA-1,GSM8576303_BM2,BM,v2,93,67,8813.0,4530,1.2027687,0.11732915043830872,2.368802175521851,1.6926221357073103,1.8899552281697594,-0.037362411319012634,-0.13270596396423795,0.07132524456296646,0.052840105978817054,-0.47419765486036025,0.3864945340826808,-0.5601879425725452,-0.0431803030569967,0.4271379852294921,-0.05115663051605224,1.5040220613479613,0.03889186143875123,1.838381716410319,-0.0887848154703776,973,2052
TCGACGAGTACGATAA-1,GSM8576303_BM2,BM,v2,93,27,7931.0,3778,2.3074014,0.09718367040157318,2.9890059089660648,1.8636726815359934,1.6315301513671876,0.2852185519344835,-0.22069055419917497,0.18866112232208254,-0.2381859043558943,-0.3345517268862043,0.3101468277743543,-0.6779000046497795,0.1079125677522054,0.6216434860229493,-0.06167309761047368,1.6886556091308593,0.14658602952957156,2.6277358373006185,-0.06992775599161784,544,2052
TCGACTCACTTCGTGA-1,GSM8576303_BM2,BM,v2,101,15,8225.0,3928,1.8966565,-0.11396937370300293,2.362764024734497,1.3628410339355468,2.0340290705362953,0.21706903172305314,0.10198781467072249,0.10101896728788101,-0.3444441000165092,-0.33978605352129254,0.1512541991161055,-0.7142218872547608,-0.10078400093437041,0.6070452499389649,0.5019487619400025,1.3477232913970947,-0.12883758544921875,1.8658627446492515,-0.08229462941487631,415,2201
TCGACTGCGTCTGCTA-1,GSM8576303_BM2,BM,v2,27,195,293.0,258,9.215017,-0.04448808670043945,2.614776611328125,2.0330822317940846,1.4138011932373047,0.5153365633095125,-0.10642461508632185,0.36353119237082343,-0.06118705552765155,-0.10599891662597656,-0.07146680594448104,-0.07165865930134818,-0.047772439534232124,0.5694474601745605,-0.10677141189575196,0.4880496816635132,-0.0497166633605957,1.2363390350341796,-0.03559046745300293,2347,824
TCGAGTACATTGCACT-1,GSM8576303_BM2,BM,v2,100,16,9868.0,4603,2.077422,0.22351512551307678,2.0495050716400147,1.6750659724644255,1.9991691080729166,0.34821457556452623,-0.25181050739682276,0.16913384335381643,-0.10375757242781292,-0.5567370147023882,0.0959308185730593,-0.8956405332424496,0.04569621099835959,0.5091750144958496,0.43033565044403077,1.2135660791397096,0.20878854115804038,1.5225440533955892,-0.08766923268636068,426,2182
TCGATAGGCGTGTACG-1,GSM8576303_BM2,BM,v2,59,139,667.0,600,2.0989506,-0.06402616024017334,1.2847975587844849,1.025936322893415,0.797491003672282,0.2907837485692587,-0.16010327320022277,0.150085346528462,-0.1652203753889461,1.738578395298549,0.29502483400475066,0.9222918681421763,-0.06511691432671259,-0.15246660232543946,-0.25279773712158204,0.6877481932640076,-0.057647018432617186,0.7631515216827393,-0.055442403157552084,1746,1419
TCGATCAACACGTAGC-1,GSM8576303_BM2,BM,v2,37,193,208.0,190,3.846154,-0.019466944932937623,0.3092393696308136,-0.21234786987304688,1.120362075169881,-0.08253767021209839,-0.12944597604284325,0.8843554983820234,-0.055779213891671516,-0.12892819213867188,-0.10945270339169176,-0.15678076776082084,-0.013065063713380955,0.7202769613265991,-0.07786777973175049,-0.08220751953125,-0.02595592657725016,-0.1734139633178711,-0.02595592657725016,2326,1010
TCGATCATCCTAATGT-1,GSM8576303_BM2,BM,v2,111,3,12061.0,5246,1.8572258,0.10201914489269256,2.362713432312012,1.9483785574776784,1.3339582443237306,0.19896476048542316,-0.08555031752900977,-0.04081909179687504,-0.08784875901956518,-0.6616095581054687,-0.38426063649625664,-0.8339974631627706,-0.04290352103122701,0.43254169464111336,0.15207410335540772,1.3535656566619874,0.02775712768236796,1.9318577448527017,0.2100527850786845,286,2387
TCGATCATCTTCGGAT-1,GSM8576303_BM2,BM,v2,37,209,617.0,536,4.376013,-0.04268013954162598,1.8218661117553712,1.3784155000959122,0.7529936599731445,0.8261808525606332,-0.13369377166870608,0.6398993151528495,0.18766569730155153,0.23917438834054128,1.6654863817146024,1.03533136398886,-0.04041956575124856,0.5641693019866943,-0.23094573974609375,1.2360433177947998,-0.12551038106282553,1.482964922587077,-0.03793790181477864,2498,1010
TCGATGTACCGGTAGG-1,GSM8576303_BM2,BM,v2,94,44,8565.0,4096,1.0274372,-0.13239311218261718,2.2855883407592774,1.7860429382324219,1.930022633870443,0.17702536410595993,-0.288607688963721,-0.1239429261003222,-0.20200233841547457,-0.32471692807333813,-0.29892687589289196,-0.6639373525905701,-0.00156188325479642,0.4828348922729492,0.23611179590225218,1.1778105182647705,-0.13180501302083333,1.8627332687377929,0.09428478082021076,726,2070
TCGCAACACCATCGTA-1,GSM8576303_BM2,BM,v2,50,172,783.0,669,1.532567,0.5573011064529418,0.4379740214347839,0.5097299793788365,-0.5454985046386719,-0.29017633032128515,-0.2575212348417106,0.47193612711770194,-0.18123291146789375,0.9429552546909876,-0.11066758489034262,2.321027307702391,0.34605235861451833,-0.31340482711791995,-0.2740659332275391,0.43482428455352784,0.7518101183573406,0.20631160418192548,-0.0371551259358724,2101,1252
TCGCACGATGAACGTT-1,GSM8576303_BM2,BM,v2,96,70,12114.0,5278,1.2877662,0.06424250364303588,2.3147540855407716,1.540589163643973,1.93223388671875,0.20404056181390595,-0.28991529767840196,-0.15428029281752448,0.3703537198104577,-0.44096157727922713,0.11740172627460527,-0.6813634532295731,-0.11350088951571675,0.2910615348815918,-0.041141147613525386,1.236780387878418,0.13931241035461425,1.684409942626953,-0.09443744659423828,1006,2107
TCGCCGACATTAGTTG-1,GSM8576303_BM2,BM,v2,84,82,7110.0,3827,1.1251758,-0.11306788444519043,1.8430502700805664,1.7399636949811663,1.747579205830892,0.2471615100002672,0.20013155009783484,0.108777528830937,0.25207169427766307,-0.08981130817958288,-0.25434990939366287,-0.510757653848094,-0.1232120974751927,0.3271828842163086,0.47291217803955077,1.0045097618103027,-0.09255952835083008,1.3232615343729655,-0.10245209376017253,1134,1884
TCGCCGACTCCAGCGG-1,GSM8576303_BM2,BM,v2,50,168,603.0,531,1.6583748,-0.08600925445556641,-0.3789011764526367,-0.24200593948364257,-0.3789011764526367,0.3016293532398331,-0.16468587362143888,0.5636053395271301,-0.1270292877809366,0.18554403277805875,0.8779587563740681,2.0055405716425163,-0.048103607740978264,0.9804850959777832,0.47876446962356567,-0.15255923461914062,-0.047782917022705075,-0.2000501823425293,-0.03822633425394694,2058,1252
TCGCCGCTAGAATAGA-1,GSM8576303_BM2,BM,v2,86,74,6057.0,3368,1.5189037,0.4294335889816284,1.6895390796661376,1.264331087384905,2.157395566304525,-0.10914414785951973,0.3709976302435257,-0.10050715531621662,-0.3750727087857047,-0.46121878051757814,-0.36263719428495234,-0.7234946641345952,0.026175336378304187,0.04781525611877446,0.35380691528320307,1.208927740097046,0.4349370733896892,1.3095130666097008,-0.12342469533284506,1049,1922
TCGCCGCTGGAAGCTC-1,GSM8576303_BM2,BM,v2,30,196,2370.0,1400,1.350211,-0.05783344268798828,1.7205797386169435,1.3582245200020924,2.38255734761556,-0.011177099134069834,-0.05477635236697434,0.2254420266832624,0.06900369067002746,-0.006765048708234522,-0.2683243962176832,0.15975392333384553,-0.07407194175976235,0.06177100181579592,0.6735619640350341,0.5045259799957276,-0.08459402720133463,0.7487114334106445,-0.04406357447306315,2358,880
TCGCCTGACATGAGGT-1,GSM8576303_BM2,BM,v2,42,186,3445.0,2416,2.0029027,0.3736967730522156,0.49387888431549076,0.45067546299525674,0.33210842132568363,0.5092875296811024,0.08477739513570115,0.7195078972407749,0.05341427374022739,0.8313009218488421,0.5385499431426266,2.726422429656251,-0.11712952428216102,0.48876907348632803,0.26271478176116947,-0.010453516960144016,0.2539912859598795,-0.10870983759562175,-0.12357306162516277,2251,1103
TCGCCTGCCTAGCTCC-1,GSM8576303_BM2,BM,v2,46,158,934.0,777,1.6059958,-0.11070701599121094,2.557167692184448,1.850430156162807,0.9344548416137696,0.2613480301745924,0.18040417749445398,0.1740953472682408,0.13808558683047958,0.07543943841116768,1.0974594799869033,0.10707660878036077,0.320402867727746,0.31696952819824215,-0.3295627212524414,1.530467945098877,-0.05740363438924154,1.8018295542399088,-0.03280207951863607,1950,1178
TCGCCTTACGGTTGAA-1,GSM8576303_BM2,BM,v2,76,90,10379.0,4796,1.9558724,-0.04951169878244399,2.2599929714202878,1.3808639962332592,1.8623622004191078,0.08996581743998705,0.2279892339832264,0.18758172546114238,-0.29896986569921064,-0.43170929622650145,-0.13115403211739168,-0.681386357985887,0.12129703967020361,0.6768171882629396,0.21132128238677983,1.225906876564026,-0.1321265411376953,1.7917369079589842,0.3095032850901286,1220,1736
TCGCCTTGGAATGAAG-1,GSM8576303_BM2,BM,v2,114,8,5577.0,3145,1.9544559,0.025855360627174376,3.1886730766296387,1.572840369088309,1.3332766469319663,0.2898237465854629,-0.1366946548138004,0.4405291857038225,-0.3454347408261887,-0.09516391754150388,0.11714196971142632,-0.4117775283403845,0.14028581562572567,0.5163860321044922,-0.0025157833099365146,1.991599052429199,0.04805123726526897,2.543563372294108,0.09677327553431193,340,2442
TCGCGACGGTATACTG-1,GSM8576303_BM2,BM,v2,48,172,650.0,565,2.0,-0.04194514274597168,0.5247967195510864,0.338346197945731,-0.3064230728149414,0.32166910363009654,0.2775500817881599,0.16998900141034806,0.23733140521492568,0.5880323704310826,1.4214518615998417,1.519267762495939,-0.059849425450267404,-0.22029640197753905,-0.24825984954833985,0.2392884693145752,-0.0745691426595052,0.15188700993855792,-0.0372845713297526,2101,1215
TCGCGGAGTCCGCACT-1,GSM8576303_BM2,BM,v2,47,191,1470.0,1106,3.4693878,-0.08531351089477539,0.297052309513092,0.39888945443289625,0.10417074521382647,1.0050266717811185,0.08075698490328853,0.3803556415012904,0.5669019045617021,0.10291735349382669,0.07120756643364229,1.0496355150027106,-0.08273042768439991,0.17185171127319332,0.15546019077301027,-0.19043696594238282,-0.10272361119588216,-0.539073486328125,-0.043179187774658206,2305,1196
TCGCGGAGTTGCTTGC-1,GSM8576303_BM2,BM,v2,59,145,1336.0,1056,1.1227546,-0.058803348541259765,3.2064561653137207,1.0303609466552734,1.039404691060384,-0.22737827837227817,-0.2299180854276481,-0.0035694079739707063,0.08647820591389818,1.1548131692068917,0.6181161719632436,0.43075003582816335,0.6223578265620786,0.21111854553222653,-0.35371612548828124,1.9776696643829346,-0.03563839276631673,2.9945450719197595,-0.059129467010498045,1811,1419
TCGCGGATTCGCGGCT-1,GSM8576303_BM2,BM,v2,46,194,500.0,392,1.8,-0.015222612619400024,0.2317858850955963,-0.4199506759643555,0.35864099025726315,-0.05432938188912878,-0.09101038094026496,0.3922895625659398,-0.040350506845381336,0.40468404115949363,-0.11707619203621125,1.9341956199872756,-0.05332772683777265,-0.19585609436035156,-0.271969165802002,-0.10282444000244141,-0.07103886286417643,0.27411408901214596,-0.0202968168258667,2337,1177
TCGCGGCTAACTGTTG-1,GSM8576303_BM2,BM,v2,61,135,940.0,786,2.1276596,-0.08752363204956054,0.2908088254928589,0.693920189993722,0.7671419270833333,0.31212490725230024,-0.2596290925420432,0.6789313002995082,-0.15043629206354092,2.2524552045549666,0.41608240901226984,2.346090655084539,-0.0576513661634202,0.5377367019653321,-0.2661458969116211,0.21308302116394043,-0.11669817606608072,0.17515340169270838,-0.05726702372233073,1703,1457
TCGCGGTAGATGGAAG-1,GSM8576303_BM2,BM,v2,79,67,15805.0,6088,1.9867132,-0.08419696971774102,2.7551123428344724,1.6944832502092635,1.430833511352539,0.28998830519526836,-0.027611872825688222,0.10887140205928258,-0.14352934471759649,-0.25036706515720913,-0.08418634426162908,-0.7041898776106501,-0.10667005961373348,0.2868216133117676,-0.3801501917839051,1.5568183946609497,-0.16780855814615886,2.2632652537027993,-0.10194761912027994,973,1791
TCGCGGTATGGTACTA-1,GSM8576303_BM2,BM,v2,109,1,15291.0,6009,1.5172323,0.14291088342666625,1.9563354778289794,1.774556110927037,1.7115011342366537,0.5510236862672859,-0.047675521771797014,-0.10983352763312204,0.14333169322691142,-0.41695833247048514,-0.1097606549780053,-0.709539984810958,0.06837114940325115,0.15499869346618655,0.1329323148727417,0.9510681352615357,0.21461240450541177,1.39098996480306,0.019500126838684087,265,2349
TCGGACCAAGGCCAAG-1,GSM8576303_BM2,BM,v2,96,68,8721.0,4263,1.215457,0.06638203382492065,2.19158971786499,1.6861134556361606,1.8316560236612953,0.5128751681990413,0.005414018122136266,-0.14013218419892448,0.17360837148244007,-0.39647530732836045,0.13380146744739574,-0.6879058038514047,-0.11740982772519924,0.058070650100708,0.3631533098220825,1.3938384952545166,0.09298841794331866,1.9354918543497721,0.13373038927714026,984,2107
TCGGACCACGCAGGTG-1,GSM8576303_BM2,BM,v2,97,51,7821.0,4111,1.291395,0.020947931408882153,2.5528587818145754,1.5436703818184987,1.754391860961914,0.020353257895473487,-0.054271782395214574,-0.03816925031798224,-0.060027194618446855,-0.5873309326171875,-0.21031457089994807,-0.8397359143967597,-0.004160975392689989,0.22832991600036623,0.1895024657249451,1.535897548675537,0.08625275691350301,1.9442343521118164,0.16472573677698774,802,2126
TCGGACGCGAATCTGT-1,GSM8576303_BM2,BM,v2,50,150,1162.0,789,1.5490534,-0.09209412574768067,1.6573825073242188,1.0135373633248466,1.3137307357788086,0.15683548804746575,0.1337722987876975,0.04186455488204957,-0.18144739801357673,0.9888981388636999,0.21351709423294987,0.9744738398668065,0.24727752727607294,0.14877071380615237,-0.27788156509399414,0.6532328858375549,-0.105577392578125,0.6882698726654053,-0.06787117640177409,1864,1252
TCGGACGGCAGTCCAG-1,GSM8576303_BM2,BM,v2,102,40,10255.0,4859,1.628474,-0.04346940845251082,1.4826108741760253,1.5474640110560824,1.6095167922973632,0.19991443386997088,-0.33304023616148426,-0.07104471342904228,-0.021128369607351594,-0.3818856187547956,-0.23871011451545013,-0.5092511556521129,0.06396836413861692,0.49082313537597655,-0.025174350738525364,0.7242901334762573,-0.01487289230028789,1.1523105049133302,-0.009789681037267059,684,2219
TCGGAGTGCTCCGGAT-1,GSM8576303_BM2,BM,v2,74,130,502.0,307,1.5936255,-0.030407209396362305,-0.24325767517089844,-0.29403205871582033,0.2635291481018066,-0.12443655848981865,-0.11259215328109312,-0.14092605590820312,-0.12390451513252149,0.9608040733337402,-0.07327038408762002,3.9807165608538653,-0.03783882064307296,-0.10931270599365234,-0.09122162818908691,-0.12698049926757812,-0.0630442746480306,-0.29403205871582033,-0.05517796834309896,1650,1698
TCGGCGACGGCCATGG-1,GSM8576303_BM2,BM,v2,93,85,2899.0,1774,2.104174,-0.08353797912597656,2.892821865081787,1.3422584206717358,1.2980840174357096,0.48977277748077264,0.12173354495754884,-0.20517796065126148,-0.2912311499303255,0.08093027823311949,-0.22273913157512865,-0.6607517012013685,0.14312405359939326,-0.08063438892364505,0.4555694770812988,1.7108621606826782,-0.14430241902669272,2.1985806147257483,0.1890859627723694,1167,2051
TCGGCGATGTTACCGT-1,GSM8576303_BM2,BM,v2,58,126,970.0,823,3.7113402,0.2001139283180237,2.212358455657959,1.2343095670427595,1.09742369333903,0.18646788597106936,-0.22040481260981426,0.03463060481207714,-0.20307692825623433,1.8982104078020368,-0.19482921309260479,1.6490424531989678,-0.0976761043471778,-0.3032029342651367,1.0594628286361694,1.6479069995880127,0.3153310489654541,1.6154667154947915,0.35575810432434085,1607,1401
TCGGTGTCCTGGTCCT-1,GSM8576303_BM2,BM,v2,91,77,17226.0,5977,0.8998026,-0.0010573881864547746,2.0230864524841308,1.5178352464948381,2.4538352330525717,0.36066917626254535,-0.09866579045390372,-0.1205777396474566,-0.00998076536691539,-0.38792231096540175,-0.016176026030237878,-0.6545519074451889,-0.1358207728238714,0.18704900741577152,0.6383456897735595,1.212377860069275,-0.06024579485257468,1.5572949345906577,0.13848454157511392,1081,2014
TCGTATAGAATCTGCG-1,GSM8576303_BM2,BM,v2,104,26,1744.0,1265,1.2041285,-0.07628645420074463,2.612744789123535,1.0590936006818499,2.2440822728474936,0.46742004467301584,0.6420471707911446,0.45565919058663507,-0.3138662737215146,-0.03641758482796803,-0.3355787039760605,-0.04889385423632847,-0.08959818206377478,0.14019307136535647,0.13622554063797,1.4021218252182006,-0.12078687032063802,1.9855710792541506,0.2446164027849833,533,2256
TCGTATCAGACGGCGA-1,GSM8576303_BM2,BM,v2,92,70,8512.0,4453,1.1160715,-0.048993239402771005,1.4024477863311768,1.6423434666224888,1.8084581756591798,0.08320877829708734,0.0260853507500986,-0.03946668948446003,-0.3421335520921942,-0.4017967627389091,0.15768941004113496,-0.8008832483483641,0.2857489535586832,0.174932050704956,0.8421090459823608,0.7117890634536743,-0.044457899729410805,1.097142022450765,0.06205448230107627,1006,2033
TCGTATGCACTCGACG-1,GSM8576303_BM2,BM,v2,72,128,1315.0,705,2.661597,-0.048426580429077146,0.35442190885543823,0.7904858343941825,0.4329204114278158,-0.16954808062817678,-0.15711688612359595,0.07843283636229378,0.14288488148764614,0.8761609715053014,-0.12962742694410453,3.9159883735049603,-0.06217155200523018,-0.2304186248779297,0.6484619641304016,-0.1281277618408203,-0.10255125681559245,-0.27539358139038084,-0.043178558349609375,1628,1661
TCGTCACGGTTACTCG-1,GSM8576303_BM2,BM,v2,114,24,16205.0,5914,2.17834,0.05342346429824829,2.0589730167388915,1.683368475777762,1.7190962855021157,0.7864260941624163,-0.060005433656536045,0.23371111358915053,-0.23951280580599488,-0.19131496592930392,-0.2647000402810583,-0.5041885478841721,-0.06583659875198614,0.532415771484375,0.3155167007446289,0.9931664638519286,0.00900237401326498,1.631968994140625,0.11968383153279623,512,2442
TCGTCCATGGTTAGGA-1,GSM8576303_BM2,BM,v2,54,132,16806.0,6534,1.2912055,-0.07990069419145585,1.7949054622650147,1.872574462890625,2.119839070638021,0.4283311108508743,0.141424786134896,-0.03364385298320227,-0.16956609816908394,0.12024941580636161,-0.22125782928313592,-0.5019303474535992,0.0027292047913899664,0.32706075668334966,0.28837833404541013,0.8735438117980957,-0.1880651346842448,1.4604677518208824,0.1724663782119751,1671,1327
TCGTGGCGCAATGTAG-1,GSM8576303_BM2,BM,v2,48,174,752.0,650,1.7287234,-0.08908075332641602,-0.1540400779247284,0.4169257817949567,-0.48655391693115235,0.4082889647847677,-0.1446546225183939,-0.18804373604910715,-0.17333835722040652,0.7869981177193779,1.5572741347623158,2.6384236910884926,-0.08254545967050847,-0.25649410247802734,-0.29639577865600586,-0.13606576538085938,-0.07980332056681315,-0.17692371368408202,-0.03546814282735189,2122,1215
TCTAACCGACTAGACA-1,GSM8576303_BM2,BM,v2,96,40,8938.0,4282,1.2530768,-0.039574023187160495,0.964010009765625,1.0960727092197966,2.4435931142171228,0.3691791645494331,-0.08785542112209305,-0.024662083557673853,-0.3600106225655892,-0.43831590591158187,-0.26794910442877007,-0.2945125336157853,0.0764033765829421,0.4597660636901856,0.5497256660461426,0.5662961654663086,-0.03623470425605774,0.8360588391621907,0.02981083432833355,683,2108
TCTACACTACAGTTAG-1,GSM8576303_BM2,BM,v2,88,44,883.0,668,1.6987542,-0.043953561782836915,3.3978353691101075,1.92717230115618,2.5107788594563805,-0.21482450799290914,-0.23238084785430785,0.3901421615055629,-0.17554457481406138,-0.3118236389160156,-0.11514438491269767,-0.2747190590672845,-0.07585465348006895,0.15430583953857424,-0.3480205535888672,1.7758742961883545,-0.0669768524169922,2.897989273071289,-0.02511631965637207,726,1959
TCTACATTCTTGCCGA-1,GSM8576303_BM2,BM,v2,89,63,8221.0,4279,1.5204964,-0.13973509788513183,2.4686323833465575,1.718483897617885,1.684707883199056,0.3184716519581745,-0.04307649686838522,0.09334247725350514,-0.1606575479968083,-0.2153683847699846,-0.13525328099967004,-0.5593216170057698,0.028797872343090808,0.450974063873291,0.28683422565460204,1.5133114213943482,-0.17861829121907552,2.2729979197184242,-0.10638139724731445,930,1977
TCTACCGATGCGACGC-1,GSM8576303_BM2,BM,v2,62,134,579.0,500,2.0725389,-0.05810647010803223,0.6498630619049073,0.6429315294538225,0.05344698588053387,-0.09868831711121831,-0.1336922090216334,-0.15849710736955916,0.2202301406977463,2.8212347717285158,-0.21695851705160485,2.4532689764767115,-0.048747043481609166,0.45819779396057136,-0.2681331443786621,0.21838673567771913,-0.05810647328694662,0.19216505527496336,-0.08715970993041992,1693,1475
TCTACTAGGTCGGCGT-1,GSM8576303_BM2,BM,v2,86,90,10863.0,5172,1.5557396,-0.06428281247615814,1.6438499259948731,1.5128329358782087,1.975899454752604,0.2960753067430243,0.044559173726242185,0.05889707497188024,-0.13252588139173682,0.016372893197195815,-0.3655742691702632,-0.3185536027068946,0.15349251506198283,0.27621177673339836,0.22352613210678096,0.9671049690246583,-0.1740964126586914,1.5048944473266601,0.00044427951176961855,1220,1921
TCTACTGGCGCTGCCT-1,GSM8576303_BM2,BM,v2,109,31,16374.0,5840,1.1054109,0.0062636029720306435,1.572785587310791,1.6060706329345704,2.1758464686075847,-0.09903989403123353,-0.1510735677017676,-0.10236710378101899,0.069671105225946,-0.558107855796814,-0.2500031659880795,-0.8091486084381206,0.09429899878149865,0.198085298538208,0.18895683765411375,0.7786003046035767,0.018555391629536955,1.0543070793151856,-0.029429687658945713,587,2349
TCTAGAGCTACTAGTG-1,GSM8576303_BM2,BM,v2,40,204,209.0,188,4.30622,-0.02916517972946167,0.4936698031425476,0.45181529726300923,0.5703413041432699,0.5801613881406057,-0.06795373020401921,-0.07972483498709543,-0.08913904206459024,-0.09879144287109375,-0.07808615596418879,0.5486840383432742,-0.026098595369582207,-0.03888690710067749,-0.019443453550338746,-0.036572391510009766,-0.012962302366892497,-0.12348930358886719,-0.012962302366892497,2444,1066
TCTAGCAATGCGATCA-1,GSM8576303_BM2,BM,v2,97,35,12409.0,5315,1.3457974,-0.0738007879257202,2.333771362304687,1.618256607055664,1.8957182312011718,0.13715328844675578,-0.301045718715578,-0.045847277300698375,-0.15145966853463058,-0.5275067749023438,-0.4371935066927868,-0.6192329401937907,0.012912592974742343,0.2107550430297852,0.18819274902343752,1.4156452522277831,-0.041517658233642576,1.8634607696533203,-0.005197556813557949,630,2126
TCTAGCGAGCTGATGT-1,GSM8576303_BM2,BM,v2,103,49,13982.0,5295,1.5019311,-0.028921231627464294,2.5896721172332766,2.2640836443219863,1.5049492009480796,0.3760043981084861,-0.06152060000430015,0.010957343578338663,-0.33380682215649626,-0.5618988647460937,0.3587145020205333,-0.6181048465712302,-0.13048284645848626,0.385492000579834,0.37120921611785884,1.2757832889556884,-0.07021785656611124,1.9677912012736,0.013002701600392658,780,2238
TCTAGCGAGTGCTACT-1,GSM8576303_BM2,BM,v2,53,143,1452.0,1053,1.9283748,-0.051630558967590334,3.608043613433838,1.7494306509835378,0.8352411015828449,0.6838316093965707,0.07606061012390627,0.023419296571186604,0.1234943812077913,-0.29746453857421873,-0.25638411801502886,-0.3659316965397572,-0.03465138505769256,0.17959347724914548,0.21057181119918822,2.209554708480835,-0.08470107396443685,2.9199734115600586,-0.06884074529012044,1789,1308
TCTATGCCATAGACCT-1,GSM8576303_BM2,BM,v2,100,66,6234.0,3323,2.277831,-0.0929377555847168,3.0729011726379394,1.8690778132847379,0.5592450332641601,0.4203072360241748,0.06906848260197773,0.4095489549636841,-0.03362487448662266,-0.5683831787109375,-0.004096086245464037,-0.6693968308852023,-0.09667055398825831,0.2572053527832032,0.021873719692230176,2.0693746490478517,-0.1558386993408203,2.7592199071248373,-0.09412786483764649,963,2182
TCTGCGGCGTGGTATT-1,GSM8576303_BM2,BM,v2,59,137,627.0,561,0.9569378,0.26721163153648375,3.021571521759033,1.3348463821411132,1.5040787506103515,0.8043432589994377,-0.20992018611555596,-0.23210113525390624,-0.12544272349010566,1.0970845969063896,-0.12502920005216178,1.3893248346827973,-0.07597869514618943,0.2547185611724853,-0.3113227653503418,1.811750286102295,-0.14151034037272137,2.313648109436035,-0.08490619659423829,1725,1419
TCTGTACGTGCACTCC-1,GSM8576303_BM2,BM,v2,109,33,10435.0,4762,1.5141351,0.1641278159618378,2.2066494083404544,1.5575909532819474,2.053938255310059,0.0779337892570649,-0.24566586401978238,0.07169502939496719,-0.1269583523981014,-0.35557431520734517,0.12175084740282544,-0.7878559714652891,0.08789699852523732,0.5568196105957032,0.32007148265838625,1.164661696434021,0.0633197013537089,1.55052516301473,0.2356572930018107,608,2349
TCTTACATGAATAACC-1,GSM8576303_BM2,BM,v2,79,79,9850.0,4325,1.3096447,-0.01413746446371078,2.3428762435913084,1.9126312473842075,2.3824394226074217,0.05386363358861468,0.36273036328664265,0.07310710157666889,-0.16763277508614252,-0.4882051674297878,0.15926243406701757,-0.6747175755688236,-0.016846623368139815,0.32753532409667974,0.37010369300842283,1.3505999307632446,-0.02624138633410135,2.077854207356771,-0.10118110656738281,1102,1791
TCTTAGAATACTGCCA-1,GSM8576303_BM2,BM,v2,47,167,1266.0,681,0.94786733,-0.06011299133300781,-0.2633806192874908,0.35623985835484095,-0.06641362349192298,1.304843481285984,-0.16410413994846573,-0.22181043352399554,0.530445056326605,0.1313401573726109,0.5417355772960617,0.37542823268491726,-0.05868260812439374,-0.1844039726257324,-0.21719289779663087,-0.14596028137207032,-0.08743707656860351,-0.20273294448852539,-0.038549855550130206,2047,1196
TCTTAGACGAACGGAA-1,GSM8576303_BM2,BM,v2,57,159,449.0,375,1.55902,-0.047208580970764163,0.4506948757171631,0.06848298209054127,0.41401425679524745,-0.08013244996587914,-0.1180509850682025,-0.1598508017403739,-0.08816581879099324,-0.13826759338378905,-0.08619776499798021,0.5584781387051138,-0.0316836113897746,-0.2777208709716797,-0.35640186309814453,0.7321756763458251,-0.02098159154256185,0.8360144297281902,-0.0232196839650472,1961,1382
TCTTGCCAACTCAACA-1,GSM8576303_BM2,BM,v2,44,162,1057.0,817,2.3651845,-0.0645598030090332,0.9449974346160889,1.4908135168892998,0.8815969276428223,1.3500419677979496,-0.16529103168043266,0.3875982291357858,-0.21029837971772028,0.899337607247489,-0.160279898279642,1.8409115817837154,0.3038637818677542,0.2667564964294433,0.325447211265564,0.10065222692489623,-0.1038778305053711,0.45601725896199546,-0.046952584584554036,1993,1141
TCTTGCGGTATTACCA-1,GSM8576303_BM2,BM,v2,87,41,932.0,673,3.6480687,-0.04924232959747314,3.6399058723449706,1.4797516305106029,2.203662656148275,0.18957600248865333,-0.24055281796129832,0.023018866607121047,-0.1708238814826681,-0.2198936767578125,-0.19308991030038122,-0.3583498705153497,-0.041310681592698066,0.23321998596191407,-0.30844568252563476,1.814308204650879,-0.0738634999593099,2.9352880350748696,-0.06782172520955404,694,1940
TGAACAAGCGGCCGGT-1,GSM8576303_BM2,BM,v2,58,118,11728.0,5117,1.7991133,-0.13243803024291992,2.873189296722412,1.5298172760009765,1.9568788274129234,0.1875532592635557,-0.015385053380768121,0.07332178013665336,0.016376860650211267,-0.5329270445278713,0.13746658338600376,-0.4479086799109542,0.022635995598790287,0.3076202583312988,0.4518340492248535,1.6645318202972412,-0.15065715789794923,2.409322611490885,-0.10065375645955403,1521,1401
TGAACGTTAACTGATT-1,GSM8576303_BM2,BM,v2,63,119,3699.0,2310,2.2168155,0.02568498134613037,0.3311898994445801,0.656876732962472,0.021278807322184234,-0.07316852669160526,-0.2921247980202058,0.34983118397848945,-0.2506941000165092,3.5508526502336775,-0.09571642090517832,3.4086340760681795,-0.08899421819904507,0.10300345420837403,0.451292839050293,-0.009626325607299813,0.06438032150268555,0.06776557286580409,-0.10037665049235026,1532,1494
TGAAGAACAGGTATCA-1,GSM8576303_BM2,BM,v2,97,63,9128.0,4739,1.3365469,0.04362874507904052,1.3796802806854247,1.8998727199009489,1.341439768473307,0.21847875051230314,-0.2890847307200823,0.012215984548841208,0.1439949376047316,-0.5172013969421386,-0.3676837658786391,-0.7776337790009159,-0.15734079860200817,0.5603817558288574,0.07031246423721316,0.6011551132202149,-0.023210045496622714,1.125018933614095,0.0145098336537679,931,2126
TGAAGAACGAACAGCA-1,GSM8576303_BM2,BM,v2,99,7,14791.0,6020,2.616456,-0.0954887393116951,1.5857629203796386,1.5731206948416576,1.518393300374349,0.19655560010887052,0.19328527428675707,0.1532007397924151,-0.2646405764695713,-0.378870146887643,-0.48714695206607683,-0.7084104191879754,0.1489005603131946,0.5224982833862304,0.23174370288848878,0.7354022903442383,-0.18192193349202473,1.13437780380249,-0.011051083008448287,329,2164
TGAAGAACGCTCCTGG-1,GSM8576303_BM2,BM,v2,88,78,10834.0,4974,1.1814657,-0.042217790484428405,2.159728498458862,1.3172546931675504,2.279766451517741,-0.2564212828276148,-0.02461247764232849,0.03446802207401822,-0.0005260171628710952,-0.2221928220476423,-0.030994103136790352,-0.655499450883838,-0.03030780714973165,0.03848623275756835,0.1489856243133545,1.298762064933777,-0.05099474827448529,1.7272988382975258,-0.14578317006429037,1092,1959
TGAAGACAAGCCTCGG-1,GSM8576303_BM2,BM,v2,108,0,24166.0,7279,1.8910866,0.008879424333572389,2.408530035018921,2.040292609078543,1.6088393910725913,0.5261938830456101,-0.2787173201965314,0.1969748541287013,-0.08045555068682414,-0.4191175425393241,0.13935284729463504,-0.6690186167266201,0.03605610457957076,0.6985340881347656,0.1041059231758118,1.3475978899002075,0.01786352952321371,1.9827208709716797,0.12301204522450764,254,2331
TGAATGACGCTTGATC-1,GSM8576303_BM2,BM,v2,45,149,18358.0,6417,1.3400152,-0.07844898030161856,2.2578963661193847,1.8855042484828404,1.8821564737955727,0.7491173993152787,-0.3323159172353017,0.3617644493920462,-0.20352098832499332,-0.27860878154209684,0.0028386733618127047,-0.30101805108162727,0.13503328197182995,0.7223207855224609,-0.09812722682952879,1.0734383115768433,-0.08004394272963207,1.7122991943359374,-0.024957304596900945,1854,1159
TGAATGGATCCTCAGT-1,GSM8576303_BM2,BM,v2,32,206,894.0,744,2.3489933,-0.08913728713989258,2.996277370452881,1.2718978118896485,0.993150749206543,-0.18335728472973928,-0.12310999368568022,0.5537703006608146,-0.168435717038917,0.11194508634294781,1.187971850475633,0.7034175882860662,-0.02517042064026698,1.4021271324157716,-0.28154132843017576,1.8136160678863527,-0.07717868169148763,2.1583936055501303,-0.025002617835998536,2466,917
TGAATGGCGTGCCGCA-1,GSM8576303_BM2,BM,v2,95,49,5265.0,3138,1.557455,0.03207638621330261,2.5083286094665525,1.4360421098981584,2.062142702738444,0.24090116952796542,-0.16386450862173232,-0.1499421662943704,-0.14276993152698042,-0.5406957397460938,-0.4514806663176142,-0.4869451317096831,-0.11242545211075136,0.5841283607482911,0.27118222713470463,1.5040489931106569,0.04799630324045817,1.8629878362019858,-0.08496929804484049,780,2089
TGAATTCAGGTTCGAA-1,GSM8576303_BM2,BM,v2,85,91,11584.0,5453,1.6315607,-0.029865671396255483,1.9892653274536132,1.23129757472447,2.0279155222574867,0.488581709114902,-0.23324705264517717,0.04899296624319893,0.12993966132658602,0.025634100777762292,-0.39466230768755256,-0.10870808860142422,0.03206299341079258,0.26358142852783206,-0.21897042512893672,1.1209984245300293,-0.03210846741994222,1.5808537419637045,0.027143203417460127,1231,1903
TGACAGACTGAGTTAC-1,GSM8576303_BM2,BM,v2,98,14,12312.0,4931,1.9330734,-0.05042925775051117,2.601799964904785,1.9312329864501954,2.1113274892171225,0.43025462407184895,0.2998102278936477,0.2878128365107945,-0.21281614342137922,-0.38495650236947193,0.4274705892585846,-0.5921078674630945,-0.014753464541522099,0.6204765701293945,0.456186113357544,1.6421899089813232,-0.1400799814860026,2.2580302047729495,0.1129986588160197,404,2145
TGACAGACTGCGCACG-1,GSM8576303_BM2,BM,v2,104,16,12513.0,5525,1.2626867,0.09023454666137695,2.664414520263672,1.5119158826555525,1.399690424601237,0.43931105146446386,-0.14577277460388255,-0.09502048305102762,-0.06996276112203953,-0.22896785054888047,-0.3575993980987962,-0.42943137809848514,0.031131576943146055,0.2376731491088867,0.41827076911926264,1.8019931659698487,0.135722173055013,2.2471020507812502,-0.13419469197591147,426,2256
TGACCAAGAAGTGGCT-1,GSM8576303_BM2,BM,v2,110,20,17225.0,6090,1.0798259,-0.01548337757587434,2.54866117477417,1.8151928274972096,2.150721969604492,0.07968115615078725,-0.2258801000664033,0.037657404967716746,-0.07037664757758633,-0.48107619476318364,0.01965889969025275,-0.5759773748147293,-0.05916656680898036,0.37678750991821286,0.10322815895080562,1.4977684144973755,0.03891631046930949,2.0947798919677734,0.06919468243916828,469,2368
TGACCAATAGAACAGC-1,GSM8576303_BM2,BM,v2,97,73,22868.0,7262,1.5305231,-0.029968504309654226,2.815688133239746,1.8864617374965122,1.4251674016316733,0.24580833136317243,0.08909676995553717,0.04027359315327239,-0.09060657078059442,-0.4693927589144025,0.030616369592138093,-0.8076197539857113,-0.01973063130849617,0.46593358993530276,0.043490362167358354,1.6039826183319092,0.0029734619458516576,2.4003264236450197,0.06779066801071167,1038,2126
TGACCATCCGGCGTCC-1,GSM8576303_BM2,BM,v2,58,160,667.0,523,2.3988006,0.31186352610588075,0.8420554351806641,0.4474389403206962,0.3747609408696493,-0.15364284591981206,-0.1202437925530246,0.637644852229527,0.2515155371222104,1.0918998314993722,-0.1738924692912274,1.864203748401265,-0.027907249911519504,0.23396178245544436,-0.3514904022216797,0.5732672419548035,0.4342988379796346,0.14543884754180908,-0.04620200475056966,1972,1401
TGACTCAACAAGTCGC-1,GSM8576303_BM2,BM,v2,43,189,2200.0,1675,2.6818182,-0.10241923332214356,-0.3349644219875336,0.5352008056640625,-0.38490662733713793,0.5975818576582943,0.2752235448709248,0.6244712202889579,0.7657272153050989,0.7689403076171875,0.20927138788154326,1.9140989298102726,0.17947156568730208,0.47024358749389655,-0.04932843923568725,-0.23685507202148437,-0.11447519938151042,-0.4035303497314453,-0.0687957763671875,2283,1122
TGACTTGCTAACGAAT-1,GSM8576303_BM2,BM,v2,45,155,11590.0,5204,1.4322692,0.0767737966775894,2.3143083095550536,2.219403403145926,1.0882591247558593,0.8421504631578682,-0.0690609601743592,0.10141069310052053,-0.2907039137878137,0.05885461480276921,-0.010712308577265628,-0.2718743445889261,-0.12305758943493735,0.4589777183532714,0.16129290342330938,1.4117440328598023,0.13970115741093955,1.878680102030436,-0.10748736063639323,1918,1159
TGAGAATTACGTGCCG-1,GSM8576303_BM2,BM,v2,57,147,7504.0,4025,1.9189765,-0.02174294114112854,1.279308500289917,1.4442471967424666,1.9154155476888022,0.1639150452901082,-0.02200836418554558,-0.1337369269984109,-0.3029410244742232,-0.2736406124659947,0.10579458345849829,-0.49760425353667426,-0.17527553379135644,0.002978773117065403,0.487206335067749,0.6443197298049927,-0.14154426574707032,1.0124867248535157,-0.0961819330851237,1832,1382
TGAGACGTTACGCCGA-1,GSM8576303_BM2,BM,v2,88,72,5309.0,3265,1.6010549,-0.16402290344238282,2.043411903381348,1.5304560525076731,1.7345136133829753,-0.015030255758139988,0.05665532228116393,-0.1955013418197632,-0.02603985411292259,-0.24967471912928993,-0.055795387091885584,-0.7272527297871225,-0.15040766312771994,0.09443566322326657,-0.3332968211174011,1.0623363122940064,-0.14790788014729817,1.4186569976806642,-0.1127853266398112,1027,1959
TGAGCAGACCTCGTCA-1,GSM8576303_BM2,BM,v2,47,145,21916.0,7275,1.5605037,0.10556745767593384,1.9063817024230958,1.5331549835205078,2.1648721059163414,0.3961998793973502,-0.2134416517825627,0.08585246052060813,-0.019836993477064413,-0.18089921488080707,0.11549769922432651,-0.5737878976823729,-0.02498765856970535,0.47013576507568355,0.3387460374832153,1.136805290222168,0.10204013744990031,1.5523022842407226,0.22567659536997475,1811,1196
TGAGCAGATGGCTATG-1,GSM8576303_BM2,BM,v2,106,46,17671.0,5953,1.5109502,-0.004730866253376001,2.856074333190918,1.883339059012277,1.5439958572387695,0.4684107294044341,-0.0889002493039261,0.15632927043097355,-0.18943541175851655,-0.34943704427991595,0.3438874851747689,-0.7100669610763213,-0.00584947314266962,0.41512178421020496,0.39726009368896487,1.5914804944992065,-0.04932005743185679,2.388221104939779,0.22752700249354046,748,2293
TGAGCTCAGACCAGTG-1,GSM8576303_BM2,BM,v2,112,22,14422.0,5922,1.393704,0.04622094213962555,1.9994679641723634,1.7937238747732982,1.769629592895508,-0.08065516738048994,-0.1877774878336107,0.2425650446755545,-0.21667708200945798,-0.4563340192522321,0.06224831328334579,-0.8754380036177594,-0.13120844540179977,0.6544334220886231,0.1607907724380493,0.9502854614257812,-0.0008234143257140891,1.5861775652567545,0.18515552043914796,490,2405
TGAGCTTGAGATTCGT-1,GSM8576303_BM2,BM,v2,93,49,6858.0,3665,1.0352873,-0.11475486755371093,2.1458117675781248,1.6296003287179128,1.7097289276123047,-0.13385875588918783,-0.10224603088300116,-0.016842045443398623,0.03241713653077272,-0.5784766235351563,-0.37102597401324044,-0.7255794345932519,-0.11095158365748872,0.1802954292297363,0.23883550167083745,1.2159399642944335,-0.11403209686279298,1.8662325795491537,-0.07960817337036133,780,2052
TGAGGAATTATCCTTA-1,GSM8576303_BM2,BM,v2,52,150,1047.0,889,1.7191976,-0.1178115177154541,3.1654633045196534,1.669202515738351,1.3873258590698243,-0.15917058737881212,0.12324580404858307,0.06431338565690176,-0.17686401192301665,0.6187636173793247,-0.12301602038034952,0.11957869662305881,-0.06325449719525024,0.1606022548675537,0.266632616519928,1.8393262004852295,-0.15708202362060547,2.560692138671875,-0.1021032969156901,1864,1289
TGAGGCATTATCTACC-1,GSM8576303_BM2,BM,v2,76,82,13242.0,5611,1.7746564,-0.03861005008220672,2.5035388374328615,1.6816541399274554,1.6671004994710288,0.6433346683241756,-0.03456357205249222,0.2466005069868905,0.0034002436022264604,-0.5359222367150444,-0.20889201030194998,-0.8181435473241834,0.07043640405539697,0.4155677032470704,-0.042913880348205535,1.3755345554351806,-0.12666097005208332,2.016532185872396,0.04420711437861126,1134,1736
TGAGGTACAGTCAGTC-1,GSM8576303_BM2,BM,v2,49,173,491.0,450,1.629328,-0.03827286005020142,0.37102651834487915,0.16828306606837679,-0.3944306945800781,-0.18026358056738673,-0.1433740792025524,-0.1312212371826172,-0.12474232758355346,0.30451059750148235,1.124649620439154,1.2139218468451203,-0.06522780936836396,-0.20236621856689452,-0.2482936477661133,0.23992802357673645,-0.040824384689331056,0.3130894613265991,-0.020412192344665528,2111,1233
TGAGGTGAGTCGCTTA-1,GSM8576303_BM2,BM,v2,87,61,1443.0,966,1.2474012,-0.0626100778579712,2.7688805198669435,1.832971431187221,1.6760120328267418,0.21011725247624408,-0.24372116150147466,0.1346981261457716,-0.21483212009200395,0.06481455530439106,-0.2347800319932072,-0.5197852217911074,-0.06253652764646798,0.3778957271575928,0.3017003130912781,1.6501692485809327,-0.027608718872070313,2.336158167521159,-0.029702119827270508,909,1940
TGAGGTTAGTATTCAC-1,GSM8576303_BM2,BM,v2,55,157,798.0,616,2.1303258,-0.07815022468566894,0.73773268699646,-0.08654482432774135,0.32209431966145835,-0.19108791427918706,-0.2015497751504063,0.735703660760607,-0.14295230417333565,0.12280747822352817,-0.15874527161379895,1.8082676573887768,-0.03716619542781138,0.32685560226440424,0.49618109226226803,0.28453160119056703,-0.056470120747884114,0.365116171836853,-0.05003268559773763,1940,1345
TGAGTATGTACCGAAT-1,GSM8576303_BM2,BM,v2,90,40,27269.0,7499,1.5878837,0.07498296320438386,1.809702796936035,1.6277339063371932,2.3590573501586913,0.04723748816065043,0.009417424582231326,-0.17804511325699945,-0.05599004452315404,-0.46953947598593576,0.19928565370031148,-0.7742609336529345,0.04769242049863674,0.26511512756347666,0.2284026002883911,0.856287938117981,0.0825606417655945,1.3077240816752114,0.012694648504257194,683,1996
TGAGTGGCCTGGAGGT-1,GSM8576303_BM2,BM,v2,54,158,1558.0,1015,1.0911424,-0.0967472267150879,1.0712974643707276,0.07140386853899272,0.5033192412058514,-0.23326524481715927,-0.190321681011154,0.3392411572592599,0.4211984947476287,0.7224012205941337,-0.19640224717228288,2.586770958319835,-0.09691024626661467,0.7246380233764649,-0.29180465698242186,0.5979919052124023,-0.11022682189941406,0.8849468994140626,-0.08821056365966796,1950,1326
TGAGTTCCATTGAGTA-1,GSM8576303_BM2,BM,v2,108,32,14856.0,6060,1.1847064,-0.021050608754158012,1.6792959976196289,1.5460250745500839,1.8883868662516274,0.2829972807183323,-0.16157725263585732,-0.17750998616218572,0.03481038008075826,-0.4588461032594953,-0.09602577236282778,-0.6399431736105812,-0.1566460884657482,0.2927137756347655,0.3046332311630249,0.8540599489212036,-0.08383074641227722,1.329842389424642,0.23503862380981447,598,2331
TGAGTTGACAGAATCT-1,GSM8576303_BM2,BM,v2,116,16,16570.0,6125,2.136391,0.12152475953102113,1.6796394538879396,1.5882302311488559,1.4683762741088868,0.6577262667767015,-0.10467291972586562,0.1053270319529942,0.0416229452405657,-0.496730176448822,0.06217767866739787,-0.8423217427010504,-0.08450627226957538,0.7091985321044922,0.12944167852401733,0.7496297492980957,0.10175754785537722,1.309580281575521,0.11626584927241007,426,2479
TGATAGCCTCCGTCAA-1,GSM8576303_BM2,BM,v2,93,41,13052.0,5361,1.4863622,-0.02763420015573502,2.0931935501098633,1.3251978737967356,2.421813824971517,0.014934617352772905,-0.19926393722844957,0.043101206166403616,-0.1004201876936611,-0.3324938319069999,-0.353152776698032,-0.7542682410658034,-0.023022227010699503,0.17670306205749509,0.4297958183288574,1.2863072423934936,-0.04304249962170918,1.6045543988545736,0.08450074752171835,694,2052
TGATCTGTCGGATAGA-1,GSM8576303_BM2,BM,v2,100,42,7731.0,3901,1.3969733,0.03182465314865113,2.189969120025635,0.9478051866803849,2.170345204671224,-0.022076556481510745,0.11376883145111844,-0.13811997209276472,0.0052456660588842685,-0.3410135045732771,-0.12872515002407703,-0.8405658286689912,-0.12449459101529729,0.31069334030151363,0.30909618377685544,1.440110761642456,0.04367395718892417,1.9343169784545897,-0.1106417973836263,705,2182
TGATGCTGGTCGCAGA-1,GSM8576303_BM2,BM,v2,60,122,928.0,712,1.8318965,-0.05548616409301758,3.737549247741699,1.6872130366734097,1.6141228103637695,0.6177597515075561,0.557142178627929,1.0009693506785802,0.23879686975108272,1.866255677359445,0.6682409732696043,1.488666073587917,-0.03528177018133586,0.1700058269500732,-0.43742565155029295,2.1729746437072754,-0.11724828084309896,3.2163614400227867,-0.082201722462972,1564,1438
TGATGGAAGGCTCGTT-1,GSM8576303_BM2,BM,v2,62,124,506.0,406,2.56917,0.34881399989128115,2.5533567237854005,0.6860280772617884,0.9995378621419271,0.3958950593289601,-0.0852697058375102,0.5662061687878199,0.2986029232812133,3.1361090022495817,-0.15835802622109532,2.463973243764583,-0.010178406766597056,-0.16682409286499023,-0.19715574264526367,1.330177996635437,0.4650853331883748,1.5512849362691243,-0.04044220288594564,1585,1475
TGATGGAGTCTTGGTT-1,GSM8576303_BM2,BM,v2,66,128,1235.0,810,2.186235,-0.04023089408874512,1.9670897865295411,2.0008312552315846,1.807304039001465,0.11713402338296053,-0.22790322054820847,-0.0026937873022896963,-0.1664641415833744,1.4750778263636999,-0.17990309933581985,2.123705720398593,-0.050023152524192864,0.5277464675903321,-0.33471458435058593,0.44245008373260497,-0.08095863342285156,0.8561695861816406,-0.04968966484069824,1628,1550
TGATGGTGGAGTAATA-1,GSM8576303_BM2,BM,v2,84,84,11629.0,5397,1.0233039,0.05565058827400207,2.2294946098327637,1.893322099958147,1.6505127334594727,0.3045416644299366,0.2822878838132594,0.26014421769550866,-0.3620088899716265,-0.22820357050214501,-0.1694216886198664,-0.5624423395067253,-0.13780741083541972,0.5691093063354493,-0.12399613142013555,1.182929832458496,0.08373172203699748,1.868216234842936,-0.01093602776527404,1156,1884
TGATTCCGTACAAGAC-1,GSM8576303_BM2,BM,v2,110,34,14980.0,5676,1.9959947,-0.04100610345602035,2.2759622192382816,1.4360505785260882,1.7039016342163087,0.3846752768060768,-0.2459042622177203,0.3097897389956883,-0.01997147102215424,-0.5616963216917855,-0.18104462163994112,-0.7692484840793554,-0.06332935508579901,0.49361631393432603,0.4366534566879272,1.3581800022125243,-0.030015279054641728,2.0376192220052083,0.048201728264490776,619,2368
TGATTCGTAGCCGAGC-1,GSM8576303_BM2,BM,v2,105,23,7194.0,3861,1.7097582,0.1718780815601349,2.600911159515381,1.4482054138183593,1.836096623738607,0.467839060059513,0.0199630997745866,0.5054725459643772,-0.05711895298186842,-0.24207117612021312,0.23314736597988017,-0.009189594740606988,-0.015996454488968248,0.5512991905212402,0.13679984569549564,1.7089975109100342,0.3002233648300171,1.9250416692097985,-0.0930919329325358,501,2275
TGCACGGCAGTCTTAC-1,GSM8576303_BM2,BM,v2,99,61,12306.0,5354,1.2595482,0.018878328800201405,1.8459537506103516,1.7599435751778736,1.4927429835001627,0.906842993923938,0.11771281929585142,0.2225398322514125,-0.03559230518692402,-0.46068996919904437,-0.22427834133546515,-0.6376686244774414,0.10835899145468314,0.6988748931884766,-0.04862990379333498,1.0027425947189332,0.02000502586364747,1.3319994544982912,-0.023048170407613117,909,2163
TGCACGGTTGGACTCC-1,GSM8576303_BM2,BM,v2,97,49,13501.0,5429,1.2147249,0.024514340162277215,2.2167495918273925,1.6381604439871653,1.8725375366210937,0.25463431523028146,-0.1704736842687829,0.21717841420854844,-0.2064046087784207,-0.38023277636936725,-0.20262219293050499,-0.6039844894226309,0.021900159400581515,0.49793165206909185,0.4382854080200196,1.2475645904541015,0.06476077874501546,1.6794682248433432,-0.0350333857536316,780,2126
TGCAGATTCCGAACGT-1,GSM8576303_BM2,BM,v2,43,211,605.0,480,7.438017,-0.04295778274536133,2.0048029804229737,2.2905025264195036,1.289807357788086,0.3763538886265582,-0.14696049211494416,0.2559968330178942,0.34787424041070364,-0.15782806396484375,-0.04600565883529234,0.13111939046206889,-0.028830726674739147,0.4229357624053955,-0.14983469009399414,0.3175457320213318,-0.05727704366048177,0.2668031406402588,-0.06903724670410157,2519,1121
TGCAGTCGTGTTGCCT-1,GSM8576303_BM2,BM,v2,94,82,4243.0,2343,1.4140939,-0.11334668159484863,2.8474153232574464,1.904096995762416,1.8696376037597657,0.07191917982446144,-0.12033311108782313,0.3492223473957607,-0.04043357024854488,-0.4352190246582031,-0.10319771680487208,-0.27476563961142436,-0.07899585826284933,0.7734065246582031,0.14462315320968633,1.6492605504989624,-0.12287236531575521,2.494240468343099,0.14354652563730877,1135,2070
TGCATTCTTGGTCGTA-1,GSM8576303_BM2,BM,v2,91,81,13314.0,5393,1.0365028,-0.06101732254028319,1.5576869392395019,1.462952662876674,2.39669797261556,0.23476646176303728,-0.01134323403538473,0.18888180630547657,-0.12611910572707824,-0.5181781747000558,-0.34274104321338084,-0.4402863721033756,0.09455215450901314,0.5575847816467284,0.23207356929779055,0.7699078197479248,-0.05722852071126301,1.056595738728841,0.000169690450032553,1124,2014
TGCCAATAAGTTGTTC-1,GSM8576303_BM2,BM,v2,86,56,7496.0,3896,1.3207043,-0.13491026878356935,3.021957473754883,1.4850745718819753,2.211286303202311,0.34121732826692514,0.34026434280649387,-0.05601916176932198,-0.18325871997713017,-0.180991523197719,0.38916879485409905,-0.21563440772739606,-0.04710365564688283,0.21004674911499022,0.22831571578979493,1.6919260101318359,-0.11640438079833984,2.556345100402832,0.059428214232126866,855,1922
TGCCACCGAGGTGCTA-1,GSM8576303_BM2,BM,v2,44,182,929.0,803,0.9687836,-0.09243998527526856,0.27708178997039795,-0.18403241702488488,-0.009554880460103332,0.2696369579996929,-0.17090698609869165,-0.25314239501953123,-0.17951215509015714,0.8047168960571289,-0.20021677591714515,2.4018854432000865,-0.04963220365895521,-0.277132568359375,-0.3141085433959961,0.24870521354675293,-0.10681954701741536,0.21682524363199868,-0.06573509852091472,2208,1140
TGCCACGGAGTAAGCC-1,GSM8576303_BM2,BM,v2,95,37,12121.0,5488,1.427275,0.06960215985774995,1.4855133342742919,1.3673558480398997,2.200346196492513,-0.046105302481287413,0.009191808656789924,0.14677575928824288,-0.04683950344558824,-0.5066097759519305,-0.3763474884282154,-0.7510658784886449,0.07005231732490078,0.100442705154419,0.5128217935562134,0.800670838356018,0.13084438880284627,1.0636819903055827,0.17287315924962363,651,2089
TGCCAGGAAGGTCTTA-1,GSM8576303_BM2,BM,v2,72,88,16131.0,5898,3.1802123,0.1396433210372925,2.8984639167785646,1.4708553205217634,0.9808826764424643,0.6749999092285891,0.004391157962232217,0.01805187736238756,-0.05027688198581465,-0.40660675907135013,0.002513096993228048,-0.46961400584315066,-0.015721867719981256,0.6774585533142091,-0.003300290107727033,1.9047669467926025,0.14051846504211427,2.427930285135905,-0.09337869008382162,1199,1661
TGCCGCATAATGTCAC-1,GSM8576303_BM2,BM,v2,44,192,329.0,301,3.0395138,0.3946723484992981,-0.3662082672119141,0.6090084184919085,0.2082338809967041,0.5667907511852832,-0.09281627241387425,0.28118338074002946,0.40155672060872416,0.9173991181509835,-0.14113904960662965,0.9423498755333408,-0.01156594929279097,-0.21357009887695313,-0.21357009887695313,-0.12001823425292969,0.5169979317982991,-0.26557905197143555,-0.03446652730305989,2315,1140
TGCCTACGAGTCAGAA-1,GSM8576303_BM2,BM,v2,84,68,8510.0,3990,1.3748531,0.08806605458259582,1.7573295497894288,1.6905134146554128,2.4722921117146814,0.4059284259995304,0.151950235689637,-0.16332979610988074,0.14842057745328852,-0.41152166788918626,-0.11551138339751216,-0.7775511261600776,0.049575575246106854,0.22430103302001952,0.5134651327133178,0.9655289001464844,0.02532351891199748,1.2604796854654947,0.10034198125203452,984,1884
TGCCTACTGACTGCGT-1,GSM8576303_BM2,BM,v2,105,21,11076.0,4955,1.2278801,-0.0438765600323677,2.325363931655884,1.4717408207484652,2.404362576802572,0.5621398031472202,-0.163751518254436,0.11816744565963744,-0.12928692503049632,-0.4569832870619638,0.39009190084465056,-0.5722511143835256,-0.0468196533441772,0.6188544464111329,0.08935993194580083,1.4029394273757934,-0.13688103993733725,1.8760993194580078,-0.00541667660077412,479,2275
TGCCTAGGCGTTCGTA-1,GSM8576303_BM2,BM,v2,57,133,1542.0,1215,1.232166,-0.06194740295410156,3.0813202095031738,1.2855948257446288,1.4964338175455727,-0.2767957817598519,0.010763114441145583,0.19264609813690187,0.3231104527932916,2.101971607753209,-0.245025634765625,0.970036558771179,-0.07430213569794725,0.021374454498291007,0.08870639324188234,1.594743130683899,-0.12956448872884116,2.2510415395100916,0.25288884162902836,1682,1382
TGCCTATCGTGGAGGC-1,GSM8576303_BM2,BM,v2,49,161,1661.0,1356,2.4081879,-0.10718564987182617,-0.24106471538543706,-0.4950400161743164,0.1694132804870605,0.061341866910696985,-0.2997436829838887,0.40994989565440587,0.3061068129256471,0.844538057599749,-0.2308079056950458,3.144360470063163,-0.10463516184147573,0.10295568466186522,-0.2965545082092285,0.19361692523956298,-0.18808344523111978,0.2520114707946777,-0.07352130889892577,1982,1233
TGCGAAGCTCATCTAC-1,GSM8576303_BM2,BM,v2,28,208,25355.0,7314,1.2739105,0.07695438086986542,2.0961353015899657,1.7528518567766462,2.1076239776611327,0.11004592711666983,-0.19101726345405867,-0.03129137209483557,-0.03555878644296001,-0.4844702906608581,-0.09545364724584376,-0.7763759545831872,-0.03954080035793929,0.17854526519775393,0.29095716476440425,0.9921010971069336,0.003648857673009237,1.639812043507894,-0.06962347269058228,2487,843
TGCGATTACATTGTCT-1,GSM8576303_BM2,BM,v2,112,14,13442.0,5378,1.5101919,-0.12048446655273437,3.032478885650635,1.890953390938895,1.473173853556315,0.3716355251021175,-0.04805225048404416,-0.07302668094635012,0.05113470471398146,-0.3229149485996792,0.10984674898017366,-0.6179222306263412,-0.040360377424629626,0.388892936706543,-0.31398129701614375,1.6942982521057128,-0.1311566162109375,2.398544998168945,-0.09917205810546875,404,2405
TGCGATTACTATGGAG-1,GSM8576303_BM2,BM,v2,100,54,5168.0,2996,1.4318886,0.03246090471744538,3.0755515480041504,1.348043997628348,1.3436799430847168,-0.07839746384256818,-0.0796948353312717,0.6272453648703439,-0.28897748362369047,0.09499821853637691,0.2873049079174976,-0.3088499980827763,0.06348723361727605,0.7401791954040527,-0.24629247069358828,1.9706828441619872,0.0897251836458842,2.5884201939900717,-0.08064610799153646,834,2182
TGCGCTCAACGCCGTC-1,GSM8576303_BM2,BM,v2,95,41,13849.0,5364,1.321395,-0.12665209770202637,1.3859097957611084,1.4461419786725724,2.301992416381836,0.268561025221185,-0.3224657719940956,0.08980430807386125,-0.17545082136787352,-0.45711113984244206,-0.23654490565679157,-0.809906233762849,0.019987979648440124,0.2163552951812744,0.16221739768981935,0.7646875009536743,-0.13496861775716146,1.2708855183919272,0.14792948643366496,694,2089
TGCGCTCACGGACCAT-1,GSM8576303_BM2,BM,v2,91,59,7843.0,3977,1.606528,-0.011376293599605555,3.1144494438171386,1.2510397720336914,1.4592337036132812,0.15078218107721414,0.22005736301222956,0.07779974596840994,-0.1587979835513377,-0.4708134813989912,-0.17152301590126684,0.007186266971343058,-0.0014027871998707336,0.29200405120849615,0.10750604391098018,2.1159497509002687,-0.013122620185216288,2.6854766337076823,0.021466727654139192,887,2014
TGCGCTGACGCATACA-1,GSM8576303_BM2,BM,v2,45,157,2893.0,1878,1.8665744,-0.0925341796875,3.0557424926757815,1.4511740330287388,1.3446636899312339,0.9329529249045745,-0.06372580361379954,0.05096778886658804,-0.056244930965315854,0.34239227349417545,-0.012289602593724497,0.2709751152009314,0.14135142552201152,0.478256721496582,-0.06102628707885743,1.6917840070724488,-0.10958863576253255,2.3814999643961587,-0.07970082600911459,1939,1159
TGCGCTGTCAGCACTT-1,GSM8576303_BM2,BM,v2,57,105,3.0,3,0.0,0.0,0.0,0.0,0.0,0.0,0.0,0.0,0.0,0.0,0.0,0.0,0.0,0.0,0.0,0.0,0.0,0.0,0.0,1381,1382
TGCGGACTCGGATGGA-1,GSM8576303_BM2,BM,v2,41,195,4854.0,3076,2.2043676,0.18031762838363646,-0.3813583374023437,0.06344043731689453,-0.1374921321868896,0.1789124193919232,-0.19496767656323008,0.8409538241795131,-0.16641799602360205,1.5115398723057338,-0.39668476150696536,2.283620311338401,0.04170304199650328,0.22784105300903323,-0.15545664191246034,0.17129023480415345,0.29918984413146976,-0.2242331600189209,0.27216010093688964,2348,1084
TGCGGCTAACGTCGAG-1,GSM8576303_BM2,BM,v2,36,202,4167.0,2364,3.1677465,-0.1220707893371582,0.11176329612731939,0.1164242717197963,-0.11322087287902827,-0.07560058434804279,-0.27463920623901855,0.5378860855102539,-0.08869296949123487,2.102834950038365,0.057715552877709575,2.215186984975637,-0.08981960091814899,-0.12951170921325683,0.17374767780303957,0.18372748208045958,-0.17595443725585938,-0.011300002733866332,-0.10770875295003256,2423,992
TGCGTCTGGAGCCAGA-1,GSM8576303_BM2,BM,v2,78,86,11175.0,4881,1.47651,0.1346903657913208,2.269690866470337,1.9418916538783482,1.9612745793660484,0.41414243246178073,-0.0726511407295179,0.05283836160387312,-0.02352306826213224,-0.3702397791998727,-0.13992053390028003,-0.659370257207554,-0.11248689689892251,0.2553135108947754,0.30524612426757813,1.0445918121337892,0.2130060386657715,1.5539458592732749,-0.10666508992513021,1177,1773
TGCTACGCCTGCTTAA-1,GSM8576303_BM2,BM,v2,33,189,1019.0,822,4.121688,-0.0773759651184082,2.504129238128662,1.8102194322858538,0.23620930035909016,0.5790945880384331,-0.22666021140224962,0.4162820853505816,-0.17112434627675055,0.05308150046212334,0.2820625822228121,0.6169091834546507,-0.05592481881980128,0.31639612197875977,0.2618879413604736,1.277619930267334,-0.0714239756266276,1.5135334142049153,-0.08729596455891928,2283,936
TGCTATAATCACCGCT-1,GSM8576303_BM2,BM,v2,46,144,20827.0,7233,1.8581649,0.21442983627319337,2.6518574142456055,1.7882241603306364,1.5735737864176431,0.16193479706484637,0.0103750759612809,0.048779236929757275,0.1309988181511984,-0.5243208973748343,-0.17377889395717638,-0.5244653631833918,0.06828807824410049,0.401545581817627,0.23967364311218264,1.6721719455718995,0.2585151465733846,2.167625274658203,-0.11559164683024088,1800,1178
TGCTATACGACCATCC-1,GSM8576303_BM2,BM,v2,63,127,586.0,412,3.0716722,-0.04340951919555664,0.8404189872741699,0.5235061917986188,0.3483554649353027,-0.14640042102001757,-0.12315569345252102,0.5436991265841893,-0.09434616394917397,3.4488795013427733,-0.15376168369768134,2.6032062925519788,-0.05826781100074717,-0.15916824340820312,-0.1446984004974365,0.2622346613407135,-0.05787935892740886,0.1789862076441447,-0.02893967946370443,1617,1494
TGCTATACTCCGAGTT-1,GSM8576303_BM2,BM,v2,81,71,11884.0,4836,1.5398855,-0.02065040826797486,2.5114102745056153,1.8249937329973493,2.4200010681152344,0.3070995395920842,0.0018794691159133015,0.0013252820287431577,-0.10320989762570495,-0.4852683198111397,-0.25559046589227086,-0.8115033403910474,0.07735176763049938,0.31597858428955083,-0.02252578258514404,1.296159394264221,-0.11617375691731771,2.0968114852905275,0.17843620300292967,1016,1829
TGCTATCCTTCACGCA-1,GSM8576303_BM2,BM,v2,36,198,1058.0,876,3.3081286,-0.06453627586364746,0.23552742004394533,0.4426438522338867,-0.16178259849548338,0.38065289206294173,-0.25540462938178493,0.7500447007587978,0.5430449256631521,0.17031196512494767,0.20532360660981938,0.38285421982250417,-0.07875079596602677,0.35781417846679686,0.19498867750167848,0.11406049323081971,-0.10951610565185547,0.4332494799296061,-0.07255029678344727,2380,992
TGCTATGCGATATGTC-1,GSM8576303_BM2,BM,v2,38,202,1675.0,1349,2.2686567,0.1343678069114685,-0.29319947481155395,-0.3468457221984863,-0.10917965094248455,-0.2689938526076964,0.04550450681203819,0.387586874961853,0.4901049239587647,1.2825216500418526,0.5966775024751104,1.7945728740893299,-0.05864003200659016,0.3745177364349365,0.6338310909271241,0.03657703733444215,0.1750323454538981,-0.5411172103881836,-0.12297030131022135,2423,1029
TGCTATTACACTAAGC-1,GSM8576303_BM2,BM,v2,110,28,18453.0,5940,1.2626673,-0.008718305826187128,1.9123812675476075,1.605205742972238,2.6503431955973307,0.2568489882840689,-0.13256840102643852,0.11712476730346677,-0.09937753391422016,-0.47963412938799177,-0.17009805483990403,-0.7156962794059761,0.00859075836115808,0.4053459358215331,-0.04681906700134275,0.9560509805679321,0.017855979601542143,1.3573881212870278,0.038539160092671707,555,2368
TGCTGTATCATATTAA-1,GSM8576303_BM2,BM,v2,69,131,2385.0,1080,1.5513626,-0.07708743572235108,0.15837818384170532,-0.09176593235560826,0.04576698939005536,-0.22122075950285516,-0.2314638804240399,-0.01617965800421578,-0.15918137077615732,1.3519895564488,-0.20284432100962443,3.61064741732633,-0.08986815510180172,-0.23440214157104491,0.13232093334197997,-0.1721260986328125,-0.0737835439046224,-0.022734308242797874,-0.09182989120483398,1661,1605
TGCTGTCATAGTAACC-1,GSM8576303_BM2,BM,v2,109,35,13516.0,5476,1.4131399,0.06115607976913452,2.4162407588958743,1.3622193799700058,2.295715319315592,0.2083336550547895,0.31911626931790704,0.193822397504534,-0.20151505819657178,-0.4998930377279009,-0.144966339969252,-0.6920230086903558,0.02557824339185441,0.6570198440551758,0.47050348281860355,1.4046006422042847,0.016265776554743455,1.9695371119181315,-0.10146408716837566,630,2349
TGCTGTCGAACAGAAT-1,GSM8576303_BM2,BM,v2,90,46,5612.0,3106,1.300784,-0.10223052978515625,3.2868725967407224,1.4551578412737167,1.1963364791870117,0.003164969773656434,0.23998419607909877,0.11132010596139091,-0.03979574721512419,-0.18782524136134554,0.138324513492814,-0.3365161590356726,-0.1226007090318923,0.3912128067016601,-0.6194085311889649,2.076763084411621,-0.1037427266438802,2.9307849629720053,0.05137724161148072,748,1996
TGCTGTGCGGAGGCGG-1,GSM8576303_BM2,BM,v2,42,194,7039.0,3982,1.9320925,-0.06484458297491075,-0.34363238811492924,0.6301274762834822,-0.9366806030273438,0.11739578496021441,-0.24522891933043936,0.6876586389541626,-0.19008769102873393,1.3031953135899133,-0.41583619634789154,2.5484839720099677,-0.0188792183323766,0.18101930618286133,-0.11439460515975952,-0.11310661590099336,-0.10722284118334452,-0.3008724427223206,0.1739561374982198,2337,1103
TGCTGTTCGCGATTCT-1,GSM8576303_BM2,BM,v2,58,134,1179.0,970,2.2052586,-0.050610833168029785,3.3306396484375,1.1407846069335936,1.0850446701049805,0.08560137624242697,0.0772129928525398,0.07753684469631741,-0.19411099059533937,0.4753850446428571,-0.23097270368093467,0.3838341146964697,-0.08303045106414181,-0.30200273513793946,0.7632533597946167,2.056676109313965,-0.06748111089070638,2.992651112874349,-0.06211311976114909,1693,1401
TGCTTACTTATCTGCG-1,GSM8576303_BM2,BM,v2,94,54,4839.0,2827,1.260591,-0.08123992919921875,2.0220813274383547,1.5606495884486606,2.124702008565267,0.054361281624759505,-0.35402967460662965,-0.13475131051880973,-0.03203506602452419,-0.22060260990687777,-0.3769306044980704,-0.45531495899847807,0.036596454687109384,0.16328247070312496,0.2905260848999024,1.1122672758102417,-0.09509641647338868,1.5985416158040366,-0.07096820831298828,834,2070
TGCTTAGTCTTAAGCT-1,GSM8576303_BM2,BM,v2,84,70,7924.0,3756,1.2872287,-0.10034221649169922,1.8305506896972656,1.5937698364257813,2.4904999923706055,0.09453822714257915,-0.2829646465768776,-0.24514476827212744,0.11399719552138865,-0.3942480459213257,-0.13718994027639486,-0.8046549342622693,-0.08891397514599282,-0.05141318321228022,0.7051091766357422,0.9017112312316895,-0.10090497334798178,1.5216826121012368,-0.0655343755086263,1006,1884
TGGAAGTGGCGGTGCT-1,GSM8576303_BM2,BM,v2,59,125,437.0,384,2.9748282,-0.023798844814300536,2.3158638668060303,0.7239691434587752,1.4950030835469563,0.3987275610965897,-0.1046482913465385,0.2619656564508166,-0.09869885376326334,1.3794991280691964,-0.06371846256485905,1.3088419265966516,-0.04259301192008409,-0.15865897178649901,-0.17452486038208007,0.7476784591674804,-0.04230905850728353,1.354182383219401,-0.031731793085734046,1596,1419
TGGAAGTTGTATAATT-1,GSM8576303_BM2,BM,v2,104,38,14510.0,5892,1.1026878,0.276450766324997,2.6680086326599124,1.4862400599888395,1.0840700340270997,0.36331626593348487,0.18757518843816606,-0.025953238351004493,0.0358896942544657,-0.432977605002267,-0.27812218043698844,-0.7596641464635716,-0.02436991060225871,0.5151433753967285,-0.02744381189346312,1.7326704578399659,0.29468411127726235,2.2563725789388025,-0.11975161234537761,662,2256
TGGACACGCTGTCATG-1,GSM8576303_BM2,BM,v2,60,136,499.0,445,3.006012,-0.08377679824829101,1.119422950744629,0.5355371911185127,0.9203354899088543,-0.16173764883753766,-0.16173764883753766,0.2539878814561026,-0.12717913215003246,1.0545192609514509,-0.1739723021725574,0.9817246485533674,-0.061337496610295854,0.5331251049041748,0.6092858362197876,0.7085250196456909,-0.050773817698160806,0.7616569582621258,-0.030464293162027995,1714,1438
TGGACAGCTCGGCCGT-1,GSM8576303_BM2,BM,v2,48,186,768.0,633,6.640625,-0.06601361274719238,0.04501567602157591,-0.1815372276306152,0.5951290957132975,-0.15797441168482523,-0.2057216138724821,0.17287259544645037,0.9762996106766504,-0.22602308654785155,-0.21894626540831294,0.4534392708899991,-0.08195212703423212,-0.27923246383666994,-0.3584487533569336,-0.1520878448486328,-0.08140577952067057,-0.4795415115356445,-0.046198527018229164,2251,1215
TGGAGTCCTCAAGACT-1,GSM8576303_BM2,BM,v2,88,92,13154.0,5675,1.4748366,0.09034658432006837,1.7656508541107179,1.557787115914481,1.45466552734375,0.523648173933527,-0.21171163363629075,0.25869293894086565,0.00794102957245757,-0.26039616748264865,-0.10750608415488738,-0.3595390079805515,0.0423670568265028,0.48594308853149426,0.3413379573822022,1.013394260406494,0.07612729072570801,1.342650763193766,0.07385583321253458,1242,1959
TGGAGTCTAGCGGTGC-1,GSM8576303_BM2,BM,v2,92,80,24797.0,7050,0.88720405,0.014511486291885381,1.7673310947418213,1.6925367409842358,2.2612794748942058,0.1802847299231104,-0.011724915507191291,0.14340123721531461,-0.008577881316108094,-0.4238915264947074,-0.34466622321002455,-0.7548228379978316,-0.1250145419332005,0.4554959106445312,0.20801782131195068,0.8937326765060425,-0.01376758654912312,1.2789020919799805,0.023661758899688717,1113,2033
TGGAGTGCTCACAAGG-1,GSM8576303_BM2,BM,v2,89,61,7947.0,4094,1.3841702,-0.041278232038021084,2.4957112407684328,1.5297238268171038,1.1843314107259115,0.9635994099230174,0.10679435812052263,0.08700481619153705,-0.36255669798755374,-0.16683788817269457,-0.11666771901180467,-0.018713551536845285,-0.14037124582585073,0.38591865539550774,0.4811782932281494,1.5701794300079346,-0.026407055457433076,2.250136947631836,-0.08543502807617187,909,1977
TGGCAGATGGCACCGC-1,GSM8576303_BM2,BM,v2,104,10,12467.0,5597,1.5400658,-0.16263893127441406,2.4467393589019775,1.7363398197719029,1.7227458190917968,-0.12198800399121512,-0.12709875498020434,0.13360326869147165,-0.25009460816166706,-0.5216901459012713,0.33031576512807825,-0.8402897208671899,-0.14196897673126835,0.2894642066955566,0.15889754295349123,1.3581204071044921,-0.17930431365966798,1.9301349767049154,-0.007491487661997476,361,2256
TGGCATAATTGTAGCG-1,GSM8576303_BM2,BM,v2,89,81,11729.0,5155,1.3470885,0.10392227590084077,1.60017653465271,1.3902339390345981,2.2232668813069663,0.005764098531271078,-0.09359950699207092,-0.04791779739516122,-0.3417816599323961,-0.3583009026391166,-0.10626020153842297,-0.528792802119415,0.028053526567475562,0.10087685585021966,0.44196875572204586,0.9336133050918579,0.16243305762608848,1.0302988878885906,0.19716280460357666,1124,1977
TGGCATGCCTCACTAG-1,GSM8576303_BM2,BM,v2,96,54,6616.0,3575,1.2545345,0.1231402689218521,2.185119113922119,1.2475378962925503,2.2068188603719077,0.2165144930881669,-0.07965869214161331,-0.20114277430943078,-0.2751275092619538,-0.47252166604995727,-0.07713552387842693,-0.6385190906940691,-0.09542883802580353,0.4650204467773438,0.5718556690216064,1.430404076576233,0.1794635526339213,1.8814314905802407,0.06745944380760192,834,2108
TGGCCATTCGACCAAT-1,GSM8576303_BM2,BM,v2,112,26,27572.0,7477,1.6828667,-0.10008676499128341,2.4757986640930176,1.7171478053501676,2.020761070251465,0.6174363620788696,-0.1265839530487411,0.3070803924969264,-0.25627452152164754,-0.32812426376342774,-0.13890048729846755,-0.5249738503508234,-0.004461423662684899,0.6475345802307128,0.1012870049476624,1.4239443292617797,-0.09204795797665916,2.023289578755697,-0.10331146876017253,533,2405
TGGCGATAGTACCGTG-1,GSM8576303_BM2,BM,v2,103,53,8687.0,4157,1.3813745,-0.12048582077026367,3.0643102455139157,1.7492312949044362,1.536144587198893,0.6317341950045053,-0.13747169495449624,0.3159662893840245,-0.34949591781485045,-0.21726244653974258,0.12958361920582723,-0.6582675742508696,-0.09158233028130243,0.27499425888061524,0.2301926612854004,1.6778891448974609,-0.11581235249837239,2.5086784744262696,0.02380051692326865,823,2238
TGGCTGGCGGACCAGA-1,GSM8576303_BM2,BM,v2,89,47,1488.0,1071,1.0752689,-0.07153543472290039,3.02089298248291,1.487842134748186,2.0275353240966796,0.14497313250499558,0.06096150446950327,-0.30370413643973215,-0.2054898499759357,-0.03054945918491908,0.21584133067762992,-0.4014462720627753,-0.04115174440729538,0.07986495971679686,-0.3729174041748047,1.7548393135070801,-0.06812899271647135,2.66343505859375,-0.06812899271647135,759,1977
TGGTACTTGTACGTGA-1,GSM8576303_BM2,BM,v2,91,79,9658.0,4444,0.7765583,0.08042265117168426,1.892537899017334,1.5418009076799666,2.32770378112793,0.045554576628658194,0.3767294339318421,0.2454829338618687,0.1266984655580899,-0.5460354614257813,0.2656528327359732,-0.6253746427374169,-0.00748740180912548,0.704720401763916,0.33047644615173344,0.9919551239013672,0.13197755416234336,1.2123438707987466,0.025939122438430787,1102,2014
TGGTAGCAGGTGTTCT-1,GSM8576303_BM2,BM,v2,37,187,845.0,705,2.95858,-0.0701833724975586,0.6087266755104065,0.7806635202680314,0.8577339998881023,0.5074214973602907,-0.15494624677910862,0.10433644243649073,0.24623194874870058,1.4949371664864677,0.6354683115779157,0.8757582195424622,-0.02569251092488334,0.29776131629943847,-0.32750873565673827,-0.1441179656982422,-0.06805660883585612,-0.3331585693359375,-0.059549535115559896,2262,1010
TGGTATAGATCTAGCC-1,GSM8576303_BM2,BM,v2,45,165,4638.0,2234,1.1211729,-0.11699710845947266,-0.23846014976501462,0.3514270237513951,-0.25607713699340817,1.022508374179702,0.05278069509286276,0.6216079906054905,0.2166623167458783,1.1702306431361609,0.37741286879083724,2.3329988920334315,0.06463813175976792,0.3736315727233887,-0.4121988677978516,-0.23858424377441406,-0.12989827473958335,-0.3697980880737305,-0.11211819966634115,2025,1159
TGGTCGCCAAGTTAGG-1,GSM8576303_BM2,BM,v2,44,180,1395.0,1092,1.2186381,-0.11069761276245117,-0.4448660278320313,0.33198637553623744,-0.09481931368509933,0.3417746336105837,-0.265738460433531,0.35108151606151033,-0.21699637601573693,0.850024110521589,0.1962278865906129,3.082131134355057,-0.09162297344847814,0.40584850311279297,-0.48868804931640625,-0.2033477325439453,-0.1260168202718099,-0.5073357772827148,-0.07000934600830078,2186,1140
TGGTGCCGAACAGTCA-1,GSM8576303_BM2,BM,v2,74,124,176.0,134,5.1136365,0.0,1.4183391046524048,1.7566339983258927,2.4254576873779294,-0.04888317383915545,-0.032588782559436966,0.4492014483043126,-0.046502045027506045,0.5309271343776157,-0.04888317383915545,1.8746276976163871,0.0,0.7303146171569823,-0.10143259048461914,0.47470450115203855,0.0,0.44093880335489904,-0.013524344762166341,1585,1698
TGGTTGGCCTAGTGGA-1,GSM8576303_BM2,BM,v2,107,29,10493.0,4753,1.2961022,-0.10636746406555175,1.6317959785461427,1.633900364467076,2.016701316833496,-0.1983536690114492,-0.07026113837324749,0.3466256856918335,-0.04713759683850255,-0.5798599243164062,-0.0363364032952182,-0.8570432214928954,0.0652047480284196,0.7198309898376465,0.45523653984069823,0.7706648788452148,-0.16724229176839192,1.4195313453674316,-0.004966099659601847,565,2312
TGGTTGGTTCGTTAGG-1,GSM8576303_BM2,BM,v2,41,179,1900.0,1467,1.0526316,-0.13452741622924805,0.30730891942977906,-0.22039763723100936,0.09430284023284913,0.0617174388893158,-0.2932831484629926,0.11191747375896999,0.08772530567436204,1.6562319978986468,-0.01843876747721168,2.93443716383849,0.2876666565983773,-0.3645494079589844,-0.3584498977661133,0.23259035801887512,-0.17961275736490886,0.12614119370778404,0.26908705790837606,2176,1085
TGGTTGTCCTCAGAAG-1,GSM8576303_BM2,BM,v2,34,202,1631.0,1229,2.7590435,-0.12192113876342774,2.449973134994507,1.49188722882952,0.8899987030029297,0.48482961731263435,0.11552066209325829,0.3857638989176069,-0.23326878151442737,0.6993812299455916,1.8642252075624275,0.18211298843815366,0.21703102776096742,0.18677073478698725,0.1117921268939972,0.9099298763275147,-0.13188833872477213,1.2596912066141766,-0.03928961118062337,2423,954
TGTAATGATACACTAC-1,GSM8576303_BM2,BM,v2,101,13,11493.0,5074,1.9316105,-0.050584403574466696,2.186829423904419,1.6687222399030412,1.9652947743733726,0.13949944025062655,-0.04417111582271821,0.1099244335719517,0.002796156504971059,-0.5103440982954842,-0.011475699972436137,-0.7699628292885631,-0.020840888112526268,0.35349779129028325,0.29679941177368163,1.1521173534393312,-0.13839131673177082,1.6971790313720703,0.3755335601170858,394,2201
TGTACCACATGGCGTG-1,GSM8576303_BM2,BM,v2,59,127,289.0,258,3.1141868,-0.03572403907775879,2.8276941871643064,0.9033431461879187,1.2325205103556316,0.48859930038452154,-0.10680135091145833,-0.13971448625837055,-0.09917036783387805,2.495549689156668,-0.11477601384542074,2.244221454155868,-0.0479517303057165,-0.12503412246704101,0.7680668544769287,1.8433706636428833,-0.011908013025919597,2.3472098986307777,-0.047632052103678386,1617,1419
TGTACCTACGGCGTTA-1,GSM8576303_BM2,BM,v2,49,153,860.0,693,1.7441862,0.24725114107131957,1.9231186580657957,1.3964709091186522,1.004646447499593,0.2672644475377707,0.16614816849490247,0.22927585090909686,0.22518648868987076,0.486019889831543,-0.2063089393707643,0.5279592896239298,0.3112141621992892,0.975799732208252,-0.272797908782959,1.77509291267395,0.3803863747914632,1.7346086247762047,0.38883940696716307,1897,1233
TGTACTCGGATACTCA-1,GSM8576303_BM2,BM,v2,29,213,16863.0,6252,2.194153,-0.03755893141031266,2.4630397415161136,1.7080538613455638,2.0725212351481117,0.30987139973774497,-0.015896171519486857,0.3181071676526751,-0.1613356452275142,-0.47381596817289084,0.266582672854504,-0.8280056935885951,-0.057083218375422684,0.562991600036621,0.4562802219390869,1.3007771492004394,-0.059416703581810004,1.784346071879069,-0.09124510447184245,2541,861
TGTAGGAGGCTAGCAG-1,GSM8576303_BM2,BM,v2,110,18,10189.0,4680,1.2071842,-0.11948274612426758,2.4872898483276367,1.5415491376604353,1.9621678415934243,0.025686483306578356,-0.15428158139881565,0.3818433008875166,-0.3510611241731398,-0.482334468977792,0.43271310358162385,-0.4387264937476709,0.060831235216310814,0.6717753982543945,0.280026707649231,1.3754561557769776,-0.15260467529296876,1.9099913024902344,0.1501722319920858,447,2368
TGTAGTGGTTGTTCTG-1,GSM8576303_BM2,BM,v2,100,30,2344.0,1613,1.7064847,0.11480830252170562,2.955380153656006,1.541046267918178,2.41618906656901,0.011644837128589436,-0.06513839053888806,0.32422556366239275,-0.24238210421237016,-0.006633847645350854,-0.008579431528068449,0.08336151914880002,0.1815814785623596,0.09388894081115723,-0.02478856921195982,1.7023968143463135,0.18274423678716023,2.1844301223754883,-0.08148379643758139,576,2182
TGTATCCGGATAACTG-1,GSM8576303_BM2,BM,v2,108,26,5491.0,3212,1.2748133,-0.1216598892211914,2.769182186126709,1.6655325644356862,1.6389120229085288,0.11155190333783865,-0.2681524534028491,0.15896581683840072,-0.33639524181114566,-0.3756663863318307,-0.23651179324192215,-0.47236801268156053,-0.1321162281420407,0.6666362380981445,0.44653551101684574,1.5243558654785156,-0.13579578399658204,2.1519301605224608,-0.10288440068562825,533,2331
TGTATGACCTTACGTA-1,GSM8576303_BM2,BM,v2,88,80,9068.0,4591,1.2020291,-0.05011590510606767,1.8858241748809814,1.0386995697021484,2.3999790064493816,0.0051602680520360655,-0.10288903949866679,0.060359958580562034,-0.15983576204656727,-0.49570724487304685,0.09961516837997131,-0.6699918661112981,-0.05537896674065668,-0.014645528793334917,0.3161127400398255,1.0467199640274047,-0.15179611206054688,1.6808794911702476,-0.010337938070297245,1113,1959
TGTATGCCTCCAATAA-1,GSM8576303_BM2,BM,v2,87,71,5311.0,3279,1.2238749,0.1231513237953186,1.4964846897125244,1.0630828203473772,1.8341811625162758,0.14361098348855017,-0.09905315061034103,-0.22922018485409873,0.22660164622268963,-0.487919189453125,-0.2353360245984242,-0.6400818280725671,-0.1621505558090722,-0.12597782611846925,0.42450953483581544,1.0450590467453003,0.24890505790710452,1.0855414899190268,-0.09864234924316406,1016,1940
TGTATGGTCCGTTGTA-1,GSM8576303_BM2,BM,v2,54,142,1952.0,1357,1.3319672,0.1540237522125244,3.218483581542969,1.1364117976597377,2.1776116434733073,0.7663767002672557,0.08852072084900708,0.3121751322065081,-0.1880808177171942,0.1769678955078125,0.3856486354965762,-0.09493349062516387,-0.133775058208696,0.11837467193603513,0.391318781375885,2.0617369041442872,0.23556573867797853,2.546610387166341,-0.04228103001912435,1778,1326
TGTCACAATGCACGTA-1,GSM8576303_BM2,BM,v2,106,28,11417.0,5239,1.2787948,0.11171469330787659,1.939270076751709,1.461796417236328,1.8470890299479166,0.14487425486246747,-0.24685356668952685,-0.28686883517674033,-0.0693640256093947,-0.37026120512826105,-0.13741671703905461,-0.5945166965459017,0.0678164238897746,-0.0390273761749268,0.36023159027099605,1.1170513257980348,0.051566464106241855,1.6534675216674803,-0.03241247971852622,555,2294
TGTCACCACGGCGATG-1,GSM8576303_BM2,BM,v2,90,74,6651.0,3647,1.5636746,0.2559281671047211,2.721702537536621,1.7311345345633373,1.6411691919962563,0.23716080859004257,0.04579136485145202,0.12184123958860127,-0.16647628768272102,-0.34158768313271654,0.17543684957496614,-0.7029977037945507,0.026750818937874024,0.17104578971862794,0.12819380521774293,1.9730561046600341,0.4209251960118612,2.3210816192626953,-0.10870992024739583,1049,1996
TGTCACTCATAAGGAA-1,GSM8576303_BM2,BM,v2,48,150,4625.0,2406,1.2108108,-0.11166719436645507,2.7174927902221677,1.3480179159981862,0.942299575805664,0.21548880774333296,-0.11930565695891215,0.00661150659833637,-0.11735601738442958,3.5386543753487723,-0.3246280409724837,2.5244419211280658,0.2298227318867055,-0.08474949836730955,0.41646020412445073,1.617095474243164,-0.10534980773925781,2.0875299708048503,-0.07638641357421876,1864,1215
TGTCCTACCATCTTCG-1,GSM8576303_BM2,BM,v2,25,209,26844.0,7280,2.6635375,-0.041978067755699164,2.501334114074707,1.7462022835867748,1.4759568405151366,0.8943778233355786,-0.10047335263578899,0.34367815085819786,0.00779149759708736,-0.4801070737838745,-0.09343894322713214,-0.5455582320175829,-0.033003255139146995,0.616587028503418,-0.07370297908782963,1.4268582105636596,-0.03343599239985147,1.9995743433634439,0.08785966316858929,2498,787
TGTCCTAGCAATTGTA-1,GSM8576303_BM2,BM,v2,93,71,9981.0,4820,1.2323415,0.03091402590274811,1.9813687133789062,1.8365643964494978,2.0095666376749675,0.5629900851881648,-0.22962075188046413,-0.014929628712790355,-0.14898295520613833,-0.5829619140625,-0.32964136095410845,-0.8955924014917156,-0.004509954815971551,0.18434101104736322,0.5992238140106201,0.86593017578125,0.06958939313888551,1.535106430053711,0.0011405853430430102,1016,2052
TGTCGATCGATCGATT-1,GSM8576303_BM2,BM,v2,98,44,4852.0,2778,1.1541632,-0.09487035751342773,2.9878143882751464,1.5285997009277343,1.5616589800516762,0.4403575069933052,-0.16811789600451105,-0.11235258681433541,-0.3039209316658086,-0.4666904296875,0.02161214772955955,-0.2731375890861651,-0.11983442626543493,0.051245555877685534,0.3639438962936401,1.6548868160247803,-0.11530638376871745,2.3095965576171875,-0.07428578694661458,726,2145
TGTCTGCGAGTTCATT-1,GSM8576303_BM2,BM,v2,82,66,10720.0,4909,1.1100746,0.15894230008125304,2.6341681575775144,1.6082929774693082,1.7752775446573892,0.25650492729432134,-0.008108824747975196,0.229484418460301,0.38851326135548714,-0.3533096874782017,-0.3654678954656823,-0.6399253921106471,0.010974635785286624,0.3743461990356445,-0.2614024448394775,1.5249243268966675,0.2499836238225301,1.9516082000732422,-0.010183796882629395,963,1847
TGTCTTCAGAAGTGCC-1,GSM8576303_BM2,BM,v2,92,68,10420.0,4966,0.89251435,-0.061134249866008766,1.9258119201660155,1.7745391954694474,1.6306026713053383,0.2073987870810023,-0.09125767038665966,0.044913728918347995,-0.00277028481978836,-0.34862633378165114,0.11691861650551177,-0.7140495133651411,-0.04105127000625845,0.35060134887695305,0.2712126541137695,0.9632311878204346,-0.04966758370399475,1.4315845998128256,0.12920964002609253,984,2033
TGTTCACCGAGCGATG-1,GSM8576303_BM2,BM,v2,32,210,1542.0,1149,2.1400778,0.1846343493461609,3.3056838417053225,1.8788944407871793,1.377001355489095,0.7283657870618215,-0.24665365257416386,0.48991200957979475,-0.2639011940505238,0.5445448526654926,0.8710104155253215,0.9832983282131293,-0.08781161724320995,0.47445446014404297,0.7883703899383545,1.617568489074707,0.2281300449371338,2.371739273071289,-0.06709707895914714,2509,917
TGTTCAGAATCCTAAT-1,GSM8576303_BM2,BM,v2,99,47,14344.0,5631,1.352482,-0.07692935407161713,3.1997602462768553,1.4283643014090404,1.227532196044922,0.23689704870124417,-0.056044533686328724,0.1158700752258301,-0.24420920647513025,-0.3938951696668352,-0.18629667366364872,-0.5494973801240711,-0.06817339239275923,0.430151481628418,0.2547533416748047,1.9910399971008301,-0.04400093634923298,2.8012070846557617,-0.011261017322540284,759,2163
TGTTCGAGGCCAAGGA-1,GSM8576303_BM2,BM,v2,103,51,21611.0,6804,1.286382,0.16629051208496093,2.461151990890503,1.8917827497209823,1.7280452982584633,0.3499526393461419,-0.15041105403889204,0.10864644595554895,-0.13752244136590133,-0.3145853952680315,-0.12465040990147724,-0.6774151910414288,0.017009896948605024,0.4642809486389161,0.15600383996963496,1.4588379783630372,0.26142988840738934,1.98838134765625,-0.11357034047444661,802,2238
TGTTCGCATGTTAGCG-1,GSM8576303_BM2,BM,v2,94,22,12108.0,5164,1.7922034,-0.13146059036254884,2.093968963623047,1.6366227177211214,1.950653330485026,0.4183152583708246,-0.18842048311260878,0.3658945655822754,-0.08906374395357208,-0.33852342878069197,0.2992639302249893,-0.35515981438290234,-9.026714847962247e-05,0.5701968765258788,0.42604715824127193,1.0440028476715089,-0.16126698811848958,1.7460724512736001,0.10644971132278443,490,2071
TGTTGCCAGTCGCCTG-1,GSM8576303_BM2,BM,v2,84,102,12688.0,5263,2.0176544,-0.05311171591281891,1.9315881633758545,1.8032237679617746,1.694731305440267,0.5939929284245136,0.021929796714585725,0.13179595776966635,-0.06971521851863227,-0.3773084475653512,-0.14369553064246737,-0.47477436797159406,0.1315151144422712,0.4199371719360351,0.08091194391250611,1.0488498058319091,-0.03104784727096556,1.282331746419271,0.09034756024678549,1349,1884
TGTTGGTGATTAGGTA-1,GSM8576303_BM2,BM,v2,108,22,7756.0,4060,1.2248582,0.0791491997241974,2.757679843902588,2.0020463017054966,1.380100631713867,0.5211135354865507,0.03303335154802034,-0.08971318108694892,-0.2403585979599861,-0.31822674206324986,0.0586880929020035,-0.29747408257006225,-0.002140488972028398,0.3699708175659179,0.49230139732360845,1.7690801467895507,0.15544499874114986,2.4661746724446614,-0.07072781880696614,490,2331
TGTTGGTGCGGAATCA-1,GSM8576303_BM2,BM,v2,83,87,10485.0,4752,1.3543156,-0.04379670411348344,2.8963387870788573,1.7392422812325612,1.1338907941182457,0.4649362736437694,0.03519449039772199,-0.04382060766220092,-0.22404922865181737,-0.0015218963623047088,-0.15642483215255432,-0.23332258518910243,-0.011994193007139095,0.3814798355102539,0.058102574348449676,1.7994515800476074,-0.035158491532007854,2.5414004643758137,-0.10224331537882488,1188,1866
